

Microchip MPLAB XC8 Assembler V2.46 build 20240104201356 
                                                                                               Wed Nov 12 11:59:36 2025

Microchip MPLAB XC8 C Compiler v2.46 (Free license) build 20240104201356 Og1 
     1                           	processor	16F1936
     2                           	pagewidth 120
     3                           	opt	flic
     4                           	psect	idataBANK0,global,class=CODE,delta=2,noexec
     5                           	psect	stringtext1,global,class=STRCODE,delta=2,noexec
     6                           	psect	stringtext2,global,class=STRCODE,delta=2,noexec
     7                           	psect	cinit,global,class=CODE,merge=1,delta=2
     8                           	psect	bssBANK0,global,class=BANK0,space=1,delta=1,noexec
     9                           	psect	dataBANK0,global,class=BANK0,space=1,delta=1,noexec
    10                           	psect	clrtext,global,class=CODE,delta=2
    11                           	psect	cstackCOMMON,global,class=COMMON,space=1,delta=1,noexec
    12                           	psect	cstackBANK0,global,class=BANK0,space=1,delta=1,noexec
    13                           	psect	maintext,global,class=CODE,merge=1,split=1,delta=2
    14                           	psect	text1,local,class=CODE,merge=1,delta=2
    15                           	psect	text2,local,class=CODE,merge=1,delta=2
    16                           	psect	text3,local,class=CODE,merge=1,delta=2
    17                           	psect	text4,local,class=CODE,merge=1,delta=2
    18                           	psect	text5,local,class=CODE,merge=1,delta=2
    19                           	psect	text6,local,class=CODE,merge=1,delta=2
    20                           	psect	text7,local,class=CODE,merge=1,delta=2
    21                           	psect	text8,local,class=CODE,merge=1,delta=2
    22                           	psect	text9,local,class=CODE,merge=1,delta=2
    23                           	psect	text10,local,class=CODE,merge=1,delta=2
    24                           	psect	text11,local,class=CODE,merge=1,delta=2
    25                           	psect	text12,local,class=CODE,merge=1,delta=2
    26                           	psect	text13,local,class=CODE,merge=1,delta=2
    27                           	psect	text14,local,class=CODE,merge=1,delta=2
    28                           	psect	text15,local,class=CODE,merge=1,delta=2
    29                           	psect	text16,local,class=CODE,merge=1,inline,delta=2
    30                           	psect	text17,local,class=CODE,merge=1,delta=2
    31                           	psect	text18,local,class=CODE,merge=1,delta=2
    32                           	psect	text19,local,class=CODE,merge=1,delta=2
    33                           	psect	text20,local,class=CODE,merge=1,inline,delta=2
    34                           	psect	text21,local,class=CODE,merge=1,inline,delta=2
    35                           	psect	text22,local,class=CODE,merge=1,delta=2
    36                           	psect	text23,local,class=CODE,merge=1,delta=2
    37                           	psect	text24,local,class=CODE,merge=1,delta=2
    38                           	psect	text25,local,class=CODE,merge=1,delta=2
    39                           	psect	text26,local,class=CODE,merge=1,delta=2
    40                           	psect	text27,local,class=CODE,merge=1,delta=2
    41                           	psect	text28,local,class=CODE,merge=1,delta=2
    42                           	psect	text29,local,class=CODE,merge=1,delta=2
    43                           	psect	text30,local,class=CODE,merge=1,delta=2
    44                           	psect	text31,local,class=CODE,merge=1,delta=2
    45                           	psect	text32,local,class=CODE,merge=1,delta=2
    46                           	psect	text33,local,class=CODE,merge=1,delta=2
    47                           	psect	text34,local,class=CODE,merge=1,delta=2
    48                           	psect	text35,local,class=CODE,merge=1,delta=2
    49                           	psect	text36,local,class=CODE,merge=1,delta=2
    50                           	psect	text37,local,class=CODE,merge=1,delta=2
    51                           	psect	text38,local,class=CODE,merge=1,inline,delta=2
    52                           	psect	text39,local,class=CODE,merge=1,inline,delta=2
    53                           	psect	text40,local,class=CODE,merge=1,inline,delta=2
    54                           	psect	text41,local,class=CODE,merge=1,inline,delta=2
    55                           	psect	text42,local,class=CODE,merge=1,inline,delta=2
    56                           	psect	text43,local,class=CODE,merge=1,inline,delta=2
    57                           	psect	text44,local,class=CODE,merge=1,inline,delta=2
    58                           	psect	text45,local,class=CODE,merge=1,delta=2
    59                           	psect	text46,local,class=CODE,merge=1,delta=2
    60                           	psect	text47,local,class=CODE,merge=1,delta=2
    61                           	psect	text48,local,class=CODE,merge=1,delta=2
    62                           	psect	text49,local,class=CODE,merge=1,delta=2
    63                           	psect	text50,local,class=CODE,merge=1,delta=2
    64                           	psect	text51,local,class=CODE,merge=1,delta=2
    65                           	psect	text52,local,class=CODE,merge=1,delta=2
    66                           	psect	text53,local,class=CODE,merge=1,delta=2
    67                           	psect	text54,local,class=CODE,merge=1,delta=2
    68                           	psect	text55,local,class=CODE,merge=1,inline,delta=2
    69                           	psect	text56,local,class=CODE,merge=1,inline,delta=2
    70                           	psect	text57,local,class=CODE,merge=1,inline,delta=2
    71                           	psect	text58,local,class=CODE,merge=1,delta=2
    72                           	psect	text59,local,class=CODE,merge=1,inline,delta=2
    73                           	psect	text60,local,class=CODE,merge=1,inline,delta=2
    74                           	psect	text61,local,class=CODE,merge=1,inline,delta=2
    75                           	psect	idloc,global,abs,ovrld,class=IDLOC,space=5,delta=2,noexec
    76                           	psect	config,global,abs,ovrld,class=CONFIG,space=4,delta=2,noexec
    77                           	dabs	1,0x7E,2
    78     0000                     
    79                           ; Generated 27/03/2025 GMT
    80                           ; 
    81                           ; Copyright © 2025, Microchip Technology Inc. and its subsidiaries ("Microchip")
    82                           ; All rights reserved.
    83                           ; 
    84                           ; This software is developed by Microchip Technology Inc. and its subsidiaries ("Microch
      +                          ip").
    85                           ; 
    86                           ; Redistribution and use in source and binary forms, with or without modification, are
    87                           ; permitted provided that the following conditions are met:
    88                           ; 
    89                           ;     1. Redistributions of source code must retain the above copyright notice, this lis
      +                          t of
    90                           ;        conditions and the following disclaimer.
    91                           ; 
    92                           ;     2. Redistributions in binary form must reproduce the above copyright notice, this 
      +                          list
    93                           ;        of conditions and the following disclaimer in the documentation and/or other
    94                           ;        materials provided with the distribution. Publication is not required when
    95                           ;        this file is used in an embedded application.
    96                           ; 
    97                           ;     3. Microchip's name may not be used to endorse or promote products derived from th
      +                          is
    98                           ;        software without specific prior written permission.
    99                           ; 
   100                           ; THIS SOFTWARE IS PROVIDED BY MICROCHIP "AS IS" AND ANY EXPRESS OR IMPLIED WARRANTIES,
   101                           ; INCLUDING, BUT NOT LIMITED TO, THE IMPLIED WARRANTIES OF MERCHANTABILITY AND FITNESS F
      +                          OR
   102                           ; PURPOSE ARE DISCLAIMED.  IN NO EVENT SHALL MICROCHIP BE LIABLE FOR ANY DIRECT, INDIREC
      +                          T,
   103                           ; INCIDENTAL, SPECIAL, EXEMPLARY, OR CONSEQUENTIAL DAMAGES (INCLUDING BUT NOT LIMITED TO
   104                           ; PROCUREMENT OF SUBSTITUTE GOODS OR SERVICES; LOSS OF USE, DATA OR PROFITS; OR BUSINESS
   105                           ; INTERRUPTION) HOWSOEVER CAUSED AND ON ANY THEORY OF LIABILITY, WHETHER IN CONTRACT, ST
      +                          RICT
   106                           ; LIABILITY, OR TORT (INCLUDING NEGLIGENCE OR OTHERWISE) ARISING IN ANY WAY OUT OF THE U
      +                          SE OF
   107                           ; THIS SOFTWARE, EVEN IF ADVISED OF THE POSSIBILITY OF SUCH DAMAGE.
   108                           ; 
   109                           ; 
   110                           ; Code-generator required, PIC16F1936 Definitions
   111                           ; 
   112                           ; SFR Addresses
   113     0000                     	;# 
   114     0001                     	;# 
   115     0002                     	;# 
   116     0003                     	;# 
   117     0004                     	;# 
   118     0005                     	;# 
   119     0006                     	;# 
   120     0007                     	;# 
   121     0008                     	;# 
   122     0009                     	;# 
   123     000A                     	;# 
   124     000B                     	;# 
   125     000C                     	;# 
   126     000D                     	;# 
   127     000E                     	;# 
   128     0010                     	;# 
   129     0011                     	;# 
   130     0012                     	;# 
   131     0013                     	;# 
   132     0015                     	;# 
   133     0016                     	;# 
   134     0016                     	;# 
   135     0017                     	;# 
   136     0018                     	;# 
   137     0019                     	;# 
   138     001A                     	;# 
   139     001B                     	;# 
   140     001C                     	;# 
   141     001E                     	;# 
   142     001F                     	;# 
   143     008C                     	;# 
   144     008D                     	;# 
   145     008E                     	;# 
   146     0090                     	;# 
   147     0091                     	;# 
   148     0092                     	;# 
   149     0093                     	;# 
   150     0095                     	;# 
   151     0096                     	;# 
   152     0097                     	;# 
   153     0098                     	;# 
   154     0099                     	;# 
   155     009A                     	;# 
   156     009B                     	;# 
   157     009B                     	;# 
   158     009C                     	;# 
   159     009D                     	;# 
   160     009E                     	;# 
   161     010C                     	;# 
   162     010D                     	;# 
   163     010E                     	;# 
   164     0110                     	;# 
   165     0111                     	;# 
   166     0112                     	;# 
   167     0113                     	;# 
   168     0114                     	;# 
   169     0115                     	;# 
   170     0116                     	;# 
   171     0117                     	;# 
   172     0118                     	;# 
   173     0119                     	;# 
   174     011A                     	;# 
   175     011B                     	;# 
   176     011D                     	;# 
   177     018C                     	;# 
   178     018D                     	;# 
   179     0191                     	;# 
   180     0191                     	;# 
   181     0192                     	;# 
   182     0193                     	;# 
   183     0193                     	;# 
   184     0193                     	;# 
   185     0194                     	;# 
   186     0195                     	;# 
   187     0196                     	;# 
   188     0199                     	;# 
   189     019A                     	;# 
   190     019B                     	;# 
   191     019B                     	;# 
   192     019B                     	;# 
   193     019B                     	;# 
   194     019C                     	;# 
   195     019C                     	;# 
   196     019D                     	;# 
   197     019E                     	;# 
   198     019F                     	;# 
   199     020D                     	;# 
   200     0210                     	;# 
   201     0211                     	;# 
   202     0212                     	;# 
   203     0213                     	;# 
   204     0214                     	;# 
   205     0215                     	;# 
   206     0215                     	;# 
   207     0216                     	;# 
   208     0217                     	;# 
   209     0291                     	;# 
   210     0291                     	;# 
   211     0292                     	;# 
   212     0293                     	;# 
   213     0294                     	;# 
   214     0295                     	;# 
   215     0295                     	;# 
   216     0296                     	;# 
   217     0298                     	;# 
   218     0298                     	;# 
   219     0299                     	;# 
   220     029A                     	;# 
   221     029B                     	;# 
   222     029C                     	;# 
   223     029C                     	;# 
   224     029D                     	;# 
   225     029E                     	;# 
   226     029F                     	;# 
   227     0311                     	;# 
   228     0311                     	;# 
   229     0312                     	;# 
   230     0313                     	;# 
   231     0314                     	;# 
   232     0315                     	;# 
   233     0315                     	;# 
   234     0316                     	;# 
   235     0318                     	;# 
   236     0318                     	;# 
   237     0319                     	;# 
   238     031A                     	;# 
   239     031C                     	;# 
   240     031C                     	;# 
   241     031D                     	;# 
   242     031E                     	;# 
   243     0394                     	;# 
   244     0395                     	;# 
   245     0396                     	;# 
   246     0415                     	;# 
   247     0416                     	;# 
   248     0417                     	;# 
   249     041C                     	;# 
   250     041D                     	;# 
   251     041E                     	;# 
   252     0791                     	;# 
   253     0792                     	;# 
   254     0793                     	;# 
   255     0794                     	;# 
   256     0795                     	;# 
   257     0798                     	;# 
   258     0799                     	;# 
   259     07A0                     	;# 
   260     07A1                     	;# 
   261     07A3                     	;# 
   262     07A4                     	;# 
   263     07A6                     	;# 
   264     07A7                     	;# 
   265     07A9                     	;# 
   266     07AA                     	;# 
   267     0FE4                     	;# 
   268     0FE5                     	;# 
   269     0FE6                     	;# 
   270     0FE7                     	;# 
   271     0FE8                     	;# 
   272     0FE9                     	;# 
   273     0FEA                     	;# 
   274     0FEB                     	;# 
   275     0FED                     	;# 
   276     0FEE                     	;# 
   277     0FEF                     	;# 
   278     0000                     	;# 
   279     0001                     	;# 
   280     0002                     	;# 
   281     0003                     	;# 
   282     0004                     	;# 
   283     0005                     	;# 
   284     0006                     	;# 
   285     0007                     	;# 
   286     0008                     	;# 
   287     0009                     	;# 
   288     000A                     	;# 
   289     000B                     	;# 
   290     000C                     	;# 
   291     000D                     	;# 
   292     000E                     	;# 
   293     0010                     	;# 
   294     0011                     	;# 
   295     0012                     	;# 
   296     0013                     	;# 
   297     0015                     	;# 
   298     0016                     	;# 
   299     0016                     	;# 
   300     0017                     	;# 
   301     0018                     	;# 
   302     0019                     	;# 
   303     001A                     	;# 
   304     001B                     	;# 
   305     001C                     	;# 
   306     001E                     	;# 
   307     001F                     	;# 
   308     008C                     	;# 
   309     008D                     	;# 
   310     008E                     	;# 
   311     0090                     	;# 
   312     0091                     	;# 
   313     0092                     	;# 
   314     0093                     	;# 
   315     0095                     	;# 
   316     0096                     	;# 
   317     0097                     	;# 
   318     0098                     	;# 
   319     0099                     	;# 
   320     009A                     	;# 
   321     009B                     	;# 
   322     009B                     	;# 
   323     009C                     	;# 
   324     009D                     	;# 
   325     009E                     	;# 
   326     010C                     	;# 
   327     010D                     	;# 
   328     010E                     	;# 
   329     0110                     	;# 
   330     0111                     	;# 
   331     0112                     	;# 
   332     0113                     	;# 
   333     0114                     	;# 
   334     0115                     	;# 
   335     0116                     	;# 
   336     0117                     	;# 
   337     0118                     	;# 
   338     0119                     	;# 
   339     011A                     	;# 
   340     011B                     	;# 
   341     011D                     	;# 
   342     018C                     	;# 
   343     018D                     	;# 
   344     0191                     	;# 
   345     0191                     	;# 
   346     0192                     	;# 
   347     0193                     	;# 
   348     0193                     	;# 
   349     0193                     	;# 
   350     0194                     	;# 
   351     0195                     	;# 
   352     0196                     	;# 
   353     0199                     	;# 
   354     019A                     	;# 
   355     019B                     	;# 
   356     019B                     	;# 
   357     019B                     	;# 
   358     019B                     	;# 
   359     019C                     	;# 
   360     019C                     	;# 
   361     019D                     	;# 
   362     019E                     	;# 
   363     019F                     	;# 
   364     020D                     	;# 
   365     0210                     	;# 
   366     0211                     	;# 
   367     0212                     	;# 
   368     0213                     	;# 
   369     0214                     	;# 
   370     0215                     	;# 
   371     0215                     	;# 
   372     0216                     	;# 
   373     0217                     	;# 
   374     0291                     	;# 
   375     0291                     	;# 
   376     0292                     	;# 
   377     0293                     	;# 
   378     0294                     	;# 
   379     0295                     	;# 
   380     0295                     	;# 
   381     0296                     	;# 
   382     0298                     	;# 
   383     0298                     	;# 
   384     0299                     	;# 
   385     029A                     	;# 
   386     029B                     	;# 
   387     029C                     	;# 
   388     029C                     	;# 
   389     029D                     	;# 
   390     029E                     	;# 
   391     029F                     	;# 
   392     0311                     	;# 
   393     0311                     	;# 
   394     0312                     	;# 
   395     0313                     	;# 
   396     0314                     	;# 
   397     0315                     	;# 
   398     0315                     	;# 
   399     0316                     	;# 
   400     0318                     	;# 
   401     0318                     	;# 
   402     0319                     	;# 
   403     031A                     	;# 
   404     031C                     	;# 
   405     031C                     	;# 
   406     031D                     	;# 
   407     031E                     	;# 
   408     0394                     	;# 
   409     0395                     	;# 
   410     0396                     	;# 
   411     0415                     	;# 
   412     0416                     	;# 
   413     0417                     	;# 
   414     041C                     	;# 
   415     041D                     	;# 
   416     041E                     	;# 
   417     0791                     	;# 
   418     0792                     	;# 
   419     0793                     	;# 
   420     0794                     	;# 
   421     0795                     	;# 
   422     0798                     	;# 
   423     0799                     	;# 
   424     07A0                     	;# 
   425     07A1                     	;# 
   426     07A3                     	;# 
   427     07A4                     	;# 
   428     07A6                     	;# 
   429     07A7                     	;# 
   430     07A9                     	;# 
   431     07AA                     	;# 
   432     0FE4                     	;# 
   433     0FE5                     	;# 
   434     0FE6                     	;# 
   435     0FE7                     	;# 
   436     0FE8                     	;# 
   437     0FE9                     	;# 
   438     0FEA                     	;# 
   439     0FEB                     	;# 
   440     0FED                     	;# 
   441     0FEE                     	;# 
   442     0FEF                     	;# 
   443     0000                     	;# 
   444     0001                     	;# 
   445     0002                     	;# 
   446     0003                     	;# 
   447     0004                     	;# 
   448     0005                     	;# 
   449     0006                     	;# 
   450     0007                     	;# 
   451     0008                     	;# 
   452     0009                     	;# 
   453     000A                     	;# 
   454     000B                     	;# 
   455     000C                     	;# 
   456     000D                     	;# 
   457     000E                     	;# 
   458     0010                     	;# 
   459     0011                     	;# 
   460     0012                     	;# 
   461     0013                     	;# 
   462     0015                     	;# 
   463     0016                     	;# 
   464     0016                     	;# 
   465     0017                     	;# 
   466     0018                     	;# 
   467     0019                     	;# 
   468     001A                     	;# 
   469     001B                     	;# 
   470     001C                     	;# 
   471     001E                     	;# 
   472     001F                     	;# 
   473     008C                     	;# 
   474     008D                     	;# 
   475     008E                     	;# 
   476     0090                     	;# 
   477     0091                     	;# 
   478     0092                     	;# 
   479     0093                     	;# 
   480     0095                     	;# 
   481     0096                     	;# 
   482     0097                     	;# 
   483     0098                     	;# 
   484     0099                     	;# 
   485     009A                     	;# 
   486     009B                     	;# 
   487     009B                     	;# 
   488     009C                     	;# 
   489     009D                     	;# 
   490     009E                     	;# 
   491     010C                     	;# 
   492     010D                     	;# 
   493     010E                     	;# 
   494     0110                     	;# 
   495     0111                     	;# 
   496     0112                     	;# 
   497     0113                     	;# 
   498     0114                     	;# 
   499     0115                     	;# 
   500     0116                     	;# 
   501     0117                     	;# 
   502     0118                     	;# 
   503     0119                     	;# 
   504     011A                     	;# 
   505     011B                     	;# 
   506     011D                     	;# 
   507     018C                     	;# 
   508     018D                     	;# 
   509     0191                     	;# 
   510     0191                     	;# 
   511     0192                     	;# 
   512     0193                     	;# 
   513     0193                     	;# 
   514     0193                     	;# 
   515     0194                     	;# 
   516     0195                     	;# 
   517     0196                     	;# 
   518     0199                     	;# 
   519     019A                     	;# 
   520     019B                     	;# 
   521     019B                     	;# 
   522     019B                     	;# 
   523     019B                     	;# 
   524     019C                     	;# 
   525     019C                     	;# 
   526     019D                     	;# 
   527     019E                     	;# 
   528     019F                     	;# 
   529     020D                     	;# 
   530     0210                     	;# 
   531     0211                     	;# 
   532     0212                     	;# 
   533     0213                     	;# 
   534     0214                     	;# 
   535     0215                     	;# 
   536     0215                     	;# 
   537     0216                     	;# 
   538     0217                     	;# 
   539     0291                     	;# 
   540     0291                     	;# 
   541     0292                     	;# 
   542     0293                     	;# 
   543     0294                     	;# 
   544     0295                     	;# 
   545     0295                     	;# 
   546     0296                     	;# 
   547     0298                     	;# 
   548     0298                     	;# 
   549     0299                     	;# 
   550     029A                     	;# 
   551     029B                     	;# 
   552     029C                     	;# 
   553     029C                     	;# 
   554     029D                     	;# 
   555     029E                     	;# 
   556     029F                     	;# 
   557     0311                     	;# 
   558     0311                     	;# 
   559     0312                     	;# 
   560     0313                     	;# 
   561     0314                     	;# 
   562     0315                     	;# 
   563     0315                     	;# 
   564     0316                     	;# 
   565     0318                     	;# 
   566     0318                     	;# 
   567     0319                     	;# 
   568     031A                     	;# 
   569     031C                     	;# 
   570     031C                     	;# 
   571     031D                     	;# 
   572     031E                     	;# 
   573     0394                     	;# 
   574     0395                     	;# 
   575     0396                     	;# 
   576     0415                     	;# 
   577     0416                     	;# 
   578     0417                     	;# 
   579     041C                     	;# 
   580     041D                     	;# 
   581     041E                     	;# 
   582     0791                     	;# 
   583     0792                     	;# 
   584     0793                     	;# 
   585     0794                     	;# 
   586     0795                     	;# 
   587     0798                     	;# 
   588     0799                     	;# 
   589     07A0                     	;# 
   590     07A1                     	;# 
   591     07A3                     	;# 
   592     07A4                     	;# 
   593     07A6                     	;# 
   594     07A7                     	;# 
   595     07A9                     	;# 
   596     07AA                     	;# 
   597     0FE4                     	;# 
   598     0FE5                     	;# 
   599     0FE6                     	;# 
   600     0FE7                     	;# 
   601     0FE8                     	;# 
   602     0FE9                     	;# 
   603     0FEA                     	;# 
   604     0FEB                     	;# 
   605     0FED                     	;# 
   606     0FEE                     	;# 
   607     0FEF                     	;# 
   608     0000                     	;# 
   609     0001                     	;# 
   610     0002                     	;# 
   611     0003                     	;# 
   612     0004                     	;# 
   613     0005                     	;# 
   614     0006                     	;# 
   615     0007                     	;# 
   616     0008                     	;# 
   617     0009                     	;# 
   618     000A                     	;# 
   619     000B                     	;# 
   620     000C                     	;# 
   621     000D                     	;# 
   622     000E                     	;# 
   623     0010                     	;# 
   624     0011                     	;# 
   625     0012                     	;# 
   626     0013                     	;# 
   627     0015                     	;# 
   628     0016                     	;# 
   629     0016                     	;# 
   630     0017                     	;# 
   631     0018                     	;# 
   632     0019                     	;# 
   633     001A                     	;# 
   634     001B                     	;# 
   635     001C                     	;# 
   636     001E                     	;# 
   637     001F                     	;# 
   638     008C                     	;# 
   639     008D                     	;# 
   640     008E                     	;# 
   641     0090                     	;# 
   642     0091                     	;# 
   643     0092                     	;# 
   644     0093                     	;# 
   645     0095                     	;# 
   646     0096                     	;# 
   647     0097                     	;# 
   648     0098                     	;# 
   649     0099                     	;# 
   650     009A                     	;# 
   651     009B                     	;# 
   652     009B                     	;# 
   653     009C                     	;# 
   654     009D                     	;# 
   655     009E                     	;# 
   656     010C                     	;# 
   657     010D                     	;# 
   658     010E                     	;# 
   659     0110                     	;# 
   660     0111                     	;# 
   661     0112                     	;# 
   662     0113                     	;# 
   663     0114                     	;# 
   664     0115                     	;# 
   665     0116                     	;# 
   666     0117                     	;# 
   667     0118                     	;# 
   668     0119                     	;# 
   669     011A                     	;# 
   670     011B                     	;# 
   671     011D                     	;# 
   672     018C                     	;# 
   673     018D                     	;# 
   674     0191                     	;# 
   675     0191                     	;# 
   676     0192                     	;# 
   677     0193                     	;# 
   678     0193                     	;# 
   679     0193                     	;# 
   680     0194                     	;# 
   681     0195                     	;# 
   682     0196                     	;# 
   683     0199                     	;# 
   684     019A                     	;# 
   685     019B                     	;# 
   686     019B                     	;# 
   687     019B                     	;# 
   688     019B                     	;# 
   689     019C                     	;# 
   690     019C                     	;# 
   691     019D                     	;# 
   692     019E                     	;# 
   693     019F                     	;# 
   694     020D                     	;# 
   695     0210                     	;# 
   696     0211                     	;# 
   697     0212                     	;# 
   698     0213                     	;# 
   699     0214                     	;# 
   700     0215                     	;# 
   701     0215                     	;# 
   702     0216                     	;# 
   703     0217                     	;# 
   704     0291                     	;# 
   705     0291                     	;# 
   706     0292                     	;# 
   707     0293                     	;# 
   708     0294                     	;# 
   709     0295                     	;# 
   710     0295                     	;# 
   711     0296                     	;# 
   712     0298                     	;# 
   713     0298                     	;# 
   714     0299                     	;# 
   715     029A                     	;# 
   716     029B                     	;# 
   717     029C                     	;# 
   718     029C                     	;# 
   719     029D                     	;# 
   720     029E                     	;# 
   721     029F                     	;# 
   722     0311                     	;# 
   723     0311                     	;# 
   724     0312                     	;# 
   725     0313                     	;# 
   726     0314                     	;# 
   727     0315                     	;# 
   728     0315                     	;# 
   729     0316                     	;# 
   730     0318                     	;# 
   731     0318                     	;# 
   732     0319                     	;# 
   733     031A                     	;# 
   734     031C                     	;# 
   735     031C                     	;# 
   736     031D                     	;# 
   737     031E                     	;# 
   738     0394                     	;# 
   739     0395                     	;# 
   740     0396                     	;# 
   741     0415                     	;# 
   742     0416                     	;# 
   743     0417                     	;# 
   744     041C                     	;# 
   745     041D                     	;# 
   746     041E                     	;# 
   747     0791                     	;# 
   748     0792                     	;# 
   749     0793                     	;# 
   750     0794                     	;# 
   751     0795                     	;# 
   752     0798                     	;# 
   753     0799                     	;# 
   754     07A0                     	;# 
   755     07A1                     	;# 
   756     07A3                     	;# 
   757     07A4                     	;# 
   758     07A6                     	;# 
   759     07A7                     	;# 
   760     07A9                     	;# 
   761     07AA                     	;# 
   762     0FE4                     	;# 
   763     0FE5                     	;# 
   764     0FE6                     	;# 
   765     0FE7                     	;# 
   766     0FE8                     	;# 
   767     0FE9                     	;# 
   768     0FEA                     	;# 
   769     0FEB                     	;# 
   770     0FED                     	;# 
   771     0FEE                     	;# 
   772     0FEF                     	;# 
   773     0000                     	;# 
   774     0001                     	;# 
   775     0002                     	;# 
   776     0003                     	;# 
   777     0004                     	;# 
   778     0005                     	;# 
   779     0006                     	;# 
   780     0007                     	;# 
   781     0008                     	;# 
   782     0009                     	;# 
   783     000A                     	;# 
   784     000B                     	;# 
   785     000C                     	;# 
   786     000D                     	;# 
   787     000E                     	;# 
   788     0010                     	;# 
   789     0011                     	;# 
   790     0012                     	;# 
   791     0013                     	;# 
   792     0015                     	;# 
   793     0016                     	;# 
   794     0016                     	;# 
   795     0017                     	;# 
   796     0018                     	;# 
   797     0019                     	;# 
   798     001A                     	;# 
   799     001B                     	;# 
   800     001C                     	;# 
   801     001E                     	;# 
   802     001F                     	;# 
   803     008C                     	;# 
   804     008D                     	;# 
   805     008E                     	;# 
   806     0090                     	;# 
   807     0091                     	;# 
   808     0092                     	;# 
   809     0093                     	;# 
   810     0095                     	;# 
   811     0096                     	;# 
   812     0097                     	;# 
   813     0098                     	;# 
   814     0099                     	;# 
   815     009A                     	;# 
   816     009B                     	;# 
   817     009B                     	;# 
   818     009C                     	;# 
   819     009D                     	;# 
   820     009E                     	;# 
   821     010C                     	;# 
   822     010D                     	;# 
   823     010E                     	;# 
   824     0110                     	;# 
   825     0111                     	;# 
   826     0112                     	;# 
   827     0113                     	;# 
   828     0114                     	;# 
   829     0115                     	;# 
   830     0116                     	;# 
   831     0117                     	;# 
   832     0118                     	;# 
   833     0119                     	;# 
   834     011A                     	;# 
   835     011B                     	;# 
   836     011D                     	;# 
   837     018C                     	;# 
   838     018D                     	;# 
   839     0191                     	;# 
   840     0191                     	;# 
   841     0192                     	;# 
   842     0193                     	;# 
   843     0193                     	;# 
   844     0193                     	;# 
   845     0194                     	;# 
   846     0195                     	;# 
   847     0196                     	;# 
   848     0199                     	;# 
   849     019A                     	;# 
   850     019B                     	;# 
   851     019B                     	;# 
   852     019B                     	;# 
   853     019B                     	;# 
   854     019C                     	;# 
   855     019C                     	;# 
   856     019D                     	;# 
   857     019E                     	;# 
   858     019F                     	;# 
   859     020D                     	;# 
   860     0210                     	;# 
   861     0211                     	;# 
   862     0212                     	;# 
   863     0213                     	;# 
   864     0214                     	;# 
   865     0215                     	;# 
   866     0215                     	;# 
   867     0216                     	;# 
   868     0217                     	;# 
   869     0291                     	;# 
   870     0291                     	;# 
   871     0292                     	;# 
   872     0293                     	;# 
   873     0294                     	;# 
   874     0295                     	;# 
   875     0295                     	;# 
   876     0296                     	;# 
   877     0298                     	;# 
   878     0298                     	;# 
   879     0299                     	;# 
   880     029A                     	;# 
   881     029B                     	;# 
   882     029C                     	;# 
   883     029C                     	;# 
   884     029D                     	;# 
   885     029E                     	;# 
   886     029F                     	;# 
   887     0311                     	;# 
   888     0311                     	;# 
   889     0312                     	;# 
   890     0313                     	;# 
   891     0314                     	;# 
   892     0315                     	;# 
   893     0315                     	;# 
   894     0316                     	;# 
   895     0318                     	;# 
   896     0318                     	;# 
   897     0319                     	;# 
   898     031A                     	;# 
   899     031C                     	;# 
   900     031C                     	;# 
   901     031D                     	;# 
   902     031E                     	;# 
   903     0394                     	;# 
   904     0395                     	;# 
   905     0396                     	;# 
   906     0415                     	;# 
   907     0416                     	;# 
   908     0417                     	;# 
   909     041C                     	;# 
   910     041D                     	;# 
   911     041E                     	;# 
   912     0791                     	;# 
   913     0792                     	;# 
   914     0793                     	;# 
   915     0794                     	;# 
   916     0795                     	;# 
   917     0798                     	;# 
   918     0799                     	;# 
   919     07A0                     	;# 
   920     07A1                     	;# 
   921     07A3                     	;# 
   922     07A4                     	;# 
   923     07A6                     	;# 
   924     07A7                     	;# 
   925     07A9                     	;# 
   926     07AA                     	;# 
   927     0FE4                     	;# 
   928     0FE5                     	;# 
   929     0FE6                     	;# 
   930     0FE7                     	;# 
   931     0FE8                     	;# 
   932     0FE9                     	;# 
   933     0FEA                     	;# 
   934     0FEB                     	;# 
   935     0FED                     	;# 
   936     0FEE                     	;# 
   937     0FEF                     	;# 
   938                           
   939                           	psect	idataBANK0
   940     03DF                     __pidataBANK0:
   941                           
   942                           ;initializer for LCD_SetCursor@F3231
   943     03DF  3400               	retlw	0
   944     03E0  3440               	retlw	64
   945     03E1  3414               	retlw	20
   946     03E2  3454               	retlw	84
   947                           
   948                           	psect	stringtext1
   949     0800                     __pstringtext1:
   950     0800                     _i2c_fsmStateTable:
   951     0800  34E8               	retlw	low _I2C_DO_IDLE
   952     0801  3403               	retlw	high _I2C_DO_IDLE
   953     0802  3442               	retlw	low _I2C_DO_SEND_ADR_READ
   954     0803  3404               	retlw	high _I2C_DO_SEND_ADR_READ
   955     0804  343A               	retlw	low _I2C_DO_SEND_ADR_WRITE
   956     0805  3404               	retlw	high _I2C_DO_SEND_ADR_WRITE
   957     0806  3492               	retlw	low _I2C_DO_TX
   958     0807  3407               	retlw	high _I2C_DO_TX
   959     0808  34FF               	retlw	low _I2C_DO_RX
   960     0809  3406               	retlw	high _I2C_DO_RX
   961     080A  342C               	retlw	low _I2C_DO_RCEN
   962     080B  3404               	retlw	high _I2C_DO_RCEN
   963     080C  343D               	retlw	low _I2C_DO_TX_EMPTY
   964     080D  3406               	retlw	high _I2C_DO_TX_EMPTY
   965     080E  34ED               	retlw	low _I2C_DO_SEND_RESTART_READ
   966     080F  3403               	retlw	high _I2C_DO_SEND_RESTART_READ
   967     0810  34F2               	retlw	low _I2C_DO_SEND_RESTART_WRITE
   968     0811  3403               	retlw	high _I2C_DO_SEND_RESTART_WRITE
   969     0812  34F7               	retlw	low _I2C_DO_SEND_RESTART
   970     0813  3403               	retlw	high _I2C_DO_SEND_RESTART
   971     0814  34FC               	retlw	low _I2C_DO_SEND_STOP
   972     0815  3403               	retlw	high _I2C_DO_SEND_STOP
   973     0816  3401               	retlw	low _I2C_DO_RX_ACK
   974     0817  3404               	retlw	high _I2C_DO_RX_ACK
   975     0818  3406               	retlw	low _I2C_DO_RX_NACK_STOP
   976     0819  3404               	retlw	high _I2C_DO_RX_NACK_STOP
   977     081A  340B               	retlw	low _I2C_DO_RX_NACK_RESTART
   978     081B  3404               	retlw	high _I2C_DO_RX_NACK_RESTART
   979     081C  3410               	retlw	low _I2C_DO_RESET
   980     081D  3404               	retlw	high _I2C_DO_RESET
   981     081E  34ED               	retlw	low _I2C_DO_ADDRESS_NACK
   982     081F  3405               	retlw	high _I2C_DO_ADDRESS_NACK
   983     0820                     __end_of_i2c_fsmStateTable:
   984     0011                     _PIR1bits	set	17
   985     0012                     _PIR2bits	set	18
   986     0095                     _OPTION_REGbits	set	149
   987     008E                     _TRISC	set	142
   988     008D                     _TRISB	set	141
   989     008C                     _TRISA	set	140
   990     0090                     _TRISE	set	144
   991     0097                     _WDTCON	set	151
   992     0098                     _OSCTUNE	set	152
   993     0099                     _OSCCON	set	153
   994     0091                     _PIE1bits	set	145
   995     011D                     _APFCON	set	285
   996     010E                     _LATC	set	270
   997     010D                     _LATB	set	269
   998     010C                     _LATA	set	268
   999     0110                     _LATE	set	272
  1000     0116                     _BORCON	set	278
  1001     018C                     _ANSELA	set	396
  1002     018D                     _ANSELB	set	397
  1003     020D                     _WPUB	set	525
  1004     0210                     _WPUE	set	528
  1005     0214                     _SSPSTATbits	set	532
  1006     0216                     _SSPCON2bits	set	534
  1007     0211                     _SSPBUF	set	529
  1008     0215                     _SSPCON1bits	set	533
  1009     0212                     _SSPADD	set	530
  1010     0216                     _SSPCON2	set	534
  1011     0215                     _SSPCON1	set	533
  1012     0214                     _SSPSTAT	set	532
  1013     0820                     STR_1:
  1014     0820  3448               	retlw	72	;'H'
  1015     0821  3465               	retlw	101	;'e'
  1016     0822  346C               	retlw	108	;'l'
  1017     0823  346C               	retlw	108	;'l'
  1018     0824  346F               	retlw	111	;'o'
  1019     0825  3421               	retlw	33	;'!'
  1020     0826  3420               	retlw	32	;' '
  1021     0827  3477               	retlw	119	;'w'
  1022     0828  346F               	retlw	111	;'o'
  1023     0829  3472               	retlw	114	;'r'
  1024     082A  346C               	retlw	108	;'l'
  1025     082B  3464               	retlw	100	;'d'
  1026     082C  3400               	retlw	0
  1027                           
  1028                           	psect	stringtext2
  1029     0000                     __pstringtext2:
  1030                           
  1031                           	psect	cinit
  1032     07E5                     start_initialization:	
  1033                           ; #config settings
  1034                           
  1035     07E5                     __initialization:
  1036                           
  1037                           ; Initialize objects allocated to BANK0
  1038     07E5  3183  23DF  3187   	fcall	__pidataBANK0	;fetch initializer
  1039     07E8  00CF               	movwf	__pdataBANK0& (0+127)
  1040     07E9  3183  23E0  3187   	fcall	__pidataBANK0+1	;fetch initializer
  1041     07EC  00D0               	movwf	(__pdataBANK0+1)& (0+127)
  1042     07ED  3183  23E1  3187   	fcall	__pidataBANK0+2	;fetch initializer
  1043     07F0  00D1               	movwf	(__pdataBANK0+2)& (0+127)
  1044     07F1  3183  23E2  3187   	fcall	__pidataBANK0+3	;fetch initializer
  1045     07F4  00D2               	movwf	(__pdataBANK0+3)& (0+127)
  1046                           
  1047                           ; Clear objects allocated to BANK0
  1048     07F5  3020               	movlw	low __pbssBANK0
  1049     07F6  0084               	movwf	4
  1050     07F7  3000               	movlw	high __pbssBANK0
  1051     07F8  0085               	movwf	5
  1052     07F9  301D               	movlw	29
  1053     07FA  3184  2426  3187   	fcall	clear_ram0
  1054     07FD                     end_of_initialization:	
  1055                           ;End of C runtime variable initialization code
  1056                           
  1057     07FD                     __end_of__initialization:
  1058     07FD  0020               	movlb	0
  1059     07FE  3185  2D32         	ljmp	_main	;jump to C main() function
  1060                           
  1061                           	psect	bssBANK0
  1062     0020                     __pbssBANK0:
  1063     0020                     _I2C_Status:
  1064     0020                     	ds	29
  1065                           
  1066                           	psect	dataBANK0
  1067     004F                     __pdataBANK0:
  1068     004F                     LCD_SetCursor@F3231:
  1069     004F                     	ds	4
  1070                           
  1071                           	psect	clrtext
  1072     0426                     clear_ram0:	
  1073                           ;	Called with FSR0 containing the base address, and
  1074                           ;	WREG with the size to clear
  1075                           
  1076     0426  0064               	clrwdt	;clear the watchdog before getting into this loop
  1077     0427                     clrloop0:
  1078     0427  0180               	clrf	0	;clear RAM location pointed to by FSR
  1079     0428  3101               	addfsr 0,1
  1080     0429  0B89               	decfsz	9,f	;Have we reached the end of clearing yet?
  1081     042A  2C27               	goto	clrloop0	;have we reached the end yet?
  1082     042B  3400               	retlw	0	;all done for this memory range, return
  1083                           
  1084                           	psect	cstackCOMMON
  1085     0070                     __pcstackCOMMON:
  1086     0070                     ?_SYSTEM_Initialize:
  1087     0070                     ??_SYSTEM_Initialize:	
  1088                           ; 1 bytes @ 0x0
  1089                           
  1090     0070                     ?_I2C_Open:	
  1091                           ; 1 bytes @ 0x0
  1092                           
  1093     0070                     ??_I2C_Open:	
  1094                           ; 1 bytes @ 0x0
  1095                           
  1096     0070                     ?_I2C_SetBuffer:	
  1097                           ; 1 bytes @ 0x0
  1098                           
  1099     0070                     ?_I2C_MasterWrite:	
  1100                           ; 1 bytes @ 0x0
  1101                           
  1102     0070                     ?_I2C_Close:	
  1103                           ; 1 bytes @ 0x0
  1104                           
  1105     0070                     ??_I2C_Close:	
  1106                           ; 1 bytes @ 0x0
  1107                           
  1108     0070                     ?_I2C_DO_IDLE:	
  1109                           ; 1 bytes @ 0x0
  1110                           
  1111     0070                     ??_I2C_DO_IDLE:	
  1112                           ; 1 bytes @ 0x0
  1113                           
  1114     0070                     ?_I2C_DO_SEND_ADR_READ:	
  1115                           ; 1 bytes @ 0x0
  1116                           
  1117     0070                     ??_I2C_DO_SEND_ADR_READ:	
  1118                           ; 1 bytes @ 0x0
  1119                           
  1120     0070                     ?_I2C_DO_SEND_ADR_WRITE:	
  1121                           ; 1 bytes @ 0x0
  1122                           
  1123     0070                     ?_I2C_DO_TX:	
  1124                           ; 1 bytes @ 0x0
  1125                           
  1126     0070                     ?_I2C_DO_RX:	
  1127                           ; 1 bytes @ 0x0
  1128                           
  1129     0070                     ?_I2C_DO_RCEN:	
  1130                           ; 1 bytes @ 0x0
  1131                           
  1132     0070                     ??_I2C_DO_RCEN:	
  1133                           ; 1 bytes @ 0x0
  1134                           
  1135     0070                     ?_I2C_DO_TX_EMPTY:	
  1136                           ; 1 bytes @ 0x0
  1137                           
  1138     0070                     ?_I2C_DO_SEND_RESTART_READ:	
  1139                           ; 1 bytes @ 0x0
  1140                           
  1141     0070                     ??_I2C_DO_SEND_RESTART_READ:	
  1142                           ; 1 bytes @ 0x0
  1143                           
  1144     0070                     ?_I2C_DO_SEND_RESTART_WRITE:	
  1145                           ; 1 bytes @ 0x0
  1146                           
  1147     0070                     ??_I2C_DO_SEND_RESTART_WRITE:	
  1148                           ; 1 bytes @ 0x0
  1149                           
  1150     0070                     ?_I2C_DO_SEND_RESTART:	
  1151                           ; 1 bytes @ 0x0
  1152                           
  1153     0070                     ??_I2C_DO_SEND_RESTART:	
  1154                           ; 1 bytes @ 0x0
  1155                           
  1156     0070                     ?_I2C_DO_SEND_STOP:	
  1157                           ; 1 bytes @ 0x0
  1158                           
  1159     0070                     ??_I2C_DO_SEND_STOP:	
  1160                           ; 1 bytes @ 0x0
  1161                           
  1162     0070                     ?_I2C_DO_RX_ACK:	
  1163                           ; 1 bytes @ 0x0
  1164                           
  1165     0070                     ??_I2C_DO_RX_ACK:	
  1166                           ; 1 bytes @ 0x0
  1167                           
  1168     0070                     ?_I2C_DO_RX_NACK_STOP:	
  1169                           ; 1 bytes @ 0x0
  1170                           
  1171     0070                     ??_I2C_DO_RX_NACK_STOP:	
  1172                           ; 1 bytes @ 0x0
  1173                           
  1174     0070                     ?_I2C_DO_RX_NACK_RESTART:	
  1175                           ; 1 bytes @ 0x0
  1176                           
  1177     0070                     ??_I2C_DO_RX_NACK_RESTART:	
  1178                           ; 1 bytes @ 0x0
  1179                           
  1180     0070                     ?_I2C_DO_RESET:	
  1181                           ; 1 bytes @ 0x0
  1182                           
  1183     0070                     ??_I2C_DO_RESET:	
  1184                           ; 1 bytes @ 0x0
  1185                           
  1186     0070                     ?_I2C_DO_ADDRESS_NACK:	
  1187                           ; 1 bytes @ 0x0
  1188                           
  1189     0070                     ?_I2C_MasterClearIrq:	
  1190                           ; 1 bytes @ 0x0
  1191                           
  1192     0070                     ??_I2C_MasterClearIrq:	
  1193                           ; 1 bytes @ 0x0
  1194                           
  1195     0070                     ?_I2C_MasterOpen:	
  1196                           ; 1 bytes @ 0x0
  1197                           
  1198     0070                     ??_I2C_MasterOpen:	
  1199                           ; 1 bytes @ 0x0
  1200                           
  1201     0070                     ?_I2C_MasterDisableIrq:	
  1202                           ; 1 bytes @ 0x0
  1203                           
  1204     0070                     ??_I2C_MasterDisableIrq:	
  1205                           ; 1 bytes @ 0x0
  1206                           
  1207     0070                     ?_I2C_MasterClose:	
  1208                           ; 1 bytes @ 0x0
  1209                           
  1210     0070                     ??_I2C_MasterClose:	
  1211                           ; 1 bytes @ 0x0
  1212                           
  1213     0070                     ?_I2C_MasterStart:	
  1214                           ; 1 bytes @ 0x0
  1215                           
  1216     0070                     ??_I2C_MasterStart:	
  1217                           ; 1 bytes @ 0x0
  1218                           
  1219     0070                     ?_I2C_Poller:	
  1220                           ; 1 bytes @ 0x0
  1221                           
  1222     0070                     ?_I2C_SetCallback:	
  1223                           ; 1 bytes @ 0x0
  1224                           
  1225     0070                     ?_I2C_MasterWaitForEvent:	
  1226                           ; 1 bytes @ 0x0
  1227                           
  1228     0070                     ??_I2C_MasterWaitForEvent:	
  1229                           ; 1 bytes @ 0x0
  1230                           
  1231     0070                     ?_I2C_MasterFsm:	
  1232                           ; 1 bytes @ 0x0
  1233                           
  1234     0070                     ?_I2C_MasterIsNack:	
  1235                           ; 1 bytes @ 0x0
  1236                           
  1237     0070                     ??_I2C_MasterIsNack:	
  1238                           ; 1 bytes @ 0x0
  1239                           
  1240     0070                     ?_I2C_MasterSendTxData:	
  1241                           ; 1 bytes @ 0x0
  1242                           
  1243     0070                     ??_I2C_MasterSendTxData:	
  1244                           ; 1 bytes @ 0x0
  1245                           
  1246     0070                     ?_I2C_MasterGetRxData:	
  1247                           ; 1 bytes @ 0x0
  1248                           
  1249     0070                     ??_I2C_MasterGetRxData:	
  1250                           ; 1 bytes @ 0x0
  1251                           
  1252     0070                     ?_I2C_MasterSendAck:	
  1253                           ; 1 bytes @ 0x0
  1254                           
  1255     0070                     ??_I2C_MasterSendAck:	
  1256                           ; 1 bytes @ 0x0
  1257                           
  1258     0070                     ?_I2C_MasterStartRx:	
  1259                           ; 1 bytes @ 0x0
  1260                           
  1261     0070                     ??_I2C_MasterStartRx:	
  1262                           ; 1 bytes @ 0x0
  1263                           
  1264     0070                     ?_I2C_MasterSetIrq:	
  1265                           ; 1 bytes @ 0x0
  1266                           
  1267     0070                     ??_I2C_MasterSetIrq:	
  1268                           ; 1 bytes @ 0x0
  1269                           
  1270     0070                     ?_I2C_MasterEnableRestart:	
  1271                           ; 1 bytes @ 0x0
  1272                           
  1273     0070                     ??_I2C_MasterEnableRestart:	
  1274                           ; 1 bytes @ 0x0
  1275                           
  1276     0070                     ?_I2C_MasterStop:	
  1277                           ; 1 bytes @ 0x0
  1278                           
  1279     0070                     ??_I2C_MasterStop:	
  1280                           ; 1 bytes @ 0x0
  1281                           
  1282     0070                     ?_I2C_MasterSendNack:	
  1283                           ; 1 bytes @ 0x0
  1284                           
  1285     0070                     ??_I2C_MasterSendNack:	
  1286                           ; 1 bytes @ 0x0
  1287                           
  1288     0070                     ?_PIN_MANAGER_Initialize:	
  1289                           ; 1 bytes @ 0x0
  1290                           
  1291     0070                     ??_PIN_MANAGER_Initialize:	
  1292                           ; 1 bytes @ 0x0
  1293                           
  1294     0070                     ?_OSCILLATOR_Initialize:	
  1295                           ; 1 bytes @ 0x0
  1296                           
  1297     0070                     ??_OSCILLATOR_Initialize:	
  1298                           ; 1 bytes @ 0x0
  1299                           
  1300     0070                     ?_WDT_Initialize:	
  1301                           ; 1 bytes @ 0x0
  1302                           
  1303     0070                     ??_WDT_Initialize:	
  1304                           ; 1 bytes @ 0x0
  1305                           
  1306     0070                     ?_LCD_Command:	
  1307                           ; 1 bytes @ 0x0
  1308                           
  1309     0070                     ?_LCD_Data:	
  1310                           ; 1 bytes @ 0x0
  1311                           
  1312     0070                     ?_LCD_Init:	
  1313                           ; 1 bytes @ 0x0
  1314                           
  1315     0070                     ?_main:	
  1316                           ; 1 bytes @ 0x0
  1317                           
  1318     0070                     ?_I2C_Initialize:	
  1319                           ; 1 bytes @ 0x0
  1320                           
  1321     0070                     ??_I2C_Initialize:	
  1322                           ; 1 bytes @ 0x0
  1323                           
  1324     0070                     ?_I2C_MasterOperation:	
  1325                           ; 1 bytes @ 0x0
  1326                           
  1327     0070                     I2C_Open@address:	
  1328                           ; 1 bytes @ 0x0
  1329                           
  1330     0070                     I2C_Close@returnValue:	
  1331                           ; 1 bytes @ 0x0
  1332                           
  1333     0070                     I2C_MasterSendTxData@data:	
  1334                           ; 1 bytes @ 0x0
  1335                           
  1336     0070                     I2C_SetBuffer@bufferSize:	
  1337                           ; 1 bytes @ 0x0
  1338                           
  1339     0070                     I2C_SetCallback@cb:	
  1340                           ; 2 bytes @ 0x0
  1341                           
  1342                           
  1343                           ; 2 bytes @ 0x0
  1344     0070                     	ds	1
  1345     0071                     ??_I2C_DO_SEND_ADR_WRITE:
  1346     0071                     I2C_Open@returnValue:	
  1347                           ; 1 bytes @ 0x1
  1348                           
  1349                           
  1350                           ; 1 bytes @ 0x1
  1351     0071                     	ds	1
  1352     0072                     ??_I2C_SetBuffer:
  1353     0072                     I2C_SetBuffer@buffer:	
  1354                           ; 1 bytes @ 0x2
  1355                           
  1356     0072                     I2C_SetCallback@ptr:	
  1357                           ; 1 bytes @ 0x2
  1358                           
  1359                           
  1360                           ; 1 bytes @ 0x2
  1361     0072                     	ds	1
  1362     0073                     ??_I2C_SetCallback:
  1363     0073                     I2C_SetCallback@idx:	
  1364                           ; 1 bytes @ 0x3
  1365                           
  1366                           
  1367                           ; 1 bytes @ 0x3
  1368     0073                     	ds	1
  1369     0074                     ?_I2C_SetDataCompleteCallback:
  1370     0074                     ?_I2C_SetAddressNackCallback:	
  1371                           ; 1 bytes @ 0x4
  1372                           
  1373     0074                     I2C_SetDataCompleteCallback@cb:	
  1374                           ; 1 bytes @ 0x4
  1375                           
  1376     0074                     I2C_SetAddressNackCallback@cb:	
  1377                           ; 2 bytes @ 0x4
  1378                           
  1379                           
  1380                           ; 2 bytes @ 0x4
  1381     0074                     	ds	2
  1382     0076                     I2C_SetDataCompleteCallback@ptr:
  1383     0076                     I2C_SetAddressNackCallback@ptr:	
  1384                           ; 1 bytes @ 0x6
  1385                           
  1386                           
  1387                           ; 2 bytes @ 0x6
  1388     0076                     	ds	1
  1389     0077                     ??_I2C_SetDataCompleteCallback:
  1390     0077                     ?_rd1RegCompleteHandler:	
  1391                           ; 1 bytes @ 0x7
  1392                           
  1393     0077                     ?_rd2RegCompleteHandler:	
  1394                           ; 1 bytes @ 0x7
  1395                           
  1396     0077                     ?_wr1RegCompleteHandler:	
  1397                           ; 1 bytes @ 0x7
  1398                           
  1399     0077                     ?_wr2RegCompleteHandler:	
  1400                           ; 1 bytes @ 0x7
  1401                           
  1402     0077                     ?_rdBlkRegCompleteHandler:	
  1403                           ; 1 bytes @ 0x7
  1404                           
  1405     0077                     ?_I2C_CallbackReturnStop:	
  1406                           ; 1 bytes @ 0x7
  1407                           
  1408     0077                     ?_I2C_CallbackReturnReset:	
  1409                           ; 1 bytes @ 0x7
  1410                           
  1411     0077                     rd1RegCompleteHandler@ptr:	
  1412                           ; 1 bytes @ 0x7
  1413                           
  1414     0077                     rd2RegCompleteHandler@ptr:	
  1415                           ; 1 bytes @ 0x7
  1416                           
  1417     0077                     wr1RegCompleteHandler@ptr:	
  1418                           ; 1 bytes @ 0x7
  1419                           
  1420     0077                     wr2RegCompleteHandler@ptr:	
  1421                           ; 1 bytes @ 0x7
  1422                           
  1423     0077                     rdBlkRegCompleteHandler@ptr:	
  1424                           ; 1 bytes @ 0x7
  1425                           
  1426     0077                     I2C_CallbackReturnStop@funPtr:	
  1427                           ; 1 bytes @ 0x7
  1428                           
  1429     0077                     I2C_CallbackReturnReset@funPtr:	
  1430                           ; 1 bytes @ 0x7
  1431                           
  1432                           
  1433                           ; 1 bytes @ 0x7
  1434     0077                     	ds	1
  1435     0078                     ??_rd1RegCompleteHandler:
  1436     0078                     ??_I2C_SetAddressNackCallback:	
  1437                           ; 1 bytes @ 0x8
  1438                           
  1439     0078                     ??_rd2RegCompleteHandler:	
  1440                           ; 1 bytes @ 0x8
  1441                           
  1442     0078                     ??_wr1RegCompleteHandler:	
  1443                           ; 1 bytes @ 0x8
  1444                           
  1445     0078                     ??_wr2RegCompleteHandler:	
  1446                           ; 1 bytes @ 0x8
  1447                           
  1448     0078                     ??_rdBlkRegCompleteHandler:	
  1449                           ; 1 bytes @ 0x8
  1450                           
  1451     0078                     ??_I2C_DO_TX:	
  1452                           ; 1 bytes @ 0x8
  1453                           
  1454     0078                     ??_I2C_DO_RX:	
  1455                           ; 1 bytes @ 0x8
  1456                           
  1457     0078                     ??_I2C_DO_TX_EMPTY:	
  1458                           ; 1 bytes @ 0x8
  1459                           
  1460     0078                     ??_I2C_DO_ADDRESS_NACK:	
  1461                           ; 1 bytes @ 0x8
  1462                           
  1463     0078                     ??_I2C_CallbackReturnStop:	
  1464                           ; 1 bytes @ 0x8
  1465                           
  1466     0078                     ??_I2C_CallbackReturnReset:	
  1467                           ; 1 bytes @ 0x8
  1468                           
  1469                           
  1470                           ; 1 bytes @ 0x8
  1471     0078                     	ds	2
  1472     007A                     ??_I2C_MasterFsm:
  1473                           
  1474                           ; 1 bytes @ 0xA
  1475     007A                     	ds	2
  1476     007C                     ??_I2C_Poller:
  1477     007C                     ??_I2C_MasterOperation:	
  1478                           ; 1 bytes @ 0xC
  1479                           
  1480     007C                     I2C_MasterOperation@read:	
  1481                           ; 1 bytes @ 0xC
  1482                           
  1483                           
  1484                           ; 1 bytes @ 0xC
  1485     007C                     	ds	1
  1486     007D                     I2C_MasterOperation@returnValue:
  1487                           
  1488                           ; 1 bytes @ 0xD
  1489     007D                     	ds	1
  1490     007E                     ??_I2C_Write1ByteRegister:
  1491     007E                     ??_I2C_MasterWrite:	
  1492                           ; 1 bytes @ 0xE
  1493                           
  1494     007E                     ??_LCD_SetCursor:	
  1495                           ; 1 bytes @ 0xE
  1496                           
  1497     007E                     ??_main:	
  1498                           ; 1 bytes @ 0xE
  1499                           
  1500                           
  1501                           	psect	cstackBANK0
  1502     003D                     __pcstackBANK0:	
  1503                           ; 1 bytes @ 0xE
  1504                           
  1505     003D                     ?_I2C_Write1ByteRegister:
  1506     003D                     I2C_Write1ByteRegister@reg:	
  1507                           ; 1 bytes @ 0x0
  1508                           
  1509                           
  1510                           ; 1 bytes @ 0x0
  1511     003D                     	ds	1
  1512     003E                     I2C_Write1ByteRegister@data:
  1513                           
  1514                           ; 1 bytes @ 0x1
  1515     003E                     	ds	1
  1516     003F                     I2C_Write1ByteRegister@address:
  1517                           
  1518                           ; 1 bytes @ 0x2
  1519     003F                     	ds	1
  1520     0040                     ?_PCF8574_LCD_SendNibble:
  1521     0040                     PCF8574_LCD_SendNibble@rs:	
  1522                           ; 1 bytes @ 0x3
  1523                           
  1524                           
  1525                           ; 1 bytes @ 0x3
  1526     0040                     	ds	1
  1527     0041                     ??_PCF8574_LCD_SendNibble:
  1528                           
  1529                           ; 1 bytes @ 0x4
  1530     0041                     	ds	1
  1531     0042                     PCF8574_LCD_SendNibble@nibble:
  1532                           
  1533                           ; 1 bytes @ 0x5
  1534     0042                     	ds	1
  1535     0043                     PCF8574_LCD_SendNibble@data:
  1536                           
  1537                           ; 1 bytes @ 0x6
  1538     0043                     	ds	1
  1539     0044                     ?_PCF8574_LCD_SendByte:
  1540     0044                     PCF8574_LCD_SendByte@rs:	
  1541                           ; 1 bytes @ 0x7
  1542                           
  1543                           
  1544                           ; 1 bytes @ 0x7
  1545     0044                     	ds	1
  1546     0045                     ??_PCF8574_LCD_SendByte:
  1547                           
  1548                           ; 1 bytes @ 0x8
  1549     0045                     	ds	1
  1550     0046                     PCF8574_LCD_SendByte@val:
  1551                           
  1552                           ; 1 bytes @ 0x9
  1553     0046                     	ds	1
  1554     0047                     ??_LCD_Command:
  1555     0047                     ??_LCD_Data:	
  1556                           ; 1 bytes @ 0xA
  1557                           
  1558                           
  1559                           ; 1 bytes @ 0xA
  1560     0047                     	ds	1
  1561     0048                     LCD_Command@cmd:
  1562     0048                     LCD_Data@data:	
  1563                           ; 1 bytes @ 0xB
  1564                           
  1565                           
  1566                           ; 1 bytes @ 0xB
  1567     0048                     	ds	1
  1568     0049                     ??_LCD_Init:
  1569     0049                     ?_LCD_SetCursor:	
  1570                           ; 1 bytes @ 0xC
  1571                           
  1572     0049                     ?_LCD_Print:	
  1573                           ; 1 bytes @ 0xC
  1574                           
  1575     0049                     LCD_SetCursor@row:	
  1576                           ; 1 bytes @ 0xC
  1577                           
  1578     0049                     LCD_Print@str:	
  1579                           ; 1 bytes @ 0xC
  1580                           
  1581                           
  1582                           ; 2 bytes @ 0xC
  1583     0049                     	ds	1
  1584     004A                     LCD_SetCursor@row_offsets:
  1585                           
  1586                           ; 4 bytes @ 0xD
  1587     004A                     	ds	1
  1588     004B                     ??_LCD_Print:
  1589     004B                     LCD_Init@i:	
  1590                           ; 1 bytes @ 0xE
  1591                           
  1592                           
  1593                           ; 1 bytes @ 0xE
  1594     004B                     	ds	3
  1595     004E                     LCD_SetCursor@col:
  1596                           
  1597                           ; 1 bytes @ 0x11
  1598     004E                     	ds	1
  1599                           
  1600                           	psect	maintext
  1601     0532                     __pmaintext:	
  1602 ;;
  1603 ;;Main: autosize = 0, tempsize = 0, incstack = 0, save=0
  1604 ;;
  1605 ;; *************** function _main *****************
  1606 ;; Defined at:
  1607 ;;		line 112 in file "D:\work_pic\LCD_I2C.X\main.c"
  1608 ;; Parameters:    Size  Location     Type
  1609 ;;		None
  1610 ;; Auto vars:     Size  Location     Type
  1611 ;;		None
  1612 ;; Return value:  Size  Location     Type
  1613 ;;                  1    wreg      void 
  1614 ;; Registers used:
  1615 ;;		wreg, fsr0l, fsr0h, fsr1l, fsr1h, status,2, status,0, pclath, cstack
  1616 ;; Tracked objects:
  1617 ;;		On entry : B1F/0
  1618 ;;		On exit  : 0/0
  1619 ;;		Unchanged: 0/0
  1620 ;; Data sizes:     COMMON   BANK0   BANK1   BANK2   BANK3   BANK4   BANK5   BANK6
  1621 ;;      Params:         0       0       0       0       0       0       0       0
  1622 ;;      Locals:         0       0       0       0       0       0       0       0
  1623 ;;      Temps:          0       0       0       0       0       0       0       0
  1624 ;;      Totals:         0       0       0       0       0       0       0       0
  1625 ;;Total ram usage:        0 bytes
  1626 ;; Hardware stack levels required when called: 13
  1627 ;; This function calls:
  1628 ;;		_LCD_Init
  1629 ;;		_LCD_Print
  1630 ;;		_LCD_SetCursor
  1631 ;;		_SYSTEM_Initialize
  1632 ;; This function is called by:
  1633 ;;		Startup code after reset
  1634 ;; This function uses a non-reentrant model
  1635 ;;
  1636                           
  1637     0532                     _main:	
  1638                           ;psect for function _main
  1639                           
  1640     0532                     l2339:	
  1641                           ;incstack = 0
  1642                           ; Regs used in _main: [wreg-fsr1h+status,2+status,0+pclath+cstack]
  1643                           
  1644                           
  1645                           ;D:\work_pic\LCD_I2C.X\main.c: 115:     SYSTEM_Initialize();
  1646     0532  3184  2484  3185   	fcall	_SYSTEM_Initialize
  1647     0535                     l2341:
  1648                           
  1649                           ;D:\work_pic\LCD_I2C.X\main.c: 132:     LCD_Init();
  1650     0535  3187  2742  3185   	fcall	_LCD_Init
  1651     0538                     l2343:
  1652                           
  1653                           ;D:\work_pic\LCD_I2C.X\main.c: 133:     LCD_SetCursor(0, 0);
  1654     0538  0020               	movlb	0	; select bank0
  1655     0539  01C9               	clrf	LCD_SetCursor@row
  1656     053A  3000               	movlw	0
  1657     053B  3185  2506  3185   	fcall	_LCD_SetCursor
  1658     053E                     l2345:
  1659                           
  1660                           ;D:\work_pic\LCD_I2C.X\main.c: 134:     LCD_Print("Hello! world");
  1661     053E  3020               	movlw	low (STR_1| (0+32768))
  1662     053F  0020               	movlb	0	; select bank0
  1663     0540  00C9               	movwf	LCD_Print@str
  1664     0541  3088               	movlw	high (STR_1| (0+32768))
  1665     0542  00CA               	movwf	LCD_Print@str+1
  1666     0543  3185  2579  3185   	fcall	_LCD_Print
  1667     0546                     l40:	
  1668                           ;D:\work_pic\LCD_I2C.X\main.c: 135:     while (1)
  1669                           
  1670     0546                     l41:	
  1671                           ;D:\work_pic\LCD_I2C.X\main.c: 136:     {;D:\work_pic\LCD_I2C.X\main.c: 138:     }
  1672                           
  1673     0546  2D46               	goto	l40
  1674     0547  3180  2802         	ljmp	start
  1675     0549                     __end_of_main:
  1676                           
  1677                           	psect	text1
  1678     0484                     __ptext1:	
  1679 ;; *************** function _SYSTEM_Initialize *****************
  1680 ;; Defined at:
  1681 ;;		line 50 in file "D:\work_pic\LCD_I2C.X\mcc_generated_files\mcc.c"
  1682 ;; Parameters:    Size  Location     Type
  1683 ;;		None
  1684 ;; Auto vars:     Size  Location     Type
  1685 ;;		None
  1686 ;; Return value:  Size  Location     Type
  1687 ;;                  1    wreg      void 
  1688 ;; Registers used:
  1689 ;;		wreg, status,2, status,0, pclath, cstack
  1690 ;; Tracked objects:
  1691 ;;		On entry : 0/0
  1692 ;;		On exit  : 0/0
  1693 ;;		Unchanged: 0/0
  1694 ;; Data sizes:     COMMON   BANK0   BANK1   BANK2   BANK3   BANK4   BANK5   BANK6
  1695 ;;      Params:         0       0       0       0       0       0       0       0
  1696 ;;      Locals:         0       0       0       0       0       0       0       0
  1697 ;;      Temps:          0       0       0       0       0       0       0       0
  1698 ;;      Totals:         0       0       0       0       0       0       0       0
  1699 ;;Total ram usage:        0 bytes
  1700 ;; Hardware stack levels used: 1
  1701 ;; Hardware stack levels required when called: 1
  1702 ;; This function calls:
  1703 ;;		_I2C_Initialize
  1704 ;;		_OSCILLATOR_Initialize
  1705 ;;		_PIN_MANAGER_Initialize
  1706 ;;		_WDT_Initialize
  1707 ;; This function is called by:
  1708 ;;		_main
  1709 ;; This function uses a non-reentrant model
  1710 ;;
  1711                           
  1712     0484                     _SYSTEM_Initialize:	
  1713                           ;psect for function _SYSTEM_Initialize
  1714                           
  1715     0484                     l1645:	
  1716                           ;incstack = 0
  1717                           ; Regs used in _SYSTEM_Initialize: [wreg+status,2+status,0+pclath+cstack]
  1718                           
  1719                           
  1720                           ;D:\work_pic\LCD_I2C.X\mcc_generated_files\mcc.c: 53:     I2C_Initialize();
  1721     0484  3184  244B  3184   	fcall	_I2C_Initialize
  1722                           
  1723                           ;D:\work_pic\LCD_I2C.X\mcc_generated_files\mcc.c: 54:     PIN_MANAGER_Initialize();
  1724     0487  3185  2592  3184   	fcall	_PIN_MANAGER_Initialize
  1725                           
  1726                           ;D:\work_pic\LCD_I2C.X\mcc_generated_files\mcc.c: 55:     OSCILLATOR_Initialize();
  1727     048A  3184  2433  3184   	fcall	_OSCILLATOR_Initialize
  1728                           
  1729                           ;D:\work_pic\LCD_I2C.X\mcc_generated_files\mcc.c: 56:     WDT_Initialize();
  1730     048D  3183  23DB  3184   	fcall	_WDT_Initialize
  1731     0490                     l501:
  1732     0490  0008               	return
  1733     0491                     __end_of_SYSTEM_Initialize:
  1734                           
  1735                           	psect	text2
  1736     03DB                     __ptext2:	
  1737 ;; *************** function _WDT_Initialize *****************
  1738 ;; Defined at:
  1739 ;;		line 69 in file "D:\work_pic\LCD_I2C.X\mcc_generated_files\mcc.c"
  1740 ;; Parameters:    Size  Location     Type
  1741 ;;		None
  1742 ;; Auto vars:     Size  Location     Type
  1743 ;;		None
  1744 ;; Return value:  Size  Location     Type
  1745 ;;                  1    wreg      void 
  1746 ;; Registers used:
  1747 ;;		wreg
  1748 ;; Tracked objects:
  1749 ;;		On entry : 0/0
  1750 ;;		On exit  : 0/0
  1751 ;;		Unchanged: 0/0
  1752 ;; Data sizes:     COMMON   BANK0   BANK1   BANK2   BANK3   BANK4   BANK5   BANK6
  1753 ;;      Params:         0       0       0       0       0       0       0       0
  1754 ;;      Locals:         0       0       0       0       0       0       0       0
  1755 ;;      Temps:          0       0       0       0       0       0       0       0
  1756 ;;      Totals:         0       0       0       0       0       0       0       0
  1757 ;;Total ram usage:        0 bytes
  1758 ;; Hardware stack levels used: 1
  1759 ;; This function calls:
  1760 ;;		Nothing
  1761 ;; This function is called by:
  1762 ;;		_SYSTEM_Initialize
  1763 ;; This function uses a non-reentrant model
  1764 ;;
  1765                           
  1766     03DB                     _WDT_Initialize:	
  1767                           ;psect for function _WDT_Initialize
  1768                           
  1769     03DB                     l1601:	
  1770                           ;incstack = 0
  1771                           ; Regs used in _WDT_Initialize: [wreg]
  1772                           
  1773                           
  1774                           ;D:\work_pic\LCD_I2C.X\mcc_generated_files\mcc.c: 72:     WDTCON = 0x16;
  1775     03DB  3016               	movlw	22
  1776     03DC  0021               	movlb	1	; select bank1
  1777     03DD  0097               	movwf	23	;volatile
  1778     03DE                     l507:
  1779     03DE  0008               	return
  1780     03DF                     __end_of_WDT_Initialize:
  1781                           
  1782                           	psect	text3
  1783     0592                     __ptext3:	
  1784 ;; *************** function _PIN_MANAGER_Initialize *****************
  1785 ;; Defined at:
  1786 ;;		line 55 in file "D:\work_pic\LCD_I2C.X\mcc_generated_files\pin_manager.c"
  1787 ;; Parameters:    Size  Location     Type
  1788 ;;		None
  1789 ;; Auto vars:     Size  Location     Type
  1790 ;;		None
  1791 ;; Return value:  Size  Location     Type
  1792 ;;                  1    wreg      void 
  1793 ;; Registers used:
  1794 ;;		wreg, status,2
  1795 ;; Tracked objects:
  1796 ;;		On entry : 0/0
  1797 ;;		On exit  : 0/0
  1798 ;;		Unchanged: 0/0
  1799 ;; Data sizes:     COMMON   BANK0   BANK1   BANK2   BANK3   BANK4   BANK5   BANK6
  1800 ;;      Params:         0       0       0       0       0       0       0       0
  1801 ;;      Locals:         0       0       0       0       0       0       0       0
  1802 ;;      Temps:          0       0       0       0       0       0       0       0
  1803 ;;      Totals:         0       0       0       0       0       0       0       0
  1804 ;;Total ram usage:        0 bytes
  1805 ;; Hardware stack levels used: 1
  1806 ;; This function calls:
  1807 ;;		Nothing
  1808 ;; This function is called by:
  1809 ;;		_SYSTEM_Initialize
  1810 ;; This function uses a non-reentrant model
  1811 ;;
  1812                           
  1813     0592                     _PIN_MANAGER_Initialize:	
  1814                           ;psect for function _PIN_MANAGER_Initialize
  1815                           
  1816     0592                     l1579:	
  1817                           ;incstack = 0
  1818                           ; Regs used in _PIN_MANAGER_Initialize: [wreg+status,2]
  1819                           
  1820                           
  1821                           ;D:\work_pic\LCD_I2C.X\mcc_generated_files\pin_manager.c: 60:     LATE = 0x00;
  1822     0592  0022               	movlb	2	; select bank2
  1823     0593  0190               	clrf	16	;volatile
  1824                           
  1825                           ;D:\work_pic\LCD_I2C.X\mcc_generated_files\pin_manager.c: 61:     LATA = 0x00;
  1826     0594  018C               	clrf	12	;volatile
  1827                           
  1828                           ;D:\work_pic\LCD_I2C.X\mcc_generated_files\pin_manager.c: 62:     LATB = 0x00;
  1829     0595  018D               	clrf	13	;volatile
  1830                           
  1831                           ;D:\work_pic\LCD_I2C.X\mcc_generated_files\pin_manager.c: 63:     LATC = 0x00;
  1832     0596  018E               	clrf	14	;volatile
  1833     0597                     l1581:
  1834                           
  1835                           ;D:\work_pic\LCD_I2C.X\mcc_generated_files\pin_manager.c: 68:     TRISE = 0x08;
  1836     0597  3008               	movlw	8
  1837     0598  0021               	movlb	1	; select bank1
  1838     0599  0090               	movwf	16	;volatile
  1839     059A                     l1583:
  1840                           
  1841                           ;D:\work_pic\LCD_I2C.X\mcc_generated_files\pin_manager.c: 69:     TRISA = 0xFF;
  1842     059A  30FF               	movlw	255
  1843     059B  008C               	movwf	12	;volatile
  1844     059C                     l1585:
  1845                           
  1846                           ;D:\work_pic\LCD_I2C.X\mcc_generated_files\pin_manager.c: 70:     TRISB = 0xFF;
  1847     059C  30FF               	movlw	255
  1848     059D  008D               	movwf	13	;volatile
  1849     059E                     l1587:
  1850                           
  1851                           ;D:\work_pic\LCD_I2C.X\mcc_generated_files\pin_manager.c: 71:     TRISC = 0xFF;
  1852     059E  30FF               	movlw	255
  1853     059F  008E               	movwf	14	;volatile
  1854     05A0                     l1589:
  1855                           
  1856                           ;D:\work_pic\LCD_I2C.X\mcc_generated_files\pin_manager.c: 76:     ANSELB = 0x3F;
  1857     05A0  303F               	movlw	63
  1858     05A1  0023               	movlb	3	; select bank3
  1859     05A2  008D               	movwf	13	;volatile
  1860     05A3                     l1591:
  1861                           
  1862                           ;D:\work_pic\LCD_I2C.X\mcc_generated_files\pin_manager.c: 77:     ANSELA = 0x3F;
  1863     05A3  303F               	movlw	63
  1864     05A4  008C               	movwf	12	;volatile
  1865                           
  1866                           ;D:\work_pic\LCD_I2C.X\mcc_generated_files\pin_manager.c: 82:     WPUE = 0x00;
  1867     05A5  0024               	movlb	4	; select bank4
  1868     05A6  0190               	clrf	16	;volatile
  1869                           
  1870                           ;D:\work_pic\LCD_I2C.X\mcc_generated_files\pin_manager.c: 83:     WPUB = 0x00;
  1871     05A7  018D               	clrf	13	;volatile
  1872     05A8                     l1593:
  1873                           
  1874                           ;D:\work_pic\LCD_I2C.X\mcc_generated_files\pin_manager.c: 84:     OPTION_REGbits.nWPUEN 
      +                          = 1;
  1875     05A8  0021               	movlb	1	; select bank1
  1876     05A9  1795               	bsf	21,7	;volatile
  1877                           
  1878                           ;D:\work_pic\LCD_I2C.X\mcc_generated_files\pin_manager.c: 90:     APFCON = 0x00;
  1879     05AA  0022               	movlb	2	; select bank2
  1880     05AB  019D               	clrf	29	;volatile
  1881     05AC                     l538:
  1882     05AC  0008               	return
  1883     05AD                     __end_of_PIN_MANAGER_Initialize:
  1884                           
  1885                           	psect	text4
  1886     0433                     __ptext4:	
  1887 ;; *************** function _OSCILLATOR_Initialize *****************
  1888 ;; Defined at:
  1889 ;;		line 59 in file "D:\work_pic\LCD_I2C.X\mcc_generated_files\mcc.c"
  1890 ;; Parameters:    Size  Location     Type
  1891 ;;		None
  1892 ;; Auto vars:     Size  Location     Type
  1893 ;;		None
  1894 ;; Return value:  Size  Location     Type
  1895 ;;                  1    wreg      void 
  1896 ;; Registers used:
  1897 ;;		wreg, status,2
  1898 ;; Tracked objects:
  1899 ;;		On entry : 0/0
  1900 ;;		On exit  : 0/0
  1901 ;;		Unchanged: 0/0
  1902 ;; Data sizes:     COMMON   BANK0   BANK1   BANK2   BANK3   BANK4   BANK5   BANK6
  1903 ;;      Params:         0       0       0       0       0       0       0       0
  1904 ;;      Locals:         0       0       0       0       0       0       0       0
  1905 ;;      Temps:          0       0       0       0       0       0       0       0
  1906 ;;      Totals:         0       0       0       0       0       0       0       0
  1907 ;;Total ram usage:        0 bytes
  1908 ;; Hardware stack levels used: 1
  1909 ;; This function calls:
  1910 ;;		Nothing
  1911 ;; This function is called by:
  1912 ;;		_SYSTEM_Initialize
  1913 ;; This function uses a non-reentrant model
  1914 ;;
  1915                           
  1916     0433                     _OSCILLATOR_Initialize:	
  1917                           ;psect for function _OSCILLATOR_Initialize
  1918                           
  1919     0433                     l1595:	
  1920                           ;incstack = 0
  1921                           ; Regs used in _OSCILLATOR_Initialize: [wreg+status,2]
  1922                           
  1923                           
  1924                           ;D:\work_pic\LCD_I2C.X\mcc_generated_files\mcc.c: 62:     OSCCON = 0x78;
  1925     0433  3078               	movlw	120
  1926     0434  0021               	movlb	1	; select bank1
  1927     0435  0099               	movwf	25	;volatile
  1928     0436                     l1597:
  1929                           
  1930                           ;D:\work_pic\LCD_I2C.X\mcc_generated_files\mcc.c: 64:     OSCTUNE = 0x00;
  1931     0436  0198               	clrf	24	;volatile
  1932     0437                     l1599:
  1933                           
  1934                           ;D:\work_pic\LCD_I2C.X\mcc_generated_files\mcc.c: 66:     BORCON = 0x00;
  1935     0437  0022               	movlb	2	; select bank2
  1936     0438  0196               	clrf	22	;volatile
  1937     0439                     l504:
  1938     0439  0008               	return
  1939     043A                     __end_of_OSCILLATOR_Initialize:
  1940                           
  1941                           	psect	text5
  1942     044B                     __ptext5:	
  1943 ;; *************** function _I2C_Initialize *****************
  1944 ;; Defined at:
  1945 ;;		line 167 in file "D:\work_pic\LCD_I2C.X\mcc_generated_files\i2c_master.c"
  1946 ;; Parameters:    Size  Location     Type
  1947 ;;		None
  1948 ;; Auto vars:     Size  Location     Type
  1949 ;;		None
  1950 ;; Return value:  Size  Location     Type
  1951 ;;                  1    wreg      void 
  1952 ;; Registers used:
  1953 ;;		wreg, status,2
  1954 ;; Tracked objects:
  1955 ;;		On entry : 0/0
  1956 ;;		On exit  : 0/0
  1957 ;;		Unchanged: 0/0
  1958 ;; Data sizes:     COMMON   BANK0   BANK1   BANK2   BANK3   BANK4   BANK5   BANK6
  1959 ;;      Params:         0       0       0       0       0       0       0       0
  1960 ;;      Locals:         0       0       0       0       0       0       0       0
  1961 ;;      Temps:          0       0       0       0       0       0       0       0
  1962 ;;      Totals:         0       0       0       0       0       0       0       0
  1963 ;;Total ram usage:        0 bytes
  1964 ;; Hardware stack levels used: 1
  1965 ;; This function calls:
  1966 ;;		Nothing
  1967 ;; This function is called by:
  1968 ;;		_SYSTEM_Initialize
  1969 ;; This function uses a non-reentrant model
  1970 ;;
  1971                           
  1972     044B                     _I2C_Initialize:	
  1973                           ;psect for function _I2C_Initialize
  1974                           
  1975     044B                     l1571:	
  1976                           ;incstack = 0
  1977                           ; Regs used in _I2C_Initialize: [wreg+status,2]
  1978                           
  1979                           
  1980                           ;D:\work_pic\LCD_I2C.X\mcc_generated_files\i2c_master.c: 169:     SSPSTAT = 0x00;
  1981     044B  0024               	movlb	4	; select bank4
  1982     044C  0194               	clrf	20	;volatile
  1983     044D                     l1573:
  1984                           
  1985                           ;D:\work_pic\LCD_I2C.X\mcc_generated_files\i2c_master.c: 170:     SSPCON1 = 0x08;
  1986     044D  3008               	movlw	8
  1987     044E  0095               	movwf	21	;volatile
  1988     044F                     l1575:
  1989                           
  1990                           ;D:\work_pic\LCD_I2C.X\mcc_generated_files\i2c_master.c: 171:     SSPCON2 = 0x00;
  1991     044F  0196               	clrf	22	;volatile
  1992                           
  1993                           ;D:\work_pic\LCD_I2C.X\mcc_generated_files\i2c_master.c: 172:     SSPADD = 0x27;
  1994     0450  3027               	movlw	39
  1995     0451  0092               	movwf	18	;volatile
  1996     0452                     l1577:
  1997                           
  1998                           ;D:\work_pic\LCD_I2C.X\mcc_generated_files\i2c_master.c: 173:     SSPCON1bits.SSPEN = 0;
  1999     0452  1295               	bcf	21,5	;volatile
  2000     0453                     l252:
  2001     0453  0008               	return
  2002     0454                     __end_of_I2C_Initialize:
  2003                           
  2004                           	psect	text6
  2005     0506                     __ptext6:	
  2006 ;; *************** function _LCD_SetCursor *****************
  2007 ;; Defined at:
  2008 ;;		line 102 in file "D:\work_pic\LCD_I2C.X\main.c"
  2009 ;; Parameters:    Size  Location     Type
  2010 ;;  col             1    wreg     unsigned char 
  2011 ;;  row             1   12[BANK0 ] unsigned char 
  2012 ;; Auto vars:     Size  Location     Type
  2013 ;;  col             1   17[BANK0 ] unsigned char 
  2014 ;;  row_offsets     4   13[BANK0 ] unsigned char [4]
  2015 ;; Return value:  Size  Location     Type
  2016 ;;                  1    wreg      void 
  2017 ;; Registers used:
  2018 ;;		wreg, fsr0l, fsr0h, fsr1l, fsr1h, status,2, status,0, pclath, cstack
  2019 ;; Tracked objects:
  2020 ;;		On entry : 0/0
  2021 ;;		On exit  : 0/0
  2022 ;;		Unchanged: 0/0
  2023 ;; Data sizes:     COMMON   BANK0   BANK1   BANK2   BANK3   BANK4   BANK5   BANK6
  2024 ;;      Params:         0       1       0       0       0       0       0       0
  2025 ;;      Locals:         0       5       0       0       0       0       0       0
  2026 ;;      Temps:          0       0       0       0       0       0       0       0
  2027 ;;      Totals:         0       6       0       0       0       0       0       0
  2028 ;;Total ram usage:        6 bytes
  2029 ;; Hardware stack levels used: 1
  2030 ;; Hardware stack levels required when called: 12
  2031 ;; This function calls:
  2032 ;;		_LCD_Command
  2033 ;; This function is called by:
  2034 ;;		_main
  2035 ;; This function uses a non-reentrant model
  2036 ;;
  2037                           
  2038     0506                     _LCD_SetCursor:	
  2039                           ;psect for function _LCD_SetCursor
  2040                           
  2041                           
  2042                           ;incstack = 0
  2043                           ; Regs used in _LCD_SetCursor: [wreg-fsr1h+status,2+status,0+pclath+cstack]
  2044                           ;LCD_SetCursor@col stored from wreg
  2045     0506  0020               	movlb	0	; select bank0
  2046     0507  00CE               	movwf	LCD_SetCursor@col
  2047     0508                     l2327:
  2048                           
  2049                           ;D:\work_pic\LCD_I2C.X\main.c: 103:     uint8_t row_offsets[] = {0x00, 0x40, 0x14, 0x54}
      +                          ;
  2050     0508  0852               	movf	LCD_SetCursor@F3231+3,w
  2051     0509  00CD               	movwf	LCD_SetCursor@row_offsets+3
  2052     050A  0851               	movf	LCD_SetCursor@F3231+2,w
  2053     050B  00CC               	movwf	LCD_SetCursor@row_offsets+2
  2054     050C  0850               	movf	LCD_SetCursor@F3231+1,w
  2055     050D  00CB               	movwf	LCD_SetCursor@row_offsets+1
  2056     050E  084F               	movf	LCD_SetCursor@F3231,w
  2057     050F  00CA               	movwf	LCD_SetCursor@row_offsets
  2058     0510                     l2329:
  2059                           
  2060                           ;D:\work_pic\LCD_I2C.X\main.c: 104:     LCD_Command(0x80 | (col + row_offsets[row]));
  2061     0510  0849               	movf	LCD_SetCursor@row,w
  2062     0511  3E4A               	addlw	(low (LCD_SetCursor@row_offsets| 0))& (0+255)
  2063     0512  0086               	movwf	6
  2064     0513  0187               	clrf	7
  2065     0514  0801               	movf	1,w
  2066     0515  074E               	addwf	LCD_SetCursor@col,w
  2067     0516  3880               	iorlw	128
  2068     0517  3184  24E3  3185   	fcall	_LCD_Command
  2069     051A                     l29:
  2070     051A  0008               	return
  2071     051B                     __end_of_LCD_SetCursor:
  2072                           
  2073                           	psect	text7
  2074     0579                     __ptext7:	
  2075 ;; *************** function _LCD_Print *****************
  2076 ;; Defined at:
  2077 ;;		line 107 in file "D:\work_pic\LCD_I2C.X\main.c"
  2078 ;; Parameters:    Size  Location     Type
  2079 ;;  str             2   12[BANK0 ] PTR const unsigned char 
  2080 ;;		 -> STR_1(13), 
  2081 ;; Auto vars:     Size  Location     Type
  2082 ;;		None
  2083 ;; Return value:  Size  Location     Type
  2084 ;;                  1    wreg      void 
  2085 ;; Registers used:
  2086 ;;		wreg, fsr0l, fsr0h, fsr1l, fsr1h, status,2, status,0, pclath, cstack
  2087 ;; Tracked objects:
  2088 ;;		On entry : 0/0
  2089 ;;		On exit  : 0/0
  2090 ;;		Unchanged: 0/0
  2091 ;; Data sizes:     COMMON   BANK0   BANK1   BANK2   BANK3   BANK4   BANK5   BANK6
  2092 ;;      Params:         0       2       0       0       0       0       0       0
  2093 ;;      Locals:         0       0       0       0       0       0       0       0
  2094 ;;      Temps:          0       1       0       0       0       0       0       0
  2095 ;;      Totals:         0       3       0       0       0       0       0       0
  2096 ;;Total ram usage:        3 bytes
  2097 ;; Hardware stack levels used: 1
  2098 ;; Hardware stack levels required when called: 12
  2099 ;; This function calls:
  2100 ;;		_LCD_Data
  2101 ;; This function is called by:
  2102 ;;		_main
  2103 ;; This function uses a non-reentrant model
  2104 ;;
  2105                           
  2106     0579                     _LCD_Print:	
  2107                           ;psect for function _LCD_Print
  2108                           
  2109     0579                     l2331:	
  2110                           ;incstack = 0
  2111                           ; Regs used in _LCD_Print: [wreg-fsr1h+status,2+status,0+pclath+cstack]
  2112                           
  2113                           
  2114                           ;D:\work_pic\LCD_I2C.X\main.c: 108:     while(*str) {
  2115     0579  2D87               	goto	l2337
  2116     057A                     l2333:
  2117                           
  2118                           ;D:\work_pic\LCD_I2C.X\main.c: 109:         LCD_Data(*str++);
  2119     057A  0849               	movf	LCD_Print@str,w
  2120     057B  0084               	movwf	4
  2121     057C  084A               	movf	LCD_Print@str+1,w
  2122     057D  0085               	movwf	5
  2123     057E  0800               	movf	0,w	;code access
  2124     057F  3184  24F4  3185   	fcall	_LCD_Data
  2125     0582                     l2335:
  2126     0582  3001               	movlw	1
  2127     0583  0020               	movlb	0	; select bank0
  2128     0584  07C9               	addwf	LCD_Print@str,f
  2129     0585  3000               	movlw	0
  2130     0586  3DCA               	addwfc	LCD_Print@str+1,f
  2131     0587                     l2337:
  2132                           
  2133                           ;D:\work_pic\LCD_I2C.X\main.c: 108:     while(*str) {
  2134     0587  0020               	movlb	0	; select bank0
  2135     0588  0849               	movf	LCD_Print@str,w
  2136     0589  0084               	movwf	4
  2137     058A  084A               	movf	LCD_Print@str+1,w
  2138     058B  0085               	movwf	5
  2139     058C  0012               	moviw fsr0++
  2140     058D  1D03               	btfss	3,2
  2141     058E  2D90               	goto	u551
  2142     058F  2D91               	goto	u550
  2143     0590                     u551:
  2144     0590  2D7A               	goto	l2333
  2145     0591                     u550:
  2146     0591                     l35:
  2147     0591  0008               	return
  2148     0592                     __end_of_LCD_Print:
  2149                           
  2150                           	psect	text8
  2151     04F4                     __ptext8:	
  2152 ;; *************** function _LCD_Data *****************
  2153 ;; Defined at:
  2154 ;;		line 81 in file "D:\work_pic\LCD_I2C.X\main.c"
  2155 ;; Parameters:    Size  Location     Type
  2156 ;;  data            1    wreg     unsigned char 
  2157 ;; Auto vars:     Size  Location     Type
  2158 ;;  data            1   11[BANK0 ] unsigned char 
  2159 ;; Return value:  Size  Location     Type
  2160 ;;                  1    wreg      void 
  2161 ;; Registers used:
  2162 ;;		wreg, fsr0l, fsr0h, fsr1l, fsr1h, status,2, status,0, pclath, cstack
  2163 ;; Tracked objects:
  2164 ;;		On entry : 0/0
  2165 ;;		On exit  : 0/0
  2166 ;;		Unchanged: 0/0
  2167 ;; Data sizes:     COMMON   BANK0   BANK1   BANK2   BANK3   BANK4   BANK5   BANK6
  2168 ;;      Params:         0       0       0       0       0       0       0       0
  2169 ;;      Locals:         0       1       0       0       0       0       0       0
  2170 ;;      Temps:          0       1       0       0       0       0       0       0
  2171 ;;      Totals:         0       2       0       0       0       0       0       0
  2172 ;;Total ram usage:        2 bytes
  2173 ;; Hardware stack levels used: 1
  2174 ;; Hardware stack levels required when called: 11
  2175 ;; This function calls:
  2176 ;;		_PCF8574_LCD_SendByte
  2177 ;; This function is called by:
  2178 ;;		_LCD_Print
  2179 ;; This function uses a non-reentrant model
  2180 ;;
  2181                           
  2182     04F4                     _LCD_Data:	
  2183                           ;psect for function _LCD_Data
  2184                           
  2185                           
  2186                           ;incstack = 0
  2187                           ; Regs used in _LCD_Data: [wreg-fsr1h+status,2+status,0+pclath+cstack]
  2188                           ;LCD_Data@data stored from wreg
  2189     04F4  0020               	movlb	0	; select bank0
  2190     04F5  00C8               	movwf	LCD_Data@data
  2191     04F6                     l2293:
  2192                           
  2193                           ;D:\work_pic\LCD_I2C.X\main.c: 82:     PCF8574_LCD_SendByte(data, 1);
  2194     04F6  01C4               	clrf	PCF8574_LCD_SendByte@rs
  2195     04F7  0AC4               	incf	PCF8574_LCD_SendByte@rs,f
  2196     04F8  0848               	movf	LCD_Data@data,w
  2197     04F9  3185  251B  3184   	fcall	_PCF8574_LCD_SendByte
  2198     04FC                     l2295:
  2199                           
  2200                           ;D:\work_pic\LCD_I2C.X\main.c: 83:     _delay((unsigned long)((2)*(16000000/4000.0)));
  2201     04FC  300B               	movlw	11
  2202     04FD  0020               	movlb	0	; select bank0
  2203     04FE  00C7               	movwf	??_LCD_Data
  2204     04FF  3062               	movlw	98
  2205     0500                     u697:
  2206     0500  0B89               	decfsz	9,f
  2207     0501  2D00               	goto	u697
  2208     0502  0BC7               	decfsz	??_LCD_Data,f
  2209     0503  2D00               	goto	u697
  2210     0504  0000               	nop
  2211     0505                     l19:
  2212     0505  0008               	return
  2213     0506                     __end_of_LCD_Data:
  2214                           
  2215                           	psect	text9
  2216     0742                     __ptext9:	
  2217 ;; *************** function _LCD_Init *****************
  2218 ;; Defined at:
  2219 ;;		line 86 in file "D:\work_pic\LCD_I2C.X\main.c"
  2220 ;; Parameters:    Size  Location     Type
  2221 ;;		None
  2222 ;; Auto vars:     Size  Location     Type
  2223 ;;  i               1   14[BANK0 ] unsigned char 
  2224 ;; Return value:  Size  Location     Type
  2225 ;;                  1    wreg      void 
  2226 ;; Registers used:
  2227 ;;		wreg, fsr0l, fsr0h, fsr1l, fsr1h, status,2, status,0, pclath, cstack
  2228 ;; Tracked objects:
  2229 ;;		On entry : 0/0
  2230 ;;		On exit  : 0/0
  2231 ;;		Unchanged: 0/0
  2232 ;; Data sizes:     COMMON   BANK0   BANK1   BANK2   BANK3   BANK4   BANK5   BANK6
  2233 ;;      Params:         0       0       0       0       0       0       0       0
  2234 ;;      Locals:         0       1       0       0       0       0       0       0
  2235 ;;      Temps:          0       2       0       0       0       0       0       0
  2236 ;;      Totals:         0       3       0       0       0       0       0       0
  2237 ;;Total ram usage:        3 bytes
  2238 ;; Hardware stack levels used: 1
  2239 ;; Hardware stack levels required when called: 12
  2240 ;; This function calls:
  2241 ;;		_LCD_Command
  2242 ;;		_PCF8574_LCD_SendNibble
  2243 ;; This function is called by:
  2244 ;;		_main
  2245 ;; This function uses a non-reentrant model
  2246 ;;
  2247                           
  2248     0742                     _LCD_Init:	
  2249                           ;psect for function _LCD_Init
  2250                           
  2251     0742                     l2297:	
  2252                           ;incstack = 0
  2253                           ; Regs used in _LCD_Init: [wreg-fsr1h+status,2+status,0+pclath+cstack]
  2254                           
  2255                           
  2256                           ;D:\work_pic\LCD_I2C.X\main.c: 87:     _delay((unsigned long)((50)*(16000000/4000.0)));
  2257     0742  3002               	movlw	2
  2258     0743  0020               	movlb	0	; select bank0
  2259     0744  00CA               	movwf	??_LCD_Init+1
  2260     0745  3004               	movlw	4
  2261     0746  00C9               	movwf	??_LCD_Init
  2262     0747  30BA               	movlw	186
  2263     0748                     u707:
  2264     0748  0B89               	decfsz	9,f
  2265     0749  2F48               	goto	u707
  2266     074A  0BC9               	decfsz	??_LCD_Init,f
  2267     074B  2F48               	goto	u707
  2268     074C  0BCA               	decfsz	??_LCD_Init+1,f
  2269     074D  2F48               	goto	u707
  2270     074E  0000               	nop
  2271     074F                     l2299:
  2272                           
  2273                           ;D:\work_pic\LCD_I2C.X\main.c: 88:     for (uint8_t i = 0; i < 3; i++) {
  2274     074F  0020               	movlb	0	; select bank0
  2275     0750  01CB               	clrf	LCD_Init@i
  2276     0751                     l2305:
  2277                           
  2278                           ;D:\work_pic\LCD_I2C.X\main.c: 89:         PCF8574_LCD_SendNibble(0x03, 0);
  2279     0751  01C0               	clrf	PCF8574_LCD_SendNibble@rs
  2280     0752  3003               	movlw	3
  2281     0753  3186  266A  3187   	fcall	_PCF8574_LCD_SendNibble
  2282     0756                     l2307:
  2283                           
  2284                           ;D:\work_pic\LCD_I2C.X\main.c: 90:         _delay((unsigned long)((5)*(16000000/4000.0))
      +                          );
  2285     0756  301A               	movlw	26
  2286     0757  0020               	movlb	0	; select bank0
  2287     0758  00C9               	movwf	??_LCD_Init
  2288     0759  30F8               	movlw	248
  2289     075A                     u717:
  2290     075A  0B89               	decfsz	9,f
  2291     075B  2F5A               	goto	u717
  2292     075C  0BC9               	decfsz	??_LCD_Init,f
  2293     075D  2F5A               	goto	u717
  2294     075E  0000               	nop
  2295     075F                     l2309:
  2296                           
  2297                           ;D:\work_pic\LCD_I2C.X\main.c: 91:     }
  2298     075F  3001               	movlw	1
  2299     0760  0020               	movlb	0	; select bank0
  2300     0761  00C9               	movwf	??_LCD_Init
  2301     0762  0849               	movf	??_LCD_Init,w
  2302     0763  07CB               	addwf	LCD_Init@i,f
  2303     0764                     l2311:
  2304     0764  3003               	movlw	3
  2305     0765  024B               	subwf	LCD_Init@i,w
  2306     0766  1C03               	skipc
  2307     0767  2F69               	goto	u541
  2308     0768  2F6A               	goto	u540
  2309     0769                     u541:
  2310     0769  2F51               	goto	l2305
  2311     076A                     u540:
  2312     076A                     l2313:
  2313                           
  2314                           ;D:\work_pic\LCD_I2C.X\main.c: 92:     PCF8574_LCD_SendNibble(0x02, 0);
  2315     076A  01C0               	clrf	PCF8574_LCD_SendNibble@rs
  2316     076B  3002               	movlw	2
  2317     076C  3186  266A  3187   	fcall	_PCF8574_LCD_SendNibble
  2318     076F                     l2315:
  2319                           
  2320                           ;D:\work_pic\LCD_I2C.X\main.c: 93:     _delay((unsigned long)((1)*(16000000/4000.0)));
  2321     076F  3006               	movlw	6
  2322     0770  0020               	movlb	0	; select bank0
  2323     0771  00C9               	movwf	??_LCD_Init
  2324     0772  3030               	movlw	48
  2325     0773                     u727:
  2326     0773  0B89               	decfsz	9,f
  2327     0774  2F73               	goto	u727
  2328     0775  0BC9               	decfsz	??_LCD_Init,f
  2329     0776  2F73               	goto	u727
  2330     0777  0000               	nop
  2331     0778                     l2317:
  2332                           
  2333                           ;D:\work_pic\LCD_I2C.X\main.c: 95:     LCD_Command(0x28);
  2334     0778  3028               	movlw	40
  2335     0779  3184  24E3  3187   	fcall	_LCD_Command
  2336     077C                     l2319:
  2337                           
  2338                           ;D:\work_pic\LCD_I2C.X\main.c: 96:     LCD_Command(0x0C);
  2339     077C  300C               	movlw	12
  2340     077D  3184  24E3  3187   	fcall	_LCD_Command
  2341     0780                     l2321:
  2342                           
  2343                           ;D:\work_pic\LCD_I2C.X\main.c: 97:     LCD_Command(0x06);
  2344     0780  3006               	movlw	6
  2345     0781  3184  24E3  3187   	fcall	_LCD_Command
  2346     0784                     l2323:
  2347                           
  2348                           ;D:\work_pic\LCD_I2C.X\main.c: 98:     LCD_Command(0x01);
  2349     0784  3001               	movlw	1
  2350     0785  3184  24E3  3187   	fcall	_LCD_Command
  2351     0788                     l2325:
  2352                           
  2353                           ;D:\work_pic\LCD_I2C.X\main.c: 99:     _delay((unsigned long)((2)*(16000000/4000.0)));
  2354     0788  300B               	movlw	11
  2355     0789  0020               	movlb	0	; select bank0
  2356     078A  00C9               	movwf	??_LCD_Init
  2357     078B  3062               	movlw	98
  2358     078C                     u737:
  2359     078C  0B89               	decfsz	9,f
  2360     078D  2F8C               	goto	u737
  2361     078E  0BC9               	decfsz	??_LCD_Init,f
  2362     078F  2F8C               	goto	u737
  2363     0790  0000               	nop
  2364     0791                     l24:
  2365     0791  0008               	return
  2366     0792                     __end_of_LCD_Init:
  2367                           
  2368                           	psect	text10
  2369     04E3                     __ptext10:	
  2370 ;; *************** function _LCD_Command *****************
  2371 ;; Defined at:
  2372 ;;		line 76 in file "D:\work_pic\LCD_I2C.X\main.c"
  2373 ;; Parameters:    Size  Location     Type
  2374 ;;  cmd             1    wreg     unsigned char 
  2375 ;; Auto vars:     Size  Location     Type
  2376 ;;  cmd             1   11[BANK0 ] unsigned char 
  2377 ;; Return value:  Size  Location     Type
  2378 ;;                  1    wreg      void 
  2379 ;; Registers used:
  2380 ;;		wreg, fsr0l, fsr0h, fsr1l, fsr1h, status,2, status,0, pclath, cstack
  2381 ;; Tracked objects:
  2382 ;;		On entry : 0/0
  2383 ;;		On exit  : 0/0
  2384 ;;		Unchanged: 0/0
  2385 ;; Data sizes:     COMMON   BANK0   BANK1   BANK2   BANK3   BANK4   BANK5   BANK6
  2386 ;;      Params:         0       0       0       0       0       0       0       0
  2387 ;;      Locals:         0       1       0       0       0       0       0       0
  2388 ;;      Temps:          0       1       0       0       0       0       0       0
  2389 ;;      Totals:         0       2       0       0       0       0       0       0
  2390 ;;Total ram usage:        2 bytes
  2391 ;; Hardware stack levels used: 1
  2392 ;; Hardware stack levels required when called: 11
  2393 ;; This function calls:
  2394 ;;		_PCF8574_LCD_SendByte
  2395 ;; This function is called by:
  2396 ;;		_LCD_Init
  2397 ;;		_LCD_SetCursor
  2398 ;; This function uses a non-reentrant model
  2399 ;;
  2400                           
  2401     04E3                     _LCD_Command:	
  2402                           ;psect for function _LCD_Command
  2403                           
  2404                           
  2405                           ;incstack = 0
  2406                           ; Regs used in _LCD_Command: [wreg-fsr1h+status,2+status,0+pclath+cstack]
  2407                           ;LCD_Command@cmd stored from wreg
  2408     04E3  0020               	movlb	0	; select bank0
  2409     04E4  00C8               	movwf	LCD_Command@cmd
  2410     04E5                     l2289:
  2411                           
  2412                           ;D:\work_pic\LCD_I2C.X\main.c: 77:     PCF8574_LCD_SendByte(cmd, 0);
  2413     04E5  01C4               	clrf	PCF8574_LCD_SendByte@rs
  2414     04E6  0848               	movf	LCD_Command@cmd,w
  2415     04E7  3185  251B  3184   	fcall	_PCF8574_LCD_SendByte
  2416     04EA                     l2291:
  2417                           
  2418                           ;D:\work_pic\LCD_I2C.X\main.c: 78:     _delay((unsigned long)((2)*(16000000/4000.0)));
  2419     04EA  300B               	movlw	11
  2420     04EB  0020               	movlb	0	; select bank0
  2421     04EC  00C7               	movwf	??_LCD_Command
  2422     04ED  3062               	movlw	98
  2423     04EE                     u747:
  2424     04EE  0B89               	decfsz	9,f
  2425     04EF  2CEE               	goto	u747
  2426     04F0  0BC7               	decfsz	??_LCD_Command,f
  2427     04F1  2CEE               	goto	u747
  2428     04F2  0000               	nop
  2429     04F3                     l16:
  2430     04F3  0008               	return
  2431     04F4                     __end_of_LCD_Command:
  2432                           
  2433                           	psect	text11
  2434     051B                     __ptext11:	
  2435 ;; *************** function _PCF8574_LCD_SendByte *****************
  2436 ;; Defined at:
  2437 ;;		line 71 in file "D:\work_pic\LCD_I2C.X\main.c"
  2438 ;; Parameters:    Size  Location     Type
  2439 ;;  val             1    wreg     unsigned char 
  2440 ;;  rs              1    7[BANK0 ] unsigned char 
  2441 ;; Auto vars:     Size  Location     Type
  2442 ;;  val             1    9[BANK0 ] unsigned char 
  2443 ;; Return value:  Size  Location     Type
  2444 ;;                  1    wreg      void 
  2445 ;; Registers used:
  2446 ;;		wreg, fsr0l, fsr0h, fsr1l, fsr1h, status,2, status,0, pclath, cstack
  2447 ;; Tracked objects:
  2448 ;;		On entry : 0/0
  2449 ;;		On exit  : 0/0
  2450 ;;		Unchanged: 0/0
  2451 ;; Data sizes:     COMMON   BANK0   BANK1   BANK2   BANK3   BANK4   BANK5   BANK6
  2452 ;;      Params:         0       1       0       0       0       0       0       0
  2453 ;;      Locals:         0       1       0       0       0       0       0       0
  2454 ;;      Temps:          0       1       0       0       0       0       0       0
  2455 ;;      Totals:         0       3       0       0       0       0       0       0
  2456 ;;Total ram usage:        3 bytes
  2457 ;; Hardware stack levels used: 1
  2458 ;; Hardware stack levels required when called: 10
  2459 ;; This function calls:
  2460 ;;		_PCF8574_LCD_SendNibble
  2461 ;; This function is called by:
  2462 ;;		_LCD_Command
  2463 ;;		_LCD_Data
  2464 ;; This function uses a non-reentrant model
  2465 ;;
  2466                           
  2467     051B                     _PCF8574_LCD_SendByte:	
  2468                           ;psect for function _PCF8574_LCD_SendByte
  2469                           
  2470                           
  2471                           ;incstack = 0
  2472                           ; Regs used in _PCF8574_LCD_SendByte: [wreg-fsr1h+status,2+status,0+pclath+cstack]
  2473                           ;PCF8574_LCD_SendByte@val stored from wreg
  2474     051B  0020               	movlb	0	; select bank0
  2475     051C  00C6               	movwf	PCF8574_LCD_SendByte@val
  2476     051D                     l2287:
  2477                           
  2478                           ;D:\work_pic\LCD_I2C.X\main.c: 72:     PCF8574_LCD_SendNibble(val >> 4, rs);
  2479     051D  0844               	movf	PCF8574_LCD_SendByte@rs,w
  2480     051E  00C0               	movwf	PCF8574_LCD_SendNibble@rs
  2481     051F  0846               	movf	PCF8574_LCD_SendByte@val,w
  2482     0520  00C5               	movwf	??_PCF8574_LCD_SendByte
  2483     0521  3004               	movlw	4
  2484     0522                     u535:
  2485     0522  36C5               	lsrf	??_PCF8574_LCD_SendByte,f
  2486     0523  0B89               	decfsz	9,f
  2487     0524  2D22               	goto	u535
  2488     0525  0845               	movf	??_PCF8574_LCD_SendByte,w
  2489     0526  3186  266A  3185   	fcall	_PCF8574_LCD_SendNibble
  2490                           
  2491                           ;D:\work_pic\LCD_I2C.X\main.c: 73:     PCF8574_LCD_SendNibble(val & 0x0F, rs);
  2492     0529  0020               	movlb	0	; select bank0
  2493     052A  0844               	movf	PCF8574_LCD_SendByte@rs,w
  2494     052B  00C0               	movwf	PCF8574_LCD_SendNibble@rs
  2495     052C  0846               	movf	PCF8574_LCD_SendByte@val,w
  2496     052D  390F               	andlw	15
  2497     052E  3186  266A  3185   	fcall	_PCF8574_LCD_SendNibble
  2498     0531                     l13:
  2499     0531  0008               	return
  2500     0532                     __end_of_PCF8574_LCD_SendByte:
  2501                           
  2502                           	psect	text12
  2503     066A                     __ptext12:	
  2504 ;; *************** function _PCF8574_LCD_SendNibble *****************
  2505 ;; Defined at:
  2506 ;;		line 61 in file "D:\work_pic\LCD_I2C.X\main.c"
  2507 ;; Parameters:    Size  Location     Type
  2508 ;;  nibble          1    wreg     unsigned char 
  2509 ;;  rs              1    3[BANK0 ] unsigned char 
  2510 ;; Auto vars:     Size  Location     Type
  2511 ;;  nibble          1    5[BANK0 ] unsigned char 
  2512 ;;  data            1    6[BANK0 ] unsigned char 
  2513 ;; Return value:  Size  Location     Type
  2514 ;;                  1    wreg      void 
  2515 ;; Registers used:
  2516 ;;		wreg, fsr0l, fsr0h, fsr1l, fsr1h, status,2, status,0, pclath, cstack
  2517 ;; Tracked objects:
  2518 ;;		On entry : 0/0
  2519 ;;		On exit  : 0/0
  2520 ;;		Unchanged: 0/0
  2521 ;; Data sizes:     COMMON   BANK0   BANK1   BANK2   BANK3   BANK4   BANK5   BANK6
  2522 ;;      Params:         0       1       0       0       0       0       0       0
  2523 ;;      Locals:         0       2       0       0       0       0       0       0
  2524 ;;      Temps:          0       1       0       0       0       0       0       0
  2525 ;;      Totals:         0       4       0       0       0       0       0       0
  2526 ;;Total ram usage:        4 bytes
  2527 ;; Hardware stack levels used: 1
  2528 ;; Hardware stack levels required when called: 9
  2529 ;; This function calls:
  2530 ;;		_I2C_Write1ByteRegister
  2531 ;; This function is called by:
  2532 ;;		_PCF8574_LCD_SendByte
  2533 ;;		_LCD_Init
  2534 ;; This function uses a non-reentrant model
  2535 ;;
  2536                           
  2537     066A                     _PCF8574_LCD_SendNibble:	
  2538                           ;psect for function _PCF8574_LCD_SendNibble
  2539                           
  2540                           
  2541                           ;incstack = 0
  2542                           ; Regs used in _PCF8574_LCD_SendNibble: [wreg-fsr1h+status,2+status,0+pclath+cstack]
  2543                           ;PCF8574_LCD_SendNibble@nibble stored from wreg
  2544     066A  0020               	movlb	0	; select bank0
  2545     066B  00C2               	movwf	PCF8574_LCD_SendNibble@nibble
  2546     066C                     l2277:
  2547                           
  2548                           ;D:\work_pic\LCD_I2C.X\main.c: 62:     uint8_t data = (nibble << 4) | 0x08;
  2549     066C  0842               	movf	PCF8574_LCD_SendNibble@nibble,w
  2550     066D  00C1               	movwf	??_PCF8574_LCD_SendNibble
  2551     066E  3003               	movlw	3
  2552     066F                     u515:
  2553     066F  35C1               	lslf	??_PCF8574_LCD_SendNibble,f
  2554     0670  3EFF               	addlw	-1
  2555     0671  1D03               	skipz
  2556     0672  2E6F               	goto	u515
  2557     0673  3541               	lslf	??_PCF8574_LCD_SendNibble,w
  2558     0674  3808               	iorlw	8
  2559     0675  00C3               	movwf	PCF8574_LCD_SendNibble@data
  2560                           
  2561                           ;D:\work_pic\LCD_I2C.X\main.c: 63:     if (rs) data |= 0x01;
  2562     0676  0840               	movf	PCF8574_LCD_SendNibble@rs,w
  2563     0677  1903               	btfsc	3,2
  2564     0678  2E7A               	goto	u521
  2565     0679  2E7B               	goto	u520
  2566     067A                     u521:
  2567     067A  2E7C               	goto	l2281
  2568     067B                     u520:
  2569     067B                     l2279:
  2570     067B  1443               	bsf	PCF8574_LCD_SendNibble@data,0
  2571     067C                     l2281:
  2572                           
  2573                           ;D:\work_pic\LCD_I2C.X\main.c: 65:     I2C_Write1ByteRegister(0x27, 0x00, data | 0x04);
  2574     067C  01BD               	clrf	I2C_Write1ByteRegister@reg
  2575     067D  0843               	movf	PCF8574_LCD_SendNibble@data,w
  2576     067E  3804               	iorlw	4
  2577     067F  00BE               	movwf	I2C_Write1ByteRegister@data
  2578     0680  3027               	movlw	39
  2579     0681  3186  2697  3186   	fcall	_I2C_Write1ByteRegister
  2580     0684                     l2283:
  2581                           
  2582                           ;D:\work_pic\LCD_I2C.X\main.c: 66:     _delay((unsigned long)((1)*(16000000/4000.0)));
  2583     0684  3006               	movlw	6
  2584     0685  0020               	movlb	0	; select bank0
  2585     0686  00C1               	movwf	??_PCF8574_LCD_SendNibble
  2586     0687  3030               	movlw	48
  2587     0688                     u757:
  2588     0688  0B89               	decfsz	9,f
  2589     0689  2E88               	goto	u757
  2590     068A  0BC1               	decfsz	??_PCF8574_LCD_SendNibble,f
  2591     068B  2E88               	goto	u757
  2592     068C  0000               	nop
  2593     068D                     l2285:
  2594                           
  2595                           ;D:\work_pic\LCD_I2C.X\main.c: 68:     I2C_Write1ByteRegister(0x27, 0x00, data & ~0x04);
  2596     068D  0020               	movlb	0	; select bank0
  2597     068E  01BD               	clrf	I2C_Write1ByteRegister@reg
  2598     068F  0843               	movf	PCF8574_LCD_SendNibble@data,w
  2599     0690  39FB               	andlw	251
  2600     0691  00BE               	movwf	I2C_Write1ByteRegister@data
  2601     0692  3027               	movlw	39
  2602     0693  3186  2697  3186   	fcall	_I2C_Write1ByteRegister
  2603     0696                     l10:
  2604     0696  0008               	return
  2605     0697                     __end_of_PCF8574_LCD_SendNibble:
  2606                           
  2607                           	psect	text13
  2608     0697                     __ptext13:	
  2609 ;; *************** function _I2C_Write1ByteRegister *****************
  2610 ;; Defined at:
  2611 ;;		line 91 in file "D:\work_pic\LCD_I2C.X\mcc_generated_files\examples\i2c_master_example.c"
  2612 ;; Parameters:    Size  Location     Type
  2613 ;;  address         1    wreg     unsigned char 
  2614 ;;  reg             1    0[BANK0 ] unsigned char 
  2615 ;;  data            1    1[BANK0 ] unsigned char 
  2616 ;; Auto vars:     Size  Location     Type
  2617 ;;  address         1    2[BANK0 ] unsigned char 
  2618 ;; Return value:  Size  Location     Type
  2619 ;;                  1    wreg      void 
  2620 ;; Registers used:
  2621 ;;		wreg, fsr0l, fsr0h, fsr1l, fsr1h, status,2, status,0, pclath, cstack
  2622 ;; Tracked objects:
  2623 ;;		On entry : 0/0
  2624 ;;		On exit  : 0/0
  2625 ;;		Unchanged: 0/0
  2626 ;; Data sizes:     COMMON   BANK0   BANK1   BANK2   BANK3   BANK4   BANK5   BANK6
  2627 ;;      Params:         0       2       0       0       0       0       0       0
  2628 ;;      Locals:         0       1       0       0       0       0       0       0
  2629 ;;      Temps:          0       0       0       0       0       0       0       0
  2630 ;;      Totals:         0       3       0       0       0       0       0       0
  2631 ;;Total ram usage:        3 bytes
  2632 ;; Hardware stack levels used: 1
  2633 ;; Hardware stack levels required when called: 8
  2634 ;; This function calls:
  2635 ;;		_I2C_Close
  2636 ;;		_I2C_MasterWrite
  2637 ;;		_I2C_Open
  2638 ;;		_I2C_SetAddressNackCallback
  2639 ;;		_I2C_SetBuffer
  2640 ;;		_I2C_SetDataCompleteCallback
  2641 ;; This function is called by:
  2642 ;;		_PCF8574_LCD_SendNibble
  2643 ;; This function uses a non-reentrant model
  2644 ;;
  2645                           
  2646     0697                     _I2C_Write1ByteRegister:	
  2647                           ;psect for function _I2C_Write1ByteRegister
  2648                           
  2649                           
  2650                           ;incstack = 0
  2651                           ; Regs used in _I2C_Write1ByteRegister: [wreg-fsr1h+status,2+status,0+pclath+cstack]
  2652                           ;I2C_Write1ByteRegister@address stored from wreg
  2653     0697  0020               	movlb	0	; select bank0
  2654     0698  00BF               	movwf	I2C_Write1ByteRegister@address
  2655     0699                     l2263:
  2656     0699                     l2265:	
  2657                           ;D:\work_pic\LCD_I2C.X\mcc_generated_files\examples\i2c_master_example.c: 91: void I2C_W
      +                          rite1ByteRegister(i2c_address_t address, uint8_t reg, uint8_t data);D:\work_pic\LCD_I2C.
      +                          X\mcc_generated_files\examples\i2c_master_example.c: 92: {;D:\work_pic\LCD_I2C.X\mcc_gen
      +                          erated_files\examples\i2c_master_example.c: 93:     while(!I2C_Open(address));
  2658                           
  2659     0699  0020               	movlb	0	; select bank0
  2660     069A  083F               	movf	I2C_Write1ByteRegister@address,w
  2661     069B  3186  26C9  3186   	fcall	_I2C_Open
  2662     069E  3A00               	xorlw	0
  2663     069F  1903               	skipnz
  2664     06A0  2EA2               	goto	u491
  2665     06A1  2EA3               	goto	u490
  2666     06A2                     u491:
  2667     06A2  2E99               	goto	l2265
  2668     06A3                     u490:
  2669     06A3                     l2267:
  2670                           
  2671                           ;D:\work_pic\LCD_I2C.X\mcc_generated_files\examples\i2c_master_example.c: 94:     I2C_Se
      +                          tDataCompleteCallback(wr1RegCompleteHandler,&data);
  2672     06A3  30D2               	movlw	low _wr1RegCompleteHandler
  2673     06A4  00F4               	movwf	I2C_SetDataCompleteCallback@cb
  2674     06A5  3004               	movlw	high _wr1RegCompleteHandler
  2675     06A6  00F5               	movwf	I2C_SetDataCompleteCallback@cb+1
  2676     06A7  303E               	movlw	(low (I2C_Write1ByteRegister@data| 0))& (0+255)
  2677     06A8  00F6               	movwf	I2C_SetDataCompleteCallback@ptr
  2678     06A9  3184  2454  3186   	fcall	_I2C_SetDataCompleteCallback
  2679     06AC                     l2269:
  2680                           
  2681                           ;D:\work_pic\LCD_I2C.X\mcc_generated_files\examples\i2c_master_example.c: 95:     I2C_Se
      +                          tBuffer(&reg,1);
  2682     06AC  3001               	movlw	1
  2683     06AD  00F0               	movwf	I2C_SetBuffer@bufferSize
  2684     06AE  3000               	movlw	0
  2685     06AF  00F1               	movwf	I2C_SetBuffer@bufferSize+1
  2686     06B0  303D               	movlw	(low (I2C_Write1ByteRegister@reg| 0))& (0+255)
  2687     06B1  3184  2491  3186   	fcall	_I2C_SetBuffer
  2688     06B4                     l2271:
  2689                           
  2690                           ;D:\work_pic\LCD_I2C.X\mcc_generated_files\examples\i2c_master_example.c: 96:     I2C_Se
      +                          tAddressNackCallback(((void*)0),((void*)0));
  2691     06B4  3000               	movlw	0
  2692     06B5  00F4               	movwf	I2C_SetAddressNackCallback@cb
  2693     06B6  00F5               	movwf	I2C_SetAddressNackCallback@cb+1
  2694     06B7  3000               	movlw	0
  2695     06B8  00F6               	movwf	I2C_SetAddressNackCallback@ptr
  2696     06B9  00F7               	movwf	I2C_SetAddressNackCallback@ptr+1
  2697     06BA  3184  245F  3186   	fcall	_I2C_SetAddressNackCallback
  2698     06BD                     l2273:
  2699                           
  2700                           ;D:\work_pic\LCD_I2C.X\mcc_generated_files\examples\i2c_master_example.c: 97:     I2C_Ma
      +                          sterWrite();
  2701     06BD  3184  2415  3186   	fcall	_I2C_MasterWrite
  2702     06C0                     l2275:	
  2703                           ;D:\work_pic\LCD_I2C.X\mcc_generated_files\examples\i2c_master_example.c: 98:     while(
      +                          I2C_BUSY == I2C_Close());
  2704                           
  2705     06C0  3185  2549  3186   	fcall	_I2C_Close
  2706     06C3  3A01               	xorlw	1
  2707     06C4  1903               	skipnz
  2708     06C5  2EC7               	goto	u501
  2709     06C6  2EC8               	goto	u500
  2710     06C7                     u501:
  2711     06C7  2EC0               	goto	l2275
  2712     06C8                     u500:
  2713     06C8                     l94:
  2714     06C8  0008               	return
  2715     06C9                     __end_of_I2C_Write1ByteRegister:
  2716                           
  2717                           	psect	text14
  2718     045F                     __ptext14:	
  2719 ;; *************** function _I2C_SetAddressNackCallback *****************
  2720 ;; Defined at:
  2721 ;;		line 283 in file "D:\work_pic\LCD_I2C.X\mcc_generated_files\i2c_master.c"
  2722 ;; Parameters:    Size  Location     Type
  2723 ;;  cb              2    4[COMMON] PTR FTN(PTR void ,)enum 
  2724 ;;		 -> NULL(1), 
  2725 ;;  ptr             2    6[COMMON] PTR void 
  2726 ;;		 -> NULL(0), 
  2727 ;; Auto vars:     Size  Location     Type
  2728 ;;		None
  2729 ;; Return value:  Size  Location     Type
  2730 ;;                  1    wreg      void 
  2731 ;; Registers used:
  2732 ;;		wreg, fsr1l, fsr1h, status,2, status,0, pclath, cstack
  2733 ;; Tracked objects:
  2734 ;;		On entry : 0/0
  2735 ;;		On exit  : 0/0
  2736 ;;		Unchanged: 0/0
  2737 ;; Data sizes:     COMMON   BANK0   BANK1   BANK2   BANK3   BANK4   BANK5   BANK6
  2738 ;;      Params:         4       0       0       0       0       0       0       0
  2739 ;;      Locals:         0       0       0       0       0       0       0       0
  2740 ;;      Temps:          0       0       0       0       0       0       0       0
  2741 ;;      Totals:         4       0       0       0       0       0       0       0
  2742 ;;Total ram usage:        4 bytes
  2743 ;; Hardware stack levels used: 1
  2744 ;; Hardware stack levels required when called: 1
  2745 ;; This function calls:
  2746 ;;		_I2C_SetCallback
  2747 ;; This function is called by:
  2748 ;;		_I2C_Write1ByteRegister
  2749 ;;		_I2C_Read1ByteRegister
  2750 ;;		_I2C_Read2ByteRegister
  2751 ;;		_I2C_Write2ByteRegister
  2752 ;;		_I2C_WriteNBytes
  2753 ;;		_I2C_ReadDataBlock
  2754 ;; This function uses a non-reentrant model
  2755 ;;
  2756                           
  2757     045F                     _I2C_SetAddressNackCallback:	
  2758                           ;psect for function _I2C_SetAddressNackCallback
  2759                           
  2760     045F                     l2239:	
  2761                           ;incstack = 0
  2762                           ; Regs used in _I2C_SetAddressNackCallback: [wreg+fsr1l+fsr1h+status,2+status,0+pclath+c
      +                          stack]
  2763                           
  2764                           
  2765                           ;D:\work_pic\LCD_I2C.X\mcc_generated_files\i2c_master.c: 283: void I2C_SetAddressNackCal
      +                          lback(i2c_callback_t cb, void *ptr);D:\work_pic\LCD_I2C.X\mcc_generated_files\i2c_master
      +                          .c: 284: {;D:\work_pic\LCD_I2C.X\mcc_generated_files\i2c_master.c: 285:     I2C_SetCallb
      +                          ack(I2C_ADDR_NACK, cb, ptr);
  2766     045F  0875               	movf	I2C_SetAddressNackCallback@cb+1,w
  2767     0460  00F1               	movwf	I2C_SetCallback@cb+1
  2768     0461  0874               	movf	I2C_SetAddressNackCallback@cb,w
  2769     0462  00F0               	movwf	I2C_SetCallback@cb
  2770     0463  0876               	movf	I2C_SetAddressNackCallback@ptr,w
  2771     0464  00F2               	movwf	I2C_SetCallback@ptr
  2772     0465  3002               	movlw	2
  2773     0466  3185  25C9  3184   	fcall	_I2C_SetCallback
  2774     0469                     l288:
  2775     0469  0008               	return
  2776     046A                     __end_of_I2C_SetAddressNackCallback:
  2777                           
  2778                           	psect	text15
  2779     06C9                     __ptext15:	
  2780 ;; *************** function _I2C_Open *****************
  2781 ;; Defined at:
  2782 ;;		line 176 in file "D:\work_pic\LCD_I2C.X\mcc_generated_files\i2c_master.c"
  2783 ;; Parameters:    Size  Location     Type
  2784 ;;  address         1    wreg     unsigned char 
  2785 ;; Auto vars:     Size  Location     Type
  2786 ;;  address         1    0[COMMON] unsigned char 
  2787 ;;  returnValue     1    1[COMMON] enum E358
  2788 ;; Return value:  Size  Location     Type
  2789 ;;                  1    wreg      enum E358
  2790 ;; Registers used:
  2791 ;;		wreg, status,2, status,0, pclath, cstack
  2792 ;; Tracked objects:
  2793 ;;		On entry : 0/0
  2794 ;;		On exit  : 0/0
  2795 ;;		Unchanged: 0/0
  2796 ;; Data sizes:     COMMON   BANK0   BANK1   BANK2   BANK3   BANK4   BANK5   BANK6
  2797 ;;      Params:         0       0       0       0       0       0       0       0
  2798 ;;      Locals:         2       0       0       0       0       0       0       0
  2799 ;;      Temps:          0       0       0       0       0       0       0       0
  2800 ;;      Totals:         2       0       0       0       0       0       0       0
  2801 ;;Total ram usage:        2 bytes
  2802 ;; Hardware stack levels used: 1
  2803 ;; Hardware stack levels required when called: 1
  2804 ;; This function calls:
  2805 ;;		_I2C_MasterClearIrq
  2806 ;;		_I2C_MasterOpen
  2807 ;; This function is called by:
  2808 ;;		_I2C_Write1ByteRegister
  2809 ;;		_I2C_Read1ByteRegister
  2810 ;;		_I2C_Read2ByteRegister
  2811 ;;		_I2C_Write2ByteRegister
  2812 ;;		_I2C_WriteNBytes
  2813 ;;		_I2C_ReadNBytes
  2814 ;;		_I2C_ReadDataBlock
  2815 ;; This function uses a non-reentrant model
  2816 ;;
  2817                           
  2818     06C9                     _I2C_Open:	
  2819                           ;psect for function _I2C_Open
  2820                           
  2821                           
  2822                           ;incstack = 0
  2823                           ; Regs used in _I2C_Open: [wreg+status,2+status,0+pclath+cstack]
  2824                           ;I2C_Open@address stored from wreg
  2825     06C9  00F0               	movwf	I2C_Open@address
  2826     06CA                     l2207:
  2827                           
  2828                           ;D:\work_pic\LCD_I2C.X\mcc_generated_files\i2c_master.c: 176: i2c_error_t I2C_Open(i2c_a
      +                          ddress_t address);D:\work_pic\LCD_I2C.X\mcc_generated_files\i2c_master.c: 177: {;D:\work
      +                          _pic\LCD_I2C.X\mcc_generated_files\i2c_master.c: 178:     i2c_error_t returnValue = I2C_
      +                          BUSY;
  2829     06CA  01F1               	clrf	I2C_Open@returnValue
  2830     06CB  0AF1               	incf	I2C_Open@returnValue,f
  2831                           
  2832                           ;D:\work_pic\LCD_I2C.X\mcc_generated_files\i2c_master.c: 180:     if(!I2C_Status.inUse)
  2833     06CC  0020               	movlb	0	; select bank0
  2834     06CD  193C               	btfsc	_I2C_Status+28,2
  2835     06CE  2ED0               	goto	u471
  2836     06CF  2ED1               	goto	u470
  2837     06D0                     u471:
  2838     06D0  2EFD               	goto	l255
  2839     06D1                     u470:
  2840     06D1                     l2209:
  2841                           
  2842                           ;D:\work_pic\LCD_I2C.X\mcc_generated_files\i2c_master.c: 181:     {;D:\work_pic\LCD_I2C.
      +                          X\mcc_generated_files\i2c_master.c: 182:         I2C_Status.address = address;
  2843     06D1  0870               	movf	I2C_Open@address,w
  2844     06D2  00B6               	movwf	_I2C_Status+22
  2845     06D3                     l2211:
  2846                           
  2847                           ;D:\work_pic\LCD_I2C.X\mcc_generated_files\i2c_master.c: 183:         I2C_Status.busy = 
      +                          0;
  2848     06D3  10BC               	bcf	_I2C_Status+28,1
  2849     06D4                     l2213:
  2850                           
  2851                           ;D:\work_pic\LCD_I2C.X\mcc_generated_files\i2c_master.c: 184:         I2C_Status.inUse =
      +                           1;
  2852     06D4  153C               	bsf	_I2C_Status+28,2
  2853     06D5                     l2215:
  2854                           
  2855                           ;D:\work_pic\LCD_I2C.X\mcc_generated_files\i2c_master.c: 185:         I2C_Status.address
      +                          NackCheck = 0;
  2856     06D5  103C               	bcf	_I2C_Status+28,0
  2857                           
  2858                           ;D:\work_pic\LCD_I2C.X\mcc_generated_files\i2c_master.c: 186:         I2C_Status.state =
      +                           I2C_RESET;
  2859     06D6  300E               	movlw	14
  2860     06D7  00BA               	movwf	_I2C_Status+26
  2861                           
  2862                           ;D:\work_pic\LCD_I2C.X\mcc_generated_files\i2c_master.c: 187:         I2C_Status.time_ou
      +                          t_value = 500;
  2863     06D8  30F4               	movlw	244
  2864     06D9  00B4               	movwf	_I2C_Status+20
  2865     06DA  3001               	movlw	1
  2866     06DB  00B5               	movwf	_I2C_Status+21
  2867     06DC                     l2217:
  2868                           
  2869                           ;D:\work_pic\LCD_I2C.X\mcc_generated_files\i2c_master.c: 188:         I2C_Status.bufferF
      +                          ree = 1;
  2870     06DC  15BC               	bsf	_I2C_Status+28,3
  2871                           
  2872                           ;D:\work_pic\LCD_I2C.X\mcc_generated_files\i2c_master.c: 191:         I2C_Status.callbac
      +                          kTable[I2C_DATA_COMPLETE]=I2C_CallbackReturnStop;
  2873     06DD  30B4               	movlw	low _I2C_CallbackReturnStop
  2874     06DE  00A0               	movwf	_I2C_Status
  2875     06DF  3003               	movlw	high _I2C_CallbackReturnStop
  2876     06E0  00A1               	movwf	_I2C_Status+1
  2877     06E1                     l2219:
  2878                           
  2879                           ;D:\work_pic\LCD_I2C.X\mcc_generated_files\i2c_master.c: 192:         I2C_Status.callbac
      +                          kPayload[I2C_DATA_COMPLETE] = ((void*)0);
  2880     06E1  01AC               	clrf	low ((_I2C_Status| 0+12))
  2881     06E2                     l2221:
  2882                           
  2883                           ;D:\work_pic\LCD_I2C.X\mcc_generated_files\i2c_master.c: 193:         I2C_Status.callbac
      +                          kTable[I2C_WRITE_COLLISION]=I2C_CallbackReturnStop;
  2884     06E2  30B4               	movlw	low _I2C_CallbackReturnStop
  2885     06E3  00A2               	movwf	low ((_I2C_Status| 0+2))
  2886     06E4  3003               	movlw	high _I2C_CallbackReturnStop
  2887     06E5  00A3               	movwf	(low ((_I2C_Status| 0+2))+1)
  2888                           
  2889                           ;D:\work_pic\LCD_I2C.X\mcc_generated_files\i2c_master.c: 194:         I2C_Status.callbac
      +                          kPayload[I2C_WRITE_COLLISION] = ((void*)0);
  2890     06E6  01AD               	clrf	low ((_I2C_Status| 0+13))
  2891     06E7                     l2223:
  2892                           
  2893                           ;D:\work_pic\LCD_I2C.X\mcc_generated_files\i2c_master.c: 195:         I2C_Status.callbac
      +                          kTable[I2C_ADDR_NACK]=I2C_CallbackReturnStop;
  2894     06E7  30B4               	movlw	low _I2C_CallbackReturnStop
  2895     06E8  00A4               	movwf	low ((_I2C_Status| 0+4))
  2896     06E9  3003               	movlw	high _I2C_CallbackReturnStop
  2897     06EA  00A5               	movwf	(low ((_I2C_Status| 0+4))+1)
  2898     06EB                     l2225:
  2899                           
  2900                           ;D:\work_pic\LCD_I2C.X\mcc_generated_files\i2c_master.c: 196:         I2C_Status.callbac
      +                          kPayload[I2C_ADDR_NACK] = ((void*)0);
  2901     06EB  01AE               	clrf	low ((_I2C_Status| 0+14))
  2902                           
  2903                           ;D:\work_pic\LCD_I2C.X\mcc_generated_files\i2c_master.c: 197:         I2C_Status.callbac
      +                          kTable[I2C_DATA_NACK]=I2C_CallbackReturnStop;
  2904     06EC  30B4               	movlw	low _I2C_CallbackReturnStop
  2905     06ED  00A6               	movwf	low ((_I2C_Status| 0+6))
  2906     06EE  3003               	movlw	high _I2C_CallbackReturnStop
  2907     06EF  00A7               	movwf	(low ((_I2C_Status| 0+6))+1)
  2908     06F0                     l2227:
  2909                           
  2910                           ;D:\work_pic\LCD_I2C.X\mcc_generated_files\i2c_master.c: 198:         I2C_Status.callbac
      +                          kPayload[I2C_DATA_NACK] = ((void*)0);
  2911     06F0  01AF               	clrf	low ((_I2C_Status| 0+15))
  2912     06F1                     l2229:
  2913                           
  2914                           ;D:\work_pic\LCD_I2C.X\mcc_generated_files\i2c_master.c: 199:         I2C_Status.callbac
      +                          kTable[I2C_TIMEOUT]=I2C_CallbackReturnReset;
  2915     06F1  30B6               	movlw	low _I2C_CallbackReturnReset
  2916     06F2  00A8               	movwf	low ((_I2C_Status| 0+8))
  2917     06F3  3003               	movlw	high _I2C_CallbackReturnReset
  2918     06F4  00A9               	movwf	(low ((_I2C_Status| 0+8))+1)
  2919                           
  2920                           ;D:\work_pic\LCD_I2C.X\mcc_generated_files\i2c_master.c: 200:         I2C_Status.callbac
      +                          kPayload[I2C_TIMEOUT] = ((void*)0);
  2921     06F5  01B0               	clrf	low ((_I2C_Status| 0+16))
  2922     06F6                     l2231:
  2923                           
  2924                           ;D:\work_pic\LCD_I2C.X\mcc_generated_files\i2c_master.c: 202:         I2C_MasterClearIrq
      +                          ();
  2925     06F6  3183  23B8  3186   	fcall	_I2C_MasterClearIrq
  2926     06F9                     l2233:
  2927                           
  2928                           ;D:\work_pic\LCD_I2C.X\mcc_generated_files\i2c_master.c: 203:         I2C_MasterOpen();
  2929     06F9  3184  2477  3186   	fcall	_I2C_MasterOpen
  2930     06FC                     l2235:
  2931                           
  2932                           ;D:\work_pic\LCD_I2C.X\mcc_generated_files\i2c_master.c: 204:         returnValue = I2C_
      +                          NOERR;
  2933     06FC  01F1               	clrf	I2C_Open@returnValue
  2934     06FD                     l255:	
  2935                           ;D:\work_pic\LCD_I2C.X\mcc_generated_files\i2c_master.c: 205:     }
  2936                           
  2937                           
  2938                           ;D:\work_pic\LCD_I2C.X\mcc_generated_files\i2c_master.c: 206:     return returnValue;
  2939     06FD  0871               	movf	I2C_Open@returnValue,w
  2940     06FE                     l256:
  2941     06FE  0008               	return
  2942     06FF                     __end_of_I2C_Open:
  2943                           
  2944                           	psect	text16
  2945     0477                     __ptext16:	
  2946 ;; *************** function _I2C_MasterOpen *****************
  2947 ;; Defined at:
  2948 ;;		line 543 in file "D:\work_pic\LCD_I2C.X\mcc_generated_files\i2c_master.c"
  2949 ;; Parameters:    Size  Location     Type
  2950 ;;		None
  2951 ;; Auto vars:     Size  Location     Type
  2952 ;;		None
  2953 ;; Return value:  Size  Location     Type
  2954 ;;                  1    wreg      _Bool 
  2955 ;; Registers used:
  2956 ;;		wreg, status,2
  2957 ;; Tracked objects:
  2958 ;;		On entry : 0/0
  2959 ;;		On exit  : 0/0
  2960 ;;		Unchanged: 0/0
  2961 ;; Data sizes:     COMMON   BANK0   BANK1   BANK2   BANK3   BANK4   BANK5   BANK6
  2962 ;;      Params:         0       0       0       0       0       0       0       0
  2963 ;;      Locals:         0       0       0       0       0       0       0       0
  2964 ;;      Temps:          0       0       0       0       0       0       0       0
  2965 ;;      Totals:         0       0       0       0       0       0       0       0
  2966 ;;Total ram usage:        0 bytes
  2967 ;; Hardware stack levels used: 1
  2968 ;; This function calls:
  2969 ;;		Nothing
  2970 ;; This function is called by:
  2971 ;;		_I2C_Open
  2972 ;; This function uses a non-reentrant model
  2973 ;;
  2974                           
  2975     0477                     _I2C_MasterOpen:	
  2976                           ;psect for function _I2C_MasterOpen
  2977                           
  2978     0477                     l2171:	
  2979                           ;incstack = 0
  2980                           ; Regs used in _I2C_MasterOpen: [wreg+status,2]
  2981                           
  2982                           
  2983                           ;D:\work_pic\LCD_I2C.X\mcc_generated_files\i2c_master.c: 545:     if(!SSPCON1bits.SSPEN)
  2984     0477  0024               	movlb	4	; select bank4
  2985     0478  1A95               	btfsc	21,5	;volatile
  2986     0479  2C7B               	goto	u441
  2987     047A  2C7C               	goto	u440
  2988     047B                     u441:
  2989     047B  2C83               	goto	l421
  2990     047C                     u440:
  2991     047C                     l2173:
  2992                           
  2993                           ;D:\work_pic\LCD_I2C.X\mcc_generated_files\i2c_master.c: 546:     {;D:\work_pic\LCD_I2C.
      +                          X\mcc_generated_files\i2c_master.c: 547:         SSPSTAT = 0x00;
  2994     047C  0194               	clrf	20	;volatile
  2995     047D                     l2175:
  2996                           
  2997                           ;D:\work_pic\LCD_I2C.X\mcc_generated_files\i2c_master.c: 548:         SSPCON1 = 0x08;
  2998     047D  3008               	movlw	8
  2999     047E  0095               	movwf	21	;volatile
  3000     047F                     l2177:
  3001                           
  3002                           ;D:\work_pic\LCD_I2C.X\mcc_generated_files\i2c_master.c: 549:         SSPCON2 = 0x00;
  3003     047F  0196               	clrf	22	;volatile
  3004                           
  3005                           ;D:\work_pic\LCD_I2C.X\mcc_generated_files\i2c_master.c: 550:         SSPADD = 0x27;
  3006     0480  3027               	movlw	39
  3007     0481  0092               	movwf	18	;volatile
  3008     0482                     l2179:
  3009                           
  3010                           ;D:\work_pic\LCD_I2C.X\mcc_generated_files\i2c_master.c: 551:         SSPCON1bits.SSPEN 
      +                          = 1;
  3011     0482  1695               	bsf	21,5	;volatile
  3012     0483                     l421:
  3013     0483  0008               	return
  3014     0484                     __end_of_I2C_MasterOpen:
  3015                           
  3016                           	psect	text17
  3017     0415                     __ptext17:	
  3018 ;; *************** function _I2C_MasterWrite *****************
  3019 ;; Defined at:
  3020 ;;		line 251 in file "D:\work_pic\LCD_I2C.X\mcc_generated_files\i2c_master.c"
  3021 ;; Parameters:    Size  Location     Type
  3022 ;;		None
  3023 ;; Auto vars:     Size  Location     Type
  3024 ;;		None
  3025 ;; Return value:  Size  Location     Type
  3026 ;;                  1    wreg      enum E358
  3027 ;; Registers used:
  3028 ;;		wreg, fsr0l, fsr0h, fsr1l, fsr1h, status,2, status,0, pclath, cstack
  3029 ;; Tracked objects:
  3030 ;;		On entry : 0/0
  3031 ;;		On exit  : 0/0
  3032 ;;		Unchanged: 0/0
  3033 ;; Data sizes:     COMMON   BANK0   BANK1   BANK2   BANK3   BANK4   BANK5   BANK6
  3034 ;;      Params:         0       0       0       0       0       0       0       0
  3035 ;;      Locals:         0       0       0       0       0       0       0       0
  3036 ;;      Temps:          0       0       0       0       0       0       0       0
  3037 ;;      Totals:         0       0       0       0       0       0       0       0
  3038 ;;Total ram usage:        0 bytes
  3039 ;; Hardware stack levels used: 1
  3040 ;; Hardware stack levels required when called: 7
  3041 ;; This function calls:
  3042 ;;		_I2C_MasterOperation
  3043 ;; This function is called by:
  3044 ;;		_I2C_Write1ByteRegister
  3045 ;;		_I2C_Read1ByteRegister
  3046 ;;		_I2C_Read2ByteRegister
  3047 ;;		_I2C_Write2ByteRegister
  3048 ;;		_I2C_WriteNBytes
  3049 ;;		_I2C_ReadDataBlock
  3050 ;; This function uses a non-reentrant model
  3051 ;;
  3052                           
  3053     0415                     _I2C_MasterWrite:	
  3054                           ;psect for function _I2C_MasterWrite
  3055                           
  3056     0415                     l2241:	
  3057                           ;incstack = 0
  3058                           ; Regs used in _I2C_MasterWrite: [wreg-fsr1h+status,2+status,0+pclath+cstack]
  3059                           
  3060                           
  3061                           ;D:\work_pic\LCD_I2C.X\mcc_generated_files\i2c_master.c: 253:     return I2C_MasterOpera
      +                          tion(0);;	Return value of _I2C_MasterWrite is never used
  3062     0415  3000               	movlw	0
  3063     0416  3185  25AD  3184   	fcall	_I2C_MasterOperation
  3064     0419                     l272:
  3065     0419  0008               	return
  3066     041A                     __end_of_I2C_MasterWrite:
  3067                           
  3068                           	psect	text18
  3069     05AD                     __ptext18:	
  3070 ;; *************** function _I2C_MasterOperation *****************
  3071 ;; Defined at:
  3072 ;;		line 224 in file "D:\work_pic\LCD_I2C.X\mcc_generated_files\i2c_master.c"
  3073 ;; Parameters:    Size  Location     Type
  3074 ;;  read            1    wreg     _Bool 
  3075 ;; Auto vars:     Size  Location     Type
  3076 ;;  read            1   12[COMMON] _Bool 
  3077 ;;  returnValue     1   13[COMMON] enum E358
  3078 ;; Return value:  Size  Location     Type
  3079 ;;                  1    wreg      enum E358
  3080 ;; Registers used:
  3081 ;;		wreg, fsr0l, fsr0h, fsr1l, fsr1h, status,2, status,0, pclath, cstack
  3082 ;; Tracked objects:
  3083 ;;		On entry : 0/0
  3084 ;;		On exit  : 0/0
  3085 ;;		Unchanged: 0/0
  3086 ;; Data sizes:     COMMON   BANK0   BANK1   BANK2   BANK3   BANK4   BANK5   BANK6
  3087 ;;      Params:         0       0       0       0       0       0       0       0
  3088 ;;      Locals:         2       0       0       0       0       0       0       0
  3089 ;;      Temps:          0       0       0       0       0       0       0       0
  3090 ;;      Totals:         2       0       0       0       0       0       0       0
  3091 ;;Total ram usage:        2 bytes
  3092 ;; Hardware stack levels used: 1
  3093 ;; Hardware stack levels required when called: 6
  3094 ;; This function calls:
  3095 ;;		_I2C_MasterStart
  3096 ;;		_I2C_Poller
  3097 ;; This function is called by:
  3098 ;;		_I2C_MasterWrite
  3099 ;;		_I2C_MasterRead
  3100 ;; This function uses a non-reentrant model
  3101 ;;
  3102                           
  3103     05AD                     _I2C_MasterOperation:	
  3104                           ;psect for function _I2C_MasterOperation
  3105                           
  3106                           
  3107                           ;incstack = 0
  3108                           ; Regs used in _I2C_MasterOperation: [wreg-fsr1h+status,2+status,0+pclath+cstack]
  3109                           ;I2C_MasterOperation@read stored from wreg
  3110     05AD  00FC               	movwf	I2C_MasterOperation@read
  3111     05AE                     l2187:
  3112                           
  3113                           ;D:\work_pic\LCD_I2C.X\mcc_generated_files\i2c_master.c: 224: i2c_error_t I2C_MasterOper
      +                          ation(_Bool read);D:\work_pic\LCD_I2C.X\mcc_generated_files\i2c_master.c: 225: {;D:\work
      +                          _pic\LCD_I2C.X\mcc_generated_files\i2c_master.c: 226:     i2c_error_t returnValue = I2C_
      +                          BUSY;
  3114     05AE  01FD               	clrf	I2C_MasterOperation@returnValue
  3115     05AF  0AFD               	incf	I2C_MasterOperation@returnValue,f
  3116                           
  3117                           ;D:\work_pic\LCD_I2C.X\mcc_generated_files\i2c_master.c: 227:     if(!I2C_Status.busy)
  3118     05B0  0020               	movlb	0	; select bank0
  3119     05B1  18BC               	btfsc	_I2C_Status+28,1
  3120     05B2  2DB4               	goto	u451
  3121     05B3  2DB5               	goto	u450
  3122     05B4                     u451:
  3123     05B4  2DC7               	goto	l2203
  3124     05B5                     u450:
  3125     05B5                     l2189:
  3126                           
  3127                           ;D:\work_pic\LCD_I2C.X\mcc_generated_files\i2c_master.c: 228:     {;D:\work_pic\LCD_I2C.
      +                          X\mcc_generated_files\i2c_master.c: 229:         I2C_Status.busy = 1;
  3128     05B5  14BC               	bsf	_I2C_Status+28,1
  3129     05B6                     l2191:
  3130                           
  3131                           ;D:\work_pic\LCD_I2C.X\mcc_generated_files\i2c_master.c: 230:         returnValue = I2C_
      +                          NOERR;
  3132     05B6  01FD               	clrf	I2C_MasterOperation@returnValue
  3133     05B7                     l2193:
  3134                           
  3135                           ;D:\work_pic\LCD_I2C.X\mcc_generated_files\i2c_master.c: 232:         if(read)
  3136     05B7  087C               	movf	I2C_MasterOperation@read,w
  3137     05B8  1903               	btfsc	3,2
  3138     05B9  2DBB               	goto	u461
  3139     05BA  2DBC               	goto	u460
  3140     05BB                     u461:
  3141     05BB  2DBF               	goto	l2197
  3142     05BC                     u460:
  3143     05BC                     l2195:
  3144                           
  3145                           ;D:\work_pic\LCD_I2C.X\mcc_generated_files\i2c_master.c: 233:         {;D:\work_pic\LCD_
      +                          I2C.X\mcc_generated_files\i2c_master.c: 234:             I2C_Status.state = I2C_SEND_ADR
      +                          _READ;
  3146     05BC  01BA               	clrf	_I2C_Status+26
  3147     05BD  0ABA               	incf	_I2C_Status+26,f
  3148                           
  3149                           ;D:\work_pic\LCD_I2C.X\mcc_generated_files\i2c_master.c: 235:         }
  3150     05BE  2DC1               	goto	l2199
  3151     05BF                     l2197:
  3152                           
  3153                           ;D:\work_pic\LCD_I2C.X\mcc_generated_files\i2c_master.c: 237:         {;D:\work_pic\LCD_
      +                          I2C.X\mcc_generated_files\i2c_master.c: 238:             I2C_Status.state = I2C_SEND_ADR
      +                          _WRITE;
  3154     05BF  3002               	movlw	2
  3155     05C0  00BA               	movwf	_I2C_Status+26
  3156     05C1                     l2199:
  3157                           
  3158                           ;D:\work_pic\LCD_I2C.X\mcc_generated_files\i2c_master.c: 240:         I2C_MasterStart();
  3159     05C1  3183  23C1  3185   	fcall	_I2C_MasterStart
  3160     05C4                     l2201:
  3161                           
  3162                           ;D:\work_pic\LCD_I2C.X\mcc_generated_files\i2c_master.c: 241:         I2C_Poller();
  3163     05C4  3184  246A  3185   	fcall	_I2C_Poller
  3164     05C7                     l2203:
  3165                           
  3166                           ;D:\work_pic\LCD_I2C.X\mcc_generated_files\i2c_master.c: 243:     return returnValue;
  3167     05C7  087D               	movf	I2C_MasterOperation@returnValue,w
  3168     05C8                     l266:
  3169     05C8  0008               	return
  3170     05C9                     __end_of_I2C_MasterOperation:
  3171                           
  3172                           	psect	text19
  3173     046A                     __ptext19:	
  3174 ;; *************** function _I2C_Poller *****************
  3175 ;; Defined at:
  3176 ;;		line 312 in file "D:\work_pic\LCD_I2C.X\mcc_generated_files\i2c_master.c"
  3177 ;; Parameters:    Size  Location     Type
  3178 ;;		None
  3179 ;; Auto vars:     Size  Location     Type
  3180 ;;		None
  3181 ;; Return value:  Size  Location     Type
  3182 ;;                  1    wreg      void 
  3183 ;; Registers used:
  3184 ;;		wreg, fsr0l, fsr0h, fsr1l, fsr1h, status,2, status,0, pclath, cstack
  3185 ;; Tracked objects:
  3186 ;;		On entry : 0/0
  3187 ;;		On exit  : 0/0
  3188 ;;		Unchanged: 0/0
  3189 ;; Data sizes:     COMMON   BANK0   BANK1   BANK2   BANK3   BANK4   BANK5   BANK6
  3190 ;;      Params:         0       0       0       0       0       0       0       0
  3191 ;;      Locals:         0       0       0       0       0       0       0       0
  3192 ;;      Temps:          0       0       0       0       0       0       0       0
  3193 ;;      Totals:         0       0       0       0       0       0       0       0
  3194 ;;Total ram usage:        0 bytes
  3195 ;; Hardware stack levels used: 1
  3196 ;; Hardware stack levels required when called: 5
  3197 ;; This function calls:
  3198 ;;		_I2C_MasterFsm
  3199 ;;		_I2C_MasterWaitForEvent
  3200 ;; This function is called by:
  3201 ;;		_I2C_MasterOperation
  3202 ;; This function uses a non-reentrant model
  3203 ;;
  3204                           
  3205     046A                     _I2C_Poller:	
  3206                           ;psect for function _I2C_Poller
  3207                           
  3208     046A                     l2163:	
  3209                           ;incstack = 0
  3210                           ; Regs used in _I2C_Poller: [wreg-fsr1h+status,2+status,0+pclath+cstack]
  3211                           
  3212                           
  3213                           ;D:\work_pic\LCD_I2C.X\mcc_generated_files\i2c_master.c: 314:     while(I2C_Status.busy)
  3214     046A  2C71               	goto	l2169
  3215     046B                     l2165:
  3216                           
  3217                           ;D:\work_pic\LCD_I2C.X\mcc_generated_files\i2c_master.c: 315:     {;D:\work_pic\LCD_I2C.
      +                          X\mcc_generated_files\i2c_master.c: 316:         I2C_MasterWaitForEvent();
  3218     046B  3184  2420  3184   	fcall	_I2C_MasterWaitForEvent
  3219     046E                     l2167:
  3220                           
  3221                           ;D:\work_pic\LCD_I2C.X\mcc_generated_files\i2c_master.c: 317:         I2C_MasterFsm();
  3222     046E  3186  2615  3184   	fcall	_I2C_MasterFsm
  3223     0471                     l2169:
  3224                           
  3225                           ;D:\work_pic\LCD_I2C.X\mcc_generated_files\i2c_master.c: 314:     while(I2C_Status.busy)
  3226     0471  0020               	movlb	0	; select bank0
  3227     0472  18BC               	btfsc	_I2C_Status+28,1
  3228     0473  2C75               	goto	u431
  3229     0474  2C76               	goto	u430
  3230     0475                     u431:
  3231     0475  2C6B               	goto	l2165
  3232     0476                     u430:
  3233     0476                     l305:
  3234     0476  0008               	return
  3235     0477                     __end_of_I2C_Poller:
  3236                           
  3237                           	psect	text20
  3238     0420                     __ptext20:	
  3239 ;; *************** function _I2C_MasterWaitForEvent *****************
  3240 ;; Defined at:
  3241 ;;		line 650 in file "D:\work_pic\LCD_I2C.X\mcc_generated_files\i2c_master.c"
  3242 ;; Parameters:    Size  Location     Type
  3243 ;;		None
  3244 ;; Auto vars:     Size  Location     Type
  3245 ;;		None
  3246 ;; Return value:  Size  Location     Type
  3247 ;;                  1    wreg      void 
  3248 ;; Registers used:
  3249 ;;		None
  3250 ;; Tracked objects:
  3251 ;;		On entry : 0/0
  3252 ;;		On exit  : 0/0
  3253 ;;		Unchanged: 0/0
  3254 ;; Data sizes:     COMMON   BANK0   BANK1   BANK2   BANK3   BANK4   BANK5   BANK6
  3255 ;;      Params:         0       0       0       0       0       0       0       0
  3256 ;;      Locals:         0       0       0       0       0       0       0       0
  3257 ;;      Temps:          0       0       0       0       0       0       0       0
  3258 ;;      Totals:         0       0       0       0       0       0       0       0
  3259 ;;Total ram usage:        0 bytes
  3260 ;; Hardware stack levels used: 1
  3261 ;; This function calls:
  3262 ;;		Nothing
  3263 ;; This function is called by:
  3264 ;;		_I2C_Poller
  3265 ;; This function uses a non-reentrant model
  3266 ;;
  3267                           
  3268     0420                     _I2C_MasterWaitForEvent:	
  3269                           ;psect for function _I2C_MasterWaitForEvent
  3270                           
  3271     0420                     l478:	
  3272                           ;incstack = 0
  3273                           ; Regs used in _I2C_MasterWaitForEvent: []
  3274                           ;D:\work_pic\LCD_I2C.X\mcc_generated_files\i2c_master.c: 652:     while(1)
  3275                           
  3276                           
  3277                           ;D:\work_pic\LCD_I2C.X\mcc_generated_files\i2c_master.c: 653:     {;D:\work_pic\LCD_I2C.
      +                          X\mcc_generated_files\i2c_master.c: 654:         if(PIR1bits.SSPIF)
  3278     0420  0020               	movlb	0	; select bank0
  3279     0421  1D91               	btfss	17,3	;volatile
  3280     0422  2C24               	goto	u401
  3281     0423  2C25               	goto	u400
  3282     0424                     u401:
  3283     0424  2C20               	goto	l478
  3284     0425                     u400:
  3285     0425                     l482:
  3286     0425  0008               	return
  3287     0426                     __end_of_I2C_MasterWaitForEvent:
  3288                           
  3289                           	psect	text21
  3290     0615                     __ptext21:	
  3291 ;; *************** function _I2C_MasterFsm *****************
  3292 ;; Defined at:
  3293 ;;		line 321 in file "D:\work_pic\LCD_I2C.X\mcc_generated_files\i2c_master.c"
  3294 ;; Parameters:    Size  Location     Type
  3295 ;;		None
  3296 ;; Auto vars:     Size  Location     Type
  3297 ;;		None
  3298 ;; Return value:  Size  Location     Type
  3299 ;;                  1    wreg      void 
  3300 ;; Registers used:
  3301 ;;		wreg, fsr0l, fsr0h, fsr1l, fsr1h, status,2, status,0, pclath, cstack
  3302 ;; Tracked objects:
  3303 ;;		On entry : 0/0
  3304 ;;		On exit  : 0/0
  3305 ;;		Unchanged: 0/0
  3306 ;; Data sizes:     COMMON   BANK0   BANK1   BANK2   BANK3   BANK4   BANK5   BANK6
  3307 ;;      Params:         0       0       0       0       0       0       0       0
  3308 ;;      Locals:         0       0       0       0       0       0       0       0
  3309 ;;      Temps:          2       0       0       0       0       0       0       0
  3310 ;;      Totals:         2       0       0       0       0       0       0       0
  3311 ;;Total ram usage:        2 bytes
  3312 ;; Hardware stack levels used: 1
  3313 ;; Hardware stack levels required when called: 4
  3314 ;; This function calls:
  3315 ;;		_I2C_DO_ADDRESS_NACK
  3316 ;;		_I2C_DO_IDLE
  3317 ;;		_I2C_DO_RCEN
  3318 ;;		_I2C_DO_RESET
  3319 ;;		_I2C_DO_RX
  3320 ;;		_I2C_DO_RX_ACK
  3321 ;;		_I2C_DO_RX_NACK_RESTART
  3322 ;;		_I2C_DO_RX_NACK_STOP
  3323 ;;		_I2C_DO_SEND_ADR_READ
  3324 ;;		_I2C_DO_SEND_ADR_WRITE
  3325 ;;		_I2C_DO_SEND_RESTART
  3326 ;;		_I2C_DO_SEND_RESTART_READ
  3327 ;;		_I2C_DO_SEND_RESTART_WRITE
  3328 ;;		_I2C_DO_SEND_STOP
  3329 ;;		_I2C_DO_TX
  3330 ;;		_I2C_DO_TX_EMPTY
  3331 ;;		_I2C_MasterClearIrq
  3332 ;;		_I2C_MasterIsNack
  3333 ;; This function is called by:
  3334 ;;		_I2C_Poller
  3335 ;; This function uses a non-reentrant model
  3336 ;;
  3337                           
  3338     0615                     _I2C_MasterFsm:	
  3339                           ;psect for function _I2C_MasterFsm
  3340                           
  3341     0615                     l2151:	
  3342                           ;incstack = 0
  3343                           ; Regs used in _I2C_MasterFsm: [wreg-fsr1h+status,2+status,0+pclath+cstack]
  3344                           
  3345                           
  3346                           ;D:\work_pic\LCD_I2C.X\mcc_generated_files\i2c_master.c: 323:     I2C_MasterClearIrq();
  3347     0615  3183  23B8  3186   	fcall	_I2C_MasterClearIrq
  3348     0618                     l2153:
  3349                           
  3350                           ;D:\work_pic\LCD_I2C.X\mcc_generated_files\i2c_master.c: 325:     if(I2C_Status.addressN
      +                          ackCheck && I2C_MasterIsNack())
  3351     0618  0020               	movlb	0	; select bank0
  3352     0619  1C3C               	btfss	_I2C_Status+28,0
  3353     061A  2E1C               	goto	u411
  3354     061B  2E1D               	goto	u410
  3355     061C                     u411:
  3356     061C  2E28               	goto	l2159
  3357     061D                     u410:
  3358     061D                     l2155:
  3359     061D  3184  241A  3186   	fcall	_I2C_MasterIsNack
  3360     0620  3A00               	xorlw	0
  3361     0621  1903               	skipnz
  3362     0622  2E24               	goto	u421
  3363     0623  2E25               	goto	u420
  3364     0624                     u421:
  3365     0624  2E28               	goto	l2159
  3366     0625                     u420:
  3367     0625                     l2157:
  3368                           
  3369                           ;D:\work_pic\LCD_I2C.X\mcc_generated_files\i2c_master.c: 326:     {;D:\work_pic\LCD_I2C.
      +                          X\mcc_generated_files\i2c_master.c: 327:         I2C_Status.state = I2C_ADDRESS_NACK;
  3370     0625  300F               	movlw	15
  3371     0626  0020               	movlb	0	; select bank0
  3372     0627  00BA               	movwf	_I2C_Status+26
  3373     0628                     l2159:
  3374                           
  3375                           ;D:\work_pic\LCD_I2C.X\mcc_generated_files\i2c_master.c: 329:     I2C_Status.state = i2c
      +                          _fsmStateTable[I2C_Status.state]();
  3376     0628  0020               	movlb	0	; select bank0
  3377     0629  083A               	movf	_I2C_Status+26,w
  3378     062A  00FA               	movwf	??_I2C_MasterFsm
  3379     062B  01FB               	clrf	??_I2C_MasterFsm+1
  3380     062C  35FA               	lslf	??_I2C_MasterFsm,f
  3381     062D  0DFB               	rlf	??_I2C_MasterFsm+1,f
  3382     062E  3000               	movlw	low _i2c_fsmStateTable
  3383     062F  077A               	addwf	??_I2C_MasterFsm,w
  3384     0630  0084               	movwf	4
  3385     0631  3008               	movlw	high _i2c_fsmStateTable
  3386     0632  3D7B               	addwfc	??_I2C_MasterFsm+1,w
  3387     0633  3880               	iorlw	128
  3388     0634  0085               	movwf	5
  3389     0635  3F01               	moviw [1]fsr0
  3390     0636  008A               	movwf	10
  3391     0637  3F00               	moviw [0]fsr0
  3392     0638  000A               	callw
  3393     0639  3186               	pagesel	$
  3394     063A  0020               	movlb	0	; select bank0
  3395     063B  00BA               	movwf	_I2C_Status+26
  3396     063C                     l309:
  3397     063C  0008               	return
  3398     063D                     __end_of_I2C_MasterFsm:
  3399                           
  3400                           	psect	text22
  3401     05ED                     __ptext22:	
  3402 ;; *************** function _I2C_DO_ADDRESS_NACK *****************
  3403 ;; Defined at:
  3404 ;;		line 500 in file "D:\work_pic\LCD_I2C.X\mcc_generated_files\i2c_master.c"
  3405 ;; Parameters:    Size  Location     Type
  3406 ;;		None
  3407 ;; Auto vars:     Size  Location     Type
  3408 ;;		None
  3409 ;; Return value:  Size  Location     Type
  3410 ;;                  1    wreg      enum E3183
  3411 ;; Registers used:
  3412 ;;		wreg, fsr0l, fsr0h, fsr1l, fsr1h, status,2, status,0, pclath, cstack
  3413 ;; Tracked objects:
  3414 ;;		On entry : 0/0
  3415 ;;		On exit  : 0/0
  3416 ;;		Unchanged: 0/0
  3417 ;; Data sizes:     COMMON   BANK0   BANK1   BANK2   BANK3   BANK4   BANK5   BANK6
  3418 ;;      Params:         0       0       0       0       0       0       0       0
  3419 ;;      Locals:         0       0       0       0       0       0       0       0
  3420 ;;      Temps:          2       0       0       0       0       0       0       0
  3421 ;;      Totals:         2       0       0       0       0       0       0       0
  3422 ;;Total ram usage:        2 bytes
  3423 ;; Hardware stack levels used: 1
  3424 ;; Hardware stack levels required when called: 3
  3425 ;; This function calls:
  3426 ;;		NULL
  3427 ;;		_I2C_CallbackReturnReset
  3428 ;;		_I2C_CallbackReturnStop
  3429 ;;		_I2C_DO_SEND_RESTART
  3430 ;;		_I2C_DO_SEND_STOP
  3431 ;;		_rd1RegCompleteHandler
  3432 ;;		_rd2RegCompleteHandler
  3433 ;;		_rdBlkRegCompleteHandler
  3434 ;;		_wr1RegCompleteHandler
  3435 ;;		_wr2RegCompleteHandler
  3436 ;; This function is called by:
  3437 ;;		_I2C_MasterFsm
  3438 ;; This function uses a non-reentrant model
  3439 ;;
  3440                           
  3441     05ED                     _I2C_DO_ADDRESS_NACK:	
  3442                           ;psect for function _I2C_DO_ADDRESS_NACK
  3443                           
  3444     05ED                     l2129:	
  3445                           ;incstack = 0
  3446                           ; Regs used in _I2C_DO_ADDRESS_NACK: [wreg-fsr1h+status,2+status,0+pclath+cstack]
  3447                           
  3448                           
  3449                           ;D:\work_pic\LCD_I2C.X\mcc_generated_files\i2c_master.c: 502:     I2C_Status.addressNack
      +                          Check = 0;
  3450     05ED  0020               	movlb	0	; select bank0
  3451     05EE  103C               	bcf	_I2C_Status+28,0
  3452     05EF                     l2131:
  3453                           
  3454                           ;D:\work_pic\LCD_I2C.X\mcc_generated_files\i2c_master.c: 503:     I2C_Status.error = I2C
      +                          _FAIL;
  3455     05EF  3002               	movlw	2
  3456     05F0  00BB               	movwf	_I2C_Status+27
  3457                           
  3458                           ;D:\work_pic\LCD_I2C.X\mcc_generated_files\i2c_master.c: 504:     switch(I2C_Status.call
      +                          backTable[I2C_ADDR_NACK](I2C_Status.callbackPayload[I2C_ADDR_NACK]))
  3459     05F1  2DFA               	goto	l2143
  3460     05F2                     l2133:
  3461                           
  3462                           ;D:\work_pic\LCD_I2C.X\mcc_generated_files\i2c_master.c: 508:             return I2C_DO_
      +                          SEND_RESTART();
  3463     05F2  3183  23F7  3185   	fcall	_I2C_DO_SEND_RESTART
  3464     05F5  2E14               	goto	l400
  3465     05F6                     l2137:
  3466                           
  3467                           ;D:\work_pic\LCD_I2C.X\mcc_generated_files\i2c_master.c: 510:             return I2C_DO_
      +                          SEND_STOP();
  3468     05F6  3183  23FC  3185   	fcall	_I2C_DO_SEND_STOP
  3469     05F9  2E14               	goto	l400
  3470     05FA                     l2143:
  3471     05FA  082E               	movf	low ((_I2C_Status| 0+14)),w
  3472     05FB  00F7               	movwf	I2C_CallbackReturnReset@funPtr
  3473     05FC  3004               	movlw	4
  3474     05FD  3E20               	addlw	(low (_I2C_Status| 0))& (0+255)
  3475     05FE  0086               	movwf	6
  3476     05FF  0187               	clrf	7
  3477     0600  3F41               	moviw [1]fsr1
  3478     0601  008A               	movwf	10
  3479     0602  3F40               	moviw [0]fsr1
  3480     0603  000A               	callw
  3481     0604  3185               	pagesel	$
  3482     0605  00F8               	movwf	??_I2C_DO_ADDRESS_NACK
  3483     0606  01F9               	clrf	??_I2C_DO_ADDRESS_NACK+1
  3484                           
  3485                           ; Switch on 2 bytes has been partitioned into a top level switch of size 1, and 1 sub-sw
      +                          itches
  3486                           ; Switch size 1, requested type "simple"
  3487                           ; Number of cases is 1, Range of values is 0 to 0
  3488                           ; switch strategies available:
  3489                           ; Name         Instructions Cycles
  3490                           ; simple_byte            4     3 (average)
  3491                           ; direct_byte            8     6 (fixed)
  3492                           ; jumptable            260     6 (fixed)
  3493                           ;	Chosen strategy is simple_byte
  3494     0607  0879               	movf	??_I2C_DO_ADDRESS_NACK+1,w
  3495     0608  3A00               	xorlw	0	; case 0
  3496     0609  1903               	skipnz
  3497     060A  2E0C               	goto	l2545
  3498     060B  2DF6               	goto	l2137
  3499     060C                     l2545:
  3500                           
  3501                           ; Switch size 1, requested type "simple"
  3502                           ; Number of cases is 2, Range of values is 2 to 3
  3503                           ; switch strategies available:
  3504                           ; Name         Instructions Cycles
  3505                           ; simple_byte            7     4 (average)
  3506                           ; direct_byte           13     9 (fixed)
  3507                           ; jumptable            263     9 (fixed)
  3508                           ;	Chosen strategy is simple_byte
  3509     060C  0878               	movf	??_I2C_DO_ADDRESS_NACK,w
  3510     060D  3A02               	xorlw	2	; case 2
  3511     060E  1903               	skipnz
  3512     060F  2DF2               	goto	l2133
  3513     0610  3A01               	xorlw	1	; case 3
  3514     0611  1903               	skipnz
  3515     0612  2DF2               	goto	l2133
  3516     0613  2DF6               	goto	l2137
  3517     0614                     l400:
  3518     0614  0008               	return
  3519     0615                     __end_of_I2C_DO_ADDRESS_NACK:
  3520                           
  3521                           	psect	text23
  3522     0410                     __ptext23:	
  3523 ;; *************** function _I2C_DO_RESET *****************
  3524 ;; Defined at:
  3525 ;;		line 494 in file "D:\work_pic\LCD_I2C.X\mcc_generated_files\i2c_master.c"
  3526 ;; Parameters:    Size  Location     Type
  3527 ;;		None
  3528 ;; Auto vars:     Size  Location     Type
  3529 ;;		None
  3530 ;; Return value:  Size  Location     Type
  3531 ;;                  1    wreg      enum E3183
  3532 ;; Registers used:
  3533 ;;		wreg, status,2
  3534 ;; Tracked objects:
  3535 ;;		On entry : 0/0
  3536 ;;		On exit  : 0/0
  3537 ;;		Unchanged: 0/0
  3538 ;; Data sizes:     COMMON   BANK0   BANK1   BANK2   BANK3   BANK4   BANK5   BANK6
  3539 ;;      Params:         0       0       0       0       0       0       0       0
  3540 ;;      Locals:         0       0       0       0       0       0       0       0
  3541 ;;      Temps:          0       0       0       0       0       0       0       0
  3542 ;;      Totals:         0       0       0       0       0       0       0       0
  3543 ;;Total ram usage:        0 bytes
  3544 ;; Hardware stack levels used: 1
  3545 ;; This function calls:
  3546 ;;		Nothing
  3547 ;; This function is called by:
  3548 ;;		_I2C_MasterFsm
  3549 ;; This function uses a non-reentrant model
  3550 ;;
  3551                           
  3552     0410                     _I2C_DO_RESET:	
  3553                           ;psect for function _I2C_DO_RESET
  3554                           
  3555     0410                     l2121:	
  3556                           ;incstack = 0
  3557                           ; Regs used in _I2C_DO_RESET: [wreg+status,2]
  3558                           
  3559                           
  3560                           ;D:\work_pic\LCD_I2C.X\mcc_generated_files\i2c_master.c: 496:     I2C_Status.busy = 0;
  3561     0410  0020               	movlb	0	; select bank0
  3562     0411  10BC               	bcf	_I2C_Status+28,1
  3563     0412                     l2123:
  3564                           
  3565                           ;D:\work_pic\LCD_I2C.X\mcc_generated_files\i2c_master.c: 497:     I2C_Status.error = I2C
      +                          _NOERR;
  3566     0412  01BB               	clrf	_I2C_Status+27
  3567     0413                     l2125:
  3568                           
  3569                           ;D:\work_pic\LCD_I2C.X\mcc_generated_files\i2c_master.c: 498:     return I2C_RESET;
  3570     0413  300E               	movlw	14
  3571     0414                     l394:
  3572     0414  0008               	return
  3573     0415                     __end_of_I2C_DO_RESET:
  3574                           
  3575                           	psect	text24
  3576     040B                     __ptext24:	
  3577 ;; *************** function _I2C_DO_RX_NACK_RESTART *****************
  3578 ;; Defined at:
  3579 ;;		line 488 in file "D:\work_pic\LCD_I2C.X\mcc_generated_files\i2c_master.c"
  3580 ;; Parameters:    Size  Location     Type
  3581 ;;		None
  3582 ;; Auto vars:     Size  Location     Type
  3583 ;;		None
  3584 ;; Return value:  Size  Location     Type
  3585 ;;                  1    wreg      enum E3183
  3586 ;; Registers used:
  3587 ;;		wreg, status,2, status,0, pclath, cstack
  3588 ;; Tracked objects:
  3589 ;;		On entry : 0/0
  3590 ;;		On exit  : 0/0
  3591 ;;		Unchanged: 0/0
  3592 ;; Data sizes:     COMMON   BANK0   BANK1   BANK2   BANK3   BANK4   BANK5   BANK6
  3593 ;;      Params:         0       0       0       0       0       0       0       0
  3594 ;;      Locals:         0       0       0       0       0       0       0       0
  3595 ;;      Temps:          0       0       0       0       0       0       0       0
  3596 ;;      Totals:         0       0       0       0       0       0       0       0
  3597 ;;Total ram usage:        0 bytes
  3598 ;; Hardware stack levels used: 1
  3599 ;; Hardware stack levels required when called: 1
  3600 ;; This function calls:
  3601 ;;		_I2C_MasterSendNack
  3602 ;; This function is called by:
  3603 ;;		_I2C_DO_RX
  3604 ;;		_I2C_MasterFsm
  3605 ;; This function uses a non-reentrant model
  3606 ;;
  3607                           
  3608     040B                     _I2C_DO_RX_NACK_RESTART:	
  3609                           ;psect for function _I2C_DO_RX_NACK_RESTART
  3610                           
  3611     040B                     l1963:	
  3612                           ;incstack = 0
  3613                           ; Regs used in _I2C_DO_RX_NACK_RESTART: [wreg+status,2+status,0+pclath+cstack]
  3614                           
  3615                           
  3616                           ;D:\work_pic\LCD_I2C.X\mcc_generated_files\i2c_master.c: 490:     I2C_MasterSendNack();
  3617     040B  3183  23D3  3184   	fcall	_I2C_MasterSendNack
  3618     040E                     l1965:
  3619                           
  3620                           ;D:\work_pic\LCD_I2C.X\mcc_generated_files\i2c_master.c: 491:     return I2C_SEND_RESTAR
      +                          T;
  3621     040E  3009               	movlw	9
  3622     040F                     l391:
  3623     040F  0008               	return
  3624     0410                     __end_of_I2C_DO_RX_NACK_RESTART:
  3625                           
  3626                           	psect	text25
  3627     0406                     __ptext25:	
  3628 ;; *************** function _I2C_DO_RX_NACK_STOP *****************
  3629 ;; Defined at:
  3630 ;;		line 482 in file "D:\work_pic\LCD_I2C.X\mcc_generated_files\i2c_master.c"
  3631 ;; Parameters:    Size  Location     Type
  3632 ;;		None
  3633 ;; Auto vars:     Size  Location     Type
  3634 ;;		None
  3635 ;; Return value:  Size  Location     Type
  3636 ;;                  1    wreg      enum E3183
  3637 ;; Registers used:
  3638 ;;		wreg, status,2, status,0, pclath, cstack
  3639 ;; Tracked objects:
  3640 ;;		On entry : 0/0
  3641 ;;		On exit  : 0/0
  3642 ;;		Unchanged: 0/0
  3643 ;; Data sizes:     COMMON   BANK0   BANK1   BANK2   BANK3   BANK4   BANK5   BANK6
  3644 ;;      Params:         0       0       0       0       0       0       0       0
  3645 ;;      Locals:         0       0       0       0       0       0       0       0
  3646 ;;      Temps:          0       0       0       0       0       0       0       0
  3647 ;;      Totals:         0       0       0       0       0       0       0       0
  3648 ;;Total ram usage:        0 bytes
  3649 ;; Hardware stack levels used: 1
  3650 ;; Hardware stack levels required when called: 1
  3651 ;; This function calls:
  3652 ;;		_I2C_MasterSendNack
  3653 ;; This function is called by:
  3654 ;;		_I2C_DO_RX
  3655 ;;		_I2C_MasterFsm
  3656 ;; This function uses a non-reentrant model
  3657 ;;
  3658                           
  3659     0406                     _I2C_DO_RX_NACK_STOP:	
  3660                           ;psect for function _I2C_DO_RX_NACK_STOP
  3661                           
  3662     0406                     l1969:	
  3663                           ;incstack = 0
  3664                           ; Regs used in _I2C_DO_RX_NACK_STOP: [wreg+status,2+status,0+pclath+cstack]
  3665                           
  3666                           
  3667                           ;D:\work_pic\LCD_I2C.X\mcc_generated_files\i2c_master.c: 484:     I2C_MasterSendNack();
  3668     0406  3183  23D3  3184   	fcall	_I2C_MasterSendNack
  3669     0409                     l1971:
  3670                           
  3671                           ;D:\work_pic\LCD_I2C.X\mcc_generated_files\i2c_master.c: 485:     return I2C_SEND_STOP;
  3672     0409  300A               	movlw	10
  3673     040A                     l388:
  3674     040A  0008               	return
  3675     040B                     __end_of_I2C_DO_RX_NACK_STOP:
  3676                           
  3677                           	psect	text26
  3678     0401                     __ptext26:	
  3679 ;; *************** function _I2C_DO_RX_ACK *****************
  3680 ;; Defined at:
  3681 ;;		line 475 in file "D:\work_pic\LCD_I2C.X\mcc_generated_files\i2c_master.c"
  3682 ;; Parameters:    Size  Location     Type
  3683 ;;		None
  3684 ;; Auto vars:     Size  Location     Type
  3685 ;;		None
  3686 ;; Return value:  Size  Location     Type
  3687 ;;                  1    wreg      enum E3183
  3688 ;; Registers used:
  3689 ;;		wreg, status,2, status,0, pclath, cstack
  3690 ;; Tracked objects:
  3691 ;;		On entry : 0/0
  3692 ;;		On exit  : 0/0
  3693 ;;		Unchanged: 0/0
  3694 ;; Data sizes:     COMMON   BANK0   BANK1   BANK2   BANK3   BANK4   BANK5   BANK6
  3695 ;;      Params:         0       0       0       0       0       0       0       0
  3696 ;;      Locals:         0       0       0       0       0       0       0       0
  3697 ;;      Temps:          0       0       0       0       0       0       0       0
  3698 ;;      Totals:         0       0       0       0       0       0       0       0
  3699 ;;Total ram usage:        0 bytes
  3700 ;; Hardware stack levels used: 1
  3701 ;; Hardware stack levels required when called: 1
  3702 ;; This function calls:
  3703 ;;		_I2C_MasterSendAck
  3704 ;; This function is called by:
  3705 ;;		_I2C_MasterFsm
  3706 ;; This function uses a non-reentrant model
  3707 ;;
  3708                           
  3709     0401                     _I2C_DO_RX_ACK:	
  3710                           ;psect for function _I2C_DO_RX_ACK
  3711                           
  3712     0401                     l2115:	
  3713                           ;incstack = 0
  3714                           ; Regs used in _I2C_DO_RX_ACK: [wreg+status,2+status,0+pclath+cstack]
  3715                           
  3716                           
  3717                           ;D:\work_pic\LCD_I2C.X\mcc_generated_files\i2c_master.c: 477:     I2C_MasterSendAck();
  3718     0401  3183  23D7  3184   	fcall	_I2C_MasterSendAck
  3719     0404                     l2117:
  3720                           
  3721                           ;D:\work_pic\LCD_I2C.X\mcc_generated_files\i2c_master.c: 478:     return I2C_RCEN;
  3722     0404  3005               	movlw	5
  3723     0405                     l385:
  3724     0405  0008               	return
  3725     0406                     __end_of_I2C_DO_RX_ACK:
  3726                           
  3727                           	psect	text27
  3728     03FC                     __ptext27:	
  3729 ;; *************** function _I2C_DO_SEND_STOP *****************
  3730 ;; Defined at:
  3731 ;;		line 469 in file "D:\work_pic\LCD_I2C.X\mcc_generated_files\i2c_master.c"
  3732 ;; Parameters:    Size  Location     Type
  3733 ;;		None
  3734 ;; Auto vars:     Size  Location     Type
  3735 ;;		None
  3736 ;; Return value:  Size  Location     Type
  3737 ;;                  1    wreg      enum E3183
  3738 ;; Registers used:
  3739 ;;		wreg, status,2, status,0, pclath, cstack
  3740 ;; Tracked objects:
  3741 ;;		On entry : 0/0
  3742 ;;		On exit  : 0/0
  3743 ;;		Unchanged: 0/0
  3744 ;; Data sizes:     COMMON   BANK0   BANK1   BANK2   BANK3   BANK4   BANK5   BANK6
  3745 ;;      Params:         0       0       0       0       0       0       0       0
  3746 ;;      Locals:         0       0       0       0       0       0       0       0
  3747 ;;      Temps:          0       0       0       0       0       0       0       0
  3748 ;;      Totals:         0       0       0       0       0       0       0       0
  3749 ;;Total ram usage:        0 bytes
  3750 ;; Hardware stack levels used: 1
  3751 ;; Hardware stack levels required when called: 1
  3752 ;; This function calls:
  3753 ;;		_I2C_MasterStop
  3754 ;; This function is called by:
  3755 ;;		_I2C_DO_TX
  3756 ;;		_I2C_DO_TX_EMPTY
  3757 ;;		_I2C_DO_ADDRESS_NACK
  3758 ;;		_I2C_MasterFsm
  3759 ;; This function uses a non-reentrant model
  3760 ;;
  3761                           
  3762     03FC                     _I2C_DO_SEND_STOP:	
  3763                           ;psect for function _I2C_DO_SEND_STOP
  3764                           
  3765     03FC                     l1951:	
  3766                           ;incstack = 0
  3767                           ; Regs used in _I2C_DO_SEND_STOP: [wreg+status,2+status,0+pclath+cstack]
  3768                           
  3769                           
  3770                           ;D:\work_pic\LCD_I2C.X\mcc_generated_files\i2c_master.c: 471:     I2C_MasterStop();
  3771     03FC  3183  23C7  3183   	fcall	_I2C_MasterStop
  3772     03FF                     l1953:
  3773                           
  3774                           ;D:\work_pic\LCD_I2C.X\mcc_generated_files\i2c_master.c: 472:     return I2C_IDLE;
  3775     03FF  3000               	movlw	0
  3776     0400                     l382:
  3777     0400  0008               	return
  3778     0401                     __end_of_I2C_DO_SEND_STOP:
  3779                           
  3780                           	psect	text28
  3781     03F7                     __ptext28:	
  3782 ;; *************** function _I2C_DO_SEND_RESTART *****************
  3783 ;; Defined at:
  3784 ;;		line 463 in file "D:\work_pic\LCD_I2C.X\mcc_generated_files\i2c_master.c"
  3785 ;; Parameters:    Size  Location     Type
  3786 ;;		None
  3787 ;; Auto vars:     Size  Location     Type
  3788 ;;		None
  3789 ;; Return value:  Size  Location     Type
  3790 ;;                  1    wreg      enum E3183
  3791 ;; Registers used:
  3792 ;;		wreg, status,2, status,0, pclath, cstack
  3793 ;; Tracked objects:
  3794 ;;		On entry : 0/0
  3795 ;;		On exit  : 0/0
  3796 ;;		Unchanged: 0/0
  3797 ;; Data sizes:     COMMON   BANK0   BANK1   BANK2   BANK3   BANK4   BANK5   BANK6
  3798 ;;      Params:         0       0       0       0       0       0       0       0
  3799 ;;      Locals:         0       0       0       0       0       0       0       0
  3800 ;;      Temps:          0       0       0       0       0       0       0       0
  3801 ;;      Totals:         0       0       0       0       0       0       0       0
  3802 ;;Total ram usage:        0 bytes
  3803 ;; Hardware stack levels used: 1
  3804 ;; Hardware stack levels required when called: 1
  3805 ;; This function calls:
  3806 ;;		_I2C_MasterEnableRestart
  3807 ;; This function is called by:
  3808 ;;		_I2C_DO_TX_EMPTY
  3809 ;;		_I2C_DO_ADDRESS_NACK
  3810 ;;		_I2C_MasterFsm
  3811 ;; This function uses a non-reentrant model
  3812 ;;
  3813                           
  3814     03F7                     _I2C_DO_SEND_RESTART:	
  3815                           ;psect for function _I2C_DO_SEND_RESTART
  3816                           
  3817     03F7                     l1977:	
  3818                           ;incstack = 0
  3819                           ; Regs used in _I2C_DO_SEND_RESTART: [wreg+status,2+status,0+pclath+cstack]
  3820                           
  3821                           
  3822                           ;D:\work_pic\LCD_I2C.X\mcc_generated_files\i2c_master.c: 465:     I2C_MasterEnableRestar
      +                          t();
  3823     03F7  3183  23C4  3183   	fcall	_I2C_MasterEnableRestart
  3824     03FA                     l1979:
  3825                           
  3826                           ;D:\work_pic\LCD_I2C.X\mcc_generated_files\i2c_master.c: 466:     return I2C_SEND_ADR_RE
      +                          AD;
  3827     03FA  3001               	movlw	1
  3828     03FB                     l379:
  3829     03FB  0008               	return
  3830     03FC                     __end_of_I2C_DO_SEND_RESTART:
  3831                           
  3832                           	psect	text29
  3833     03F2                     __ptext29:	
  3834 ;; *************** function _I2C_DO_SEND_RESTART_WRITE *****************
  3835 ;; Defined at:
  3836 ;;		line 456 in file "D:\work_pic\LCD_I2C.X\mcc_generated_files\i2c_master.c"
  3837 ;; Parameters:    Size  Location     Type
  3838 ;;		None
  3839 ;; Auto vars:     Size  Location     Type
  3840 ;;		None
  3841 ;; Return value:  Size  Location     Type
  3842 ;;                  1    wreg      enum E3183
  3843 ;; Registers used:
  3844 ;;		wreg, status,2, status,0, pclath, cstack
  3845 ;; Tracked objects:
  3846 ;;		On entry : 0/0
  3847 ;;		On exit  : 0/0
  3848 ;;		Unchanged: 0/0
  3849 ;; Data sizes:     COMMON   BANK0   BANK1   BANK2   BANK3   BANK4   BANK5   BANK6
  3850 ;;      Params:         0       0       0       0       0       0       0       0
  3851 ;;      Locals:         0       0       0       0       0       0       0       0
  3852 ;;      Temps:          0       0       0       0       0       0       0       0
  3853 ;;      Totals:         0       0       0       0       0       0       0       0
  3854 ;;Total ram usage:        0 bytes
  3855 ;; Hardware stack levels used: 1
  3856 ;; Hardware stack levels required when called: 1
  3857 ;; This function calls:
  3858 ;;		_I2C_MasterEnableRestart
  3859 ;; This function is called by:
  3860 ;;		_I2C_DO_TX
  3861 ;;		_I2C_MasterFsm
  3862 ;; This function uses a non-reentrant model
  3863 ;;
  3864                           
  3865     03F2                     _I2C_DO_SEND_RESTART_WRITE:	
  3866                           ;psect for function _I2C_DO_SEND_RESTART_WRITE
  3867                           
  3868     03F2                     l1945:	
  3869                           ;incstack = 0
  3870                           ; Regs used in _I2C_DO_SEND_RESTART_WRITE: [wreg+status,2+status,0+pclath+cstack]
  3871                           
  3872                           
  3873                           ;D:\work_pic\LCD_I2C.X\mcc_generated_files\i2c_master.c: 458:     I2C_MasterEnableRestar
      +                          t();
  3874     03F2  3183  23C4  3183   	fcall	_I2C_MasterEnableRestart
  3875     03F5                     l1947:
  3876                           
  3877                           ;D:\work_pic\LCD_I2C.X\mcc_generated_files\i2c_master.c: 459:     return I2C_SEND_ADR_WR
      +                          ITE;
  3878     03F5  3002               	movlw	2
  3879     03F6                     l376:
  3880     03F6  0008               	return
  3881     03F7                     __end_of_I2C_DO_SEND_RESTART_WRITE:
  3882                           
  3883                           	psect	text30
  3884     03ED                     __ptext30:	
  3885 ;; *************** function _I2C_DO_SEND_RESTART_READ *****************
  3886 ;; Defined at:
  3887 ;;		line 450 in file "D:\work_pic\LCD_I2C.X\mcc_generated_files\i2c_master.c"
  3888 ;; Parameters:    Size  Location     Type
  3889 ;;		None
  3890 ;; Auto vars:     Size  Location     Type
  3891 ;;		None
  3892 ;; Return value:  Size  Location     Type
  3893 ;;                  1    wreg      enum E3183
  3894 ;; Registers used:
  3895 ;;		wreg, status,2, status,0, pclath, cstack
  3896 ;; Tracked objects:
  3897 ;;		On entry : 0/0
  3898 ;;		On exit  : 0/0
  3899 ;;		Unchanged: 0/0
  3900 ;; Data sizes:     COMMON   BANK0   BANK1   BANK2   BANK3   BANK4   BANK5   BANK6
  3901 ;;      Params:         0       0       0       0       0       0       0       0
  3902 ;;      Locals:         0       0       0       0       0       0       0       0
  3903 ;;      Temps:          0       0       0       0       0       0       0       0
  3904 ;;      Totals:         0       0       0       0       0       0       0       0
  3905 ;;Total ram usage:        0 bytes
  3906 ;; Hardware stack levels used: 1
  3907 ;; Hardware stack levels required when called: 1
  3908 ;; This function calls:
  3909 ;;		_I2C_MasterEnableRestart
  3910 ;; This function is called by:
  3911 ;;		_I2C_DO_TX
  3912 ;;		_I2C_MasterFsm
  3913 ;; This function uses a non-reentrant model
  3914 ;;
  3915                           
  3916     03ED                     _I2C_DO_SEND_RESTART_READ:	
  3917                           ;psect for function _I2C_DO_SEND_RESTART_READ
  3918                           
  3919     03ED                     l1939:	
  3920                           ;incstack = 0
  3921                           ; Regs used in _I2C_DO_SEND_RESTART_READ: [wreg+status,2+status,0+pclath+cstack]
  3922                           
  3923                           
  3924                           ;D:\work_pic\LCD_I2C.X\mcc_generated_files\i2c_master.c: 452:     I2C_MasterEnableRestar
      +                          t();
  3925     03ED  3183  23C4  3183   	fcall	_I2C_MasterEnableRestart
  3926     03F0                     l1941:
  3927                           
  3928                           ;D:\work_pic\LCD_I2C.X\mcc_generated_files\i2c_master.c: 453:     return I2C_SEND_ADR_RE
      +                          AD;
  3929     03F0  3001               	movlw	1
  3930     03F1                     l373:
  3931     03F1  0008               	return
  3932     03F2                     __end_of_I2C_DO_SEND_RESTART_READ:
  3933                           
  3934                           	psect	text31
  3935     042C                     __ptext31:	
  3936 ;; *************** function _I2C_DO_RCEN *****************
  3937 ;; Defined at:
  3938 ;;		line 402 in file "D:\work_pic\LCD_I2C.X\mcc_generated_files\i2c_master.c"
  3939 ;; Parameters:    Size  Location     Type
  3940 ;;		None
  3941 ;; Auto vars:     Size  Location     Type
  3942 ;;		None
  3943 ;; Return value:  Size  Location     Type
  3944 ;;                  1    wreg      enum E3183
  3945 ;; Registers used:
  3946 ;;		wreg, status,2, status,0, pclath, cstack
  3947 ;; Tracked objects:
  3948 ;;		On entry : 0/0
  3949 ;;		On exit  : 0/0
  3950 ;;		Unchanged: 0/0
  3951 ;; Data sizes:     COMMON   BANK0   BANK1   BANK2   BANK3   BANK4   BANK5   BANK6
  3952 ;;      Params:         0       0       0       0       0       0       0       0
  3953 ;;      Locals:         0       0       0       0       0       0       0       0
  3954 ;;      Temps:          0       0       0       0       0       0       0       0
  3955 ;;      Totals:         0       0       0       0       0       0       0       0
  3956 ;;Total ram usage:        0 bytes
  3957 ;; Hardware stack levels used: 1
  3958 ;; Hardware stack levels required when called: 1
  3959 ;; This function calls:
  3960 ;;		_I2C_MasterStartRx
  3961 ;; This function is called by:
  3962 ;;		_I2C_MasterFsm
  3963 ;; This function uses a non-reentrant model
  3964 ;;
  3965                           
  3966     042C                     _I2C_DO_RCEN:	
  3967                           ;psect for function _I2C_DO_RCEN
  3968                           
  3969     042C                     l2083:	
  3970                           ;incstack = 0
  3971                           ; Regs used in _I2C_DO_RCEN: [wreg+status,2+status,0+pclath+cstack]
  3972                           
  3973                           
  3974                           ;D:\work_pic\LCD_I2C.X\mcc_generated_files\i2c_master.c: 404:     I2C_Status.addressNack
      +                          Check = 0;
  3975     042C  0020               	movlb	0	; select bank0
  3976     042D  103C               	bcf	_I2C_Status+28,0
  3977     042E                     l2085:
  3978                           
  3979                           ;D:\work_pic\LCD_I2C.X\mcc_generated_files\i2c_master.c: 405:     I2C_MasterStartRx();
  3980     042E  3183  23CA  3184   	fcall	_I2C_MasterStartRx
  3981     0431                     l2087:
  3982                           
  3983                           ;D:\work_pic\LCD_I2C.X\mcc_generated_files\i2c_master.c: 406:     return I2C_RX;
  3984     0431  3004               	movlw	4
  3985     0432                     l349:
  3986     0432  0008               	return
  3987     0433                     __end_of_I2C_DO_RCEN:
  3988                           
  3989                           	psect	text32
  3990     06FF                     __ptext32:	
  3991 ;; *************** function _I2C_DO_RX *****************
  3992 ;; Defined at:
  3993 ;;		line 378 in file "D:\work_pic\LCD_I2C.X\mcc_generated_files\i2c_master.c"
  3994 ;; Parameters:    Size  Location     Type
  3995 ;;		None
  3996 ;; Auto vars:     Size  Location     Type
  3997 ;;		None
  3998 ;; Return value:  Size  Location     Type
  3999 ;;                  1    wreg      enum E3183
  4000 ;; Registers used:
  4001 ;;		wreg, fsr0l, fsr0h, fsr1l, fsr1h, status,2, status,0, pclath, cstack
  4002 ;; Tracked objects:
  4003 ;;		On entry : 0/0
  4004 ;;		On exit  : 0/0
  4005 ;;		Unchanged: 0/0
  4006 ;; Data sizes:     COMMON   BANK0   BANK1   BANK2   BANK3   BANK4   BANK5   BANK6
  4007 ;;      Params:         0       0       0       0       0       0       0       0
  4008 ;;      Locals:         0       0       0       0       0       0       0       0
  4009 ;;      Temps:          2       0       0       0       0       0       0       0
  4010 ;;      Totals:         2       0       0       0       0       0       0       0
  4011 ;;Total ram usage:        2 bytes
  4012 ;; Hardware stack levels used: 1
  4013 ;; Hardware stack levels required when called: 3
  4014 ;; This function calls:
  4015 ;;		NULL
  4016 ;;		_I2C_CallbackReturnReset
  4017 ;;		_I2C_CallbackReturnStop
  4018 ;;		_I2C_DO_RX_NACK_RESTART
  4019 ;;		_I2C_DO_RX_NACK_STOP
  4020 ;;		_I2C_MasterGetRxData
  4021 ;;		_I2C_MasterSendAck
  4022 ;;		_rd1RegCompleteHandler
  4023 ;;		_rd2RegCompleteHandler
  4024 ;;		_rdBlkRegCompleteHandler
  4025 ;;		_wr1RegCompleteHandler
  4026 ;;		_wr2RegCompleteHandler
  4027 ;; This function is called by:
  4028 ;;		_I2C_MasterFsm
  4029 ;; This function uses a non-reentrant model
  4030 ;;
  4031                           
  4032     06FF                     _I2C_DO_RX:	
  4033                           ;psect for function _I2C_DO_RX
  4034                           
  4035     06FF                     l2053:	
  4036                           ;incstack = 0
  4037                           ; Regs used in _I2C_DO_RX: [wreg-fsr1h+status,2+status,0+pclath+cstack]
  4038                           
  4039                           
  4040                           ;D:\work_pic\LCD_I2C.X\mcc_generated_files\i2c_master.c: 380:     *I2C_Status.data_ptr++
      +                           = I2C_MasterGetRxData();
  4041     06FF  0020               	movlb	0	; select bank0
  4042     0700  0837               	movf	low ((_I2C_Status| 0+23)),w
  4043     0701  0086               	movwf	6
  4044     0702  0187               	clrf	7
  4045     0703  3183  23CD  3186   	fcall	_I2C_MasterGetRxData
  4046     0706  0081               	movwf	1
  4047     0707                     l2055:
  4048     0707  3001               	movlw	1
  4049     0708  00F8               	movwf	??_I2C_DO_RX
  4050     0709  0878               	movf	??_I2C_DO_RX,w
  4051     070A  0020               	movlb	0	; select bank0
  4052     070B  07B7               	addwf	low ((_I2C_Status| 0+23)),f
  4053     070C                     l2057:
  4054                           
  4055                           ;D:\work_pic\LCD_I2C.X\mcc_generated_files\i2c_master.c: 381:     if(--I2C_Status.data_l
      +                          ength)
  4056     070C  3001               	movlw	1
  4057     070D  02B8               	subwf	_I2C_Status+24,f
  4058     070E  3000               	movlw	0
  4059     070F  3BB9               	subwfb	_I2C_Status+25,f
  4060     0710  0838               	movf	_I2C_Status+24,w
  4061     0711  0439               	iorwf	_I2C_Status+25,w
  4062     0712  1903               	btfsc	3,2
  4063     0713  2F15               	goto	u391
  4064     0714  2F16               	goto	u390
  4065     0715                     u391:
  4066     0715  2F1B               	goto	l337
  4067     0716                     u390:
  4068     0716                     l2059:
  4069                           
  4070                           ;D:\work_pic\LCD_I2C.X\mcc_generated_files\i2c_master.c: 382:     {;D:\work_pic\LCD_I2C.
      +                          X\mcc_generated_files\i2c_master.c: 383:         I2C_MasterSendAck();
  4071     0716  3183  23D7  3186   	fcall	_I2C_MasterSendAck
  4072     0719                     l2061:
  4073                           
  4074                           ;D:\work_pic\LCD_I2C.X\mcc_generated_files\i2c_master.c: 384:         return I2C_RCEN;
  4075     0719  3005               	movlw	5
  4076     071A  2F41               	goto	l338
  4077     071B                     l337:	
  4078                           ;D:\work_pic\LCD_I2C.X\mcc_generated_files\i2c_master.c: 386:     else
  4079                           
  4080                           
  4081                           ;D:\work_pic\LCD_I2C.X\mcc_generated_files\i2c_master.c: 387:     {;D:\work_pic\LCD_I2C.
      +                          X\mcc_generated_files\i2c_master.c: 388:         I2C_Status.bufferFree = 1;
  4082     071B  15BC               	bsf	_I2C_Status+28,3
  4083                           
  4084                           ;D:\work_pic\LCD_I2C.X\mcc_generated_files\i2c_master.c: 389:         switch(I2C_Status.
      +                          callbackTable[I2C_DATA_COMPLETE](I2C_Status.callbackPayload[I2C_DATA_COMPLETE]))
  4085     071C  2F25               	goto	l2077
  4086     071D                     l2067:
  4087                           
  4088                           ;D:\work_pic\LCD_I2C.X\mcc_generated_files\i2c_master.c: 393:                 return I2C
      +                          _DO_RX_NACK_RESTART();
  4089     071D  3184  240B  3186   	fcall	_I2C_DO_RX_NACK_RESTART
  4090     0720  2F41               	goto	l338
  4091     0721                     l2071:
  4092                           
  4093                           ;D:\work_pic\LCD_I2C.X\mcc_generated_files\i2c_master.c: 397:                 return I2C
      +                          _DO_RX_NACK_STOP();
  4094     0721  3184  2406  3186   	fcall	_I2C_DO_RX_NACK_STOP
  4095     0724  2F41               	goto	l338
  4096     0725                     l2077:
  4097     0725  082C               	movf	low ((_I2C_Status| 0+12)),w
  4098     0726  00F7               	movwf	I2C_CallbackReturnReset@funPtr
  4099     0727  0821               	movf	_I2C_Status+1,w
  4100     0728  008A               	movwf	10
  4101     0729  0820               	movf	_I2C_Status,w
  4102     072A  000A               	callw
  4103     072B  3186               	pagesel	$
  4104     072C  00F8               	movwf	??_I2C_DO_RX
  4105     072D  01F9               	clrf	??_I2C_DO_RX+1
  4106                           
  4107                           ; Switch on 2 bytes has been partitioned into a top level switch of size 1, and 1 sub-sw
      +                          itches
  4108                           ; Switch size 1, requested type "simple"
  4109                           ; Number of cases is 1, Range of values is 0 to 0
  4110                           ; switch strategies available:
  4111                           ; Name         Instructions Cycles
  4112                           ; simple_byte            4     3 (average)
  4113                           ; direct_byte            8     6 (fixed)
  4114                           ; jumptable            260     6 (fixed)
  4115                           ;	Chosen strategy is simple_byte
  4116     072E  0879               	movf	??_I2C_DO_RX+1,w
  4117     072F  3A00               	xorlw	0	; case 0
  4118     0730  1903               	skipnz
  4119     0731  2F33               	goto	l2547
  4120     0732  2F21               	goto	l2071
  4121     0733                     l2547:
  4122                           
  4123                           ; Switch size 1, requested type "simple"
  4124                           ; Number of cases is 4, Range of values is 1 to 4
  4125                           ; switch strategies available:
  4126                           ; Name         Instructions Cycles
  4127                           ; simple_byte           13     7 (average)
  4128                           ; direct_byte           17     9 (fixed)
  4129                           ; jumptable            263     9 (fixed)
  4130                           ;	Chosen strategy is simple_byte
  4131     0733  0878               	movf	??_I2C_DO_RX,w
  4132     0734  3A01               	xorlw	1	; case 1
  4133     0735  1903               	skipnz
  4134     0736  2F21               	goto	l2071
  4135     0737  3A03               	xorlw	3	; case 2
  4136     0738  1903               	skipnz
  4137     0739  2F1D               	goto	l2067
  4138     073A  3A01               	xorlw	1	; case 3
  4139     073B  1903               	skipnz
  4140     073C  2F1D               	goto	l2067
  4141     073D  3A07               	xorlw	7	; case 4
  4142     073E  1903               	skipnz
  4143     073F  2F21               	goto	l2071
  4144     0740  2F21               	goto	l2071
  4145     0741                     l338:
  4146     0741  0008               	return
  4147     0742                     __end_of_I2C_DO_RX:
  4148                           
  4149                           	psect	text33
  4150     0792                     __ptext33:	
  4151 ;; *************** function _I2C_DO_TX *****************
  4152 ;; Defined at:
  4153 ;;		line 354 in file "D:\work_pic\LCD_I2C.X\mcc_generated_files\i2c_master.c"
  4154 ;; Parameters:    Size  Location     Type
  4155 ;;		None
  4156 ;; Auto vars:     Size  Location     Type
  4157 ;;		None
  4158 ;; Return value:  Size  Location     Type
  4159 ;;                  1    wreg      enum E3183
  4160 ;; Registers used:
  4161 ;;		wreg, fsr0l, fsr0h, fsr1l, fsr1h, status,2, status,0, pclath, cstack
  4162 ;; Tracked objects:
  4163 ;;		On entry : 0/0
  4164 ;;		On exit  : 0/0
  4165 ;;		Unchanged: 0/0
  4166 ;; Data sizes:     COMMON   BANK0   BANK1   BANK2   BANK3   BANK4   BANK5   BANK6
  4167 ;;      Params:         0       0       0       0       0       0       0       0
  4168 ;;      Locals:         0       0       0       0       0       0       0       0
  4169 ;;      Temps:          2       0       0       0       0       0       0       0
  4170 ;;      Totals:         2       0       0       0       0       0       0       0
  4171 ;;Total ram usage:        2 bytes
  4172 ;; Hardware stack levels used: 1
  4173 ;; Hardware stack levels required when called: 3
  4174 ;; This function calls:
  4175 ;;		NULL
  4176 ;;		_I2C_CallbackReturnReset
  4177 ;;		_I2C_CallbackReturnStop
  4178 ;;		_I2C_DO_SEND_RESTART_READ
  4179 ;;		_I2C_DO_SEND_RESTART_WRITE
  4180 ;;		_I2C_DO_SEND_STOP
  4181 ;;		_I2C_MasterIsNack
  4182 ;;		_I2C_MasterSendTxData
  4183 ;;		_rd1RegCompleteHandler
  4184 ;;		_rd2RegCompleteHandler
  4185 ;;		_rdBlkRegCompleteHandler
  4186 ;;		_wr1RegCompleteHandler
  4187 ;;		_wr2RegCompleteHandler
  4188 ;; This function is called by:
  4189 ;;		_I2C_MasterFsm
  4190 ;; This function uses a non-reentrant model
  4191 ;;
  4192                           
  4193     0792                     _I2C_DO_TX:	
  4194                           ;psect for function _I2C_DO_TX
  4195                           
  4196     0792                     l2019:	
  4197                           ;incstack = 0
  4198                           ; Regs used in _I2C_DO_TX: [wreg-fsr1h+status,2+status,0+pclath+cstack]
  4199                           
  4200                           
  4201                           ;D:\work_pic\LCD_I2C.X\mcc_generated_files\i2c_master.c: 356:     if(I2C_MasterIsNack())
  4202     0792  3184  241A  3187   	fcall	_I2C_MasterIsNack
  4203     0795  3A00               	xorlw	0
  4204     0796  1903               	skipnz
  4205     0797  2F99               	goto	u371
  4206     0798  2F9A               	goto	u370
  4207     0799                     u371:
  4208     0799  2FC8               	goto	l321
  4209     079A                     u370:
  4210     079A  2FA7               	goto	l2037
  4211     079B                     l2023:
  4212                           
  4213                           ;D:\work_pic\LCD_I2C.X\mcc_generated_files\i2c_master.c: 361:                 return I2C
      +                          _DO_SEND_RESTART_READ();
  4214     079B  3183  23ED  3187   	fcall	_I2C_DO_SEND_RESTART_READ
  4215     079E  2FE4               	goto	l324
  4216     079F                     l2027:
  4217                           
  4218                           ;D:\work_pic\LCD_I2C.X\mcc_generated_files\i2c_master.c: 363:                   return I
      +                          2C_DO_SEND_RESTART_WRITE();
  4219     079F  3183  23F2  3187   	fcall	_I2C_DO_SEND_RESTART_WRITE
  4220     07A2  2FE4               	goto	l324
  4221     07A3                     l2031:
  4222                           
  4223                           ;D:\work_pic\LCD_I2C.X\mcc_generated_files\i2c_master.c: 367:                 return I2C
      +                          _DO_SEND_STOP();
  4224     07A3  3183  23FC  3187   	fcall	_I2C_DO_SEND_STOP
  4225     07A6  2FE4               	goto	l324
  4226     07A7                     l2037:
  4227     07A7  0020               	movlb	0	; select bank0
  4228     07A8  082F               	movf	low ((_I2C_Status| 0+15)),w
  4229     07A9  00F7               	movwf	I2C_CallbackReturnReset@funPtr
  4230     07AA  3006               	movlw	6
  4231     07AB  3E20               	addlw	(low (_I2C_Status| 0))& (0+255)
  4232     07AC  0086               	movwf	6
  4233     07AD  0187               	clrf	7
  4234     07AE  3F41               	moviw [1]fsr1
  4235     07AF  008A               	movwf	10
  4236     07B0  3F40               	moviw [0]fsr1
  4237     07B1  000A               	callw
  4238     07B2  3187               	pagesel	$
  4239     07B3  00F8               	movwf	??_I2C_DO_TX
  4240     07B4  01F9               	clrf	??_I2C_DO_TX+1
  4241                           
  4242                           ; Switch on 2 bytes has been partitioned into a top level switch of size 1, and 1 sub-sw
      +                          itches
  4243                           ; Switch size 1, requested type "simple"
  4244                           ; Number of cases is 1, Range of values is 0 to 0
  4245                           ; switch strategies available:
  4246                           ; Name         Instructions Cycles
  4247                           ; simple_byte            4     3 (average)
  4248                           ; direct_byte            8     6 (fixed)
  4249                           ; jumptable            260     6 (fixed)
  4250                           ;	Chosen strategy is simple_byte
  4251     07B5  0879               	movf	??_I2C_DO_TX+1,w
  4252     07B6  3A00               	xorlw	0	; case 0
  4253     07B7  1903               	skipnz
  4254     07B8  2FBA               	goto	l2549
  4255     07B9  2FA3               	goto	l2031
  4256     07BA                     l2549:
  4257                           
  4258                           ; Switch size 1, requested type "simple"
  4259                           ; Number of cases is 4, Range of values is 1 to 4
  4260                           ; switch strategies available:
  4261                           ; Name         Instructions Cycles
  4262                           ; simple_byte           13     7 (average)
  4263                           ; direct_byte           17     9 (fixed)
  4264                           ; jumptable            263     9 (fixed)
  4265                           ;	Chosen strategy is simple_byte
  4266     07BA  0878               	movf	??_I2C_DO_TX,w
  4267     07BB  3A01               	xorlw	1	; case 1
  4268     07BC  1903               	skipnz
  4269     07BD  2FA3               	goto	l2031
  4270     07BE  3A03               	xorlw	3	; case 2
  4271     07BF  1903               	skipnz
  4272     07C0  2F9B               	goto	l2023
  4273     07C1  3A01               	xorlw	1	; case 3
  4274     07C2  1903               	skipnz
  4275     07C3  2F9F               	goto	l2027
  4276     07C4  3A07               	xorlw	7	; case 4
  4277     07C5  1903               	skipnz
  4278     07C6  2FA3               	goto	l2031
  4279     07C7  2FA3               	goto	l2031
  4280     07C8                     l321:	
  4281                           ;D:\work_pic\LCD_I2C.X\mcc_generated_files\i2c_master.c: 370:     else
  4282                           
  4283                           
  4284                           ;D:\work_pic\LCD_I2C.X\mcc_generated_files\i2c_master.c: 371:     {;D:\work_pic\LCD_I2C.
      +                          X\mcc_generated_files\i2c_master.c: 372:         I2C_Status.addressNackCheck = 0;
  4285     07C8  0020               	movlb	0	; select bank0
  4286     07C9  103C               	bcf	_I2C_Status+28,0
  4287     07CA                     l2039:
  4288                           
  4289                           ;D:\work_pic\LCD_I2C.X\mcc_generated_files\i2c_master.c: 373:         I2C_MasterSendTxDa
      +                          ta(*I2C_Status.data_ptr++);
  4290     07CA  3017               	movlw	23
  4291     07CB  3E20               	addlw	(low (_I2C_Status| 0))& (0+255)
  4292     07CC  0086               	movwf	6
  4293     07CD  0187               	clrf	7
  4294     07CE  3F40               	moviw [0]fsr1
  4295     07CF  0084               	movwf	4
  4296     07D0  0185               	clrf	5
  4297     07D1  0A81               	incf	1,f
  4298     07D2  0800               	movf	0,w
  4299     07D3  3183  23E3  3187   	fcall	_I2C_MasterSendTxData
  4300     07D6                     l2041:
  4301                           
  4302                           ;D:\work_pic\LCD_I2C.X\mcc_generated_files\i2c_master.c: 374:         return (--I2C_Stat
      +                          us.data_length)?I2C_TX:I2C_TX_EMPTY;
  4303     07D6  3001               	movlw	1
  4304     07D7  0020               	movlb	0	; select bank0
  4305     07D8  02B8               	subwf	_I2C_Status+24,f
  4306     07D9  3000               	movlw	0
  4307     07DA  3BB9               	subwfb	_I2C_Status+25,f
  4308     07DB  0838               	movf	_I2C_Status+24,w
  4309     07DC  0439               	iorwf	_I2C_Status+25,w
  4310     07DD  1D03               	btfss	3,2
  4311     07DE  2FE0               	goto	u381
  4312     07DF  2FE1               	goto	u380
  4313     07E0                     u381:
  4314     07E0  2FE3               	goto	l2045
  4315     07E1                     u380:
  4316     07E1                     l2043:
  4317     07E1  3006               	movlw	6
  4318     07E2  2FE4               	goto	l324
  4319     07E3                     l2045:
  4320     07E3  3003               	movlw	3
  4321     07E4                     l324:
  4322     07E4  0008               	return
  4323     07E5                     __end_of_I2C_DO_TX:
  4324                           
  4325                           	psect	text34
  4326     043A                     __ptext34:	
  4327 ;; *************** function _I2C_DO_SEND_ADR_WRITE *****************
  4328 ;; Defined at:
  4329 ;;		line 347 in file "D:\work_pic\LCD_I2C.X\mcc_generated_files\i2c_master.c"
  4330 ;; Parameters:    Size  Location     Type
  4331 ;;		None
  4332 ;; Auto vars:     Size  Location     Type
  4333 ;;		None
  4334 ;; Return value:  Size  Location     Type
  4335 ;;                  1    wreg      enum E3183
  4336 ;; Registers used:
  4337 ;;		wreg, status,2, status,0, pclath, cstack
  4338 ;; Tracked objects:
  4339 ;;		On entry : 0/0
  4340 ;;		On exit  : 0/0
  4341 ;;		Unchanged: 0/0
  4342 ;; Data sizes:     COMMON   BANK0   BANK1   BANK2   BANK3   BANK4   BANK5   BANK6
  4343 ;;      Params:         0       0       0       0       0       0       0       0
  4344 ;;      Locals:         0       0       0       0       0       0       0       0
  4345 ;;      Temps:          0       0       0       0       0       0       0       0
  4346 ;;      Totals:         0       0       0       0       0       0       0       0
  4347 ;;Total ram usage:        0 bytes
  4348 ;; Hardware stack levels used: 1
  4349 ;; Hardware stack levels required when called: 1
  4350 ;; This function calls:
  4351 ;;		_I2C_MasterSendTxData
  4352 ;; This function is called by:
  4353 ;;		_I2C_MasterFsm
  4354 ;; This function uses a non-reentrant model
  4355 ;;
  4356                           
  4357     043A                     _I2C_DO_SEND_ADR_WRITE:	
  4358                           ;psect for function _I2C_DO_SEND_ADR_WRITE
  4359                           
  4360     043A                     l2011:	
  4361                           ;incstack = 0
  4362                           ; Regs used in _I2C_DO_SEND_ADR_WRITE: [wreg+status,2+status,0+pclath+cstack]
  4363                           
  4364                           
  4365                           ;D:\work_pic\LCD_I2C.X\mcc_generated_files\i2c_master.c: 349:     I2C_Status.addressNack
      +                          Check = 1;
  4366     043A  0020               	movlb	0	; select bank0
  4367     043B  143C               	bsf	_I2C_Status+28,0
  4368     043C                     l2013:
  4369                           
  4370                           ;D:\work_pic\LCD_I2C.X\mcc_generated_files\i2c_master.c: 350:     I2C_MasterSendTxData((
      +                          uint8_t) (I2C_Status.address << 1));
  4371     043C  3536               	lslf	_I2C_Status+22,w
  4372     043D  3183  23E3  3184   	fcall	_I2C_MasterSendTxData
  4373     0440                     l2015:
  4374                           
  4375                           ;D:\work_pic\LCD_I2C.X\mcc_generated_files\i2c_master.c: 351:     return I2C_TX;
  4376     0440  3003               	movlw	3
  4377     0441                     l318:
  4378     0441  0008               	return
  4379     0442                     __end_of_I2C_DO_SEND_ADR_WRITE:
  4380                           
  4381                           	psect	text35
  4382     0442                     __ptext35:	
  4383 ;; *************** function _I2C_DO_SEND_ADR_READ *****************
  4384 ;; Defined at:
  4385 ;;		line 340 in file "D:\work_pic\LCD_I2C.X\mcc_generated_files\i2c_master.c"
  4386 ;; Parameters:    Size  Location     Type
  4387 ;;		None
  4388 ;; Auto vars:     Size  Location     Type
  4389 ;;		None
  4390 ;; Return value:  Size  Location     Type
  4391 ;;                  1    wreg      enum E3183
  4392 ;; Registers used:
  4393 ;;		wreg, status,2, status,0, pclath, cstack
  4394 ;; Tracked objects:
  4395 ;;		On entry : 0/0
  4396 ;;		On exit  : 0/0
  4397 ;;		Unchanged: 0/0
  4398 ;; Data sizes:     COMMON   BANK0   BANK1   BANK2   BANK3   BANK4   BANK5   BANK6
  4399 ;;      Params:         0       0       0       0       0       0       0       0
  4400 ;;      Locals:         0       0       0       0       0       0       0       0
  4401 ;;      Temps:          0       0       0       0       0       0       0       0
  4402 ;;      Totals:         0       0       0       0       0       0       0       0
  4403 ;;Total ram usage:        0 bytes
  4404 ;; Hardware stack levels used: 1
  4405 ;; Hardware stack levels required when called: 1
  4406 ;; This function calls:
  4407 ;;		_I2C_MasterSendTxData
  4408 ;; This function is called by:
  4409 ;;		_I2C_MasterFsm
  4410 ;; This function uses a non-reentrant model
  4411 ;;
  4412                           
  4413     0442                     _I2C_DO_SEND_ADR_READ:	
  4414                           ;psect for function _I2C_DO_SEND_ADR_READ
  4415                           
  4416     0442                     l2003:	
  4417                           ;incstack = 0
  4418                           ; Regs used in _I2C_DO_SEND_ADR_READ: [wreg+status,2+status,0+pclath+cstack]
  4419                           
  4420                           
  4421                           ;D:\work_pic\LCD_I2C.X\mcc_generated_files\i2c_master.c: 342:     I2C_Status.addressNack
      +                          Check = 1;
  4422     0442  0020               	movlb	0	; select bank0
  4423     0443  143C               	bsf	_I2C_Status+28,0
  4424     0444                     l2005:
  4425                           
  4426                           ;D:\work_pic\LCD_I2C.X\mcc_generated_files\i2c_master.c: 343:     I2C_MasterSendTxData((
      +                          uint8_t) (I2C_Status.address << 1 | 1));
  4427     0444  1403               	setc
  4428     0445  0D36               	rlf	_I2C_Status+22,w
  4429     0446  3183  23E3  3184   	fcall	_I2C_MasterSendTxData
  4430     0449                     l2007:
  4431                           
  4432                           ;D:\work_pic\LCD_I2C.X\mcc_generated_files\i2c_master.c: 344:     return I2C_RCEN;
  4433     0449  3005               	movlw	5
  4434     044A                     l315:
  4435     044A  0008               	return
  4436     044B                     __end_of_I2C_DO_SEND_ADR_READ:
  4437                           
  4438                           	psect	text36
  4439     03E8                     __ptext36:	
  4440 ;; *************** function _I2C_DO_IDLE *****************
  4441 ;; Defined at:
  4442 ;;		line 333 in file "D:\work_pic\LCD_I2C.X\mcc_generated_files\i2c_master.c"
  4443 ;; Parameters:    Size  Location     Type
  4444 ;;		None
  4445 ;; Auto vars:     Size  Location     Type
  4446 ;;		None
  4447 ;; Return value:  Size  Location     Type
  4448 ;;                  1    wreg      enum E3183
  4449 ;; Registers used:
  4450 ;;		wreg, status,2
  4451 ;; Tracked objects:
  4452 ;;		On entry : 0/0
  4453 ;;		On exit  : 0/0
  4454 ;;		Unchanged: 0/0
  4455 ;; Data sizes:     COMMON   BANK0   BANK1   BANK2   BANK3   BANK4   BANK5   BANK6
  4456 ;;      Params:         0       0       0       0       0       0       0       0
  4457 ;;      Locals:         0       0       0       0       0       0       0       0
  4458 ;;      Temps:          0       0       0       0       0       0       0       0
  4459 ;;      Totals:         0       0       0       0       0       0       0       0
  4460 ;;Total ram usage:        0 bytes
  4461 ;; Hardware stack levels used: 1
  4462 ;; This function calls:
  4463 ;;		Nothing
  4464 ;; This function is called by:
  4465 ;;		_I2C_MasterFsm
  4466 ;; This function uses a non-reentrant model
  4467 ;;
  4468                           
  4469     03E8                     _I2C_DO_IDLE:	
  4470                           ;psect for function _I2C_DO_IDLE
  4471                           
  4472     03E8                     l1995:	
  4473                           ;incstack = 0
  4474                           ; Regs used in _I2C_DO_IDLE: [wreg+status,2]
  4475                           
  4476                           
  4477                           ;D:\work_pic\LCD_I2C.X\mcc_generated_files\i2c_master.c: 335:     I2C_Status.busy = 0;
  4478     03E8  0020               	movlb	0	; select bank0
  4479     03E9  10BC               	bcf	_I2C_Status+28,1
  4480     03EA                     l1997:
  4481                           
  4482                           ;D:\work_pic\LCD_I2C.X\mcc_generated_files\i2c_master.c: 336:     I2C_Status.error = I2C
      +                          _NOERR;
  4483     03EA  01BB               	clrf	_I2C_Status+27
  4484     03EB                     l1999:
  4485                           
  4486                           ;D:\work_pic\LCD_I2C.X\mcc_generated_files\i2c_master.c: 337:     return I2C_RESET;
  4487     03EB  300E               	movlw	14
  4488     03EC                     l312:
  4489     03EC  0008               	return
  4490     03ED                     __end_of_I2C_DO_IDLE:
  4491                           
  4492                           	psect	text37
  4493     063D                     __ptext37:	
  4494 ;; *************** function _I2C_DO_TX_EMPTY *****************
  4495 ;; Defined at:
  4496 ;;		line 409 in file "D:\work_pic\LCD_I2C.X\mcc_generated_files\i2c_master.c"
  4497 ;; Parameters:    Size  Location     Type
  4498 ;;		None
  4499 ;; Auto vars:     Size  Location     Type
  4500 ;;		None
  4501 ;; Return value:  Size  Location     Type
  4502 ;;                  1    wreg      enum E3183
  4503 ;; Registers used:
  4504 ;;		wreg, fsr0l, fsr0h, fsr1l, fsr1h, status,2, status,0, pclath, cstack
  4505 ;; Tracked objects:
  4506 ;;		On entry : 0/0
  4507 ;;		On exit  : 0/0
  4508 ;;		Unchanged: 0/0
  4509 ;; Data sizes:     COMMON   BANK0   BANK1   BANK2   BANK3   BANK4   BANK5   BANK6
  4510 ;;      Params:         0       0       0       0       0       0       0       0
  4511 ;;      Locals:         0       0       0       0       0       0       0       0
  4512 ;;      Temps:          2       0       0       0       0       0       0       0
  4513 ;;      Totals:         2       0       0       0       0       0       0       0
  4514 ;;Total ram usage:        2 bytes
  4515 ;; Hardware stack levels used: 1
  4516 ;; Hardware stack levels required when called: 3
  4517 ;; This function calls:
  4518 ;;		NULL
  4519 ;;		_I2C_CallbackReturnReset
  4520 ;;		_I2C_CallbackReturnStop
  4521 ;;		_I2C_DO_SEND_RESTART
  4522 ;;		_I2C_DO_SEND_STOP
  4523 ;;		_I2C_MasterSetIrq
  4524 ;;		_rd1RegCompleteHandler
  4525 ;;		_rd2RegCompleteHandler
  4526 ;;		_rdBlkRegCompleteHandler
  4527 ;;		_wr1RegCompleteHandler
  4528 ;;		_wr2RegCompleteHandler
  4529 ;; This function is called by:
  4530 ;;		_I2C_MasterFsm
  4531 ;; This function uses a non-reentrant model
  4532 ;;
  4533                           
  4534     063D                     _I2C_DO_TX_EMPTY:	
  4535                           ;psect for function _I2C_DO_TX_EMPTY
  4536                           
  4537     063D                     l2091:	
  4538                           ;incstack = 0
  4539                           ; Regs used in _I2C_DO_TX_EMPTY: [wreg-fsr1h+status,2+status,0+pclath+cstack]
  4540                           
  4541                           
  4542                           ;D:\work_pic\LCD_I2C.X\mcc_generated_files\i2c_master.c: 411:     I2C_Status.bufferFree 
      +                          = 1;
  4543     063D  0020               	movlb	0	; select bank0
  4544     063E  15BC               	bsf	_I2C_Status+28,3
  4545                           
  4546                           ;D:\work_pic\LCD_I2C.X\mcc_generated_files\i2c_master.c: 412:     switch(I2C_Status.call
      +                          backTable[I2C_DATA_COMPLETE](I2C_Status.callbackPayload[I2C_DATA_COMPLETE]))
  4547     063F  2E4D               	goto	l2109
  4548     0640                     l2093:
  4549                           
  4550                           ;D:\work_pic\LCD_I2C.X\mcc_generated_files\i2c_master.c: 416:             return I2C_DO_
      +                          SEND_RESTART();
  4551     0640  3183  23F7  3186   	fcall	_I2C_DO_SEND_RESTART
  4552     0643  2E69               	goto	l355
  4553     0644                     l2097:
  4554                           
  4555                           ;D:\work_pic\LCD_I2C.X\mcc_generated_files\i2c_master.c: 418:             I2C_MasterSetI
      +                          rq();
  4556     0644  3183  23D0  3186   	fcall	_I2C_MasterSetIrq
  4557     0647                     l2099:
  4558                           
  4559                           ;D:\work_pic\LCD_I2C.X\mcc_generated_files\i2c_master.c: 419:             return I2C_TX;
  4560     0647  3003               	movlw	3
  4561     0648  2E69               	goto	l355
  4562     0649                     l2103:
  4563                           
  4564                           ;D:\work_pic\LCD_I2C.X\mcc_generated_files\i2c_master.c: 422:             return I2C_DO_
      +                          SEND_STOP();
  4565     0649  3183  23FC  3186   	fcall	_I2C_DO_SEND_STOP
  4566     064C  2E69               	goto	l355
  4567     064D                     l2109:
  4568     064D  082C               	movf	low ((_I2C_Status| 0+12)),w
  4569     064E  00F7               	movwf	I2C_CallbackReturnReset@funPtr
  4570     064F  0821               	movf	_I2C_Status+1,w
  4571     0650  008A               	movwf	10
  4572     0651  0820               	movf	_I2C_Status,w
  4573     0652  000A               	callw
  4574     0653  3186               	pagesel	$
  4575     0654  00F8               	movwf	??_I2C_DO_TX_EMPTY
  4576     0655  01F9               	clrf	??_I2C_DO_TX_EMPTY+1
  4577                           
  4578                           ; Switch on 2 bytes has been partitioned into a top level switch of size 1, and 1 sub-sw
      +                          itches
  4579                           ; Switch size 1, requested type "simple"
  4580                           ; Number of cases is 1, Range of values is 0 to 0
  4581                           ; switch strategies available:
  4582                           ; Name         Instructions Cycles
  4583                           ; simple_byte            4     3 (average)
  4584                           ; direct_byte            8     6 (fixed)
  4585                           ; jumptable            260     6 (fixed)
  4586                           ;	Chosen strategy is simple_byte
  4587     0656  0879               	movf	??_I2C_DO_TX_EMPTY+1,w
  4588     0657  3A00               	xorlw	0	; case 0
  4589     0658  1903               	skipnz
  4590     0659  2E5B               	goto	l2551
  4591     065A  2E49               	goto	l2103
  4592     065B                     l2551:
  4593                           
  4594                           ; Switch size 1, requested type "simple"
  4595                           ; Number of cases is 4, Range of values is 1 to 4
  4596                           ; switch strategies available:
  4597                           ; Name         Instructions Cycles
  4598                           ; simple_byte           13     7 (average)
  4599                           ; direct_byte           17     9 (fixed)
  4600                           ; jumptable            263     9 (fixed)
  4601                           ;	Chosen strategy is simple_byte
  4602     065B  0878               	movf	??_I2C_DO_TX_EMPTY,w
  4603     065C  3A01               	xorlw	1	; case 1
  4604     065D  1903               	skipnz
  4605     065E  2E49               	goto	l2103
  4606     065F  3A03               	xorlw	3	; case 2
  4607     0660  1903               	skipnz
  4608     0661  2E40               	goto	l2093
  4609     0662  3A01               	xorlw	1	; case 3
  4610     0663  1903               	skipnz
  4611     0664  2E40               	goto	l2093
  4612     0665  3A07               	xorlw	7	; case 4
  4613     0666  1903               	skipnz
  4614     0667  2E44               	goto	l2097
  4615     0668  2E49               	goto	l2103
  4616     0669                     l355:
  4617     0669  0008               	return
  4618     066A                     __end_of_I2C_DO_TX_EMPTY:
  4619                           
  4620                           	psect	text38
  4621     03D0                     __ptext38:	
  4622 ;; *************** function _I2C_MasterSetIrq *****************
  4623 ;; Defined at:
  4624 ;;		line 645 in file "D:\work_pic\LCD_I2C.X\mcc_generated_files\i2c_master.c"
  4625 ;; Parameters:    Size  Location     Type
  4626 ;;		None
  4627 ;; Auto vars:     Size  Location     Type
  4628 ;;		None
  4629 ;; Return value:  Size  Location     Type
  4630 ;;                  1    wreg      void 
  4631 ;; Registers used:
  4632 ;;		None
  4633 ;; Tracked objects:
  4634 ;;		On entry : 0/0
  4635 ;;		On exit  : 0/0
  4636 ;;		Unchanged: 0/0
  4637 ;; Data sizes:     COMMON   BANK0   BANK1   BANK2   BANK3   BANK4   BANK5   BANK6
  4638 ;;      Params:         0       0       0       0       0       0       0       0
  4639 ;;      Locals:         0       0       0       0       0       0       0       0
  4640 ;;      Temps:          0       0       0       0       0       0       0       0
  4641 ;;      Totals:         0       0       0       0       0       0       0       0
  4642 ;;Total ram usage:        0 bytes
  4643 ;; Hardware stack levels used: 1
  4644 ;; This function calls:
  4645 ;;		Nothing
  4646 ;; This function is called by:
  4647 ;;		_I2C_DO_TX_EMPTY
  4648 ;; This function uses a non-reentrant model
  4649 ;;
  4650                           
  4651     03D0                     _I2C_MasterSetIrq:	
  4652                           ;psect for function _I2C_MasterSetIrq
  4653                           
  4654     03D0                     l1983:	
  4655                           ;incstack = 0
  4656                           ; Regs used in _I2C_MasterSetIrq: []
  4657                           
  4658                           
  4659                           ;D:\work_pic\LCD_I2C.X\mcc_generated_files\i2c_master.c: 647:     PIR1bits.SSPIF = 1;
  4660     03D0  0020               	movlb	0	; select bank0
  4661     03D1  1591               	bsf	17,3	;volatile
  4662     03D2                     l475:
  4663     03D2  0008               	return
  4664     03D3                     __end_of_I2C_MasterSetIrq:
  4665                           
  4666                           	psect	text39
  4667     041A                     __ptext39:	
  4668 ;; *************** function _I2C_MasterIsNack *****************
  4669 ;; Defined at:
  4670 ;;		line 598 in file "D:\work_pic\LCD_I2C.X\mcc_generated_files\i2c_master.c"
  4671 ;; Parameters:    Size  Location     Type
  4672 ;;		None
  4673 ;; Auto vars:     Size  Location     Type
  4674 ;;		None
  4675 ;; Return value:  Size  Location     Type
  4676 ;;                  1    wreg      _Bool 
  4677 ;; Registers used:
  4678 ;;		wreg, status,2, status,0
  4679 ;; Tracked objects:
  4680 ;;		On entry : 0/0
  4681 ;;		On exit  : 0/0
  4682 ;;		Unchanged: 0/0
  4683 ;; Data sizes:     COMMON   BANK0   BANK1   BANK2   BANK3   BANK4   BANK5   BANK6
  4684 ;;      Params:         0       0       0       0       0       0       0       0
  4685 ;;      Locals:         0       0       0       0       0       0       0       0
  4686 ;;      Temps:          0       0       0       0       0       0       0       0
  4687 ;;      Totals:         0       0       0       0       0       0       0       0
  4688 ;;Total ram usage:        0 bytes
  4689 ;; Hardware stack levels used: 1
  4690 ;; This function calls:
  4691 ;;		Nothing
  4692 ;; This function is called by:
  4693 ;;		_I2C_MasterFsm
  4694 ;;		_I2C_DO_TX
  4695 ;; This function uses a non-reentrant model
  4696 ;;
  4697                           
  4698     041A                     _I2C_MasterIsNack:	
  4699                           ;psect for function _I2C_MasterIsNack
  4700                           
  4701     041A                     l1933:	
  4702                           ;incstack = 0
  4703                           ; Regs used in _I2C_MasterIsNack: [wreg+status,2+status,0]
  4704                           
  4705                           
  4706                           ;D:\work_pic\LCD_I2C.X\mcc_generated_files\i2c_master.c: 600:     return SSPCON2bits.ACK
      +                          STAT;
  4707     041A  0024               	movlb	4	; select bank4
  4708     041B  0E16               	swapf	22,w	;volatile
  4709     041C  0C89               	rrf	9,f
  4710     041D  0C89               	rrf	9,f
  4711     041E  3901               	andlw	1
  4712     041F                     l448:
  4713     041F  0008               	return
  4714     0420                     __end_of_I2C_MasterIsNack:
  4715                           
  4716                           	psect	text40
  4717     03E3                     __ptext40:	
  4718 ;; *************** function _I2C_MasterSendTxData *****************
  4719 ;; Defined at:
  4720 ;;		line 568 in file "D:\work_pic\LCD_I2C.X\mcc_generated_files\i2c_master.c"
  4721 ;; Parameters:    Size  Location     Type
  4722 ;;  data            1    wreg     unsigned char 
  4723 ;; Auto vars:     Size  Location     Type
  4724 ;;  data            1    0[COMMON] unsigned char 
  4725 ;; Return value:  Size  Location     Type
  4726 ;;                  1    wreg      void 
  4727 ;; Registers used:
  4728 ;;		wreg
  4729 ;; Tracked objects:
  4730 ;;		On entry : 0/0
  4731 ;;		On exit  : 0/0
  4732 ;;		Unchanged: 0/0
  4733 ;; Data sizes:     COMMON   BANK0   BANK1   BANK2   BANK3   BANK4   BANK5   BANK6
  4734 ;;      Params:         0       0       0       0       0       0       0       0
  4735 ;;      Locals:         1       0       0       0       0       0       0       0
  4736 ;;      Temps:          0       0       0       0       0       0       0       0
  4737 ;;      Totals:         1       0       0       0       0       0       0       0
  4738 ;;Total ram usage:        1 bytes
  4739 ;; Hardware stack levels used: 1
  4740 ;; This function calls:
  4741 ;;		Nothing
  4742 ;; This function is called by:
  4743 ;;		_I2C_DO_SEND_ADR_READ
  4744 ;;		_I2C_DO_SEND_ADR_WRITE
  4745 ;;		_I2C_DO_TX
  4746 ;; This function uses a non-reentrant model
  4747 ;;
  4748                           
  4749     03E3                     _I2C_MasterSendTxData:	
  4750                           ;psect for function _I2C_MasterSendTxData
  4751                           
  4752                           
  4753                           ;incstack = 0
  4754                           ; Regs used in _I2C_MasterSendTxData: [wreg]
  4755                           ;I2C_MasterSendTxData@data stored from wreg
  4756     03E3  00F0               	movwf	I2C_MasterSendTxData@data
  4757     03E4                     l1937:
  4758                           
  4759                           ;D:\work_pic\LCD_I2C.X\mcc_generated_files\i2c_master.c: 568: static __attribute__((inli
      +                          ne)) void I2C_MasterSendTxData(uint8_t data);D:\work_pic\LCD_I2C.X\mcc_generated_files\i
      +                          2c_master.c: 569: {;D:\work_pic\LCD_I2C.X\mcc_generated_files\i2c_master.c: 570:     SSP
      +                          BUF = data;
  4760     03E4  0870               	movf	I2C_MasterSendTxData@data,w
  4761     03E5  0024               	movlb	4	; select bank4
  4762     03E6  0091               	movwf	17	;volatile
  4763     03E7                     l430:
  4764     03E7  0008               	return
  4765     03E8                     __end_of_I2C_MasterSendTxData:
  4766                           
  4767                           	psect	text41
  4768     03D7                     __ptext41:	
  4769 ;; *************** function _I2C_MasterSendAck *****************
  4770 ;; Defined at:
  4771 ;;		line 603 in file "D:\work_pic\LCD_I2C.X\mcc_generated_files\i2c_master.c"
  4772 ;; Parameters:    Size  Location     Type
  4773 ;;		None
  4774 ;; Auto vars:     Size  Location     Type
  4775 ;;		None
  4776 ;; Return value:  Size  Location     Type
  4777 ;;                  1    wreg      void 
  4778 ;; Registers used:
  4779 ;;		None
  4780 ;; Tracked objects:
  4781 ;;		On entry : 0/0
  4782 ;;		On exit  : 0/0
  4783 ;;		Unchanged: 0/0
  4784 ;; Data sizes:     COMMON   BANK0   BANK1   BANK2   BANK3   BANK4   BANK5   BANK6
  4785 ;;      Params:         0       0       0       0       0       0       0       0
  4786 ;;      Locals:         0       0       0       0       0       0       0       0
  4787 ;;      Temps:          0       0       0       0       0       0       0       0
  4788 ;;      Totals:         0       0       0       0       0       0       0       0
  4789 ;;Total ram usage:        0 bytes
  4790 ;; Hardware stack levels used: 1
  4791 ;; This function calls:
  4792 ;;		Nothing
  4793 ;; This function is called by:
  4794 ;;		_I2C_DO_RX
  4795 ;;		_I2C_DO_RX_ACK
  4796 ;; This function uses a non-reentrant model
  4797 ;;
  4798                           
  4799     03D7                     _I2C_MasterSendAck:	
  4800                           ;psect for function _I2C_MasterSendAck
  4801                           
  4802     03D7                     l1961:	
  4803                           ;incstack = 0
  4804                           ; Regs used in _I2C_MasterSendAck: []
  4805                           
  4806                           
  4807                           ;D:\work_pic\LCD_I2C.X\mcc_generated_files\i2c_master.c: 605:     SSPCON2bits.ACKDT = 0;
  4808     03D7  0024               	movlb	4	; select bank4
  4809     03D8  1296               	bcf	22,5	;volatile
  4810                           
  4811                           ;D:\work_pic\LCD_I2C.X\mcc_generated_files\i2c_master.c: 606:     SSPCON2bits.ACKEN = 1;
  4812     03D9  1616               	bsf	22,4	;volatile
  4813     03DA                     l451:
  4814     03DA  0008               	return
  4815     03DB                     __end_of_I2C_MasterSendAck:
  4816                           
  4817                           	psect	text42
  4818     03CD                     __ptext42:	
  4819 ;; *************** function _I2C_MasterGetRxData *****************
  4820 ;; Defined at:
  4821 ;;		line 563 in file "D:\work_pic\LCD_I2C.X\mcc_generated_files\i2c_master.c"
  4822 ;; Parameters:    Size  Location     Type
  4823 ;;		None
  4824 ;; Auto vars:     Size  Location     Type
  4825 ;;		None
  4826 ;; Return value:  Size  Location     Type
  4827 ;;                  1    wreg      unsigned char 
  4828 ;; Registers used:
  4829 ;;		wreg
  4830 ;; Tracked objects:
  4831 ;;		On entry : 0/0
  4832 ;;		On exit  : 0/0
  4833 ;;		Unchanged: 0/0
  4834 ;; Data sizes:     COMMON   BANK0   BANK1   BANK2   BANK3   BANK4   BANK5   BANK6
  4835 ;;      Params:         0       0       0       0       0       0       0       0
  4836 ;;      Locals:         0       0       0       0       0       0       0       0
  4837 ;;      Temps:          0       0       0       0       0       0       0       0
  4838 ;;      Totals:         0       0       0       0       0       0       0       0
  4839 ;;Total ram usage:        0 bytes
  4840 ;; Hardware stack levels used: 1
  4841 ;; This function calls:
  4842 ;;		Nothing
  4843 ;; This function is called by:
  4844 ;;		_I2C_DO_RX
  4845 ;; This function uses a non-reentrant model
  4846 ;;
  4847                           
  4848     03CD                     _I2C_MasterGetRxData:	
  4849                           ;psect for function _I2C_MasterGetRxData
  4850                           
  4851     03CD                     l1957:	
  4852                           ;incstack = 0
  4853                           ; Regs used in _I2C_MasterGetRxData: [wreg]
  4854                           
  4855                           
  4856                           ;D:\work_pic\LCD_I2C.X\mcc_generated_files\i2c_master.c: 565:     return SSPBUF;
  4857     03CD  0024               	movlb	4	; select bank4
  4858     03CE  0811               	movf	17,w	;volatile
  4859     03CF                     l427:
  4860     03CF  0008               	return
  4861     03D0                     __end_of_I2C_MasterGetRxData:
  4862                           
  4863                           	psect	text43
  4864     03D3                     __ptext43:	
  4865 ;; *************** function _I2C_MasterSendNack *****************
  4866 ;; Defined at:
  4867 ;;		line 609 in file "D:\work_pic\LCD_I2C.X\mcc_generated_files\i2c_master.c"
  4868 ;; Parameters:    Size  Location     Type
  4869 ;;		None
  4870 ;; Auto vars:     Size  Location     Type
  4871 ;;		None
  4872 ;; Return value:  Size  Location     Type
  4873 ;;                  1    wreg      void 
  4874 ;; Registers used:
  4875 ;;		None
  4876 ;; Tracked objects:
  4877 ;;		On entry : 0/0
  4878 ;;		On exit  : 0/0
  4879 ;;		Unchanged: 0/0
  4880 ;; Data sizes:     COMMON   BANK0   BANK1   BANK2   BANK3   BANK4   BANK5   BANK6
  4881 ;;      Params:         0       0       0       0       0       0       0       0
  4882 ;;      Locals:         0       0       0       0       0       0       0       0
  4883 ;;      Temps:          0       0       0       0       0       0       0       0
  4884 ;;      Totals:         0       0       0       0       0       0       0       0
  4885 ;;Total ram usage:        0 bytes
  4886 ;; Hardware stack levels used: 1
  4887 ;; This function calls:
  4888 ;;		Nothing
  4889 ;; This function is called by:
  4890 ;;		_I2C_DO_RX_NACK_STOP
  4891 ;;		_I2C_DO_RX_NACK_RESTART
  4892 ;; This function uses a non-reentrant model
  4893 ;;
  4894                           
  4895     03D3                     _I2C_MasterSendNack:	
  4896                           ;psect for function _I2C_MasterSendNack
  4897                           
  4898     03D3                     l1893:	
  4899                           ;incstack = 0
  4900                           ; Regs used in _I2C_MasterSendNack: []
  4901                           
  4902                           
  4903                           ;D:\work_pic\LCD_I2C.X\mcc_generated_files\i2c_master.c: 611:     SSPCON2bits.ACKDT = 1;
  4904     03D3  0024               	movlb	4	; select bank4
  4905     03D4  1696               	bsf	22,5	;volatile
  4906                           
  4907                           ;D:\work_pic\LCD_I2C.X\mcc_generated_files\i2c_master.c: 612:     SSPCON2bits.ACKEN = 1;
  4908     03D5  1616               	bsf	22,4	;volatile
  4909     03D6                     l454:
  4910     03D6  0008               	return
  4911     03D7                     __end_of_I2C_MasterSendNack:
  4912                           
  4913                           	psect	text44
  4914     03CA                     __ptext44:	
  4915 ;; *************** function _I2C_MasterStartRx *****************
  4916 ;; Defined at:
  4917 ;;		line 583 in file "D:\work_pic\LCD_I2C.X\mcc_generated_files\i2c_master.c"
  4918 ;; Parameters:    Size  Location     Type
  4919 ;;		None
  4920 ;; Auto vars:     Size  Location     Type
  4921 ;;		None
  4922 ;; Return value:  Size  Location     Type
  4923 ;;                  1    wreg      void 
  4924 ;; Registers used:
  4925 ;;		None
  4926 ;; Tracked objects:
  4927 ;;		On entry : 0/0
  4928 ;;		On exit  : 0/0
  4929 ;;		Unchanged: 0/0
  4930 ;; Data sizes:     COMMON   BANK0   BANK1   BANK2   BANK3   BANK4   BANK5   BANK6
  4931 ;;      Params:         0       0       0       0       0       0       0       0
  4932 ;;      Locals:         0       0       0       0       0       0       0       0
  4933 ;;      Temps:          0       0       0       0       0       0       0       0
  4934 ;;      Totals:         0       0       0       0       0       0       0       0
  4935 ;;Total ram usage:        0 bytes
  4936 ;; Hardware stack levels used: 1
  4937 ;; This function calls:
  4938 ;;		Nothing
  4939 ;; This function is called by:
  4940 ;;		_I2C_DO_RCEN
  4941 ;; This function uses a non-reentrant model
  4942 ;;
  4943                           
  4944     03CA                     _I2C_MasterStartRx:	
  4945                           ;psect for function _I2C_MasterStartRx
  4946                           
  4947     03CA                     l1975:	
  4948                           ;incstack = 0
  4949                           ; Regs used in _I2C_MasterStartRx: []
  4950                           
  4951                           
  4952                           ;D:\work_pic\LCD_I2C.X\mcc_generated_files\i2c_master.c: 585:     SSPCON2bits.RCEN = 1;
  4953     03CA  0024               	movlb	4	; select bank4
  4954     03CB  1596               	bsf	22,3	;volatile
  4955     03CC                     l439:
  4956     03CC  0008               	return
  4957     03CD                     __end_of_I2C_MasterStartRx:
  4958                           
  4959                           	psect	text45
  4960     03B6                     __ptext45:	
  4961 ;; *************** function _I2C_CallbackReturnReset *****************
  4962 ;; Defined at:
  4963 ;;		line 525 in file "D:\work_pic\LCD_I2C.X\mcc_generated_files\i2c_master.c"
  4964 ;; Parameters:    Size  Location     Type
  4965 ;;  funPtr          1    7[COMMON] PTR void 
  4966 ;;		 -> I2C_ReadDataBlock@bufferBlock(4), I2C_Write2ByteRegister@data(2), I2C_Write1ByteRegister@data(1), I2C_Read2ByteR
      +egister@returnValue(2), 
  4967 ;;		 -> NULL(0), I2C_Read1ByteRegister@returnValue(1), 
  4968 ;; Auto vars:     Size  Location     Type
  4969 ;;		None
  4970 ;; Return value:  Size  Location     Type
  4971 ;;                  1    wreg      enum E363
  4972 ;; Registers used:
  4973 ;;		wreg
  4974 ;; Tracked objects:
  4975 ;;		On entry : 0/0
  4976 ;;		On exit  : 0/0
  4977 ;;		Unchanged: 0/0
  4978 ;; Data sizes:     COMMON   BANK0   BANK1   BANK2   BANK3   BANK4   BANK5   BANK6
  4979 ;;      Params:         1       0       0       0       0       0       0       0
  4980 ;;      Locals:         0       0       0       0       0       0       0       0
  4981 ;;      Temps:          0       0       0       0       0       0       0       0
  4982 ;;      Totals:         1       0       0       0       0       0       0       0
  4983 ;;Total ram usage:        1 bytes
  4984 ;; Hardware stack levels used: 1
  4985 ;; This function calls:
  4986 ;;		Nothing
  4987 ;; This function is called by:
  4988 ;;		_I2C_Open
  4989 ;;		_I2C_DO_TX
  4990 ;;		_I2C_DO_RX
  4991 ;;		_I2C_DO_TX_EMPTY
  4992 ;;		_I2C_DO_ADDRESS_NACK
  4993 ;;		_I2C_DO_RX_EMPTY
  4994 ;; This function uses a non-reentrant model
  4995 ;;
  4996                           
  4997     03B6                     _I2C_CallbackReturnReset:	
  4998                           ;psect for function _I2C_CallbackReturnReset
  4999                           
  5000     03B6                     l1989:	
  5001                           ;incstack = 0
  5002                           ; Regs used in _I2C_CallbackReturnReset: [wreg]
  5003                           
  5004                           
  5005                           ;D:\work_pic\LCD_I2C.X\mcc_generated_files\i2c_master.c: 525: i2c_operations_t I2C_Callb
      +                          ackReturnReset(void *funPtr);D:\work_pic\LCD_I2C.X\mcc_generated_files\i2c_master.c: 526
      +                          : {;D:\work_pic\LCD_I2C.X\mcc_generated_files\i2c_master.c: 527:     return I2C_RESET_LI
      +                          NK;
  5006     03B6  3005               	movlw	5
  5007     03B7                     l411:
  5008     03B7  0008               	return
  5009     03B8                     __end_of_I2C_CallbackReturnReset:
  5010                           
  5011                           	psect	text46
  5012     03B4                     __ptext46:	
  5013 ;; *************** function _I2C_CallbackReturnStop *****************
  5014 ;; Defined at:
  5015 ;;		line 520 in file "D:\work_pic\LCD_I2C.X\mcc_generated_files\i2c_master.c"
  5016 ;; Parameters:    Size  Location     Type
  5017 ;;  funPtr          1    7[COMMON] PTR void 
  5018 ;;		 -> I2C_ReadDataBlock@bufferBlock(4), I2C_Write2ByteRegister@data(2), I2C_Write1ByteRegister@data(1), I2C_Read2ByteR
      +egister@returnValue(2), 
  5019 ;;		 -> NULL(0), I2C_Read1ByteRegister@returnValue(1), 
  5020 ;; Auto vars:     Size  Location     Type
  5021 ;;		None
  5022 ;; Return value:  Size  Location     Type
  5023 ;;                  1    wreg      enum E363
  5024 ;; Registers used:
  5025 ;;		wreg
  5026 ;; Tracked objects:
  5027 ;;		On entry : 0/0
  5028 ;;		On exit  : 0/0
  5029 ;;		Unchanged: 0/0
  5030 ;; Data sizes:     COMMON   BANK0   BANK1   BANK2   BANK3   BANK4   BANK5   BANK6
  5031 ;;      Params:         1       0       0       0       0       0       0       0
  5032 ;;      Locals:         0       0       0       0       0       0       0       0
  5033 ;;      Temps:          0       0       0       0       0       0       0       0
  5034 ;;      Totals:         1       0       0       0       0       0       0       0
  5035 ;;Total ram usage:        1 bytes
  5036 ;; Hardware stack levels used: 1
  5037 ;; This function calls:
  5038 ;;		Nothing
  5039 ;; This function is called by:
  5040 ;;		_I2C_Open
  5041 ;;		_I2C_SetCallback
  5042 ;;		_I2C_DO_TX
  5043 ;;		_I2C_DO_RX
  5044 ;;		_I2C_DO_TX_EMPTY
  5045 ;;		_I2C_DO_ADDRESS_NACK
  5046 ;;		_I2C_DO_RX_EMPTY
  5047 ;; This function uses a non-reentrant model
  5048 ;;
  5049                           
  5050     03B4                     _I2C_CallbackReturnStop:	
  5051                           ;psect for function _I2C_CallbackReturnStop
  5052                           
  5053     03B4                     l1985:	
  5054                           ;incstack = 0
  5055                           ; Regs used in _I2C_CallbackReturnStop: [wreg]
  5056                           
  5057                           
  5058                           ;D:\work_pic\LCD_I2C.X\mcc_generated_files\i2c_master.c: 520: i2c_operations_t I2C_Callb
      +                          ackReturnStop(void *funPtr);D:\work_pic\LCD_I2C.X\mcc_generated_files\i2c_master.c: 521:
      +                           {;D:\work_pic\LCD_I2C.X\mcc_generated_files\i2c_master.c: 522:     return I2C_STOP;
  5059     03B4  3001               	movlw	1
  5060     03B5                     l408:
  5061     03B5  0008               	return
  5062     03B6                     __end_of_I2C_CallbackReturnStop:
  5063                           
  5064                           	psect	text47
  5065     0561                     __ptext47:	
  5066 ;; *************** function _rdBlkRegCompleteHandler *****************
  5067 ;; Defined at:
  5068 ;;		line 170 in file "D:\work_pic\LCD_I2C.X\mcc_generated_files\examples\i2c_master_example.c"
  5069 ;; Parameters:    Size  Location     Type
  5070 ;;  ptr             1    7[COMMON] PTR void 
  5071 ;;		 -> I2C_ReadDataBlock@bufferBlock(4), I2C_Write2ByteRegister@data(2), I2C_Write1ByteRegister@data(1), I2C_Read2ByteR
      +egister@returnValue(2), 
  5072 ;;		 -> NULL(0), I2C_Read1ByteRegister@returnValue(1), 
  5073 ;; Auto vars:     Size  Location     Type
  5074 ;;		None
  5075 ;; Return value:  Size  Location     Type
  5076 ;;                  1    wreg      enum E363
  5077 ;; Registers used:
  5078 ;;		wreg, fsr1l, fsr1h, status,2, status,0, pclath, cstack
  5079 ;; Tracked objects:
  5080 ;;		On entry : 0/0
  5081 ;;		On exit  : 0/0
  5082 ;;		Unchanged: 0/0
  5083 ;; Data sizes:     COMMON   BANK0   BANK1   BANK2   BANK3   BANK4   BANK5   BANK6
  5084 ;;      Params:         1       0       0       0       0       0       0       0
  5085 ;;      Locals:         0       0       0       0       0       0       0       0
  5086 ;;      Temps:          0       0       0       0       0       0       0       0
  5087 ;;      Totals:         1       0       0       0       0       0       0       0
  5088 ;;Total ram usage:        1 bytes
  5089 ;; Hardware stack levels used: 1
  5090 ;; Hardware stack levels required when called: 2
  5091 ;; This function calls:
  5092 ;;		_I2C_SetBuffer
  5093 ;;		_I2C_SetDataCompleteCallback
  5094 ;; This function is called by:
  5095 ;;		_I2C_ReadDataBlock
  5096 ;;		_I2C_DO_TX
  5097 ;;		_I2C_DO_RX
  5098 ;;		_I2C_DO_TX_EMPTY
  5099 ;;		_I2C_DO_ADDRESS_NACK
  5100 ;;		_I2C_DO_RX_EMPTY
  5101 ;; This function uses a non-reentrant model
  5102 ;;
  5103                           
  5104     0561                     _rdBlkRegCompleteHandler:	
  5105                           ;psect for function _rdBlkRegCompleteHandler
  5106                           
  5107     0561                     l1927:	
  5108                           ;incstack = 0
  5109                           ; Regs used in _rdBlkRegCompleteHandler: [wreg+fsr1l+fsr1h+status,2+status,0+pclath+csta
      +                          ck]
  5110                           
  5111                           
  5112                           ;D:\work_pic\LCD_I2C.X\mcc_generated_files\examples\i2c_master_example.c: 170: static i2
      +                          c_operations_t rdBlkRegCompleteHandler(void *ptr);D:\work_pic\LCD_I2C.X\mcc_generated_fi
      +                          les\examples\i2c_master_example.c: 171: {;D:\work_pic\LCD_I2C.X\mcc_generated_files\exam
      +                          ples\i2c_master_example.c: 172:     I2C_SetBuffer(((i2c_buffer_t *)ptr)->data,((i2c_buff
      +                          er_t*)ptr)->len);
  5113     0561  0877               	movf	rdBlkRegCompleteHandler@ptr,w
  5114     0562  0086               	movwf	6
  5115     0563  0187               	clrf	7
  5116     0564  3F40               	moviw [0]fsr1
  5117     0565  00F0               	movwf	I2C_SetBuffer@bufferSize
  5118     0566  3F41               	moviw [1]fsr1
  5119     0567  00F1               	movwf	I2C_SetBuffer@bufferSize+1
  5120     0568  0877               	movf	rdBlkRegCompleteHandler@ptr,w
  5121     0569  3E02               	addlw	2
  5122     056A  0086               	movwf	6
  5123     056B  0187               	clrf	7
  5124     056C  0801               	movf	1,w
  5125     056D  3184  2491  3185   	fcall	_I2C_SetBuffer
  5126                           
  5127                           ;D:\work_pic\LCD_I2C.X\mcc_generated_files\examples\i2c_master_example.c: 173:     I2C_S
      +                          etDataCompleteCallback(((void*)0),((void*)0));
  5128     0570  3000               	movlw	0
  5129     0571  00F4               	movwf	I2C_SetDataCompleteCallback@cb
  5130     0572  00F5               	movwf	I2C_SetDataCompleteCallback@cb+1
  5131     0573  01F6               	clrf	I2C_SetDataCompleteCallback@ptr
  5132     0574  3184  2454  3185   	fcall	_I2C_SetDataCompleteCallback
  5133     0577                     l1929:
  5134                           
  5135                           ;D:\work_pic\LCD_I2C.X\mcc_generated_files\examples\i2c_master_example.c: 174:     retur
      +                          n I2C_RESTART_READ;
  5136     0577  3002               	movlw	2
  5137     0578                     l145:
  5138     0578  0008               	return
  5139     0579                     __end_of_rdBlkRegCompleteHandler:
  5140                           
  5141                           	psect	text48
  5142     04D2                     __ptext48:	
  5143 ;; *************** function _wr1RegCompleteHandler *****************
  5144 ;; Defined at:
  5145 ;;		line 156 in file "D:\work_pic\LCD_I2C.X\mcc_generated_files\examples\i2c_master_example.c"
  5146 ;; Parameters:    Size  Location     Type
  5147 ;;  ptr             1    7[COMMON] PTR void 
  5148 ;;		 -> I2C_ReadDataBlock@bufferBlock(4), I2C_Write2ByteRegister@data(2), I2C_Write1ByteRegister@data(1), I2C_Read2ByteR
      +egister@returnValue(2), 
  5149 ;;		 -> NULL(0), I2C_Read1ByteRegister@returnValue(1), 
  5150 ;; Auto vars:     Size  Location     Type
  5151 ;;		None
  5152 ;; Return value:  Size  Location     Type
  5153 ;;                  1    wreg      enum E363
  5154 ;; Registers used:
  5155 ;;		wreg, fsr1l, fsr1h, status,2, status,0, pclath, cstack
  5156 ;; Tracked objects:
  5157 ;;		On entry : 0/0
  5158 ;;		On exit  : 0/0
  5159 ;;		Unchanged: 0/0
  5160 ;; Data sizes:     COMMON   BANK0   BANK1   BANK2   BANK3   BANK4   BANK5   BANK6
  5161 ;;      Params:         1       0       0       0       0       0       0       0
  5162 ;;      Locals:         0       0       0       0       0       0       0       0
  5163 ;;      Temps:          0       0       0       0       0       0       0       0
  5164 ;;      Totals:         1       0       0       0       0       0       0       0
  5165 ;;Total ram usage:        1 bytes
  5166 ;; Hardware stack levels used: 1
  5167 ;; Hardware stack levels required when called: 2
  5168 ;; This function calls:
  5169 ;;		_I2C_SetBuffer
  5170 ;;		_I2C_SetDataCompleteCallback
  5171 ;; This function is called by:
  5172 ;;		_I2C_Write1ByteRegister
  5173 ;;		_I2C_DO_TX
  5174 ;;		_I2C_DO_RX
  5175 ;;		_I2C_DO_TX_EMPTY
  5176 ;;		_I2C_DO_ADDRESS_NACK
  5177 ;;		_I2C_DO_RX_EMPTY
  5178 ;; This function uses a non-reentrant model
  5179 ;;
  5180                           
  5181     04D2                     _wr1RegCompleteHandler:	
  5182                           ;psect for function _wr1RegCompleteHandler
  5183                           
  5184     04D2                     l1911:	
  5185                           ;incstack = 0
  5186                           ; Regs used in _wr1RegCompleteHandler: [wreg+fsr1l+fsr1h+status,2+status,0+pclath+cstack
      +                          ]
  5187                           
  5188                           
  5189                           ;D:\work_pic\LCD_I2C.X\mcc_generated_files\examples\i2c_master_example.c: 156: static i2
      +                          c_operations_t wr1RegCompleteHandler(void *ptr);D:\work_pic\LCD_I2C.X\mcc_generated_file
      +                          s\examples\i2c_master_example.c: 157: {;D:\work_pic\LCD_I2C.X\mcc_generated_files\exampl
      +                          es\i2c_master_example.c: 158:     I2C_SetBuffer(ptr,1);
  5190     04D2  3001               	movlw	1
  5191     04D3  00F0               	movwf	I2C_SetBuffer@bufferSize
  5192     04D4  3000               	movlw	0
  5193     04D5  00F1               	movwf	I2C_SetBuffer@bufferSize+1
  5194     04D6  0877               	movf	wr1RegCompleteHandler@ptr,w
  5195     04D7  3184  2491  3184   	fcall	_I2C_SetBuffer
  5196     04DA                     l1913:
  5197                           
  5198                           ;D:\work_pic\LCD_I2C.X\mcc_generated_files\examples\i2c_master_example.c: 159:     I2C_S
      +                          etDataCompleteCallback(((void*)0),((void*)0));
  5199     04DA  3000               	movlw	0
  5200     04DB  00F4               	movwf	I2C_SetDataCompleteCallback@cb
  5201     04DC  00F5               	movwf	I2C_SetDataCompleteCallback@cb+1
  5202     04DD  01F6               	clrf	I2C_SetDataCompleteCallback@ptr
  5203     04DE  3184  2454  3184   	fcall	_I2C_SetDataCompleteCallback
  5204     04E1                     l1915:
  5205                           
  5206                           ;D:\work_pic\LCD_I2C.X\mcc_generated_files\examples\i2c_master_example.c: 160:     retur
      +                          n I2C_CONTINUE;
  5207     04E1  3004               	movlw	4
  5208     04E2                     l139:
  5209     04E2  0008               	return
  5210     04E3                     __end_of_wr1RegCompleteHandler:
  5211                           
  5212                           	psect	text49
  5213     04C1                     __ptext49:	
  5214 ;; *************** function _rd2RegCompleteHandler *****************
  5215 ;; Defined at:
  5216 ;;		line 149 in file "D:\work_pic\LCD_I2C.X\mcc_generated_files\examples\i2c_master_example.c"
  5217 ;; Parameters:    Size  Location     Type
  5218 ;;  ptr             1    7[COMMON] PTR void 
  5219 ;;		 -> I2C_ReadDataBlock@bufferBlock(4), I2C_Write2ByteRegister@data(2), I2C_Write1ByteRegister@data(1), I2C_Read2ByteR
      +egister@returnValue(2), 
  5220 ;;		 -> NULL(0), I2C_Read1ByteRegister@returnValue(1), 
  5221 ;; Auto vars:     Size  Location     Type
  5222 ;;		None
  5223 ;; Return value:  Size  Location     Type
  5224 ;;                  1    wreg      enum E363
  5225 ;; Registers used:
  5226 ;;		wreg, fsr1l, fsr1h, status,2, status,0, pclath, cstack
  5227 ;; Tracked objects:
  5228 ;;		On entry : 0/0
  5229 ;;		On exit  : 0/0
  5230 ;;		Unchanged: 0/0
  5231 ;; Data sizes:     COMMON   BANK0   BANK1   BANK2   BANK3   BANK4   BANK5   BANK6
  5232 ;;      Params:         1       0       0       0       0       0       0       0
  5233 ;;      Locals:         0       0       0       0       0       0       0       0
  5234 ;;      Temps:          0       0       0       0       0       0       0       0
  5235 ;;      Totals:         1       0       0       0       0       0       0       0
  5236 ;;Total ram usage:        1 bytes
  5237 ;; Hardware stack levels used: 1
  5238 ;; Hardware stack levels required when called: 2
  5239 ;; This function calls:
  5240 ;;		_I2C_SetBuffer
  5241 ;;		_I2C_SetDataCompleteCallback
  5242 ;; This function is called by:
  5243 ;;		_I2C_Read2ByteRegister
  5244 ;;		_I2C_DO_TX
  5245 ;;		_I2C_DO_RX
  5246 ;;		_I2C_DO_TX_EMPTY
  5247 ;;		_I2C_DO_ADDRESS_NACK
  5248 ;;		_I2C_DO_RX_EMPTY
  5249 ;; This function uses a non-reentrant model
  5250 ;;
  5251                           
  5252     04C1                     _rd2RegCompleteHandler:	
  5253                           ;psect for function _rd2RegCompleteHandler
  5254                           
  5255     04C1                     l1903:	
  5256                           ;incstack = 0
  5257                           ; Regs used in _rd2RegCompleteHandler: [wreg+fsr1l+fsr1h+status,2+status,0+pclath+cstack
      +                          ]
  5258                           
  5259                           
  5260                           ;D:\work_pic\LCD_I2C.X\mcc_generated_files\examples\i2c_master_example.c: 149: static i2
      +                          c_operations_t rd2RegCompleteHandler(void *ptr);D:\work_pic\LCD_I2C.X\mcc_generated_file
      +                          s\examples\i2c_master_example.c: 150: {;D:\work_pic\LCD_I2C.X\mcc_generated_files\exampl
      +                          es\i2c_master_example.c: 151:     I2C_SetBuffer(ptr,2);
  5261     04C1  3002               	movlw	2
  5262     04C2  00F0               	movwf	I2C_SetBuffer@bufferSize
  5263     04C3  3000               	movlw	0
  5264     04C4  00F1               	movwf	I2C_SetBuffer@bufferSize+1
  5265     04C5  0877               	movf	rd2RegCompleteHandler@ptr,w
  5266     04C6  3184  2491  3184   	fcall	_I2C_SetBuffer
  5267     04C9                     l1905:
  5268                           
  5269                           ;D:\work_pic\LCD_I2C.X\mcc_generated_files\examples\i2c_master_example.c: 152:     I2C_S
      +                          etDataCompleteCallback(((void*)0),((void*)0));
  5270     04C9  3000               	movlw	0
  5271     04CA  00F4               	movwf	I2C_SetDataCompleteCallback@cb
  5272     04CB  00F5               	movwf	I2C_SetDataCompleteCallback@cb+1
  5273     04CC  01F6               	clrf	I2C_SetDataCompleteCallback@ptr
  5274     04CD  3184  2454  3184   	fcall	_I2C_SetDataCompleteCallback
  5275     04D0                     l1907:
  5276                           
  5277                           ;D:\work_pic\LCD_I2C.X\mcc_generated_files\examples\i2c_master_example.c: 153:     retur
      +                          n I2C_RESTART_READ;
  5278     04D0  3002               	movlw	2
  5279     04D1                     l136:
  5280     04D1  0008               	return
  5281     04D2                     __end_of_rd2RegCompleteHandler:
  5282                           
  5283                           	psect	text50
  5284     04B0                     __ptext50:	
  5285 ;; *************** function _rd1RegCompleteHandler *****************
  5286 ;; Defined at:
  5287 ;;		line 142 in file "D:\work_pic\LCD_I2C.X\mcc_generated_files\examples\i2c_master_example.c"
  5288 ;; Parameters:    Size  Location     Type
  5289 ;;  ptr             1    7[COMMON] PTR void 
  5290 ;;		 -> I2C_ReadDataBlock@bufferBlock(4), I2C_Write2ByteRegister@data(2), I2C_Write1ByteRegister@data(1), I2C_Read2ByteR
      +egister@returnValue(2), 
  5291 ;;		 -> NULL(0), I2C_Read1ByteRegister@returnValue(1), 
  5292 ;; Auto vars:     Size  Location     Type
  5293 ;;		None
  5294 ;; Return value:  Size  Location     Type
  5295 ;;                  1    wreg      enum E363
  5296 ;; Registers used:
  5297 ;;		wreg, fsr1l, fsr1h, status,2, status,0, pclath, cstack
  5298 ;; Tracked objects:
  5299 ;;		On entry : 0/0
  5300 ;;		On exit  : 0/0
  5301 ;;		Unchanged: 0/0
  5302 ;; Data sizes:     COMMON   BANK0   BANK1   BANK2   BANK3   BANK4   BANK5   BANK6
  5303 ;;      Params:         1       0       0       0       0       0       0       0
  5304 ;;      Locals:         0       0       0       0       0       0       0       0
  5305 ;;      Temps:          0       0       0       0       0       0       0       0
  5306 ;;      Totals:         1       0       0       0       0       0       0       0
  5307 ;;Total ram usage:        1 bytes
  5308 ;; Hardware stack levels used: 1
  5309 ;; Hardware stack levels required when called: 2
  5310 ;; This function calls:
  5311 ;;		_I2C_SetBuffer
  5312 ;;		_I2C_SetDataCompleteCallback
  5313 ;; This function is called by:
  5314 ;;		_I2C_Read1ByteRegister
  5315 ;;		_I2C_DO_TX
  5316 ;;		_I2C_DO_RX
  5317 ;;		_I2C_DO_TX_EMPTY
  5318 ;;		_I2C_DO_ADDRESS_NACK
  5319 ;;		_I2C_DO_RX_EMPTY
  5320 ;; This function uses a non-reentrant model
  5321 ;;
  5322                           
  5323     04B0                     _rd1RegCompleteHandler:	
  5324                           ;psect for function _rd1RegCompleteHandler
  5325                           
  5326     04B0                     l1895:	
  5327                           ;incstack = 0
  5328                           ; Regs used in _rd1RegCompleteHandler: [wreg+fsr1l+fsr1h+status,2+status,0+pclath+cstack
      +                          ]
  5329                           
  5330                           
  5331                           ;D:\work_pic\LCD_I2C.X\mcc_generated_files\examples\i2c_master_example.c: 142: static i2
      +                          c_operations_t rd1RegCompleteHandler(void *ptr);D:\work_pic\LCD_I2C.X\mcc_generated_file
      +                          s\examples\i2c_master_example.c: 143: {;D:\work_pic\LCD_I2C.X\mcc_generated_files\exampl
      +                          es\i2c_master_example.c: 144:     I2C_SetBuffer(ptr,1);
  5332     04B0  3001               	movlw	1
  5333     04B1  00F0               	movwf	I2C_SetBuffer@bufferSize
  5334     04B2  3000               	movlw	0
  5335     04B3  00F1               	movwf	I2C_SetBuffer@bufferSize+1
  5336     04B4  0877               	movf	rd1RegCompleteHandler@ptr,w
  5337     04B5  3184  2491  3184   	fcall	_I2C_SetBuffer
  5338     04B8                     l1897:
  5339                           
  5340                           ;D:\work_pic\LCD_I2C.X\mcc_generated_files\examples\i2c_master_example.c: 145:     I2C_S
      +                          etDataCompleteCallback(((void*)0),((void*)0));
  5341     04B8  3000               	movlw	0
  5342     04B9  00F4               	movwf	I2C_SetDataCompleteCallback@cb
  5343     04BA  00F5               	movwf	I2C_SetDataCompleteCallback@cb+1
  5344     04BB  01F6               	clrf	I2C_SetDataCompleteCallback@ptr
  5345     04BC  3184  2454  3184   	fcall	_I2C_SetDataCompleteCallback
  5346     04BF                     l1899:
  5347                           
  5348                           ;D:\work_pic\LCD_I2C.X\mcc_generated_files\examples\i2c_master_example.c: 146:     retur
      +                          n I2C_RESTART_READ;
  5349     04BF  3002               	movlw	2
  5350     04C0                     l133:
  5351     04C0  0008               	return
  5352     04C1                     __end_of_rd1RegCompleteHandler:
  5353                           
  5354                           	psect	text51
  5355     049F                     __ptext51:	
  5356 ;; *************** function _wr2RegCompleteHandler *****************
  5357 ;; Defined at:
  5358 ;;		line 163 in file "D:\work_pic\LCD_I2C.X\mcc_generated_files\examples\i2c_master_example.c"
  5359 ;; Parameters:    Size  Location     Type
  5360 ;;  ptr             1    7[COMMON] PTR void 
  5361 ;;		 -> I2C_ReadDataBlock@bufferBlock(4), I2C_Write2ByteRegister@data(2), I2C_Write1ByteRegister@data(1), I2C_Read2ByteR
      +egister@returnValue(2), 
  5362 ;;		 -> NULL(0), I2C_Read1ByteRegister@returnValue(1), 
  5363 ;; Auto vars:     Size  Location     Type
  5364 ;;		None
  5365 ;; Return value:  Size  Location     Type
  5366 ;;                  1    wreg      enum E363
  5367 ;; Registers used:
  5368 ;;		wreg, fsr1l, fsr1h, status,2, status,0, pclath, cstack
  5369 ;; Tracked objects:
  5370 ;;		On entry : 0/0
  5371 ;;		On exit  : 0/0
  5372 ;;		Unchanged: 0/0
  5373 ;; Data sizes:     COMMON   BANK0   BANK1   BANK2   BANK3   BANK4   BANK5   BANK6
  5374 ;;      Params:         1       0       0       0       0       0       0       0
  5375 ;;      Locals:         0       0       0       0       0       0       0       0
  5376 ;;      Temps:          0       0       0       0       0       0       0       0
  5377 ;;      Totals:         1       0       0       0       0       0       0       0
  5378 ;;Total ram usage:        1 bytes
  5379 ;; Hardware stack levels used: 1
  5380 ;; Hardware stack levels required when called: 2
  5381 ;; This function calls:
  5382 ;;		_I2C_SetBuffer
  5383 ;;		_I2C_SetDataCompleteCallback
  5384 ;; This function is called by:
  5385 ;;		_I2C_Write2ByteRegister
  5386 ;;		_I2C_DO_TX
  5387 ;;		_I2C_DO_RX
  5388 ;;		_I2C_DO_TX_EMPTY
  5389 ;;		_I2C_DO_ADDRESS_NACK
  5390 ;;		_I2C_DO_RX_EMPTY
  5391 ;; This function uses a non-reentrant model
  5392 ;;
  5393                           
  5394     049F                     _wr2RegCompleteHandler:	
  5395                           ;psect for function _wr2RegCompleteHandler
  5396                           
  5397     049F                     l1919:	
  5398                           ;incstack = 0
  5399                           ; Regs used in _wr2RegCompleteHandler: [wreg+fsr1l+fsr1h+status,2+status,0+pclath+cstack
      +                          ]
  5400                           
  5401                           
  5402                           ;D:\work_pic\LCD_I2C.X\mcc_generated_files\examples\i2c_master_example.c: 163: static i2
      +                          c_operations_t wr2RegCompleteHandler(void *ptr);D:\work_pic\LCD_I2C.X\mcc_generated_file
      +                          s\examples\i2c_master_example.c: 164: {;D:\work_pic\LCD_I2C.X\mcc_generated_files\exampl
      +                          es\i2c_master_example.c: 165:     I2C_SetBuffer(ptr,2);
  5403     049F  3002               	movlw	2
  5404     04A0  00F0               	movwf	I2C_SetBuffer@bufferSize
  5405     04A1  3000               	movlw	0
  5406     04A2  00F1               	movwf	I2C_SetBuffer@bufferSize+1
  5407     04A3  0877               	movf	wr2RegCompleteHandler@ptr,w
  5408     04A4  3184  2491  3184   	fcall	_I2C_SetBuffer
  5409     04A7                     l1921:
  5410                           
  5411                           ;D:\work_pic\LCD_I2C.X\mcc_generated_files\examples\i2c_master_example.c: 166:     I2C_S
      +                          etDataCompleteCallback(((void*)0),((void*)0));
  5412     04A7  3000               	movlw	0
  5413     04A8  00F4               	movwf	I2C_SetDataCompleteCallback@cb
  5414     04A9  00F5               	movwf	I2C_SetDataCompleteCallback@cb+1
  5415     04AA  01F6               	clrf	I2C_SetDataCompleteCallback@ptr
  5416     04AB  3184  2454  3184   	fcall	_I2C_SetDataCompleteCallback
  5417     04AE                     l1923:
  5418                           
  5419                           ;D:\work_pic\LCD_I2C.X\mcc_generated_files\examples\i2c_master_example.c: 167:     retur
      +                          n I2C_CONTINUE;
  5420     04AE  3004               	movlw	4
  5421     04AF                     l142:
  5422     04AF  0008               	return
  5423     04B0                     __end_of_wr2RegCompleteHandler:
  5424                           
  5425                           	psect	text52
  5426     0454                     __ptext52:	
  5427 ;; *************** function _I2C_SetDataCompleteCallback *****************
  5428 ;; Defined at:
  5429 ;;		line 273 in file "D:\work_pic\LCD_I2C.X\mcc_generated_files\i2c_master.c"
  5430 ;; Parameters:    Size  Location     Type
  5431 ;;  cb              2    4[COMMON] PTR FTN(PTR void ,)enum 
  5432 ;;		 -> NULL(1), rdBlkRegCompleteHandler(1), wr2RegCompleteHandler(1), wr1RegCompleteHandler(1), 
  5433 ;;		 -> rd2RegCompleteHandler(1), rd1RegCompleteHandler(1), 
  5434 ;;  ptr             1    6[COMMON] PTR void 
  5435 ;;		 -> I2C_ReadDataBlock@bufferBlock(4), I2C_Write2ByteRegister@data(2), I2C_Write1ByteRegister@data(1), I2C_Read2ByteR
      +egister@returnValue(2), 
  5436 ;;		 -> NULL(0), I2C_Read1ByteRegister@returnValue(1), 
  5437 ;; Auto vars:     Size  Location     Type
  5438 ;;		None
  5439 ;; Return value:  Size  Location     Type
  5440 ;;                  1    wreg      void 
  5441 ;; Registers used:
  5442 ;;		wreg, fsr1l, fsr1h, status,2, status,0, pclath, cstack
  5443 ;; Tracked objects:
  5444 ;;		On entry : 0/0
  5445 ;;		On exit  : 0/0
  5446 ;;		Unchanged: 0/0
  5447 ;; Data sizes:     COMMON   BANK0   BANK1   BANK2   BANK3   BANK4   BANK5   BANK6
  5448 ;;      Params:         3       0       0       0       0       0       0       0
  5449 ;;      Locals:         0       0       0       0       0       0       0       0
  5450 ;;      Temps:          0       0       0       0       0       0       0       0
  5451 ;;      Totals:         3       0       0       0       0       0       0       0
  5452 ;;Total ram usage:        3 bytes
  5453 ;; Hardware stack levels used: 1
  5454 ;; Hardware stack levels required when called: 1
  5455 ;; This function calls:
  5456 ;;		_I2C_SetCallback
  5457 ;; This function is called by:
  5458 ;;		_I2C_Write1ByteRegister
  5459 ;;		_rd1RegCompleteHandler
  5460 ;;		_rd2RegCompleteHandler
  5461 ;;		_wr1RegCompleteHandler
  5462 ;;		_wr2RegCompleteHandler
  5463 ;;		_rdBlkRegCompleteHandler
  5464 ;;		_I2C_Read1ByteRegister
  5465 ;;		_I2C_Read2ByteRegister
  5466 ;;		_I2C_Write2ByteRegister
  5467 ;;		_I2C_ReadDataBlock
  5468 ;; This function uses a non-reentrant model
  5469 ;;
  5470                           
  5471     0454                     _I2C_SetDataCompleteCallback:	
  5472                           ;psect for function _I2C_SetDataCompleteCallback
  5473                           
  5474     0454                     l1881:	
  5475                           ;incstack = 0
  5476                           ; Regs used in _I2C_SetDataCompleteCallback: [wreg+fsr1l+fsr1h+status,2+status,0+pclath+
      +                          cstack]
  5477                           
  5478                           
  5479                           ;D:\work_pic\LCD_I2C.X\mcc_generated_files\i2c_master.c: 273: void I2C_SetDataCompleteCa
      +                          llback(i2c_callback_t cb, void *ptr);D:\work_pic\LCD_I2C.X\mcc_generated_files\i2c_maste
      +                          r.c: 274: {;D:\work_pic\LCD_I2C.X\mcc_generated_files\i2c_master.c: 275:     I2C_SetCall
      +                          back(I2C_DATA_COMPLETE, cb, ptr);
  5480     0454  0875               	movf	I2C_SetDataCompleteCallback@cb+1,w
  5481     0455  00F1               	movwf	I2C_SetCallback@cb+1
  5482     0456  0874               	movf	I2C_SetDataCompleteCallback@cb,w
  5483     0457  00F0               	movwf	I2C_SetCallback@cb
  5484     0458  0876               	movf	I2C_SetDataCompleteCallback@ptr,w
  5485     0459  00F2               	movwf	I2C_SetCallback@ptr
  5486     045A  3000               	movlw	0
  5487     045B  3185  25C9  3184   	fcall	_I2C_SetCallback
  5488     045E                     l282:
  5489     045E  0008               	return
  5490     045F                     __end_of_I2C_SetDataCompleteCallback:
  5491                           
  5492                           	psect	text53
  5493     05C9                     __ptext53:	
  5494 ;; *************** function _I2C_SetCallback *****************
  5495 ;; Defined at:
  5496 ;;		line 298 in file "D:\work_pic\LCD_I2C.X\mcc_generated_files\i2c_master.c"
  5497 ;; Parameters:    Size  Location     Type
  5498 ;;  idx             1    wreg     enum E3201
  5499 ;;  cb              2    0[COMMON] PTR FTN(PTR void ,)enum 
  5500 ;;		 -> NULL(1), rdBlkRegCompleteHandler(1), wr2RegCompleteHandler(1), wr1RegCompleteHandler(1), 
  5501 ;;		 -> rd2RegCompleteHandler(1), rd1RegCompleteHandler(1), 
  5502 ;;  ptr             1    2[COMMON] PTR void 
  5503 ;;		 -> I2C_ReadDataBlock@bufferBlock(4), I2C_Write2ByteRegister@data(2), I2C_Write1ByteRegister@data(1), I2C_Read2ByteR
      +egister@returnValue(2), 
  5504 ;;		 -> NULL(0), I2C_Read1ByteRegister@returnValue(1), 
  5505 ;; Auto vars:     Size  Location     Type
  5506 ;;  idx             1    3[COMMON] enum E3201
  5507 ;; Return value:  Size  Location     Type
  5508 ;;                  1    wreg      void 
  5509 ;; Registers used:
  5510 ;;		wreg, fsr1l, fsr1h, status,2, status,0
  5511 ;; Tracked objects:
  5512 ;;		On entry : 0/0
  5513 ;;		On exit  : 0/0
  5514 ;;		Unchanged: 0/0
  5515 ;; Data sizes:     COMMON   BANK0   BANK1   BANK2   BANK3   BANK4   BANK5   BANK6
  5516 ;;      Params:         3       0       0       0       0       0       0       0
  5517 ;;      Locals:         1       0       0       0       0       0       0       0
  5518 ;;      Temps:          0       0       0       0       0       0       0       0
  5519 ;;      Totals:         4       0       0       0       0       0       0       0
  5520 ;;Total ram usage:        4 bytes
  5521 ;; Hardware stack levels used: 1
  5522 ;; This function calls:
  5523 ;;		Nothing
  5524 ;; This function is called by:
  5525 ;;		_I2C_SetDataCompleteCallback
  5526 ;;		_I2C_SetAddressNackCallback
  5527 ;;		_I2C_SetWriteCollisionCallback
  5528 ;;		_I2C_SetDataNackCallback
  5529 ;;		_I2C_SetTimeoutCallback
  5530 ;; This function uses a non-reentrant model
  5531 ;;
  5532                           
  5533     05C9                     _I2C_SetCallback:	
  5534                           ;psect for function _I2C_SetCallback
  5535                           
  5536                           
  5537                           ;incstack = 0
  5538                           ; Regs used in _I2C_SetCallback: [wreg+fsr1l+fsr1h+status,2+status,0]
  5539                           ;I2C_SetCallback@idx stored from wreg
  5540     05C9  00F3               	movwf	I2C_SetCallback@idx
  5541     05CA                     l1875:
  5542                           
  5543                           ;D:\work_pic\LCD_I2C.X\mcc_generated_files\i2c_master.c: 298: static void I2C_SetCallbac
      +                          k(i2c_callbackIndex_t idx, i2c_callback_t cb, void *ptr);D:\work_pic\LCD_I2C.X\mcc_gener
      +                          ated_files\i2c_master.c: 299: {;D:\work_pic\LCD_I2C.X\mcc_generated_files\i2c_master.c: 
      +                          300:     if(cb)
  5544     05CA  0870               	movf	I2C_SetCallback@cb,w
  5545     05CB  0471               	iorwf	I2C_SetCallback@cb+1,w
  5546     05CC  1903               	btfsc	3,2
  5547     05CD  2DCF               	goto	u351
  5548     05CE  2DD0               	goto	u350
  5549     05CF                     u351:
  5550     05CF  2DDF               	goto	l1879
  5551     05D0                     u350:
  5552     05D0                     l1877:
  5553                           
  5554                           ;D:\work_pic\LCD_I2C.X\mcc_generated_files\i2c_master.c: 301:     {;D:\work_pic\LCD_I2C.
      +                          X\mcc_generated_files\i2c_master.c: 302:         I2C_Status.callbackTable[idx] = cb;
  5555     05D0  3573               	lslf	I2C_SetCallback@idx,w
  5556     05D1  3E20               	addlw	(low (_I2C_Status| 0))& (0+255)
  5557     05D2  0086               	movwf	6
  5558     05D3  0187               	clrf	7
  5559     05D4  0870               	movf	I2C_SetCallback@cb,w
  5560     05D5  3FC0               	movwi [0]fsr1
  5561     05D6  0871               	movf	I2C_SetCallback@cb+1,w
  5562     05D7  3FC1               	movwi [1]fsr1
  5563                           
  5564                           ;D:\work_pic\LCD_I2C.X\mcc_generated_files\i2c_master.c: 303:         I2C_Status.callbac
      +                          kPayload[idx] = ptr;
  5565     05D8  0873               	movf	I2C_SetCallback@idx,w
  5566     05D9  3E2C               	addlw	(low ((_I2C_Status| 0+12)))& (0+255)
  5567     05DA  0086               	movwf	6
  5568     05DB  0187               	clrf	7
  5569     05DC  0872               	movf	I2C_SetCallback@ptr,w
  5570     05DD  0081               	movwf	1
  5571                           
  5572                           ;D:\work_pic\LCD_I2C.X\mcc_generated_files\i2c_master.c: 304:     }
  5573     05DE  2DEC               	goto	l299
  5574     05DF                     l1879:
  5575                           
  5576                           ;D:\work_pic\LCD_I2C.X\mcc_generated_files\i2c_master.c: 306:     {;D:\work_pic\LCD_I2C.
      +                          X\mcc_generated_files\i2c_master.c: 307:         I2C_Status.callbackTable[idx] = I2C_Cal
      +                          lbackReturnStop;
  5577     05DF  3573               	lslf	I2C_SetCallback@idx,w
  5578     05E0  3E20               	addlw	(low (_I2C_Status| 0))& (0+255)
  5579     05E1  0086               	movwf	6
  5580     05E2  0187               	clrf	7
  5581     05E3  30B4               	movlw	low _I2C_CallbackReturnStop
  5582     05E4  3FC0               	movwi [0]fsr1
  5583     05E5  3003               	movlw	high _I2C_CallbackReturnStop
  5584     05E6  3FC1               	movwi [1]fsr1
  5585                           
  5586                           ;D:\work_pic\LCD_I2C.X\mcc_generated_files\i2c_master.c: 308:         I2C_Status.callbac
      +                          kPayload[idx] = ((void*)0);
  5587     05E7  0873               	movf	I2C_SetCallback@idx,w
  5588     05E8  3E2C               	addlw	(low ((_I2C_Status| 0+12)))& (0+255)
  5589     05E9  0086               	movwf	6
  5590     05EA  0187               	clrf	7
  5591     05EB  0181               	clrf	1
  5592     05EC                     l299:
  5593     05EC  0008               	return
  5594     05ED                     __end_of_I2C_SetCallback:
  5595                           
  5596                           	psect	text54
  5597     0491                     __ptext54:	
  5598 ;; *************** function _I2C_SetBuffer *****************
  5599 ;; Defined at:
  5600 ;;		line 263 in file "D:\work_pic\LCD_I2C.X\mcc_generated_files\i2c_master.c"
  5601 ;; Parameters:    Size  Location     Type
  5602 ;;  buffer          1    wreg     PTR void 
  5603 ;;		 -> I2C_Read1ByteRegister@returnValue$data(2), I2C_Read2ByteRegister@returnValue$data(2), I2C_Write1ByteRegister@dat
      +a$data(2), I2C_Write2ByteRegister@data$data(2), 
  5604 ;;		 -> I2C_ReadDataBlock@reg(1), I2C_ReadDataBlock@bufferBlock(4), bufferBlock$data(2), I2C_Write2ByteRegister@reg(1), 
  5605 ;;		 -> I2C_Write2ByteRegister@data(2), I2C_Write1ByteRegister@reg(1), I2C_Write1ByteRegister@data(1), I2C_Read2ByteRegi
      +ster@reg(1), 
  5606 ;;		 -> I2C_Read2ByteRegister@returnValue(2), NULL(0), I2C_Read1ByteRegister@reg(1), I2C_Read1ByteRegister@returnValue(1
      +), 
  5607 ;;  bufferSize      2    0[COMMON] unsigned int 
  5608 ;; Auto vars:     Size  Location     Type
  5609 ;;  buffer          1    2[COMMON] PTR void 
  5610 ;;		 -> I2C_Read1ByteRegister@returnValue$data(2), I2C_Read2ByteRegister@returnValue$data(2), I2C_Write1ByteRegister@dat
      +a$data(2), I2C_Write2ByteRegister@data$data(2), 
  5611 ;;		 -> I2C_ReadDataBlock@reg(1), I2C_ReadDataBlock@bufferBlock(4), bufferBlock$data(2), I2C_Write2ByteRegister@reg(1), 
  5612 ;;		 -> I2C_Write2ByteRegister@data(2), I2C_Write1ByteRegister@reg(1), I2C_Write1ByteRegister@data(1), I2C_Read2ByteRegi
      +ster@reg(1), 
  5613 ;;		 -> I2C_Read2ByteRegister@returnValue(2), NULL(0), I2C_Read1ByteRegister@reg(1), I2C_Read1ByteRegister@returnValue(1
      +), 
  5614 ;; Return value:  Size  Location     Type
  5615 ;;                  1    wreg      void 
  5616 ;; Registers used:
  5617 ;;		wreg
  5618 ;; Tracked objects:
  5619 ;;		On entry : 0/0
  5620 ;;		On exit  : 0/0
  5621 ;;		Unchanged: 0/0
  5622 ;; Data sizes:     COMMON   BANK0   BANK1   BANK2   BANK3   BANK4   BANK5   BANK6
  5623 ;;      Params:         2       0       0       0       0       0       0       0
  5624 ;;      Locals:         1       0       0       0       0       0       0       0
  5625 ;;      Temps:          0       0       0       0       0       0       0       0
  5626 ;;      Totals:         3       0       0       0       0       0       0       0
  5627 ;;Total ram usage:        3 bytes
  5628 ;; Hardware stack levels used: 1
  5629 ;; This function calls:
  5630 ;;		Nothing
  5631 ;; This function is called by:
  5632 ;;		_I2C_Write1ByteRegister
  5633 ;;		_rd1RegCompleteHandler
  5634 ;;		_rd2RegCompleteHandler
  5635 ;;		_wr1RegCompleteHandler
  5636 ;;		_wr2RegCompleteHandler
  5637 ;;		_rdBlkRegCompleteHandler
  5638 ;;		_I2C_Read1ByteRegister
  5639 ;;		_I2C_Read2ByteRegister
  5640 ;;		_I2C_Write2ByteRegister
  5641 ;;		_I2C_WriteNBytes
  5642 ;;		_I2C_ReadNBytes
  5643 ;;		_I2C_ReadDataBlock
  5644 ;; This function uses a non-reentrant model
  5645 ;;
  5646                           
  5647     0491                     _I2C_SetBuffer:	
  5648                           ;psect for function _I2C_SetBuffer
  5649                           
  5650                           
  5651                           ;incstack = 0
  5652                           ; Regs used in _I2C_SetBuffer: [wreg]
  5653                           ;I2C_SetBuffer@buffer stored from wreg
  5654     0491  00F2               	movwf	I2C_SetBuffer@buffer
  5655     0492                     l1883:
  5656                           
  5657                           ;D:\work_pic\LCD_I2C.X\mcc_generated_files\i2c_master.c: 263: void I2C_SetBuffer(void *b
      +                          uffer, size_t bufferSize);D:\work_pic\LCD_I2C.X\mcc_generated_files\i2c_master.c: 264: {
      +                          ;D:\work_pic\LCD_I2C.X\mcc_generated_files\i2c_master.c: 265:     if(I2C_Status.bufferFr
      +                          ee)
  5658     0492  0020               	movlb	0	; select bank0
  5659     0493  1DBC               	btfss	_I2C_Status+28,3
  5660     0494  2C96               	goto	u361
  5661     0495  2C97               	goto	u360
  5662     0496                     u361:
  5663     0496  2C9E               	goto	l279
  5664     0497                     u360:
  5665     0497                     l1885:
  5666                           
  5667                           ;D:\work_pic\LCD_I2C.X\mcc_generated_files\i2c_master.c: 266:     {;D:\work_pic\LCD_I2C.
      +                          X\mcc_generated_files\i2c_master.c: 267:         I2C_Status.data_ptr = buffer;
  5668     0497  0872               	movf	I2C_SetBuffer@buffer,w
  5669     0498  00B7               	movwf	low ((_I2C_Status| 0+23))
  5670                           
  5671                           ;D:\work_pic\LCD_I2C.X\mcc_generated_files\i2c_master.c: 268:         I2C_Status.data_le
      +                          ngth = bufferSize;
  5672     0499  0871               	movf	I2C_SetBuffer@bufferSize+1,w
  5673     049A  00B9               	movwf	_I2C_Status+25
  5674     049B  0870               	movf	I2C_SetBuffer@bufferSize,w
  5675     049C  00B8               	movwf	_I2C_Status+24
  5676     049D                     l1887:
  5677                           
  5678                           ;D:\work_pic\LCD_I2C.X\mcc_generated_files\i2c_master.c: 269:         I2C_Status.bufferF
      +                          ree = 0;
  5679     049D  11BC               	bcf	_I2C_Status+28,3
  5680     049E                     l279:
  5681     049E  0008               	return
  5682     049F                     __end_of_I2C_SetBuffer:
  5683                           
  5684                           	psect	text55
  5685     03C7                     __ptext55:	
  5686 ;; *************** function _I2C_MasterStop *****************
  5687 ;; Defined at:
  5688 ;;		line 593 in file "D:\work_pic\LCD_I2C.X\mcc_generated_files\i2c_master.c"
  5689 ;; Parameters:    Size  Location     Type
  5690 ;;		None
  5691 ;; Auto vars:     Size  Location     Type
  5692 ;;		None
  5693 ;; Return value:  Size  Location     Type
  5694 ;;                  1    wreg      void 
  5695 ;; Registers used:
  5696 ;;		None
  5697 ;; Tracked objects:
  5698 ;;		On entry : 0/0
  5699 ;;		On exit  : 0/0
  5700 ;;		Unchanged: 0/0
  5701 ;; Data sizes:     COMMON   BANK0   BANK1   BANK2   BANK3   BANK4   BANK5   BANK6
  5702 ;;      Params:         0       0       0       0       0       0       0       0
  5703 ;;      Locals:         0       0       0       0       0       0       0       0
  5704 ;;      Temps:          0       0       0       0       0       0       0       0
  5705 ;;      Totals:         0       0       0       0       0       0       0       0
  5706 ;;Total ram usage:        0 bytes
  5707 ;; Hardware stack levels used: 1
  5708 ;; This function calls:
  5709 ;;		Nothing
  5710 ;; This function is called by:
  5711 ;;		_I2C_DO_SEND_STOP
  5712 ;; This function uses a non-reentrant model
  5713 ;;
  5714                           
  5715     03C7                     _I2C_MasterStop:	
  5716                           ;psect for function _I2C_MasterStop
  5717                           
  5718     03C7                     l1891:	
  5719                           ;incstack = 0
  5720                           ; Regs used in _I2C_MasterStop: []
  5721                           
  5722                           
  5723                           ;D:\work_pic\LCD_I2C.X\mcc_generated_files\i2c_master.c: 595:     SSPCON2bits.PEN = 1;
  5724     03C7  0024               	movlb	4	; select bank4
  5725     03C8  1516               	bsf	22,2	;volatile
  5726     03C9                     l445:
  5727     03C9  0008               	return
  5728     03CA                     __end_of_I2C_MasterStop:
  5729                           
  5730                           	psect	text56
  5731     03C4                     __ptext56:	
  5732 ;; *************** function _I2C_MasterEnableRestart *****************
  5733 ;; Defined at:
  5734 ;;		line 573 in file "D:\work_pic\LCD_I2C.X\mcc_generated_files\i2c_master.c"
  5735 ;; Parameters:    Size  Location     Type
  5736 ;;		None
  5737 ;; Auto vars:     Size  Location     Type
  5738 ;;		None
  5739 ;; Return value:  Size  Location     Type
  5740 ;;                  1    wreg      void 
  5741 ;; Registers used:
  5742 ;;		None
  5743 ;; Tracked objects:
  5744 ;;		On entry : 0/0
  5745 ;;		On exit  : 0/0
  5746 ;;		Unchanged: 0/0
  5747 ;; Data sizes:     COMMON   BANK0   BANK1   BANK2   BANK3   BANK4   BANK5   BANK6
  5748 ;;      Params:         0       0       0       0       0       0       0       0
  5749 ;;      Locals:         0       0       0       0       0       0       0       0
  5750 ;;      Temps:          0       0       0       0       0       0       0       0
  5751 ;;      Totals:         0       0       0       0       0       0       0       0
  5752 ;;Total ram usage:        0 bytes
  5753 ;; Hardware stack levels used: 1
  5754 ;; This function calls:
  5755 ;;		Nothing
  5756 ;; This function is called by:
  5757 ;;		_I2C_DO_SEND_RESTART_READ
  5758 ;;		_I2C_DO_SEND_RESTART_WRITE
  5759 ;;		_I2C_DO_SEND_RESTART
  5760 ;;		_I2C_DO_RX_EMPTY
  5761 ;; This function uses a non-reentrant model
  5762 ;;
  5763                           
  5764     03C4                     _I2C_MasterEnableRestart:	
  5765                           ;psect for function _I2C_MasterEnableRestart
  5766                           
  5767     03C4                     l1889:	
  5768                           ;incstack = 0
  5769                           ; Regs used in _I2C_MasterEnableRestart: []
  5770                           
  5771                           
  5772                           ;D:\work_pic\LCD_I2C.X\mcc_generated_files\i2c_master.c: 575:     SSPCON2bits.RSEN = 1;
  5773     03C4  0024               	movlb	4	; select bank4
  5774     03C5  1496               	bsf	22,1	;volatile
  5775     03C6                     l433:
  5776     03C6  0008               	return
  5777     03C7                     __end_of_I2C_MasterEnableRestart:
  5778                           
  5779                           	psect	text57
  5780     03C1                     __ptext57:	
  5781 ;; *************** function _I2C_MasterStart *****************
  5782 ;; Defined at:
  5783 ;;		line 588 in file "D:\work_pic\LCD_I2C.X\mcc_generated_files\i2c_master.c"
  5784 ;; Parameters:    Size  Location     Type
  5785 ;;		None
  5786 ;; Auto vars:     Size  Location     Type
  5787 ;;		None
  5788 ;; Return value:  Size  Location     Type
  5789 ;;                  1    wreg      void 
  5790 ;; Registers used:
  5791 ;;		None
  5792 ;; Tracked objects:
  5793 ;;		On entry : 0/0
  5794 ;;		On exit  : 0/0
  5795 ;;		Unchanged: 0/0
  5796 ;; Data sizes:     COMMON   BANK0   BANK1   BANK2   BANK3   BANK4   BANK5   BANK6
  5797 ;;      Params:         0       0       0       0       0       0       0       0
  5798 ;;      Locals:         0       0       0       0       0       0       0       0
  5799 ;;      Temps:          0       0       0       0       0       0       0       0
  5800 ;;      Totals:         0       0       0       0       0       0       0       0
  5801 ;;Total ram usage:        0 bytes
  5802 ;; Hardware stack levels used: 1
  5803 ;; This function calls:
  5804 ;;		Nothing
  5805 ;; This function is called by:
  5806 ;;		_I2C_MasterOperation
  5807 ;; This function uses a non-reentrant model
  5808 ;;
  5809                           
  5810     03C1                     _I2C_MasterStart:	
  5811                           ;psect for function _I2C_MasterStart
  5812                           
  5813     03C1                     l2161:	
  5814                           ;incstack = 0
  5815                           ; Regs used in _I2C_MasterStart: []
  5816                           
  5817                           
  5818                           ;D:\work_pic\LCD_I2C.X\mcc_generated_files\i2c_master.c: 590:     SSPCON2bits.SEN = 1;
  5819     03C1  0024               	movlb	4	; select bank4
  5820     03C2  1416               	bsf	22,0	;volatile
  5821     03C3                     l442:
  5822     03C3  0008               	return
  5823     03C4                     __end_of_I2C_MasterStart:
  5824                           
  5825                           	psect	text58
  5826     0549                     __ptext58:	
  5827 ;; *************** function _I2C_Close *****************
  5828 ;; Defined at:
  5829 ;;		line 209 in file "D:\work_pic\LCD_I2C.X\mcc_generated_files\i2c_master.c"
  5830 ;; Parameters:    Size  Location     Type
  5831 ;;		None
  5832 ;; Auto vars:     Size  Location     Type
  5833 ;;  returnValue     1    0[COMMON] enum E358
  5834 ;; Return value:  Size  Location     Type
  5835 ;;                  1    wreg      enum E358
  5836 ;; Registers used:
  5837 ;;		wreg, status,2, status,0, pclath, cstack
  5838 ;; Tracked objects:
  5839 ;;		On entry : 0/0
  5840 ;;		On exit  : 0/0
  5841 ;;		Unchanged: 0/0
  5842 ;; Data sizes:     COMMON   BANK0   BANK1   BANK2   BANK3   BANK4   BANK5   BANK6
  5843 ;;      Params:         0       0       0       0       0       0       0       0
  5844 ;;      Locals:         1       0       0       0       0       0       0       0
  5845 ;;      Temps:          0       0       0       0       0       0       0       0
  5846 ;;      Totals:         1       0       0       0       0       0       0       0
  5847 ;;Total ram usage:        1 bytes
  5848 ;; Hardware stack levels used: 1
  5849 ;; Hardware stack levels required when called: 1
  5850 ;; This function calls:
  5851 ;;		_I2C_MasterClearIrq
  5852 ;;		_I2C_MasterClose
  5853 ;;		_I2C_MasterDisableIrq
  5854 ;; This function is called by:
  5855 ;;		_I2C_Write1ByteRegister
  5856 ;;		_I2C_Read1ByteRegister
  5857 ;;		_I2C_Read2ByteRegister
  5858 ;;		_I2C_Write2ByteRegister
  5859 ;;		_I2C_WriteNBytes
  5860 ;;		_I2C_ReadNBytes
  5861 ;;		_I2C_ReadDataBlock
  5862 ;; This function uses a non-reentrant model
  5863 ;;
  5864                           
  5865     0549                     _I2C_Close:	
  5866                           ;psect for function _I2C_Close
  5867                           
  5868     0549                     l2245:	
  5869                           ;incstack = 0
  5870                           ; Regs used in _I2C_Close: [wreg+status,2+status,0+pclath+cstack]
  5871                           
  5872                           
  5873                           ;D:\work_pic\LCD_I2C.X\mcc_generated_files\i2c_master.c: 211:     i2c_error_t returnValu
      +                          e = I2C_BUSY;
  5874     0549  01F0               	clrf	I2C_Close@returnValue
  5875     054A  0AF0               	incf	I2C_Close@returnValue,f
  5876                           
  5877                           ;D:\work_pic\LCD_I2C.X\mcc_generated_files\i2c_master.c: 212:     if(!I2C_Status.busy)
  5878     054B  0020               	movlb	0	; select bank0
  5879     054C  18BC               	btfsc	_I2C_Status+28,1
  5880     054D  2D4F               	goto	u481
  5881     054E  2D50               	goto	u480
  5882     054F                     u481:
  5883     054F  2D5F               	goto	l2259
  5884     0550                     u480:
  5885     0550                     l2247:
  5886                           
  5887                           ;D:\work_pic\LCD_I2C.X\mcc_generated_files\i2c_master.c: 213:     {;D:\work_pic\LCD_I2C.
      +                          X\mcc_generated_files\i2c_master.c: 214:         I2C_Status.inUse = 0;
  5888     0550  113C               	bcf	_I2C_Status+28,2
  5889     0551                     l2249:
  5890                           
  5891                           ;D:\work_pic\LCD_I2C.X\mcc_generated_files\i2c_master.c: 215:         I2C_Status.address
      +                           = 0xff;
  5892     0551  30FF               	movlw	255
  5893     0552  00B6               	movwf	_I2C_Status+22
  5894     0553                     l2251:
  5895                           
  5896                           ;D:\work_pic\LCD_I2C.X\mcc_generated_files\i2c_master.c: 216:         I2C_MasterClearIrq
      +                          ();
  5897     0553  3183  23B8  3185   	fcall	_I2C_MasterClearIrq
  5898     0556                     l2253:
  5899                           
  5900                           ;D:\work_pic\LCD_I2C.X\mcc_generated_files\i2c_master.c: 217:         I2C_MasterDisableI
      +                          rq();
  5901     0556  3183  23BE  3185   	fcall	_I2C_MasterDisableIrq
  5902     0559                     l2255:
  5903                           
  5904                           ;D:\work_pic\LCD_I2C.X\mcc_generated_files\i2c_master.c: 218:         I2C_MasterClose();
  5905     0559  3183  23BB  3185   	fcall	_I2C_MasterClose
  5906     055C                     l2257:
  5907                           
  5908                           ;D:\work_pic\LCD_I2C.X\mcc_generated_files\i2c_master.c: 219:         returnValue = I2C_
      +                          Status.error;
  5909     055C  0020               	movlb	0	; select bank0
  5910     055D  083B               	movf	_I2C_Status+27,w
  5911     055E  00F0               	movwf	I2C_Close@returnValue
  5912     055F                     l2259:
  5913                           
  5914                           ;D:\work_pic\LCD_I2C.X\mcc_generated_files\i2c_master.c: 221:     return returnValue;
  5915     055F  0870               	movf	I2C_Close@returnValue,w
  5916     0560                     l260:
  5917     0560  0008               	return
  5918     0561                     __end_of_I2C_Close:
  5919                           
  5920                           	psect	text59
  5921     03BE                     __ptext59:	
  5922 ;; *************** function _I2C_MasterDisableIrq *****************
  5923 ;; Defined at:
  5924 ;;		line 635 in file "D:\work_pic\LCD_I2C.X\mcc_generated_files\i2c_master.c"
  5925 ;; Parameters:    Size  Location     Type
  5926 ;;		None
  5927 ;; Auto vars:     Size  Location     Type
  5928 ;;		None
  5929 ;; Return value:  Size  Location     Type
  5930 ;;                  1    wreg      void 
  5931 ;; Registers used:
  5932 ;;		None
  5933 ;; Tracked objects:
  5934 ;;		On entry : 0/0
  5935 ;;		On exit  : 0/0
  5936 ;;		Unchanged: 0/0
  5937 ;; Data sizes:     COMMON   BANK0   BANK1   BANK2   BANK3   BANK4   BANK5   BANK6
  5938 ;;      Params:         0       0       0       0       0       0       0       0
  5939 ;;      Locals:         0       0       0       0       0       0       0       0
  5940 ;;      Temps:          0       0       0       0       0       0       0       0
  5941 ;;      Totals:         0       0       0       0       0       0       0       0
  5942 ;;Total ram usage:        0 bytes
  5943 ;; Hardware stack levels used: 1
  5944 ;; This function calls:
  5945 ;;		Nothing
  5946 ;; This function is called by:
  5947 ;;		_I2C_Close
  5948 ;;		_I2C_SetTimeOut
  5949 ;; This function uses a non-reentrant model
  5950 ;;
  5951                           
  5952     03BE                     _I2C_MasterDisableIrq:	
  5953                           ;psect for function _I2C_MasterDisableIrq
  5954                           
  5955     03BE                     l2183:	
  5956                           ;incstack = 0
  5957                           ; Regs used in _I2C_MasterDisableIrq: []
  5958                           
  5959                           
  5960                           ;D:\work_pic\LCD_I2C.X\mcc_generated_files\i2c_master.c: 637:     PIE1bits.SSPIE = 0;
  5961     03BE  0021               	movlb	1	; select bank1
  5962     03BF  1191               	bcf	17,3	;volatile
  5963     03C0                     l469:
  5964     03C0  0008               	return
  5965     03C1                     __end_of_I2C_MasterDisableIrq:
  5966                           
  5967                           	psect	text60
  5968     03BB                     __ptext60:	
  5969 ;; *************** function _I2C_MasterClose *****************
  5970 ;; Defined at:
  5971 ;;		line 557 in file "D:\work_pic\LCD_I2C.X\mcc_generated_files\i2c_master.c"
  5972 ;; Parameters:    Size  Location     Type
  5973 ;;		None
  5974 ;; Auto vars:     Size  Location     Type
  5975 ;;		None
  5976 ;; Return value:  Size  Location     Type
  5977 ;;                  1    wreg      void 
  5978 ;; Registers used:
  5979 ;;		None
  5980 ;; Tracked objects:
  5981 ;;		On entry : 0/0
  5982 ;;		On exit  : 0/0
  5983 ;;		Unchanged: 0/0
  5984 ;; Data sizes:     COMMON   BANK0   BANK1   BANK2   BANK3   BANK4   BANK5   BANK6
  5985 ;;      Params:         0       0       0       0       0       0       0       0
  5986 ;;      Locals:         0       0       0       0       0       0       0       0
  5987 ;;      Temps:          0       0       0       0       0       0       0       0
  5988 ;;      Totals:         0       0       0       0       0       0       0       0
  5989 ;;Total ram usage:        0 bytes
  5990 ;; Hardware stack levels used: 1
  5991 ;; This function calls:
  5992 ;;		Nothing
  5993 ;; This function is called by:
  5994 ;;		_I2C_Close
  5995 ;; This function uses a non-reentrant model
  5996 ;;
  5997                           
  5998     03BB                     _I2C_MasterClose:	
  5999                           ;psect for function _I2C_MasterClose
  6000                           
  6001     03BB                     l2185:	
  6002                           ;incstack = 0
  6003                           ; Regs used in _I2C_MasterClose: []
  6004                           
  6005                           
  6006                           ;D:\work_pic\LCD_I2C.X\mcc_generated_files\i2c_master.c: 560:     SSPCON1bits.SSPEN = 0;
  6007     03BB  0024               	movlb	4	; select bank4
  6008     03BC  1295               	bcf	21,5	;volatile
  6009     03BD                     l424:
  6010     03BD  0008               	return
  6011     03BE                     __end_of_I2C_MasterClose:
  6012                           
  6013                           	psect	text61
  6014     03B8                     __ptext61:	
  6015 ;; *************** function _I2C_MasterClearIrq *****************
  6016 ;; Defined at:
  6017 ;;		line 640 in file "D:\work_pic\LCD_I2C.X\mcc_generated_files\i2c_master.c"
  6018 ;; Parameters:    Size  Location     Type
  6019 ;;		None
  6020 ;; Auto vars:     Size  Location     Type
  6021 ;;		None
  6022 ;; Return value:  Size  Location     Type
  6023 ;;                  1    wreg      void 
  6024 ;; Registers used:
  6025 ;;		None
  6026 ;; Tracked objects:
  6027 ;;		On entry : 0/0
  6028 ;;		On exit  : 0/0
  6029 ;;		Unchanged: 0/0
  6030 ;; Data sizes:     COMMON   BANK0   BANK1   BANK2   BANK3   BANK4   BANK5   BANK6
  6031 ;;      Params:         0       0       0       0       0       0       0       0
  6032 ;;      Locals:         0       0       0       0       0       0       0       0
  6033 ;;      Temps:          0       0       0       0       0       0       0       0
  6034 ;;      Totals:         0       0       0       0       0       0       0       0
  6035 ;;Total ram usage:        0 bytes
  6036 ;; Hardware stack levels used: 1
  6037 ;; This function calls:
  6038 ;;		Nothing
  6039 ;; This function is called by:
  6040 ;;		_I2C_Open
  6041 ;;		_I2C_Close
  6042 ;;		_I2C_MasterFsm
  6043 ;; This function uses a non-reentrant model
  6044 ;;
  6045                           
  6046     03B8                     _I2C_MasterClearIrq:	
  6047                           ;psect for function _I2C_MasterClearIrq
  6048                           
  6049     03B8                     l1993:	
  6050                           ;incstack = 0
  6051                           ; Regs used in _I2C_MasterClearIrq: []
  6052                           
  6053                           
  6054                           ;D:\work_pic\LCD_I2C.X\mcc_generated_files\i2c_master.c: 642:     PIR1bits.SSPIF = 0;
  6055     03B8  0020               	movlb	0	; select bank0
  6056     03B9  1191               	bcf	17,3	;volatile
  6057     03BA                     l472:
  6058     03BA  0008               	return
  6059     03BB                     __end_of_I2C_MasterClearIrq:
  6060     007E                     btemp	set	126	;btemp
  6061     007E                     wtemp0	set	126
  6062                           
  6063                           	psect	idloc
  6064                           
  6065                           ;Config register IDLOC0 @ 0x8000
  6066                           ;	unspecified, using default values
  6067     8000                     	org	32768
  6068     8000  3FFF               	dw	16383
  6069                           
  6070                           ;Config register IDLOC1 @ 0x8001
  6071                           ;	unspecified, using default values
  6072     8001                     	org	32769
  6073     8001  3FFF               	dw	16383
  6074                           
  6075                           ;Config register IDLOC2 @ 0x8002
  6076                           ;	unspecified, using default values
  6077     8002                     	org	32770
  6078     8002  3FFF               	dw	16383
  6079                           
  6080                           ;Config register IDLOC3 @ 0x8003
  6081                           ;	unspecified, using default values
  6082     8003                     	org	32771
  6083     8003  3FFF               	dw	16383
  6084                           
  6085                           	psect	config
  6086                           
  6087                           ;Config register CONFIG1 @ 0x8007
  6088                           ;	Oscillator Selection
  6089                           ;	FOSC = INTOSC, INTOSC oscillator: I/O function on CLKIN pin
  6090                           ;	Watchdog Timer Enable
  6091                           ;	WDTE = OFF, WDT disabled
  6092                           ;	Power-up Timer Enable
  6093                           ;	PWRTE = OFF, PWRT disabled
  6094                           ;	MCLR Pin Function Select
  6095                           ;	MCLRE = ON, MCLR/VPP pin function is MCLR
  6096                           ;	Flash Program Memory Code Protection
  6097                           ;	CP = OFF, Program memory code protection is disabled
  6098                           ;	Data Memory Code Protection
  6099                           ;	CPD = OFF, Data memory code protection is disabled
  6100                           ;	Brown-out Reset Enable
  6101                           ;	BOREN = ON, Brown-out Reset enabled
  6102                           ;	Clock Out Enable
  6103                           ;	CLKOUTEN = OFF, CLKOUT function is disabled. I/O or oscillator function on the CLKOUT 
      +                          pin
  6104                           ;	Internal/External Switchover
  6105                           ;	IESO = ON, Internal/External Switchover mode is enabled
  6106                           ;	Fail-Safe Clock Monitor Enable
  6107                           ;	FCMEN = ON, Fail-Safe Clock Monitor is enabled
  6108     8007                     	org	32775
  6109     8007  3FE4               	dw	16356
  6110                           
  6111                           ;Config register CONFIG2 @ 0x8008
  6112                           ;	Flash Memory Self-Write Protection
  6113                           ;	WRT = OFF, Write protection off
  6114                           ;	Voltage Regulator Capacitor Enable
  6115                           ;	VCAPEN = OFF, All VCAP pin functionality is disabled
  6116                           ;	PLL Enable
  6117                           ;	PLLEN = OFF, 4x PLL disabled
  6118                           ;	Stack Overflow/Underflow Reset Enable
  6119                           ;	STVREN = ON, Stack Overflow or Underflow will cause a Reset
  6120                           ;	Brown-out Reset Voltage Selection
  6121                           ;	BORV = LO, Brown-out Reset Voltage (Vbor), low trip point selected.
  6122                           ;	Low-Voltage Programming Enable
  6123                           ;	LVP = OFF, High-voltage on MCLR/VPP must be used for programming
  6124     8008                     	org	32776
  6125     8008  1EFF               	dw	7935

Data Sizes:
    Strings     13
    Constant    32
    Data        4
    BSS         29
    Persistent  32
    Stack       0

Auto Spaces:
    Space          Size  Autos    Used
    COMMON           14     14      14
    BANK0            80     18      51
    BANK1            80      0       0
    BANK2            80      0       0
    BANK3            80      0       0
    BANK4            80      0       0
    BANK5            80      0       0
    BANK6            16      0       0

Pointer List with Targets:

    bufferBlock$data	PTR unsigned char  size(2) Largest target is 0

    cb$0	PTR void  size(1) Largest target is 4
		 -> I2C_Read1ByteRegister@returnValue(COMMON[1]), I2C_Read2ByteRegister@returnValue(COMMON[2]), I2C_ReadDataBlock@bufferBlock(COMMON[4]), I2C_Write1ByteRegister@data(BANK0[1]), 
		 -> I2C_Write2ByteRegister@data(COMMON[2]), NULL(NULL[0]), 

    cb$0	PTR void  size(1) Largest target is 4
		 -> I2C_Read1ByteRegister@returnValue(COMMON[1]), I2C_Read2ByteRegister@returnValue(COMMON[2]), I2C_ReadDataBlock@bufferBlock(COMMON[4]), I2C_Write1ByteRegister@data(BANK0[1]), 
		 -> I2C_Write2ByteRegister@data(COMMON[2]), NULL(NULL[0]), 

    I2C_CallbackReturnReset@funPtr	PTR void  size(1) Largest target is 4
		 -> I2C_Read1ByteRegister@returnValue(COMMON[1]), I2C_Read2ByteRegister@returnValue(COMMON[2]), I2C_ReadDataBlock@bufferBlock(COMMON[4]), I2C_Write1ByteRegister@data(BANK0[1]), 
		 -> I2C_Write2ByteRegister@data(COMMON[2]), NULL(NULL[0]), 

    I2C_CallbackReturnStop@funPtr	PTR void  size(1) Largest target is 4
		 -> I2C_Read1ByteRegister@returnValue(COMMON[1]), I2C_Read2ByteRegister@returnValue(COMMON[2]), I2C_ReadDataBlock@bufferBlock(COMMON[4]), I2C_Write1ByteRegister@data(BANK0[1]), 
		 -> I2C_Write2ByteRegister@data(COMMON[2]), NULL(NULL[0]), 

    I2C_DO_TX$1560	PTR FTN(PTR void ,)enum E363 size(2) Largest target is 1
		 -> I2C_CallbackReturnReset(), I2C_CallbackReturnStop(), rd1RegCompleteHandler(), rd2RegCompleteHandler(), 
		 -> rdBlkRegCompleteHandler(), wr1RegCompleteHandler(), wr2RegCompleteHandler(), NULL(), 

    I2C_DO_TX$1560$0	PTR void  size(1) Largest target is 4
		 -> I2C_Read1ByteRegister@returnValue(COMMON[1]), I2C_Read2ByteRegister@returnValue(COMMON[2]), I2C_ReadDataBlock@bufferBlock(COMMON[4]), I2C_Write1ByteRegister@data(BANK0[1]), 
		 -> I2C_Write2ByteRegister@data(COMMON[2]), NULL(NULL[0]), 

    I2C_DO_TX$1565	PTR void  size(1) Largest target is 4
		 -> I2C_Read1ByteRegister@returnValue(COMMON[1]), I2C_Read2ByteRegister@returnValue(COMMON[2]), I2C_ReadDataBlock@bufferBlock(COMMON[4]), I2C_Write1ByteRegister@data(BANK0[1]), 
		 -> I2C_Write2ByteRegister@data(COMMON[2]), NULL(NULL[0]), 

    i2c_fsmStateTable	const PTR FTN()enum E3183[16] size(2) Largest target is 1
		 -> I2C_DO_ADDRESS_NACK(), I2C_DO_IDLE(), I2C_DO_RCEN(), I2C_DO_RESET(), 
		 -> I2C_DO_RX(), I2C_DO_RX_ACK(), I2C_DO_RX_NACK_RESTART(), I2C_DO_RX_NACK_STOP(), 
		 -> I2C_DO_SEND_ADR_READ(), I2C_DO_SEND_ADR_WRITE(), I2C_DO_SEND_RESTART(), I2C_DO_SEND_RESTART_READ(), 
		 -> I2C_DO_SEND_RESTART_WRITE(), I2C_DO_SEND_STOP(), I2C_DO_TX(), I2C_DO_TX_EMPTY(), 

    I2C_MasterFsm$1559	const PTR FTN()enum E3183 size(2) Largest target is 1
		 -> I2C_DO_ADDRESS_NACK(), I2C_DO_IDLE(), I2C_DO_RCEN(), I2C_DO_RESET(), 
		 -> I2C_DO_RX(), I2C_DO_RX_ACK(), I2C_DO_RX_NACK_RESTART(), I2C_DO_RX_NACK_STOP(), 
		 -> I2C_DO_SEND_ADR_READ(), I2C_DO_SEND_ADR_WRITE(), I2C_DO_SEND_RESTART(), I2C_DO_SEND_RESTART_READ(), 
		 -> I2C_DO_SEND_RESTART_WRITE(), I2C_DO_SEND_STOP(), I2C_DO_TX(), I2C_DO_TX_EMPTY(), 

    I2C_Read1ByteRegister@returnValue$data	PTR unsigned char  size(2) Largest target is 0

    I2C_Read2ByteRegister@returnValue$data	PTR unsigned char  size(2) Largest target is 0

    I2C_SetAddressNackCallback@cb	PTR FTN(PTR void ,)enum E363 size(2) Largest target is 1
		 -> NULL(), 

    I2C_SetAddressNackCallback@ptr	PTR void  size(2) Largest target is 0
		 -> NULL(NULL[0]), 

    I2C_SetBuffer@buffer	PTR void  size(1) Largest target is 4
		 -> bufferBlock$data(COMMON[2]), I2C_Read1ByteRegister@reg(COMMON[1]), I2C_Read1ByteRegister@returnValue(COMMON[1]), I2C_Read1ByteRegister@returnValue$data(COMMON[2]), 
		 -> I2C_Read2ByteRegister@reg(COMMON[1]), I2C_Read2ByteRegister@returnValue(COMMON[2]), I2C_Read2ByteRegister@returnValue$data(COMMON[2]), I2C_ReadDataBlock@bufferBlock(COMMON[4]), 
		 -> I2C_ReadDataBlock@reg(COMMON[1]), I2C_Write1ByteRegister@data(BANK0[1]), I2C_Write1ByteRegister@data$data(COMMON[2]), I2C_Write1ByteRegister@reg(BANK0[1]), 
		 -> I2C_Write2ByteRegister@data(COMMON[2]), I2C_Write2ByteRegister@data$data(COMMON[2]), I2C_Write2ByteRegister@reg(COMMON[1]), NULL(NULL[0]), 

    I2C_SetCallback@cb	PTR FTN(PTR void ,)enum E363 size(2) Largest target is 1
		 -> rd1RegCompleteHandler(), rd2RegCompleteHandler(), rdBlkRegCompleteHandler(), wr1RegCompleteHandler(), 
		 -> wr2RegCompleteHandler(), NULL(), 

    I2C_SetCallback@ptr	PTR void  size(1) Largest target is 4
		 -> I2C_Read1ByteRegister@returnValue(COMMON[1]), I2C_Read2ByteRegister@returnValue(COMMON[2]), I2C_ReadDataBlock@bufferBlock(COMMON[4]), I2C_Write1ByteRegister@data(BANK0[1]), 
		 -> I2C_Write2ByteRegister@data(COMMON[2]), NULL(NULL[0]), 

    I2C_SetDataCompleteCallback@cb	PTR FTN(PTR void ,)enum E363 size(2) Largest target is 1
		 -> rd1RegCompleteHandler(), rd2RegCompleteHandler(), rdBlkRegCompleteHandler(), wr1RegCompleteHandler(), 
		 -> wr2RegCompleteHandler(), NULL(), 

    I2C_SetDataCompleteCallback@ptr	PTR void  size(1) Largest target is 4
		 -> I2C_Read1ByteRegister@returnValue(COMMON[1]), I2C_Read2ByteRegister@returnValue(COMMON[2]), I2C_ReadDataBlock@bufferBlock(COMMON[4]), I2C_Write1ByteRegister@data(BANK0[1]), 
		 -> I2C_Write2ByteRegister@data(COMMON[2]), NULL(NULL[0]), 

    I2C_Status$callbackPayload	PTR void [6] size(1) Largest target is 4
		 -> I2C_Read1ByteRegister@returnValue(COMMON[1]), I2C_Read2ByteRegister@returnValue(COMMON[2]), I2C_ReadDataBlock@bufferBlock(COMMON[4]), I2C_Write1ByteRegister@data(BANK0[1]), 
		 -> I2C_Write2ByteRegister@data(COMMON[2]), NULL(NULL[0]), 

    I2C_Status$callbackTable	PTR FTN(PTR void ,)enum E363[6] size(2) Largest target is 1
		 -> I2C_CallbackReturnReset(), I2C_CallbackReturnStop(), rd1RegCompleteHandler(), rd2RegCompleteHandler(), 
		 -> rdBlkRegCompleteHandler(), wr1RegCompleteHandler(), wr2RegCompleteHandler(), NULL(), 

    I2C_Status$data_ptr	PTR unsigned char  size(1) Largest target is 4
		 -> bufferBlock$data(COMMON[2]), I2C_Read1ByteRegister@reg(COMMON[1]), I2C_Read1ByteRegister@returnValue(COMMON[1]), I2C_Read1ByteRegister@returnValue$data(COMMON[2]), 
		 -> I2C_Read2ByteRegister@reg(COMMON[1]), I2C_Read2ByteRegister@returnValue(COMMON[2]), I2C_Read2ByteRegister@returnValue$data(COMMON[2]), I2C_ReadDataBlock@bufferBlock(COMMON[4]), 
		 -> I2C_ReadDataBlock@reg(COMMON[1]), I2C_Write1ByteRegister@data(BANK0[1]), I2C_Write1ByteRegister@data$data(COMMON[2]), I2C_Write1ByteRegister@reg(BANK0[1]), 
		 -> I2C_Write2ByteRegister@data(COMMON[2]), I2C_Write2ByteRegister@data$data(COMMON[2]), I2C_Write2ByteRegister@reg(COMMON[1]), NULL(NULL[0]), 

    I2C_Write1ByteRegister@data$data	PTR unsigned char  size(2) Largest target is 0

    I2C_Write2ByteRegister@data$data	PTR unsigned char  size(2) Largest target is 0

    LCD_Print@str	PTR const unsigned char  size(2) Largest target is 13
		 -> STR_1(CODE[13]), 

    NULL$0	PTR void  size(1) Largest target is 4
		 -> I2C_Read1ByteRegister@returnValue(COMMON[1]), I2C_Read2ByteRegister@returnValue(COMMON[2]), I2C_ReadDataBlock@bufferBlock(COMMON[4]), I2C_Write1ByteRegister@data(BANK0[1]), 
		 -> I2C_Write2ByteRegister@data(COMMON[2]), NULL(NULL[0]), 

    rd1RegCompleteHandler@ptr	PTR void  size(1) Largest target is 4
		 -> I2C_Read1ByteRegister@returnValue(COMMON[1]), I2C_Read2ByteRegister@returnValue(COMMON[2]), I2C_ReadDataBlock@bufferBlock(COMMON[4]), I2C_Write1ByteRegister@data(BANK0[1]), 
		 -> I2C_Write2ByteRegister@data(COMMON[2]), NULL(NULL[0]), 

    rd2RegCompleteHandler@ptr	PTR void  size(1) Largest target is 4
		 -> I2C_Read1ByteRegister@returnValue(COMMON[1]), I2C_Read2ByteRegister@returnValue(COMMON[2]), I2C_ReadDataBlock@bufferBlock(COMMON[4]), I2C_Write1ByteRegister@data(BANK0[1]), 
		 -> I2C_Write2ByteRegister@data(COMMON[2]), NULL(NULL[0]), 

    rdBlkRegCompleteHandler@ptr	PTR void  size(1) Largest target is 4
		 -> I2C_Read1ByteRegister@returnValue(COMMON[1]), I2C_Read2ByteRegister@returnValue(COMMON[2]), I2C_ReadDataBlock@bufferBlock(COMMON[4]), I2C_Write1ByteRegister@data(BANK0[1]), 
		 -> I2C_Write2ByteRegister@data(COMMON[2]), NULL(NULL[0]), 

    rdBlkRegCompleteHandler@ptr$data	PTR unsigned char  size(2) Largest target is 0

    S144$data	PTR unsigned char  size(2) Largest target is 0

    S296$0$0	PTR void  size(1) Largest target is 4
		 -> I2C_Read1ByteRegister@returnValue(COMMON[1]), I2C_Read2ByteRegister@returnValue(COMMON[2]), I2C_ReadDataBlock@bufferBlock(COMMON[4]), I2C_Write1ByteRegister@data(BANK0[1]), 
		 -> I2C_Write2ByteRegister@data(COMMON[2]), NULL(NULL[0]), 

    S296$callbackPayload	PTR void [6] size(1) Largest target is 4
		 -> I2C_Read1ByteRegister@returnValue(COMMON[1]), I2C_Read2ByteRegister@returnValue(COMMON[2]), I2C_ReadDataBlock@bufferBlock(COMMON[4]), I2C_Write1ByteRegister@data(BANK0[1]), 
		 -> I2C_Write2ByteRegister@data(COMMON[2]), NULL(NULL[0]), 

    S296$callbackTable	PTR FTN(PTR void ,)enum E363[6] size(2) Largest target is 1
		 -> I2C_CallbackReturnReset(), I2C_CallbackReturnStop(), rd1RegCompleteHandler(), rd2RegCompleteHandler(), 
		 -> rdBlkRegCompleteHandler(), wr1RegCompleteHandler(), wr2RegCompleteHandler(), NULL(), 

    S296$data_ptr	PTR unsigned char  size(1) Largest target is 4
		 -> I2C_Read1ByteRegister@reg(COMMON[1]), I2C_Read1ByteRegister@returnValue(COMMON[1]), I2C_Read2ByteRegister@reg(COMMON[1]), I2C_Read2ByteRegister@returnValue(COMMON[2]), 
		 -> I2C_ReadDataBlock@bufferBlock(COMMON[4]), I2C_ReadDataBlock@reg(COMMON[1]), I2C_Write1ByteRegister@data(BANK0[1]), I2C_Write1ByteRegister@reg(BANK0[1]), 
		 -> I2C_Write2ByteRegister@data(COMMON[2]), I2C_Write2ByteRegister@reg(COMMON[1]), NULL(NULL[0]), 

    wr1RegCompleteHandler@ptr	PTR void  size(1) Largest target is 4
		 -> I2C_Read1ByteRegister@returnValue(COMMON[1]), I2C_Read2ByteRegister@returnValue(COMMON[2]), I2C_ReadDataBlock@bufferBlock(COMMON[4]), I2C_Write1ByteRegister@data(BANK0[1]), 
		 -> I2C_Write2ByteRegister@data(COMMON[2]), NULL(NULL[0]), 

    wr2RegCompleteHandler@ptr	PTR void  size(1) Largest target is 4
		 -> I2C_Read1ByteRegister@returnValue(COMMON[1]), I2C_Read2ByteRegister@returnValue(COMMON[2]), I2C_ReadDataBlock@bufferBlock(COMMON[4]), I2C_Write1ByteRegister@data(BANK0[1]), 
		 -> I2C_Write2ByteRegister@data(COMMON[2]), NULL(NULL[0]), 


Critical Paths under _main in COMMON

    _I2C_SetAddressNackCallback->_I2C_SetCallback
    _I2C_MasterWrite->_I2C_MasterOperation
    _I2C_Poller->_I2C_MasterFsm
    _I2C_MasterFsm->_I2C_DO_ADDRESS_NACK
    _I2C_MasterFsm->_I2C_DO_RX
    _I2C_MasterFsm->_I2C_DO_TX
    _I2C_MasterFsm->_I2C_DO_TX_EMPTY
    _I2C_DO_TX_EMPTY->_I2C_CallbackReturnReset
    _I2C_DO_TX_EMPTY->_I2C_CallbackReturnStop
    _I2C_DO_TX_EMPTY->_rd1RegCompleteHandler
    _I2C_DO_TX_EMPTY->_rd2RegCompleteHandler
    _I2C_DO_TX_EMPTY->_rdBlkRegCompleteHandler
    _I2C_DO_TX_EMPTY->_wr1RegCompleteHandler
    _I2C_DO_TX_EMPTY->_wr2RegCompleteHandler
    _I2C_DO_TX->_I2C_CallbackReturnReset
    _I2C_DO_TX->_I2C_CallbackReturnStop
    _I2C_DO_TX->_rd1RegCompleteHandler
    _I2C_DO_TX->_rd2RegCompleteHandler
    _I2C_DO_TX->_rdBlkRegCompleteHandler
    _I2C_DO_TX->_wr1RegCompleteHandler
    _I2C_DO_TX->_wr2RegCompleteHandler
    _I2C_DO_SEND_ADR_WRITE->_I2C_MasterSendTxData
    _I2C_DO_RX->_I2C_CallbackReturnReset
    _I2C_DO_RX->_I2C_CallbackReturnStop
    _I2C_DO_RX->_rd1RegCompleteHandler
    _I2C_DO_RX->_rd2RegCompleteHandler
    _I2C_DO_RX->_rdBlkRegCompleteHandler
    _I2C_DO_RX->_wr1RegCompleteHandler
    _I2C_DO_RX->_wr2RegCompleteHandler
    _I2C_DO_ADDRESS_NACK->_I2C_CallbackReturnReset
    _I2C_DO_ADDRESS_NACK->_I2C_CallbackReturnStop
    _I2C_DO_ADDRESS_NACK->_rd1RegCompleteHandler
    _I2C_DO_ADDRESS_NACK->_rd2RegCompleteHandler
    _I2C_DO_ADDRESS_NACK->_rdBlkRegCompleteHandler
    _I2C_DO_ADDRESS_NACK->_wr1RegCompleteHandler
    _I2C_DO_ADDRESS_NACK->_wr2RegCompleteHandler
    _wr2RegCompleteHandler->_I2C_SetDataCompleteCallback
    _wr1RegCompleteHandler->_I2C_SetDataCompleteCallback
    _rdBlkRegCompleteHandler->_I2C_SetDataCompleteCallback
    _rd2RegCompleteHandler->_I2C_SetDataCompleteCallback
    _rd1RegCompleteHandler->_I2C_SetDataCompleteCallback
    _I2C_SetDataCompleteCallback->_I2C_SetCallback

Critical Paths under _main in BANK0

    _main->_LCD_SetCursor
    _LCD_SetCursor->_LCD_Command
    _LCD_Print->_LCD_Data
    _LCD_Data->_PCF8574_LCD_SendByte
    _LCD_Init->_LCD_Command
    _LCD_Command->_PCF8574_LCD_SendByte
    _PCF8574_LCD_SendByte->_PCF8574_LCD_SendNibble
    _PCF8574_LCD_SendNibble->_I2C_Write1ByteRegister

Critical Paths under _main in BANK1

    None.

Critical Paths under _main in BANK2

    None.

Critical Paths under _main in BANK3

    None.

Critical Paths under _main in BANK4

    None.

Critical Paths under _main in BANK5

    None.

Critical Paths under _main in BANK6

    None.

Call Graph Tables:

 ---------------------------------------------------------------------------------
 (Depth) Function   	        Calls       Base Space   Used Autos Params    Refs
 ---------------------------------------------------------------------------------
 (0) _main                                                 0     0      0  340465
                           _LCD_Init
                          _LCD_Print
                      _LCD_SetCursor
                  _SYSTEM_Initialize
 ---------------------------------------------------------------------------------
 (1) _SYSTEM_Initialize                                    0     0      0       0
                     _I2C_Initialize
              _OSCILLATOR_Initialize
             _PIN_MANAGER_Initialize
                     _WDT_Initialize
 ---------------------------------------------------------------------------------
 (2) _WDT_Initialize                                       0     0      0       0
 ---------------------------------------------------------------------------------
 (2) _PIN_MANAGER_Initialize                               0     0      0       0
 ---------------------------------------------------------------------------------
 (2) _OSCILLATOR_Initialize                                0     0      0       0
 ---------------------------------------------------------------------------------
 (2) _I2C_Initialize                                       0     0      0       0
 ---------------------------------------------------------------------------------
 (1) _LCD_SetCursor                                        6     5      1   85248
                                             12 BANK0      6     5      1
                        _LCD_Command
 ---------------------------------------------------------------------------------
 (1) _LCD_Print                                            3     1      2   85225
                                             12 BANK0      3     1      2
                           _LCD_Data
 ---------------------------------------------------------------------------------
 (2) _LCD_Data                                             2     2      0   85104
                                             10 BANK0      2     2      0
               _PCF8574_LCD_SendByte
 ---------------------------------------------------------------------------------
 (1) _LCD_Init                                             3     3      0  169992
                                             12 BANK0      3     3      0
                        _LCD_Command
             _PCF8574_LCD_SendNibble
 ---------------------------------------------------------------------------------
 (2) _LCD_Command                                          2     2      0   85104
                                             10 BANK0      2     2      0
               _PCF8574_LCD_SendByte
 ---------------------------------------------------------------------------------
 (3) _PCF8574_LCD_SendByte                                 3     2      1   85082
                                              7 BANK0      3     2      1
             _PCF8574_LCD_SendNibble
 ---------------------------------------------------------------------------------
 (4) _PCF8574_LCD_SendNibble                               4     3      1   84842
                                              3 BANK0      4     3      1
             _I2C_Write1ByteRegister
 ---------------------------------------------------------------------------------
 (5) _I2C_Write1ByteRegister                               3     1      2   84448
                                              0 BANK0      3     1      2
                          _I2C_Close
                    _I2C_MasterWrite
                           _I2C_Open
         _I2C_SetAddressNackCallback
                      _I2C_SetBuffer
        _I2C_SetDataCompleteCallback
 ---------------------------------------------------------------------------------
 (6) _I2C_SetAddressNackCallback                           4     0      4    1870
                                              4 COMMON     4     0      4
                    _I2C_SetCallback
 ---------------------------------------------------------------------------------
 (6) _I2C_Open                                             2     2      0      46
                                              0 COMMON     2     2      0
                 _I2C_MasterClearIrq
                     _I2C_MasterOpen
 ---------------------------------------------------------------------------------
 (7) _I2C_MasterOpen                                       0     0      0       0
 ---------------------------------------------------------------------------------
 (6) _I2C_MasterWrite                                      0     0      0   78300
                _I2C_MasterOperation
 ---------------------------------------------------------------------------------
 (7) _I2C_MasterOperation                                  2     2      0   78300
                                             12 COMMON     2     2      0
                    _I2C_MasterStart
                         _I2C_Poller
 ---------------------------------------------------------------------------------
 (8) _I2C_Poller                                           0     0      0   78254
                      _I2C_MasterFsm
             _I2C_MasterWaitForEvent
 ---------------------------------------------------------------------------------
 (9) _I2C_MasterWaitForEvent                               0     0      0       0
 ---------------------------------------------------------------------------------
 (9) _I2C_MasterFsm                                        2     2      0   78254
                                             10 COMMON     2     2      0
                _I2C_DO_ADDRESS_NACK *
                        _I2C_DO_IDLE *
                        _I2C_DO_RCEN *
                       _I2C_DO_RESET *
                          _I2C_DO_RX *
                      _I2C_DO_RX_ACK *
             _I2C_DO_RX_NACK_RESTART *
                _I2C_DO_RX_NACK_STOP *
               _I2C_DO_SEND_ADR_READ *
              _I2C_DO_SEND_ADR_WRITE *
                _I2C_DO_SEND_RESTART *
           _I2C_DO_SEND_RESTART_READ *
          _I2C_DO_SEND_RESTART_WRITE *
                   _I2C_DO_SEND_STOP *
                          _I2C_DO_TX *
                    _I2C_DO_TX_EMPTY *
                 _I2C_MasterClearIrq
                   _I2C_MasterIsNack
 ---------------------------------------------------------------------------------
 (10) _I2C_DO_TX_EMPTY                                     2     2      0   19547
                                              8 COMMON     2     2      0
                                NULL *
            _I2C_CallbackReturnReset *
             _I2C_CallbackReturnStop *
                _I2C_DO_SEND_RESTART
                   _I2C_DO_SEND_STOP
                   _I2C_MasterSetIrq
              _rd1RegCompleteHandler *
              _rd2RegCompleteHandler *
            _rdBlkRegCompleteHandler *
              _wr1RegCompleteHandler *
              _wr2RegCompleteHandler *
 ---------------------------------------------------------------------------------
 (11) _I2C_MasterSetIrq                                    0     0      0       0
 ---------------------------------------------------------------------------------
 (10) _I2C_DO_TX                                           2     2      0   19569
                                              8 COMMON     2     2      0
                                NULL *
            _I2C_CallbackReturnReset *
             _I2C_CallbackReturnStop *
           _I2C_DO_SEND_RESTART_READ
          _I2C_DO_SEND_RESTART_WRITE
                   _I2C_DO_SEND_STOP
                   _I2C_MasterIsNack
               _I2C_MasterSendTxData
              _rd1RegCompleteHandler *
              _rd2RegCompleteHandler *
            _rdBlkRegCompleteHandler *
              _wr1RegCompleteHandler *
              _wr2RegCompleteHandler *
 ---------------------------------------------------------------------------------
 (10) _I2C_MasterIsNack                                    0     0      0       0
 ---------------------------------------------------------------------------------
 (11) _I2C_DO_SEND_RESTART_WRITE                           0     0      0       0
            _I2C_MasterEnableRestart
 ---------------------------------------------------------------------------------
 (11) _I2C_DO_SEND_RESTART_READ                            0     0      0       0
            _I2C_MasterEnableRestart
 ---------------------------------------------------------------------------------
 (10) _I2C_DO_SEND_ADR_WRITE                               0     0      0      22
               _I2C_MasterSendTxData
 ---------------------------------------------------------------------------------
 (10) _I2C_DO_SEND_ADR_READ                                0     0      0      22
               _I2C_MasterSendTxData
 ---------------------------------------------------------------------------------
 (11) _I2C_MasterSendTxData                                1     1      0      22
                                              0 COMMON     1     1      0
 ---------------------------------------------------------------------------------
 (10) _I2C_DO_RX_ACK                                       0     0      0       0
                  _I2C_MasterSendAck
 ---------------------------------------------------------------------------------
 (10) _I2C_DO_RX                                           2     2      0   19547
                                              8 COMMON     2     2      0
                                NULL *
            _I2C_CallbackReturnReset *
             _I2C_CallbackReturnStop *
             _I2C_DO_RX_NACK_RESTART
                _I2C_DO_RX_NACK_STOP
                _I2C_MasterGetRxData
                  _I2C_MasterSendAck
              _rd1RegCompleteHandler *
              _rd2RegCompleteHandler *
            _rdBlkRegCompleteHandler *
              _wr1RegCompleteHandler *
              _wr2RegCompleteHandler *
 ---------------------------------------------------------------------------------
 (11) _I2C_MasterSendAck                                   0     0      0       0
 ---------------------------------------------------------------------------------
 (11) _I2C_MasterGetRxData                                 0     0      0       0
 ---------------------------------------------------------------------------------
 (10) _I2C_DO_RX_NACK_STOP                                 0     0      0       0
                 _I2C_MasterSendNack
 ---------------------------------------------------------------------------------
 (10) _I2C_DO_RX_NACK_RESTART                              0     0      0       0
                 _I2C_MasterSendNack
 ---------------------------------------------------------------------------------
 (11) _I2C_MasterSendNack                                  0     0      0       0
 ---------------------------------------------------------------------------------
 (10) _I2C_DO_RESET                                        0     0      0       0
 ---------------------------------------------------------------------------------
 (10) _I2C_DO_RCEN                                         0     0      0       0
                  _I2C_MasterStartRx
 ---------------------------------------------------------------------------------
 (11) _I2C_MasterStartRx                                   0     0      0       0
 ---------------------------------------------------------------------------------
 (10) _I2C_DO_IDLE                                         0     0      0       0
 ---------------------------------------------------------------------------------
 (10) _I2C_DO_ADDRESS_NACK                                 2     2      0   19547
                                              8 COMMON     2     2      0
                                NULL *
            _I2C_CallbackReturnReset *
             _I2C_CallbackReturnStop *
                _I2C_DO_SEND_RESTART
                   _I2C_DO_SEND_STOP
              _rd1RegCompleteHandler *
              _rd2RegCompleteHandler *
            _rdBlkRegCompleteHandler *
              _wr1RegCompleteHandler *
              _wr2RegCompleteHandler *
 ---------------------------------------------------------------------------------
 (11) _wr2RegCompleteHandler                               1     0      1    3852
                                              7 COMMON     1     0      1
                      _I2C_SetBuffer
        _I2C_SetDataCompleteCallback
 ---------------------------------------------------------------------------------
 (11) _wr1RegCompleteHandler                               1     0      1    3852
                                              7 COMMON     1     0      1
                      _I2C_SetBuffer
        _I2C_SetDataCompleteCallback
 ---------------------------------------------------------------------------------
 (11) _rdBlkRegCompleteHandler                             1     0      1    3874
                                              7 COMMON     1     0      1
                      _I2C_SetBuffer
        _I2C_SetDataCompleteCallback
 ---------------------------------------------------------------------------------
 (11) _rd2RegCompleteHandler                               1     0      1    3852
                                              7 COMMON     1     0      1
                      _I2C_SetBuffer
        _I2C_SetDataCompleteCallback
 ---------------------------------------------------------------------------------
 (11) _rd1RegCompleteHandler                               1     0      1    3852
                                              7 COMMON     1     0      1
                      _I2C_SetBuffer
        _I2C_SetDataCompleteCallback
 ---------------------------------------------------------------------------------
 (6) _I2C_SetDataCompleteCallback                          3     0      3    2478
                                              4 COMMON     3     0      3
                    _I2C_SetCallback
 ---------------------------------------------------------------------------------
 (7) _I2C_SetCallback                                      4     1      3     914
                                              0 COMMON     4     1      3
 ---------------------------------------------------------------------------------
 (6) _I2C_SetBuffer                                        3     1      2    1352
                                              0 COMMON     3     1      2
 ---------------------------------------------------------------------------------
 (11) _I2C_DO_SEND_STOP                                    0     0      0       0
                     _I2C_MasterStop
 ---------------------------------------------------------------------------------
 (12) _I2C_MasterStop                                      0     0      0       0
 ---------------------------------------------------------------------------------
 (11) _I2C_DO_SEND_RESTART                                 0     0      0       0
            _I2C_MasterEnableRestart
 ---------------------------------------------------------------------------------
 (12) _I2C_MasterEnableRestart                             0     0      0       0
 ---------------------------------------------------------------------------------
 (11) _I2C_CallbackReturnStop                              1     0      1       0
                                              7 COMMON     1     0      1
 ---------------------------------------------------------------------------------
 (11) _I2C_CallbackReturnReset                             1     0      1     265
                                              7 COMMON     1     0      1
 ---------------------------------------------------------------------------------
 (11) NULL(Fake)                                           1     0      1       0
 ---------------------------------------------------------------------------------
 (8) _I2C_MasterStart                                      0     0      0       0
 ---------------------------------------------------------------------------------
 (6) _I2C_Close                                            1     1      0      24
                                              0 COMMON     1     1      0
                 _I2C_MasterClearIrq
                    _I2C_MasterClose
               _I2C_MasterDisableIrq
 ---------------------------------------------------------------------------------
 (7) _I2C_MasterDisableIrq                                 0     0      0       0
 ---------------------------------------------------------------------------------
 (7) _I2C_MasterClose                                      0     0      0       0
 ---------------------------------------------------------------------------------
 (7) _I2C_MasterClearIrq                                   0     0      0       0
 ---------------------------------------------------------------------------------
 Estimated maximum stack depth 12
 ---------------------------------------------------------------------------------

 Call Graph Graphs:

 _main (ROOT)
   _LCD_Init
     _LCD_Command
       _PCF8574_LCD_SendByte
         _PCF8574_LCD_SendNibble
           _I2C_Write1ByteRegister
             _I2C_Close
               _I2C_MasterClearIrq
               _I2C_MasterClose
               _I2C_MasterDisableIrq
             _I2C_MasterWrite
               _I2C_MasterOperation
                 _I2C_MasterStart
                 _I2C_Poller
                   _I2C_MasterFsm
                     _I2C_DO_ADDRESS_NACK *
                       NULL(Fake) *
                       _I2C_CallbackReturnReset *
                       _I2C_CallbackReturnStop *
                       _I2C_DO_SEND_RESTART *
                         _I2C_MasterEnableRestart
                       _I2C_DO_SEND_STOP *
                         _I2C_MasterStop
                       _rd1RegCompleteHandler *
                         _I2C_SetBuffer
                         _I2C_SetDataCompleteCallback
                           _I2C_SetCallback
                       _rd2RegCompleteHandler *
                         _I2C_SetBuffer
                         _I2C_SetDataCompleteCallback
                       _rdBlkRegCompleteHandler *
                         _I2C_SetBuffer
                         _I2C_SetDataCompleteCallback
                       _wr1RegCompleteHandler *
                         _I2C_SetBuffer
                         _I2C_SetDataCompleteCallback
                       _wr2RegCompleteHandler *
                         _I2C_SetBuffer
                         _I2C_SetDataCompleteCallback
                     _I2C_DO_IDLE *
                     _I2C_DO_RCEN *
                       _I2C_MasterStartRx
                     _I2C_DO_RESET *
                     _I2C_DO_RX *
                       NULL(Fake) *
                       _I2C_CallbackReturnReset *
                       _I2C_CallbackReturnStop *
                       _I2C_DO_RX_NACK_RESTART *
                         _I2C_MasterSendNack
                       _I2C_DO_RX_NACK_STOP *
                         _I2C_MasterSendNack
                       _I2C_MasterGetRxData *
                       _I2C_MasterSendAck *
                       _rd1RegCompleteHandler *
                       _rd2RegCompleteHandler *
                       _rdBlkRegCompleteHandler *
                       _wr1RegCompleteHandler *
                       _wr2RegCompleteHandler *
                     _I2C_DO_RX_ACK *
                       _I2C_MasterSendAck
                     _I2C_DO_RX_NACK_RESTART *
                     _I2C_DO_RX_NACK_STOP *
                     _I2C_DO_SEND_ADR_READ *
                       _I2C_MasterSendTxData
                     _I2C_DO_SEND_ADR_WRITE *
                       _I2C_MasterSendTxData
                     _I2C_DO_SEND_RESTART *
                     _I2C_DO_SEND_RESTART_READ *
                       _I2C_MasterEnableRestart
                     _I2C_DO_SEND_RESTART_WRITE *
                       _I2C_MasterEnableRestart
                     _I2C_DO_SEND_STOP *
                     _I2C_DO_TX *
                       NULL(Fake) *
                       _I2C_CallbackReturnReset *
                       _I2C_CallbackReturnStop *
                       _I2C_DO_SEND_RESTART_READ *
                       _I2C_DO_SEND_RESTART_WRITE *
                       _I2C_DO_SEND_STOP *
                       _I2C_MasterIsNack *
                       _I2C_MasterSendTxData *
                       _rd1RegCompleteHandler *
                       _rd2RegCompleteHandler *
                       _rdBlkRegCompleteHandler *
                       _wr1RegCompleteHandler *
                       _wr2RegCompleteHandler *
                     _I2C_DO_TX_EMPTY *
                       NULL(Fake) *
                       _I2C_CallbackReturnReset *
                       _I2C_CallbackReturnStop *
                       _I2C_DO_SEND_RESTART *
                       _I2C_DO_SEND_STOP *
                       _I2C_MasterSetIrq *
                       _rd1RegCompleteHandler *
                       _rd2RegCompleteHandler *
                       _rdBlkRegCompleteHandler *
                       _wr1RegCompleteHandler *
                       _wr2RegCompleteHandler *
                     _I2C_MasterClearIrq *
                     _I2C_MasterIsNack *
                   _I2C_MasterWaitForEvent
             _I2C_Open
               _I2C_MasterClearIrq
               _I2C_MasterOpen
             _I2C_SetAddressNackCallback
               _I2C_SetCallback
             _I2C_SetBuffer
             _I2C_SetDataCompleteCallback
     _PCF8574_LCD_SendNibble
   _LCD_Print
     _LCD_Data
       _PCF8574_LCD_SendByte
   _LCD_SetCursor
     _LCD_Command
   _SYSTEM_Initialize
     _I2C_Initialize
     _OSCILLATOR_Initialize
     _PIN_MANAGER_Initialize
     _WDT_Initialize

 Address spaces:
Name               Size   Autos  Total    Cost      Usage
BIGRAM             1F0      0       0       0        0.0%
EEDATA             100      0       0       0        0.0%
NULL                 0      0       0       0        0.0%
CODE                 0      0       0       0        0.0%
BITCOMMON            E      0       0       1        0.0%
BITSFR0              0      0       0       1        0.0%
SFR0                 0      0       0       1        0.0%
COMMON               E      E       E       2      100.0%
BITSFR1              0      0       0       2        0.0%
SFR1                 0      0       0       2        0.0%
BITSFR2              0      0       0       3        0.0%
SFR2                 0      0       0       3        0.0%
STACK                0      0       0       3        0.0%
BITSFR3              0      0       0       4        0.0%
SFR3                 0      0       0       4        0.0%
ABS                  0      0      41       4        0.0%
BITBANK0            50      0       0       5        0.0%
BITSFR4              0      0       0       5        0.0%
SFR4                 0      0       0       5        0.0%
BANK0               50     12      33       6       63.7%
BITSFR5              0      0       0       6        0.0%
SFR5                 0      0       0       6        0.0%
BITBANK1            50      0       0       7        0.0%
BITSFR6              0      0       0       7        0.0%
SFR6                 0      0       0       7        0.0%
BANK1               50      0       0       8        0.0%
BITSFR7              0      0       0       8        0.0%
SFR7                 0      0       0       8        0.0%
BITBANK2            50      0       0       9        0.0%
BITSFR8              0      0       0       9        0.0%
SFR8                 0      0       0       9        0.0%
BANK2               50      0       0      10        0.0%
BITSFR9              0      0       0      10        0.0%
SFR9                 0      0       0      10        0.0%
BITBANK3            50      0       0      11        0.0%
BITSFR10             0      0       0      11        0.0%
SFR10                0      0       0      11        0.0%
BANK3               50      0       0      12        0.0%
BITSFR11             0      0       0      12        0.0%
SFR11                0      0       0      12        0.0%
BITBANK4            50      0       0      13        0.0%
BITSFR12             0      0       0      13        0.0%
SFR12                0      0       0      13        0.0%
BANK4               50      0       0      14        0.0%
BITSFR13             0      0       0      14        0.0%
SFR13                0      0       0      14        0.0%
BITBANK5            50      0       0      15        0.0%
BITSFR14             0      0       0      15        0.0%
SFR14                0      0       0      15        0.0%
BANK5               50      0       0      16        0.0%
BITSFR15             0      0       0      16        0.0%
SFR15                0      0       0      16        0.0%
BITBANK6            10      0       0      17        0.0%
BITSFR16             0      0       0      17        0.0%
SFR16                0      0       0      17        0.0%
BANK6               10      0       0      18        0.0%
BITSFR17             0      0       0      18        0.0%
SFR17                0      0       0      18        0.0%
BITSFR18             0      0       0      19        0.0%
SFR18                0      0       0      19        0.0%
DATA                 0      0      41      19        0.0%
BITSFR19             0      0       0      20        0.0%
SFR19                0      0       0      20        0.0%
BITSFR20             0      0       0      21        0.0%
SFR20                0      0       0      21        0.0%
BITSFR21             0      0       0      22        0.0%
SFR21                0      0       0      22        0.0%
BITSFR22             0      0       0      23        0.0%
SFR22                0      0       0      23        0.0%
BITSFR23             0      0       0      24        0.0%
SFR23                0      0       0      24        0.0%
BITSFR24             0      0       0      25        0.0%
SFR24                0      0       0      25        0.0%
BITSFR25             0      0       0      26        0.0%
SFR25                0      0       0      26        0.0%
BITSFR26             0      0       0      27        0.0%
SFR26                0      0       0      27        0.0%
BITSFR27             0      0       0      28        0.0%
SFR27                0      0       0      28        0.0%
BITSFR28             0      0       0      29        0.0%
SFR28                0      0       0      29        0.0%
BITSFR29             0      0       0      30        0.0%
SFR29                0      0       0      30        0.0%
BITSFR30             0      0       0      31        0.0%
SFR30                0      0       0      31        0.0%
BITSFR31             0      0       0      32        0.0%
SFR31                0      0       0      32        0.0%


Microchip Technology PIC Macro Assembler V2.46 build 20240104201356 
Symbol Table                                                                                   Wed Nov 12 11:59:36 2025

             ??_I2C_DO_SEND_ADR_READ 0070              ??_I2C_DO_SEND_ADR_WRITE 0071  
                       ?_LCD_Command 0070                          _SSPSTATbits 0214  
                                 l10 0696                                   l13 0531  
                                 l16 04F3                                   l24 0791  
                                 l40 0546                                   l41 0546  
                                 l19 0505                                   l35 0591  
                                 l29 051A                                   l94 06C8  
                      _LCD_SetCursor 0506                ??_I2C_DO_SEND_RESTART 0070  
                                l133 04C0                                  l142 04AF  
                                l136 04D1                                  l312 03EC  
                                l400 0614                                  l145 0578  
                                l321 07C8                                  l305 0476  
                                l139 04E2                                  l411 03B7  
                                l315 044A                                  l260 0560  
                                l324 07E4                                  l252 0453  
                                l309 063C                                  l421 0483  
                                l501 0490                                  l430 03E7  
                                l318 0441                                  l255 06FD  
                                l424 03BD                                  l408 03B5  
                                l272 0419                                  l256 06FE  
                                l504 0439                                  l433 03C6  
                                l337 071B                                  l442 03C3  
                                l282 045E                                  l338 0741  
                                l266 05C8                                  l427 03CF  
                                l451 03DA                                  l355 0669  
                                l507 03DE                                  l445 03C9  
                                l349 0432                                  l373 03F1  
                                l454 03D6                                  l382 0400  
                                l279 049E                                  l439 03CC  
                                l391 040F                                  l472 03BA  
                                l448 041F                                  l376 03F6  
                                l288 0469                                  l385 0405  
                                l394 0414                                  l482 0425  
                                l538 05AC                                  l299 05EC  
                                l475 03D2                                  l379 03FB  
                                l388 040A                                  l469 03C0  
                                l478 0420                                  u400 0425  
                                u401 0424                                  u410 061D  
                                u411 061C                                  u420 0625  
                                u500 06C8                                  u421 0624  
                                u501 06C7                                  u350 05D0  
                                u430 0476                                  u351 05CF  
                                u431 0475                                  u360 0497  
                                u440 047C                                  u520 067B  
                                u361 0496                                  u441 047B  
                                u521 067A                                  u370 079A  
                                u450 05B5                                  u371 0799  
                                u451 05B4                                  u515 066F  
                                u380 07E1                                  u460 05BC  
                                u540 076A                                  u381 07E0  
                                u461 05BB                                  u541 0769  
                                u390 0716                                  u470 06D1  
                                u550 0591                                  u391 0715  
                                u471 06D0                                  u535 0522  
                                u551 0590                                  u480 0550  
                                u481 054F                                  u490 06A3  
                                u491 06A2                                  u707 0748  
                                u717 075A                                  u727 0773  
                                u737 078C                                  u747 04EE  
                                u757 0688                                  u697 0500  
             _I2C_MasterWaitForEvent 0420                                  wreg 0009  
       ??_I2C_SetAddressNackCallback 0078               _I2C_Write1ByteRegister 0697  
           ??_I2C_CallbackReturnStop 0078                         _I2C_DO_RESET 0410  
                               l2003 0442                                 l2011 043A  
            ??_rd2RegCompleteHandler 0078                                 l2005 0444  
                               l2013 043C                                 l2103 0649  
                               l2007 0449                                 l2015 0440  
                               l2031 07A3                                 l2023 079B  
                               l2041 07D6                                 l2121 0410  
                               l2201 05C4                                 l2043 07E1  
                               l2027 079F                                 l2019 0792  
                               l2115 0401                                 l2123 0412  
                               l2131 05EF                                 l2203 05C7  
                               l2211 06D3                                 l2109 064D  
                               l2045 07E3                                 l2037 07A7  
                               l2061 0719                                 l2053 06FF  
                               l2117 0404                                 l2125 0413  
                               l2133 05F2                                 l2221 06E2  
                               l2213 06D4                                 l2039 07CA  
                               l2071 0721                                 l2055 0707  
                               l2143 05FA                                 l2151 0615  
                               l2231 06F6                                 l2223 06E7  
                               l2215 06D5                                 l2207 06CA  
                               l2311 0764                                 l2161 03C1  
                               l2057 070C                                 l2137 05F6  
                               l2129 05ED                                 l2153 0618  
                               l2241 0415                                 l2233 06F9  
                               l2225 06EB                                 l2217 06DC  
                               l2209 06D1                                 l2321 0780  
                               l2313 076A                                 l2305 0751  
                               l1601 03DB                                 l2251 0553  
                               l2091 063D                                 l2067 071D  
                               l2059 0716                                 l2083 042C  
                               l2155 061D                                 l2163 046A  
                               l2171 0477                                 l2235 06FC  
                               l2227 06F0                                 l2219 06E1  
                               l2323 0784                                 l2315 076F  
                               l2307 0756                                 l2331 0579  
                               l2253 0556                                 l2245 0549  
                               l2093 0640                                 l2077 0725  
                               l2085 042E                                 l2157 0625  
                               l2165 046B                                 l2173 047C  
                               l2229 06F1                                 l2325 0788  
                               l2317 0778                                 l2309 075F  
                               l2333 057A                                 l2341 0535  
                               l2183 03BE                                 l2255 0559  
                               l2247 0550                                 l2087 0431  
                               l2159 0628                                 l2167 046E  
                               l2191 05B6                                 l2175 047D  
                               l2239 045F                                 l2271 06B4  
                               l2263 0699                                 l2319 077C  
                               l2335 0582                                 l2327 0508  
                               l2343 0538                                 l2185 03BB  
                               l2257 055C                                 l2249 0551  
                               l2097 0644                                 l2169 0471  
                               l2193 05B7                                 l2177 047F  
                               l2273 06BD                                 l2265 0699  
                               l2281 067C                                 l2337 0587  
                               l2329 0510                                 l2345 053E  
                               l2259 055F                                 l2099 0647  
                               l2195 05BC                                 l2187 05AE  
                               l2179 0482                                 l2275 06C0  
                               l2267 06A3                                 l2283 0684  
                               l2291 04EA                                 l1571 044B  
                               l2339 0532                                 l2197 05BF  
                               l2189 05B5                                 l2269 06AC  
                               l2285 068D                                 l2277 066C  
                               l2293 04F6                                 l1573 044D  
                               l1581 0597                                 l1645 0484  
                               l1903 04C1                                 l1911 04D2  
                               l2551 065B                                 l2199 05C1  
                               l2279 067B                                 l2287 051D  
                               l2295 04FC                                 l1575 044F  
                               l1591 05A3                                 l1583 059A  
                               l1921 04A7                                 l1905 04C9  
                               l1913 04DA                                 l2545 060C  
                               l2289 04E5                                 l2297 0742  
                               l1577 0452                                 l1593 05A8  
                               l1585 059C                                 l1923 04AE  
                               l1907 04D0                                 l1915 04E1  
                               l2547 0733                                 l2299 074F  
                               l1595 0433                                 l1587 059E  
                               l1579 0592                                 l1933 041A  
                               l2549 07BA                                 l1941 03F0  
                               l1597 0436                                 l1589 05A0  
                               l1919 049F                                 l1927 0561  
                               l1951 03FC                                 l1599 0437  
                               l1881 0454                                 l1929 0577  
                               l1961 03D7                                 l1937 03E4  
                               l1945 03F2                                 l1953 03FF  
                               l1891 03C7                                 l1883 0492  
                               l1875 05CA                                 l1939 03ED  
                               l1947 03F5                                 l1971 0409  
                               l1963 040B                                 l1885 0497  
                               l1877 05D0                                 l1893 03D3  
                               l1957 03CD                                 l1965 040E  
                               l1887 049D                                 l1879 05DF  
                               l1895 04B0                                 l1975 03CA  
                               l1983 03D0                                 l1993 03B8  
                               l1889 03C4                                 l1897 04B8  
                               l1985 03B4                                 l1977 03F7  
                               l1969 0406                                 l1899 04BF  
                               l1995 03E8                                 l1979 03FA  
                               l1989 03B6                                 l1997 03EA  
                               l1999 03EB                                 STR_1 0820  
            PCF8574_LCD_SendByte@val 0046                                 _LATA 010C  
                               _LATB 010D                                 _LATC 010E  
                               _LATE 0110                                 _WPUB 020D  
                               _WPUE 0210              ??_wr2RegCompleteHandler 0078  
                               _main 0532             ?_I2C_CallbackReturnReset 0077  
                               fsr0h 0005                                 fsr1h 0007  
                               indf0 0000                                 fsr0l 0004  
                               indf1 0001                                 fsr1l 0006  
                   __end_of_I2C_Open 06FF                                 btemp 007E  
                               start 0002                     ?_I2C_MasterClose 0070  
                   __end_of_LCD_Data 0506                     __end_of_LCD_Init 0792  
                       LCD_Data@data 0048                       ?_LCD_SetCursor 0049  
                   ?_I2C_MasterStart 0070                        _I2C_DO_RX_ACK 0401  
                   ?_I2C_MasterWrite 0070        __end_of_OSCILLATOR_Initialize 043A  
                              ?_main 0070             PCF8574_LCD_SendNibble@rs 0040  
                  ??_I2C_DO_TX_EMPTY 0078                                _TRISA 008C  
                              _TRISB 008D                                _TRISC 008E  
                              _TRISE 0090               ??_PCF8574_LCD_SendByte 0045  
                  __end_of_I2C_DO_RX 0742                    __end_of_I2C_DO_TX 07E5  
                     _WDT_Initialize 03DB                    __end_of_I2C_Close 0561  
     I2C_MasterOperation@returnValue 007D              _I2C_MasterEnableRestart 03C4  
                              pclath 000A                     ?_I2C_SetCallback 0070  
       I2C_SetAddressNackCallback@cb 0074                                status 0003  
                              wtemp0 007E                    ?_I2C_DO_SEND_STOP 0070  
                 ??_I2C_DO_SEND_STOP 0070                      __initialization 07E5  
                       __end_of_main 0549            ?_I2C_DO_SEND_RESTART_READ 0070  
                     ?_I2C_DO_RX_ACK 0070                               ??_main 007E  
                  ?_I2C_MasterIsNack 0070                    ?_I2C_MasterSetIrq 0070  
                  __end_of_LCD_Print 0592                   ??_I2C_MasterIsNack 0070  
             __end_of_WDT_Initialize 03DF                   ??_I2C_MasterSetIrq 0070  
                       LCD_Print@str 0049      __end_of_I2C_CallbackReturnReset 03B8  
                             _APFCON 011D        I2C_SetDataCompleteCallback@cb 0074  
                             _ANSELA 018C                               _ANSELB 018D  
                             _BORCON 0116                         ??_I2C_Poller 007C  
                             _OSCCON 0099                               _WDTCON 0097  
                             _SSPADD 0212                               _SSPBUF 0211  
                _I2C_MasterGetRxData 03CD                        _I2C_MasterFsm 0615  
                    ??_LCD_SetCursor 007E                    I2C_SetCallback@cb 0070  
                      _I2C_SetBuffer 0491                   __end_of_I2C_Poller 0477  
       __end_of_I2C_MasterDisableIrq 03C1                  _I2C_DO_ADDRESS_NACK 05ED  
               ?_I2C_MasterGetRxData 0070                            ?_I2C_Open 0070  
 __end_of_I2C_SetAddressNackCallback 046A           _I2C_SetAddressNackCallback 045F  
                    ?_WDT_Initialize 0070            ??_I2C_MasterEnableRestart 0070  
                  _SYSTEM_Initialize 0484                            ?_LCD_Data 0070  
            __end_of__initialization 07FD                            ?_LCD_Init 0070  
                _I2C_MasterOperation 05AD                   ?_SYSTEM_Initialize 0070  
               ?_I2C_DO_ADDRESS_NACK 0070              _rdBlkRegCompleteHandler 0561  
                          LCD_Init@i 004B                       __pcstackCOMMON 0070  
                     ?_I2C_MasterFsm 0070                      ??_I2C_DO_RX_ACK 0070  
                       __pidataBANK0 03DF               _I2C_CallbackReturnStop 03B4  
                ??_SYSTEM_Initialize 0070                       ?_I2C_SetBuffer 0070  
            ?_I2C_MasterWaitForEvent 0070        __end_of_I2C_DO_SEND_ADR_WRITE 0442  
         ?_I2C_DO_SEND_RESTART_WRITE 0070                 ?_I2C_MasterOperation 0070  
              ??_I2C_MasterGetRxData 0070              ?_I2C_Write1ByteRegister 003D  
                     _OPTION_REGbits 0095                           ??_I2C_Open 0070  
         __end_of_I2C_MasterClearIrq 03BB            __end_of_SYSTEM_Initialize 0491  
                  _I2C_MasterSendAck 03D7                           __pbssBANK0 0020  
                      ??_I2C_DO_IDLE 0070                        ??_I2C_DO_RCEN 0070  
      __end_of_rd2RegCompleteHandler 04D2                           ??_LCD_Data 0047  
       __end_of_I2C_MasterSendTxData 03E8                   ?_I2C_MasterSendAck 0070  
                         ??_LCD_Init 0049                    _I2C_MasterStartRx 03CA  
              ??_I2C_DO_ADDRESS_NACK 0078        __end_of_wr2RegCompleteHandler 04B0  
                _I2C_DO_RX_NACK_STOP 0406                _rd1RegCompleteHandler 04B0  
                 ?_I2C_MasterStartRx 0070           __end_of_I2C_MasterSendNack 03D7  
              _wr1RegCompleteHandler 04D2                           __pmaintext 0532  
                ??_I2C_MasterSendAck 0070             rd1RegCompleteHandler@ptr 0077  
        __end_of_I2C_DO_SEND_RESTART 03FC                      _I2C_DO_TX_EMPTY 063D  
                I2C_SetBuffer@buffer 0072       __end_of_I2C_MasterWaitForEvent 0426  
                ??_I2C_MasterStartRx 0070                ??_I2C_MasterOperation 007C  
     I2C_SetDataCompleteCallback@ptr 0076       __end_of_I2C_Write1ByteRegister 06C9  
           ??_I2C_DO_RX_NACK_RESTART 0070    __end_of_I2C_DO_SEND_RESTART_WRITE 03F7  
               ?_I2C_DO_RX_NACK_STOP 0070            __end_of_I2C_MasterSendAck 03DB  
                            _OSCTUNE 0098                              _SSPCON1 0215  
                            _SSPCON2 0216                              _SSPSTAT 0214  
          __end_of_I2C_MasterStartRx 03CD                 I2C_Close@returnValue 0070  
       ?_I2C_SetDataCompleteCallback 0074                            _I2C_DO_RX 06FF  
                          _I2C_DO_TX 0792     __end_of_I2C_DO_SEND_RESTART_READ 03F2  
                          _I2C_Close 0549             ??_PCF8574_LCD_SendNibble 0041  
          ??_rdBlkRegCompleteHandler 0078                 _I2C_MasterDisableIrq 03BE  
                    ??_I2C_MasterFsm 007A                  __end_of_I2C_DO_IDLE 03ED  
                __end_of_I2C_DO_RCEN 0433                      ??_I2C_SetBuffer 0072  
            I2C_SetBuffer@bufferSize 0070             LCD_SetCursor@row_offsets 004A  
                     _I2C_MasterOpen 0477                       _I2C_MasterStop 03C7  
                     _I2C_Initialize 044B                              __ptext1 0484  
                            __ptext2 03DB                              __ptext3 0592  
                            __ptext4 0433                              __ptext5 044B  
                            __ptext6 0506                              __ptext7 0579  
                            __ptext8 04F4                              __ptext9 0742  
              ??_I2C_DO_RX_NACK_STOP 0070                _OSCILLATOR_Initialize 0433  
                 I2C_SetCallback@idx 0073             ??_PIN_MANAGER_Initialize 0070  
      I2C_CallbackReturnReset@funPtr 0077                   I2C_SetCallback@ptr 0072  
           wr1RegCompleteHandler@ptr 0077            I2C_Write1ByteRegister@reg 003D  
                          _LCD_Print 0579                              clrloop0 0427  
               end_of_initialization 07FD                           ?_I2C_DO_RX 0070  
                         ?_I2C_DO_TX 0070                     LCD_SetCursor@col 004E  
                   LCD_SetCursor@row 0049                       LCD_Command@cmd 0048  
                         ?_I2C_Close 0070               ?_rd1RegCompleteHandler 0077  
            __end_of_I2C_DO_TX_EMPTY 066A                ?_I2C_MasterDisableIrq 0070  
             ?_wr1RegCompleteHandler 0077               __end_of_I2C_MasterOpen 0484  
             __end_of_I2C_MasterStop 03CA               __end_of_I2C_Initialize 0454  
                   ??_WDT_Initialize 0070      __end_of_rdBlkRegCompleteHandler 0579  
               _I2C_MasterSendTxData 03E3          ?_I2C_SetAddressNackCallback 0074  
                         ?_LCD_Print 0049                          _I2C_DO_IDLE 03E8  
                        _I2C_DO_RCEN 042C           rdBlkRegCompleteHandler@ptr 0077  
      I2C_Write1ByteRegister@address 003F               PCF8574_LCD_SendByte@rs 0044  
            ?_I2C_CallbackReturnStop 0077             _I2C_DO_SEND_RESTART_READ 03ED  
       I2C_CallbackReturnStop@funPtr 0077                      ?_I2C_MasterOpen 0070  
                    ?_I2C_MasterStop 0070                      ?_I2C_Initialize 0070  
                      ??_LCD_Command 0047              _I2C_CallbackReturnReset 03B6  
         PCF8574_LCD_SendNibble@data 0043                __end_of_LCD_SetCursor 051B  
              ?_I2C_MasterSendTxData 0070               ?_OSCILLATOR_Initialize 0070  
        ??_I2C_DO_SEND_RESTART_WRITE 0070                  start_initialization 07E5  
                      ?_I2C_DO_RESET 0070                          ??_I2C_DO_RX 0078  
                        ??_I2C_DO_TX 0078                    ??_I2C_MasterClose 0070  
             ??_I2C_MasterDisableIrq 0070                          ??_I2C_Close 0070  
                  ??_I2C_MasterStart 0070                    ??_I2C_MasterWrite 007E  
     __end_of_I2C_CallbackReturnStop 03B6               _I2C_DO_RX_NACK_RESTART 040B  
                   ?_I2C_DO_TX_EMPTY 0070                   _I2C_MasterClearIrq 03B8  
                ?_I2C_MasterClearIrq 0070          __end_of_I2C_MasterGetRxData 03D0  
                        __pdataBANK0 004F                __end_of_I2C_DO_RX_ACK 0406  
                   _I2C_DO_SEND_STOP 03FC                    ??_I2C_SetCallback 0073  
                I2C_Open@returnValue 0071                   _I2C_MasterSendNack 03D3  
             _PCF8574_LCD_SendNibble 066A             ?_I2C_MasterEnableRestart 0070  
                  _i2c_fsmStateTable 0800                _I2C_DO_SEND_ADR_WRITE 043A  
                __end_of_LCD_Command 04F4                            ___latbits 0002  
                      __pcstackBANK0 003D                       ??_I2C_DO_RESET 0070  
                ?_I2C_MasterSendNack 0070                          ??_LCD_Print 004B  
       __end_of_I2C_DO_SEND_ADR_READ 044B                 ??_I2C_MasterClearIrq 0070  
        __end_of_I2C_DO_ADDRESS_NACK 0615                     _I2C_MasterIsNack 041A  
          _I2C_DO_SEND_RESTART_WRITE 03F2                     _I2C_MasterSetIrq 03D0  
              _rd2RegCompleteHandler 04C1               _PIN_MANAGER_Initialize 0592  
              _wr2RegCompleteHandler 049F            ??_I2C_CallbackReturnReset 0078  
        __end_of_I2C_MasterOperation 05C9                 ??_I2C_MasterSendNack 0070  
           rd2RegCompleteHandler@ptr 0077               ??_I2C_MasterSendTxData 0070  
          __end_of_i2c_fsmStateTable 0820              I2C_MasterOperation@read 007C  
                           _I2C_Open 06C9              ??_rd1RegCompleteHandler 0078  
            ??_wr1RegCompleteHandler 0078                             _LCD_Data 04F4  
                           _LCD_Init 0742                            clear_ram0 0426  
                           _PIE1bits 0091                             _PIR1bits 0011  
                           _PIR2bits 0012         __end_of_PCF8574_LCD_SendByte 0532  
              __end_of_I2C_MasterFsm 063D          __end_of_I2C_DO_RX_NACK_STOP 040B  
    __end_of_I2C_MasterEnableRestart 03C7                          _LCD_Command 04E3  
              __end_of_I2C_SetBuffer 049F               ?_I2C_DO_SEND_ADR_WRITE 0070  
           I2C_MasterSendTxData@data 0070             wr2RegCompleteHandler@ptr 0077  
         ??_I2C_DO_SEND_RESTART_READ 0070             ?_rdBlkRegCompleteHandler 0077  
                 LCD_SetCursor@F3231 004F                           _I2C_Poller 046A  
                         _I2C_Status 0020                         ?_I2C_DO_IDLE 0070  
                       ?_I2C_DO_RCEN 0070         PCF8574_LCD_SendNibble@nibble 0042  
             ?_rd2RegCompleteHandler 0077                     ??_I2C_MasterOpen 0070  
             ?_wr2RegCompleteHandler 0077                     ??_I2C_MasterStop 0070  
           ??_I2C_MasterWaitForEvent 0070                     ??_I2C_Initialize 0070  
               __end_of_I2C_DO_RESET 0415             ??_I2C_Write1ByteRegister 007E  
            ??_OSCILLATOR_Initialize 0070                 _I2C_DO_SEND_ADR_READ 0442  
                    _I2C_MasterClose 03BB        I2C_SetAddressNackCallback@ptr 0076  
                    I2C_Open@address 0070                      _I2C_MasterStart 03C1  
                    _I2C_MasterWrite 0415                             __ptext10 04E3  
                           __ptext11 051B                             __ptext20 0420  
                           __ptext12 066A                             __ptext21 0615  
                           __ptext13 0697                             __ptext30 03ED  
                           __ptext22 05ED                             __ptext14 045F  
                           __ptext31 042C                             __ptext23 0410  
                           __ptext15 06C9                             __ptext40 03E3  
                           __ptext32 06FF                             __ptext24 040B  
                           __ptext16 0477                             __ptext41 03D7  
                           __ptext33 0792                             __ptext25 0406  
                           __ptext17 0415                             __ptext50 04B0  
                           __ptext42 03CD                             __ptext34 043A  
                           __ptext26 0401                             __ptext18 05AD  
                           __ptext51 049F                             __ptext43 03D3  
                           __ptext35 0442                             __ptext27 03FC  
                           __ptext19 046A                             __ptext60 03BB  
                           __ptext52 0454                             __ptext44 03CA  
                           __ptext36 03E8                             __ptext28 03F7  
                           __ptext61 03B8                             __ptext53 05C9  
                           __ptext45 03B6                             __ptext37 063D  
                           __ptext29 03F2                             __ptext54 0491  
                           __ptext46 03B4                             __ptext38 03D0  
                           __ptext55 03C7                             __ptext47 0561  
                           __ptext39 041A                             __ptext56 03C4  
                           __ptext48 04D2                             __ptext57 03C1  
                           __ptext49 04C1                             __ptext58 0549  
                           __ptext59 03BE  __end_of_I2C_SetDataCompleteCallback 045F  
        _I2C_SetDataCompleteCallback 0454              ?_I2C_DO_RX_NACK_RESTART 0070  
           __end_of_I2C_DO_SEND_STOP 0401                      _I2C_SetCallback 05C9  
      ??_I2C_SetDataCompleteCallback 0077           I2C_Write1ByteRegister@data 003E  
              ?_I2C_DO_SEND_ADR_READ 0070              ?_PCF8574_LCD_SendNibble 0040  
           __end_of_I2C_MasterIsNack 0420             __end_of_I2C_MasterSetIrq 03D3  
     __end_of_I2C_DO_RX_NACK_RESTART 0410                 _PCF8574_LCD_SendByte 051B  
                        ?_I2C_Poller 0070              ?_PIN_MANAGER_Initialize 0070  
                _I2C_DO_SEND_RESTART 03F7       __end_of_PCF8574_LCD_SendNibble 0697  
            __end_of_I2C_MasterClose 03BE              __end_of_I2C_MasterStart 03C4  
            __end_of_I2C_MasterWrite 041A                        __pstringtext1 0800  
                      __pstringtext2 0000                 ?_I2C_DO_SEND_RESTART 0070  
                        _SSPCON1bits 0215                ?_PCF8574_LCD_SendByte 0044  
                        _SSPCON2bits 0216              __end_of_I2C_SetCallback 05ED  
     __end_of_PIN_MANAGER_Initialize 05AD        __end_of_rd1RegCompleteHandler 04C1  
      __end_of_wr1RegCompleteHandler 04E3  
