

Microchip MPLAB XC8 Assembler V2.46 build 20240104201356 
                                                                                               Mon Nov 24 14:32:39 2025

Microchip MPLAB XC8 C Compiler v2.46 (Free license) build 20240104201356 Og1 
     1                           	processor	16F1936
     2                           	pagewidth 120
     3                           	opt	flic
     4                           	psect	eeprom_data,global,class=EEDATA,space=3,delta=2,noexec
     5                           	psect	idataBANK0,global,class=CODE,delta=2,noexec
     6                           	psect	idataBANK1,global,class=CODE,delta=2,noexec
     7                           	psect	stringtext1,global,class=STRCODE,delta=2,noexec
     8                           	psect	stringtext2,global,class=STRCODE,delta=2,noexec
     9                           	psect	stringtext3,global,class=STRCODE,delta=2,noexec
    10                           	psect	stringtext4,global,class=STRCODE,delta=2,noexec
    11                           	psect	stringtext5,global,class=STRCODE,delta=2,noexec
    12                           	psect	stringtext6,global,class=STRCODE,delta=2,noexec
    13                           	psect	stringtext7,global,class=STRCODE,delta=2,noexec
    14                           	psect	stringtext8,global,class=STRCODE,delta=2,noexec
    15                           	psect	stringtext9,global,class=STRCODE,delta=2,noexec
    16                           	psect	stringtext10,global,class=STRCODE,delta=2,noexec
    17                           	psect	stringtext11,global,class=STRCODE,delta=2,noexec
    18                           	psect	stringtext12,global,class=STRCODE,delta=2,noexec
    19                           	psect	stringtext13,global,class=STRCODE,delta=2,noexec
    20                           	psect	stringtext14,global,class=STRCODE,delta=2,noexec
    21                           	psect	cinit,global,class=CODE,merge=1,delta=2
    22                           	psect	bssCOMMON,global,class=COMMON,space=1,delta=1,noexec
    23                           	psect	bssBANK0,global,class=BANK0,space=1,delta=1,noexec
    24                           	psect	dataBANK0,global,class=BANK0,space=1,delta=1,noexec
    25                           	psect	bssBANK1,global,class=BANK1,space=1,delta=1,noexec
    26                           	psect	dataBANK1,global,class=BANK1,space=1,delta=1,noexec
    27                           	psect	bssBANK2,global,class=BANK2,space=1,delta=1,noexec
    28                           	psect	bssBANK3,global,class=BANK3,space=1,delta=1,noexec
    29                           	psect	clrtext,global,class=CODE,delta=2
    30                           	psect	cstackBANK1,global,class=BANK1,space=1,delta=1,noexec
    31                           	psect	cstackCOMMON,global,class=COMMON,space=1,delta=1,noexec
    32                           	psect	cstackBANK0,global,class=BANK0,space=1,delta=1,noexec
    33                           	psect	maintext,global,class=CODE,merge=1,split=1,delta=2
    34                           	psect	text1,local,class=CODE,merge=1,delta=2
    35                           	psect	text2,local,class=CODE,merge=1,delta=2
    36                           	psect	text3,local,class=CODE,merge=1,delta=2
    37                           	psect	text4,local,class=CODE,merge=1,delta=2
    38                           	psect	text5,local,class=CODE,merge=1,delta=2
    39                           	psect	text6,local,class=CODE,merge=1,delta=2
    40                           	psect	text7,local,class=CODE,merge=1,delta=2
    41                           	psect	text8,local,class=CODE,merge=1,delta=2
    42                           	psect	text9,local,class=CODE,merge=1,delta=2
    43                           	psect	text10,local,class=CODE,merge=1,delta=2
    44                           	psect	text11,local,class=CODE,merge=1,delta=2
    45                           	psect	text12,local,class=CODE,merge=1,delta=2
    46                           	psect	text13,local,class=CODE,merge=1,delta=2
    47                           	psect	text14,local,class=CODE,merge=1,delta=2
    48                           	psect	text15,local,class=CODE,merge=1,delta=2
    49                           	psect	text16,local,class=CODE,merge=1,delta=2
    50                           	psect	text17,local,class=CODE,merge=1,delta=2
    51                           	psect	text18,local,class=CODE,merge=1,delta=2
    52                           	psect	text19,local,class=CODE,merge=1,delta=2
    53                           	psect	text20,local,class=CODE,merge=1,delta=2
    54                           	psect	text21,local,class=CODE,merge=1,delta=2
    55                           	psect	text22,local,class=CODE,merge=1,delta=2
    56                           	psect	text23,local,class=CODE,merge=1,delta=2
    57                           	psect	text24,local,class=CODE,merge=1,delta=2
    58                           	psect	text25,local,class=CODE,merge=1,delta=2
    59                           	psect	text26,local,class=CODE,merge=1,delta=2
    60                           	psect	text27,local,class=CODE,merge=1,delta=2
    61                           	psect	text28,local,class=CODE,merge=1,delta=2
    62                           	psect	text29,local,class=CODE,merge=1,inline,delta=2
    63                           	psect	text30,local,class=CODE,merge=1,delta=2
    64                           	psect	text31,local,class=CODE,merge=1,delta=2
    65                           	psect	text32,local,class=CODE,merge=1,delta=2
    66                           	psect	text33,local,class=CODE,merge=1,inline,delta=2
    67                           	psect	text34,local,class=CODE,merge=1,inline,delta=2
    68                           	psect	text35,local,class=CODE,merge=1,delta=2
    69                           	psect	text36,local,class=CODE,merge=1,delta=2
    70                           	psect	text37,local,class=CODE,merge=1,delta=2
    71                           	psect	text38,local,class=CODE,merge=1,delta=2
    72                           	psect	text39,local,class=CODE,merge=1,delta=2
    73                           	psect	text40,local,class=CODE,merge=1,delta=2
    74                           	psect	text41,local,class=CODE,merge=1,delta=2
    75                           	psect	text42,local,class=CODE,merge=1,delta=2
    76                           	psect	text43,local,class=CODE,merge=1,delta=2
    77                           	psect	text44,local,class=CODE,merge=1,delta=2
    78                           	psect	text45,local,class=CODE,merge=1,delta=2
    79                           	psect	text46,local,class=CODE,merge=1,delta=2
    80                           	psect	text47,local,class=CODE,merge=1,delta=2
    81                           	psect	text48,local,class=CODE,merge=1,delta=2
    82                           	psect	text49,local,class=CODE,merge=1,delta=2
    83                           	psect	text50,local,class=CODE,merge=1,delta=2
    84                           	psect	text51,local,class=CODE,merge=1,inline,delta=2
    85                           	psect	text52,local,class=CODE,merge=1,inline,delta=2
    86                           	psect	text53,local,class=CODE,merge=1,inline,delta=2
    87                           	psect	text54,local,class=CODE,merge=1,inline,delta=2
    88                           	psect	text55,local,class=CODE,merge=1,inline,delta=2
    89                           	psect	text56,local,class=CODE,merge=1,inline,delta=2
    90                           	psect	text57,local,class=CODE,merge=1,inline,delta=2
    91                           	psect	text58,local,class=CODE,merge=1,delta=2
    92                           	psect	text59,local,class=CODE,merge=1,delta=2
    93                           	psect	text60,local,class=CODE,merge=1,delta=2
    94                           	psect	text61,local,class=CODE,merge=1,delta=2
    95                           	psect	text62,local,class=CODE,merge=1,delta=2
    96                           	psect	text63,local,class=CODE,merge=1,delta=2
    97                           	psect	text64,local,class=CODE,merge=1,inline,delta=2
    98                           	psect	text65,local,class=CODE,merge=1,inline,delta=2
    99                           	psect	text66,local,class=CODE,merge=1,inline,delta=2
   100                           	psect	text67,local,class=CODE,merge=1,delta=2
   101                           	psect	text68,local,class=CODE,merge=1,inline,delta=2
   102                           	psect	text69,local,class=CODE,merge=1,inline,delta=2
   103                           	psect	text70,local,class=CODE,merge=1,inline,delta=2
   104                           	psect	text71,local,class=CODE,merge=1,delta=2
   105                           	psect	text72,local,class=CODE,merge=1,delta=2
   106                           	psect	text73,local,class=CODE,merge=1,delta=2,group=2
   107                           	psect	text74,local,class=CODE,merge=1,delta=2
   108                           	psect	text75,local,class=CODE,merge=1,delta=2
   109                           	psect	text76,local,class=CODE,merge=1,delta=2
   110                           	psect	text77,local,class=CODE,merge=1,delta=2,group=3
   111                           	psect	text78,local,class=CODE,merge=1,delta=2
   112                           	psect	text79,local,class=CODE,merge=1,delta=2,group=2
   113                           	psect	text80,local,class=CODE,merge=1,delta=2,group=2
   114                           	psect	text81,local,class=CODE,merge=1,delta=2,group=2
   115                           	psect	text82,local,class=CODE,merge=1,delta=2
   116                           	psect	text83,local,class=CODE,merge=1,delta=2,group=3
   117                           	psect	text84,local,class=CODE,merge=1,delta=2,group=1
   118                           	psect	text85,local,class=CODE,merge=1,delta=2,group=1
   119                           	psect	text86,local,class=CODE,merge=1,delta=2,group=3
   120                           	psect	text87,local,class=CODE,merge=1,delta=2,group=3
   121                           	psect	text88,local,class=CODE,merge=1,delta=2,group=3
   122                           	psect	text89,local,class=CODE,merge=1,delta=2,group=2
   123                           	psect	text90,local,class=CODE,merge=1,delta=2,group=2
   124                           	psect	intentry,global,class=CODE,delta=2
   125                           	psect	text92,local,class=CODE,merge=1,delta=2
   126                           	psect	text93,local,class=CODE,merge=1,delta=2
   127                           	psect	text94,local,class=CODE,merge=1,delta=2
   128                           	psect	text95,local,class=CODE,merge=1,delta=2
   129                           	psect	text96,local,class=CODE,merge=1,delta=2
   130                           	psect	text97,local,class=CODE,merge=1,delta=2
   131                           	psect	text98,local,class=CODE,merge=1,delta=2
   132                           	psect	config,global,abs,ovrld,class=CONFIG,space=4,delta=2,noexec
   133                           	dabs	1,0x7E,2
   134     0000                     
   135                           ; Version 2.20
   136                           ; Generated 12/02/2020 GMT
   137                           ; 
   138                           ; Copyright © 2020, Microchip Technology Inc. and its subsidiaries ("Microchip")
   139                           ; All rights reserved.
   140                           ; 
   141                           ; This software is developed by Microchip Technology Inc. and its subsidiaries ("Microch
      +                          ip").
   142                           ; 
   143                           ; Redistribution and use in source and binary forms, with or without modification, are
   144                           ; permitted provided that the following conditions are met:
   145                           ; 
   146                           ;     1. Redistributions of source code must retain the above copyright notice, this lis
      +                          t of
   147                           ;        conditions and the following disclaimer.
   148                           ; 
   149                           ;     2. Redistributions in binary form must reproduce the above copyright notice, this 
      +                          list
   150                           ;        of conditions and the following disclaimer in the documentation and/or other
   151                           ;        materials provided with the distribution.
   152                           ; 
   153                           ;     3. Microchip's name may not be used to endorse or promote products derived from th
      +                          is
   154                           ;        software without specific prior written permission.
   155                           ; 
   156                           ; THIS SOFTWARE IS PROVIDED BY MICROCHIP "AS IS" AND ANY EXPRESS OR IMPLIED WARRANTIES,
   157                           ; INCLUDING, BUT NOT LIMITED TO, THE IMPLIED WARRANTIES OF MERCHANTABILITY AND FITNESS F
      +                          OR
   158                           ; PURPOSE ARE DISCLAIMED.  IN NO EVENT SHALL MICROCHIP BE LIABLE FOR ANY DIRECT, INDIREC
      +                          T,
   159                           ; INCIDENTAL, SPECIAL, EXEMPLARY, OR CONSEQUENTIAL DAMAGES (INCLUDING BUT NOT LIMITED TO
   160                           ; PROCUREMENT OF SUBSTITUTE GOODS OR SERVICES; LOSS OF USE, DATA OR PROFITS; OR BUSINESS
   161                           ; INTERRUPTION) HOWSOEVER CAUSED AND ON ANY THEORY OF LIABILITY, WHETHER IN CONTRACT, ST
      +                          RICT
   162                           ; LIABILITY, OR TORT (INCLUDING NEGLIGENCE OR OTHERWISE) ARISING IN ANY WAY OUT OF THE U
      +                          SE OF
   163                           ; THIS SOFTWARE, EVEN IF ADVISED OF THE POSSIBILITY OF SUCH DAMAGE.
   164                           ; 
   165                           ; 
   166                           ; Code-generator required, PIC16F1936 Definitions
   167                           ; 
   168                           ; SFR Addresses
   169     0000                     	;# 
   170     0001                     	;# 
   171     0002                     	;# 
   172     0003                     	;# 
   173     0004                     	;# 
   174     0005                     	;# 
   175     0006                     	;# 
   176     0007                     	;# 
   177     0008                     	;# 
   178     0009                     	;# 
   179     000A                     	;# 
   180     000B                     	;# 
   181     000C                     	;# 
   182     000D                     	;# 
   183     000E                     	;# 
   184     0010                     	;# 
   185     0011                     	;# 
   186     0012                     	;# 
   187     0013                     	;# 
   188     0015                     	;# 
   189     0016                     	;# 
   190     0016                     	;# 
   191     0017                     	;# 
   192     0018                     	;# 
   193     0019                     	;# 
   194     001A                     	;# 
   195     001B                     	;# 
   196     001C                     	;# 
   197     001E                     	;# 
   198     001F                     	;# 
   199     008C                     	;# 
   200     008D                     	;# 
   201     008E                     	;# 
   202     0090                     	;# 
   203     0091                     	;# 
   204     0092                     	;# 
   205     0093                     	;# 
   206     0095                     	;# 
   207     0096                     	;# 
   208     0097                     	;# 
   209     0098                     	;# 
   210     0099                     	;# 
   211     009A                     	;# 
   212     009B                     	;# 
   213     009B                     	;# 
   214     009C                     	;# 
   215     009D                     	;# 
   216     009E                     	;# 
   217     010C                     	;# 
   218     010D                     	;# 
   219     010E                     	;# 
   220     0110                     	;# 
   221     0111                     	;# 
   222     0112                     	;# 
   223     0113                     	;# 
   224     0114                     	;# 
   225     0115                     	;# 
   226     0116                     	;# 
   227     0117                     	;# 
   228     0118                     	;# 
   229     0119                     	;# 
   230     011A                     	;# 
   231     011B                     	;# 
   232     011D                     	;# 
   233     018C                     	;# 
   234     018D                     	;# 
   235     0191                     	;# 
   236     0191                     	;# 
   237     0192                     	;# 
   238     0193                     	;# 
   239     0193                     	;# 
   240     0193                     	;# 
   241     0194                     	;# 
   242     0195                     	;# 
   243     0196                     	;# 
   244     0199                     	;# 
   245     019A                     	;# 
   246     019B                     	;# 
   247     019B                     	;# 
   248     019B                     	;# 
   249     019B                     	;# 
   250     019C                     	;# 
   251     019C                     	;# 
   252     019D                     	;# 
   253     019E                     	;# 
   254     019F                     	;# 
   255     020D                     	;# 
   256     0210                     	;# 
   257     0211                     	;# 
   258     0212                     	;# 
   259     0213                     	;# 
   260     0214                     	;# 
   261     0215                     	;# 
   262     0215                     	;# 
   263     0216                     	;# 
   264     0217                     	;# 
   265     0291                     	;# 
   266     0291                     	;# 
   267     0292                     	;# 
   268     0293                     	;# 
   269     0294                     	;# 
   270     0295                     	;# 
   271     0295                     	;# 
   272     0296                     	;# 
   273     0298                     	;# 
   274     0298                     	;# 
   275     0299                     	;# 
   276     029A                     	;# 
   277     029B                     	;# 
   278     029C                     	;# 
   279     029C                     	;# 
   280     029D                     	;# 
   281     029E                     	;# 
   282     029F                     	;# 
   283     0311                     	;# 
   284     0311                     	;# 
   285     0312                     	;# 
   286     0313                     	;# 
   287     0314                     	;# 
   288     0315                     	;# 
   289     0315                     	;# 
   290     0316                     	;# 
   291     0318                     	;# 
   292     0318                     	;# 
   293     0319                     	;# 
   294     031A                     	;# 
   295     031C                     	;# 
   296     031C                     	;# 
   297     031D                     	;# 
   298     031E                     	;# 
   299     0394                     	;# 
   300     0395                     	;# 
   301     0396                     	;# 
   302     0415                     	;# 
   303     0416                     	;# 
   304     0417                     	;# 
   305     041C                     	;# 
   306     041D                     	;# 
   307     041E                     	;# 
   308     0791                     	;# 
   309     0792                     	;# 
   310     0793                     	;# 
   311     0794                     	;# 
   312     0795                     	;# 
   313     0798                     	;# 
   314     0799                     	;# 
   315     07A0                     	;# 
   316     07A1                     	;# 
   317     07A3                     	;# 
   318     07A4                     	;# 
   319     07A6                     	;# 
   320     07A7                     	;# 
   321     07A9                     	;# 
   322     07AA                     	;# 
   323     0FE4                     	;# 
   324     0FE5                     	;# 
   325     0FE6                     	;# 
   326     0FE7                     	;# 
   327     0FE8                     	;# 
   328     0FE9                     	;# 
   329     0FEA                     	;# 
   330     0FEB                     	;# 
   331     0FED                     	;# 
   332     0FEE                     	;# 
   333     0FEF                     	;# 
   334     0000                     	;# 
   335     0001                     	;# 
   336     0002                     	;# 
   337     0003                     	;# 
   338     0004                     	;# 
   339     0005                     	;# 
   340     0006                     	;# 
   341     0007                     	;# 
   342     0008                     	;# 
   343     0009                     	;# 
   344     000A                     	;# 
   345     000B                     	;# 
   346     000C                     	;# 
   347     000D                     	;# 
   348     000E                     	;# 
   349     0010                     	;# 
   350     0011                     	;# 
   351     0012                     	;# 
   352     0013                     	;# 
   353     0015                     	;# 
   354     0016                     	;# 
   355     0016                     	;# 
   356     0017                     	;# 
   357     0018                     	;# 
   358     0019                     	;# 
   359     001A                     	;# 
   360     001B                     	;# 
   361     001C                     	;# 
   362     001E                     	;# 
   363     001F                     	;# 
   364     008C                     	;# 
   365     008D                     	;# 
   366     008E                     	;# 
   367     0090                     	;# 
   368     0091                     	;# 
   369     0092                     	;# 
   370     0093                     	;# 
   371     0095                     	;# 
   372     0096                     	;# 
   373     0097                     	;# 
   374     0098                     	;# 
   375     0099                     	;# 
   376     009A                     	;# 
   377     009B                     	;# 
   378     009B                     	;# 
   379     009C                     	;# 
   380     009D                     	;# 
   381     009E                     	;# 
   382     010C                     	;# 
   383     010D                     	;# 
   384     010E                     	;# 
   385     0110                     	;# 
   386     0111                     	;# 
   387     0112                     	;# 
   388     0113                     	;# 
   389     0114                     	;# 
   390     0115                     	;# 
   391     0116                     	;# 
   392     0117                     	;# 
   393     0118                     	;# 
   394     0119                     	;# 
   395     011A                     	;# 
   396     011B                     	;# 
   397     011D                     	;# 
   398     018C                     	;# 
   399     018D                     	;# 
   400     0191                     	;# 
   401     0191                     	;# 
   402     0192                     	;# 
   403     0193                     	;# 
   404     0193                     	;# 
   405     0193                     	;# 
   406     0194                     	;# 
   407     0195                     	;# 
   408     0196                     	;# 
   409     0199                     	;# 
   410     019A                     	;# 
   411     019B                     	;# 
   412     019B                     	;# 
   413     019B                     	;# 
   414     019B                     	;# 
   415     019C                     	;# 
   416     019C                     	;# 
   417     019D                     	;# 
   418     019E                     	;# 
   419     019F                     	;# 
   420     020D                     	;# 
   421     0210                     	;# 
   422     0211                     	;# 
   423     0212                     	;# 
   424     0213                     	;# 
   425     0214                     	;# 
   426     0215                     	;# 
   427     0215                     	;# 
   428     0216                     	;# 
   429     0217                     	;# 
   430     0291                     	;# 
   431     0291                     	;# 
   432     0292                     	;# 
   433     0293                     	;# 
   434     0294                     	;# 
   435     0295                     	;# 
   436     0295                     	;# 
   437     0296                     	;# 
   438     0298                     	;# 
   439     0298                     	;# 
   440     0299                     	;# 
   441     029A                     	;# 
   442     029B                     	;# 
   443     029C                     	;# 
   444     029C                     	;# 
   445     029D                     	;# 
   446     029E                     	;# 
   447     029F                     	;# 
   448     0311                     	;# 
   449     0311                     	;# 
   450     0312                     	;# 
   451     0313                     	;# 
   452     0314                     	;# 
   453     0315                     	;# 
   454     0315                     	;# 
   455     0316                     	;# 
   456     0318                     	;# 
   457     0318                     	;# 
   458     0319                     	;# 
   459     031A                     	;# 
   460     031C                     	;# 
   461     031C                     	;# 
   462     031D                     	;# 
   463     031E                     	;# 
   464     0394                     	;# 
   465     0395                     	;# 
   466     0396                     	;# 
   467     0415                     	;# 
   468     0416                     	;# 
   469     0417                     	;# 
   470     041C                     	;# 
   471     041D                     	;# 
   472     041E                     	;# 
   473     0791                     	;# 
   474     0792                     	;# 
   475     0793                     	;# 
   476     0794                     	;# 
   477     0795                     	;# 
   478     0798                     	;# 
   479     0799                     	;# 
   480     07A0                     	;# 
   481     07A1                     	;# 
   482     07A3                     	;# 
   483     07A4                     	;# 
   484     07A6                     	;# 
   485     07A7                     	;# 
   486     07A9                     	;# 
   487     07AA                     	;# 
   488     0FE4                     	;# 
   489     0FE5                     	;# 
   490     0FE6                     	;# 
   491     0FE7                     	;# 
   492     0FE8                     	;# 
   493     0FE9                     	;# 
   494     0FEA                     	;# 
   495     0FEB                     	;# 
   496     0FED                     	;# 
   497     0FEE                     	;# 
   498     0FEF                     	;# 
   499     0000                     	;# 
   500     0001                     	;# 
   501     0002                     	;# 
   502     0003                     	;# 
   503     0004                     	;# 
   504     0005                     	;# 
   505     0006                     	;# 
   506     0007                     	;# 
   507     0008                     	;# 
   508     0009                     	;# 
   509     000A                     	;# 
   510     000B                     	;# 
   511     000C                     	;# 
   512     000D                     	;# 
   513     000E                     	;# 
   514     0010                     	;# 
   515     0011                     	;# 
   516     0012                     	;# 
   517     0013                     	;# 
   518     0015                     	;# 
   519     0016                     	;# 
   520     0016                     	;# 
   521     0017                     	;# 
   522     0018                     	;# 
   523     0019                     	;# 
   524     001A                     	;# 
   525     001B                     	;# 
   526     001C                     	;# 
   527     001E                     	;# 
   528     001F                     	;# 
   529     008C                     	;# 
   530     008D                     	;# 
   531     008E                     	;# 
   532     0090                     	;# 
   533     0091                     	;# 
   534     0092                     	;# 
   535     0093                     	;# 
   536     0095                     	;# 
   537     0096                     	;# 
   538     0097                     	;# 
   539     0098                     	;# 
   540     0099                     	;# 
   541     009A                     	;# 
   542     009B                     	;# 
   543     009B                     	;# 
   544     009C                     	;# 
   545     009D                     	;# 
   546     009E                     	;# 
   547     010C                     	;# 
   548     010D                     	;# 
   549     010E                     	;# 
   550     0110                     	;# 
   551     0111                     	;# 
   552     0112                     	;# 
   553     0113                     	;# 
   554     0114                     	;# 
   555     0115                     	;# 
   556     0116                     	;# 
   557     0117                     	;# 
   558     0118                     	;# 
   559     0119                     	;# 
   560     011A                     	;# 
   561     011B                     	;# 
   562     011D                     	;# 
   563     018C                     	;# 
   564     018D                     	;# 
   565     0191                     	;# 
   566     0191                     	;# 
   567     0192                     	;# 
   568     0193                     	;# 
   569     0193                     	;# 
   570     0193                     	;# 
   571     0194                     	;# 
   572     0195                     	;# 
   573     0196                     	;# 
   574     0199                     	;# 
   575     019A                     	;# 
   576     019B                     	;# 
   577     019B                     	;# 
   578     019B                     	;# 
   579     019B                     	;# 
   580     019C                     	;# 
   581     019C                     	;# 
   582     019D                     	;# 
   583     019E                     	;# 
   584     019F                     	;# 
   585     020D                     	;# 
   586     0210                     	;# 
   587     0211                     	;# 
   588     0212                     	;# 
   589     0213                     	;# 
   590     0214                     	;# 
   591     0215                     	;# 
   592     0215                     	;# 
   593     0216                     	;# 
   594     0217                     	;# 
   595     0291                     	;# 
   596     0291                     	;# 
   597     0292                     	;# 
   598     0293                     	;# 
   599     0294                     	;# 
   600     0295                     	;# 
   601     0295                     	;# 
   602     0296                     	;# 
   603     0298                     	;# 
   604     0298                     	;# 
   605     0299                     	;# 
   606     029A                     	;# 
   607     029B                     	;# 
   608     029C                     	;# 
   609     029C                     	;# 
   610     029D                     	;# 
   611     029E                     	;# 
   612     029F                     	;# 
   613     0311                     	;# 
   614     0311                     	;# 
   615     0312                     	;# 
   616     0313                     	;# 
   617     0314                     	;# 
   618     0315                     	;# 
   619     0315                     	;# 
   620     0316                     	;# 
   621     0318                     	;# 
   622     0318                     	;# 
   623     0319                     	;# 
   624     031A                     	;# 
   625     031C                     	;# 
   626     031C                     	;# 
   627     031D                     	;# 
   628     031E                     	;# 
   629     0394                     	;# 
   630     0395                     	;# 
   631     0396                     	;# 
   632     0415                     	;# 
   633     0416                     	;# 
   634     0417                     	;# 
   635     041C                     	;# 
   636     041D                     	;# 
   637     041E                     	;# 
   638     0791                     	;# 
   639     0792                     	;# 
   640     0793                     	;# 
   641     0794                     	;# 
   642     0795                     	;# 
   643     0798                     	;# 
   644     0799                     	;# 
   645     07A0                     	;# 
   646     07A1                     	;# 
   647     07A3                     	;# 
   648     07A4                     	;# 
   649     07A6                     	;# 
   650     07A7                     	;# 
   651     07A9                     	;# 
   652     07AA                     	;# 
   653     0FE4                     	;# 
   654     0FE5                     	;# 
   655     0FE6                     	;# 
   656     0FE7                     	;# 
   657     0FE8                     	;# 
   658     0FE9                     	;# 
   659     0FEA                     	;# 
   660     0FEB                     	;# 
   661     0FED                     	;# 
   662     0FEE                     	;# 
   663     0FEF                     	;# 
   664     0000                     	;# 
   665     0001                     	;# 
   666     0002                     	;# 
   667     0003                     	;# 
   668     0004                     	;# 
   669     0005                     	;# 
   670     0006                     	;# 
   671     0007                     	;# 
   672     0008                     	;# 
   673     0009                     	;# 
   674     000A                     	;# 
   675     000B                     	;# 
   676     000C                     	;# 
   677     000D                     	;# 
   678     000E                     	;# 
   679     0010                     	;# 
   680     0011                     	;# 
   681     0012                     	;# 
   682     0013                     	;# 
   683     0015                     	;# 
   684     0016                     	;# 
   685     0016                     	;# 
   686     0017                     	;# 
   687     0018                     	;# 
   688     0019                     	;# 
   689     001A                     	;# 
   690     001B                     	;# 
   691     001C                     	;# 
   692     001E                     	;# 
   693     001F                     	;# 
   694     008C                     	;# 
   695     008D                     	;# 
   696     008E                     	;# 
   697     0090                     	;# 
   698     0091                     	;# 
   699     0092                     	;# 
   700     0093                     	;# 
   701     0095                     	;# 
   702     0096                     	;# 
   703     0097                     	;# 
   704     0098                     	;# 
   705     0099                     	;# 
   706     009A                     	;# 
   707     009B                     	;# 
   708     009B                     	;# 
   709     009C                     	;# 
   710     009D                     	;# 
   711     009E                     	;# 
   712     010C                     	;# 
   713     010D                     	;# 
   714     010E                     	;# 
   715     0110                     	;# 
   716     0111                     	;# 
   717     0112                     	;# 
   718     0113                     	;# 
   719     0114                     	;# 
   720     0115                     	;# 
   721     0116                     	;# 
   722     0117                     	;# 
   723     0118                     	;# 
   724     0119                     	;# 
   725     011A                     	;# 
   726     011B                     	;# 
   727     011D                     	;# 
   728     018C                     	;# 
   729     018D                     	;# 
   730     0191                     	;# 
   731     0191                     	;# 
   732     0192                     	;# 
   733     0193                     	;# 
   734     0193                     	;# 
   735     0193                     	;# 
   736     0194                     	;# 
   737     0195                     	;# 
   738     0196                     	;# 
   739     0199                     	;# 
   740     019A                     	;# 
   741     019B                     	;# 
   742     019B                     	;# 
   743     019B                     	;# 
   744     019B                     	;# 
   745     019C                     	;# 
   746     019C                     	;# 
   747     019D                     	;# 
   748     019E                     	;# 
   749     019F                     	;# 
   750     020D                     	;# 
   751     0210                     	;# 
   752     0211                     	;# 
   753     0212                     	;# 
   754     0213                     	;# 
   755     0214                     	;# 
   756     0215                     	;# 
   757     0215                     	;# 
   758     0216                     	;# 
   759     0217                     	;# 
   760     0291                     	;# 
   761     0291                     	;# 
   762     0292                     	;# 
   763     0293                     	;# 
   764     0294                     	;# 
   765     0295                     	;# 
   766     0295                     	;# 
   767     0296                     	;# 
   768     0298                     	;# 
   769     0298                     	;# 
   770     0299                     	;# 
   771     029A                     	;# 
   772     029B                     	;# 
   773     029C                     	;# 
   774     029C                     	;# 
   775     029D                     	;# 
   776     029E                     	;# 
   777     029F                     	;# 
   778     0311                     	;# 
   779     0311                     	;# 
   780     0312                     	;# 
   781     0313                     	;# 
   782     0314                     	;# 
   783     0315                     	;# 
   784     0315                     	;# 
   785     0316                     	;# 
   786     0318                     	;# 
   787     0318                     	;# 
   788     0319                     	;# 
   789     031A                     	;# 
   790     031C                     	;# 
   791     031C                     	;# 
   792     031D                     	;# 
   793     031E                     	;# 
   794     0394                     	;# 
   795     0395                     	;# 
   796     0396                     	;# 
   797     0415                     	;# 
   798     0416                     	;# 
   799     0417                     	;# 
   800     041C                     	;# 
   801     041D                     	;# 
   802     041E                     	;# 
   803     0791                     	;# 
   804     0792                     	;# 
   805     0793                     	;# 
   806     0794                     	;# 
   807     0795                     	;# 
   808     0798                     	;# 
   809     0799                     	;# 
   810     07A0                     	;# 
   811     07A1                     	;# 
   812     07A3                     	;# 
   813     07A4                     	;# 
   814     07A6                     	;# 
   815     07A7                     	;# 
   816     07A9                     	;# 
   817     07AA                     	;# 
   818     0FE4                     	;# 
   819     0FE5                     	;# 
   820     0FE6                     	;# 
   821     0FE7                     	;# 
   822     0FE8                     	;# 
   823     0FE9                     	;# 
   824     0FEA                     	;# 
   825     0FEB                     	;# 
   826     0FED                     	;# 
   827     0FEE                     	;# 
   828     0FEF                     	;# 
   829     0000                     	;# 
   830     0001                     	;# 
   831     0002                     	;# 
   832     0003                     	;# 
   833     0004                     	;# 
   834     0005                     	;# 
   835     0006                     	;# 
   836     0007                     	;# 
   837     0008                     	;# 
   838     0009                     	;# 
   839     000A                     	;# 
   840     000B                     	;# 
   841     000C                     	;# 
   842     000D                     	;# 
   843     000E                     	;# 
   844     0010                     	;# 
   845     0011                     	;# 
   846     0012                     	;# 
   847     0013                     	;# 
   848     0015                     	;# 
   849     0016                     	;# 
   850     0016                     	;# 
   851     0017                     	;# 
   852     0018                     	;# 
   853     0019                     	;# 
   854     001A                     	;# 
   855     001B                     	;# 
   856     001C                     	;# 
   857     001E                     	;# 
   858     001F                     	;# 
   859     008C                     	;# 
   860     008D                     	;# 
   861     008E                     	;# 
   862     0090                     	;# 
   863     0091                     	;# 
   864     0092                     	;# 
   865     0093                     	;# 
   866     0095                     	;# 
   867     0096                     	;# 
   868     0097                     	;# 
   869     0098                     	;# 
   870     0099                     	;# 
   871     009A                     	;# 
   872     009B                     	;# 
   873     009B                     	;# 
   874     009C                     	;# 
   875     009D                     	;# 
   876     009E                     	;# 
   877     010C                     	;# 
   878     010D                     	;# 
   879     010E                     	;# 
   880     0110                     	;# 
   881     0111                     	;# 
   882     0112                     	;# 
   883     0113                     	;# 
   884     0114                     	;# 
   885     0115                     	;# 
   886     0116                     	;# 
   887     0117                     	;# 
   888     0118                     	;# 
   889     0119                     	;# 
   890     011A                     	;# 
   891     011B                     	;# 
   892     011D                     	;# 
   893     018C                     	;# 
   894     018D                     	;# 
   895     0191                     	;# 
   896     0191                     	;# 
   897     0192                     	;# 
   898     0193                     	;# 
   899     0193                     	;# 
   900     0193                     	;# 
   901     0194                     	;# 
   902     0195                     	;# 
   903     0196                     	;# 
   904     0199                     	;# 
   905     019A                     	;# 
   906     019B                     	;# 
   907     019B                     	;# 
   908     019B                     	;# 
   909     019B                     	;# 
   910     019C                     	;# 
   911     019C                     	;# 
   912     019D                     	;# 
   913     019E                     	;# 
   914     019F                     	;# 
   915     020D                     	;# 
   916     0210                     	;# 
   917     0211                     	;# 
   918     0212                     	;# 
   919     0213                     	;# 
   920     0214                     	;# 
   921     0215                     	;# 
   922     0215                     	;# 
   923     0216                     	;# 
   924     0217                     	;# 
   925     0291                     	;# 
   926     0291                     	;# 
   927     0292                     	;# 
   928     0293                     	;# 
   929     0294                     	;# 
   930     0295                     	;# 
   931     0295                     	;# 
   932     0296                     	;# 
   933     0298                     	;# 
   934     0298                     	;# 
   935     0299                     	;# 
   936     029A                     	;# 
   937     029B                     	;# 
   938     029C                     	;# 
   939     029C                     	;# 
   940     029D                     	;# 
   941     029E                     	;# 
   942     029F                     	;# 
   943     0311                     	;# 
   944     0311                     	;# 
   945     0312                     	;# 
   946     0313                     	;# 
   947     0314                     	;# 
   948     0315                     	;# 
   949     0315                     	;# 
   950     0316                     	;# 
   951     0318                     	;# 
   952     0318                     	;# 
   953     0319                     	;# 
   954     031A                     	;# 
   955     031C                     	;# 
   956     031C                     	;# 
   957     031D                     	;# 
   958     031E                     	;# 
   959     0394                     	;# 
   960     0395                     	;# 
   961     0396                     	;# 
   962     0415                     	;# 
   963     0416                     	;# 
   964     0417                     	;# 
   965     041C                     	;# 
   966     041D                     	;# 
   967     041E                     	;# 
   968     0791                     	;# 
   969     0792                     	;# 
   970     0793                     	;# 
   971     0794                     	;# 
   972     0795                     	;# 
   973     0798                     	;# 
   974     0799                     	;# 
   975     07A0                     	;# 
   976     07A1                     	;# 
   977     07A3                     	;# 
   978     07A4                     	;# 
   979     07A6                     	;# 
   980     07A7                     	;# 
   981     07A9                     	;# 
   982     07AA                     	;# 
   983     0FE4                     	;# 
   984     0FE5                     	;# 
   985     0FE6                     	;# 
   986     0FE7                     	;# 
   987     0FE8                     	;# 
   988     0FE9                     	;# 
   989     0FEA                     	;# 
   990     0FEB                     	;# 
   991     0FED                     	;# 
   992     0FEE                     	;# 
   993     0FEF                     	;# 
   994     0000                     	;# 
   995     0001                     	;# 
   996     0002                     	;# 
   997     0003                     	;# 
   998     0004                     	;# 
   999     0005                     	;# 
  1000     0006                     	;# 
  1001     0007                     	;# 
  1002     0008                     	;# 
  1003     0009                     	;# 
  1004     000A                     	;# 
  1005     000B                     	;# 
  1006     000C                     	;# 
  1007     000D                     	;# 
  1008     000E                     	;# 
  1009     0010                     	;# 
  1010     0011                     	;# 
  1011     0012                     	;# 
  1012     0013                     	;# 
  1013     0015                     	;# 
  1014     0016                     	;# 
  1015     0016                     	;# 
  1016     0017                     	;# 
  1017     0018                     	;# 
  1018     0019                     	;# 
  1019     001A                     	;# 
  1020     001B                     	;# 
  1021     001C                     	;# 
  1022     001E                     	;# 
  1023     001F                     	;# 
  1024     008C                     	;# 
  1025     008D                     	;# 
  1026     008E                     	;# 
  1027     0090                     	;# 
  1028     0091                     	;# 
  1029     0092                     	;# 
  1030     0093                     	;# 
  1031     0095                     	;# 
  1032     0096                     	;# 
  1033     0097                     	;# 
  1034     0098                     	;# 
  1035     0099                     	;# 
  1036     009A                     	;# 
  1037     009B                     	;# 
  1038     009B                     	;# 
  1039     009C                     	;# 
  1040     009D                     	;# 
  1041     009E                     	;# 
  1042     010C                     	;# 
  1043     010D                     	;# 
  1044     010E                     	;# 
  1045     0110                     	;# 
  1046     0111                     	;# 
  1047     0112                     	;# 
  1048     0113                     	;# 
  1049     0114                     	;# 
  1050     0115                     	;# 
  1051     0116                     	;# 
  1052     0117                     	;# 
  1053     0118                     	;# 
  1054     0119                     	;# 
  1055     011A                     	;# 
  1056     011B                     	;# 
  1057     011D                     	;# 
  1058     018C                     	;# 
  1059     018D                     	;# 
  1060     0191                     	;# 
  1061     0191                     	;# 
  1062     0192                     	;# 
  1063     0193                     	;# 
  1064     0193                     	;# 
  1065     0193                     	;# 
  1066     0194                     	;# 
  1067     0195                     	;# 
  1068     0196                     	;# 
  1069     0199                     	;# 
  1070     019A                     	;# 
  1071     019B                     	;# 
  1072     019B                     	;# 
  1073     019B                     	;# 
  1074     019B                     	;# 
  1075     019C                     	;# 
  1076     019C                     	;# 
  1077     019D                     	;# 
  1078     019E                     	;# 
  1079     019F                     	;# 
  1080     020D                     	;# 
  1081     0210                     	;# 
  1082     0211                     	;# 
  1083     0212                     	;# 
  1084     0213                     	;# 
  1085     0214                     	;# 
  1086     0215                     	;# 
  1087     0215                     	;# 
  1088     0216                     	;# 
  1089     0217                     	;# 
  1090     0291                     	;# 
  1091     0291                     	;# 
  1092     0292                     	;# 
  1093     0293                     	;# 
  1094     0294                     	;# 
  1095     0295                     	;# 
  1096     0295                     	;# 
  1097     0296                     	;# 
  1098     0298                     	;# 
  1099     0298                     	;# 
  1100     0299                     	;# 
  1101     029A                     	;# 
  1102     029B                     	;# 
  1103     029C                     	;# 
  1104     029C                     	;# 
  1105     029D                     	;# 
  1106     029E                     	;# 
  1107     029F                     	;# 
  1108     0311                     	;# 
  1109     0311                     	;# 
  1110     0312                     	;# 
  1111     0313                     	;# 
  1112     0314                     	;# 
  1113     0315                     	;# 
  1114     0315                     	;# 
  1115     0316                     	;# 
  1116     0318                     	;# 
  1117     0318                     	;# 
  1118     0319                     	;# 
  1119     031A                     	;# 
  1120     031C                     	;# 
  1121     031C                     	;# 
  1122     031D                     	;# 
  1123     031E                     	;# 
  1124     0394                     	;# 
  1125     0395                     	;# 
  1126     0396                     	;# 
  1127     0415                     	;# 
  1128     0416                     	;# 
  1129     0417                     	;# 
  1130     041C                     	;# 
  1131     041D                     	;# 
  1132     041E                     	;# 
  1133     0791                     	;# 
  1134     0792                     	;# 
  1135     0793                     	;# 
  1136     0794                     	;# 
  1137     0795                     	;# 
  1138     0798                     	;# 
  1139     0799                     	;# 
  1140     07A0                     	;# 
  1141     07A1                     	;# 
  1142     07A3                     	;# 
  1143     07A4                     	;# 
  1144     07A6                     	;# 
  1145     07A7                     	;# 
  1146     07A9                     	;# 
  1147     07AA                     	;# 
  1148     0FE4                     	;# 
  1149     0FE5                     	;# 
  1150     0FE6                     	;# 
  1151     0FE7                     	;# 
  1152     0FE8                     	;# 
  1153     0FE9                     	;# 
  1154     0FEA                     	;# 
  1155     0FEB                     	;# 
  1156     0FED                     	;# 
  1157     0FEE                     	;# 
  1158     0FEF                     	;# 
  1159     0000                     	;# 
  1160     0001                     	;# 
  1161     0002                     	;# 
  1162     0003                     	;# 
  1163     0004                     	;# 
  1164     0005                     	;# 
  1165     0006                     	;# 
  1166     0007                     	;# 
  1167     0008                     	;# 
  1168     0009                     	;# 
  1169     000A                     	;# 
  1170     000B                     	;# 
  1171     000C                     	;# 
  1172     000D                     	;# 
  1173     000E                     	;# 
  1174     0010                     	;# 
  1175     0011                     	;# 
  1176     0012                     	;# 
  1177     0013                     	;# 
  1178     0015                     	;# 
  1179     0016                     	;# 
  1180     0016                     	;# 
  1181     0017                     	;# 
  1182     0018                     	;# 
  1183     0019                     	;# 
  1184     001A                     	;# 
  1185     001B                     	;# 
  1186     001C                     	;# 
  1187     001E                     	;# 
  1188     001F                     	;# 
  1189     008C                     	;# 
  1190     008D                     	;# 
  1191     008E                     	;# 
  1192     0090                     	;# 
  1193     0091                     	;# 
  1194     0092                     	;# 
  1195     0093                     	;# 
  1196     0095                     	;# 
  1197     0096                     	;# 
  1198     0097                     	;# 
  1199     0098                     	;# 
  1200     0099                     	;# 
  1201     009A                     	;# 
  1202     009B                     	;# 
  1203     009B                     	;# 
  1204     009C                     	;# 
  1205     009D                     	;# 
  1206     009E                     	;# 
  1207     010C                     	;# 
  1208     010D                     	;# 
  1209     010E                     	;# 
  1210     0110                     	;# 
  1211     0111                     	;# 
  1212     0112                     	;# 
  1213     0113                     	;# 
  1214     0114                     	;# 
  1215     0115                     	;# 
  1216     0116                     	;# 
  1217     0117                     	;# 
  1218     0118                     	;# 
  1219     0119                     	;# 
  1220     011A                     	;# 
  1221     011B                     	;# 
  1222     011D                     	;# 
  1223     018C                     	;# 
  1224     018D                     	;# 
  1225     0191                     	;# 
  1226     0191                     	;# 
  1227     0192                     	;# 
  1228     0193                     	;# 
  1229     0193                     	;# 
  1230     0193                     	;# 
  1231     0194                     	;# 
  1232     0195                     	;# 
  1233     0196                     	;# 
  1234     0199                     	;# 
  1235     019A                     	;# 
  1236     019B                     	;# 
  1237     019B                     	;# 
  1238     019B                     	;# 
  1239     019B                     	;# 
  1240     019C                     	;# 
  1241     019C                     	;# 
  1242     019D                     	;# 
  1243     019E                     	;# 
  1244     019F                     	;# 
  1245     020D                     	;# 
  1246     0210                     	;# 
  1247     0211                     	;# 
  1248     0212                     	;# 
  1249     0213                     	;# 
  1250     0214                     	;# 
  1251     0215                     	;# 
  1252     0215                     	;# 
  1253     0216                     	;# 
  1254     0217                     	;# 
  1255     0291                     	;# 
  1256     0291                     	;# 
  1257     0292                     	;# 
  1258     0293                     	;# 
  1259     0294                     	;# 
  1260     0295                     	;# 
  1261     0295                     	;# 
  1262     0296                     	;# 
  1263     0298                     	;# 
  1264     0298                     	;# 
  1265     0299                     	;# 
  1266     029A                     	;# 
  1267     029B                     	;# 
  1268     029C                     	;# 
  1269     029C                     	;# 
  1270     029D                     	;# 
  1271     029E                     	;# 
  1272     029F                     	;# 
  1273     0311                     	;# 
  1274     0311                     	;# 
  1275     0312                     	;# 
  1276     0313                     	;# 
  1277     0314                     	;# 
  1278     0315                     	;# 
  1279     0315                     	;# 
  1280     0316                     	;# 
  1281     0318                     	;# 
  1282     0318                     	;# 
  1283     0319                     	;# 
  1284     031A                     	;# 
  1285     031C                     	;# 
  1286     031C                     	;# 
  1287     031D                     	;# 
  1288     031E                     	;# 
  1289     0394                     	;# 
  1290     0395                     	;# 
  1291     0396                     	;# 
  1292     0415                     	;# 
  1293     0416                     	;# 
  1294     0417                     	;# 
  1295     041C                     	;# 
  1296     041D                     	;# 
  1297     041E                     	;# 
  1298     0791                     	;# 
  1299     0792                     	;# 
  1300     0793                     	;# 
  1301     0794                     	;# 
  1302     0795                     	;# 
  1303     0798                     	;# 
  1304     0799                     	;# 
  1305     07A0                     	;# 
  1306     07A1                     	;# 
  1307     07A3                     	;# 
  1308     07A4                     	;# 
  1309     07A6                     	;# 
  1310     07A7                     	;# 
  1311     07A9                     	;# 
  1312     07AA                     	;# 
  1313     0FE4                     	;# 
  1314     0FE5                     	;# 
  1315     0FE6                     	;# 
  1316     0FE7                     	;# 
  1317     0FE8                     	;# 
  1318     0FE9                     	;# 
  1319     0FEA                     	;# 
  1320     0FEB                     	;# 
  1321     0FED                     	;# 
  1322     0FEE                     	;# 
  1323     0FEF                     	;# 
  1324     0000                     	;# 
  1325     0001                     	;# 
  1326     0002                     	;# 
  1327     0003                     	;# 
  1328     0004                     	;# 
  1329     0005                     	;# 
  1330     0006                     	;# 
  1331     0007                     	;# 
  1332     0008                     	;# 
  1333     0009                     	;# 
  1334     000A                     	;# 
  1335     000B                     	;# 
  1336     000C                     	;# 
  1337     000D                     	;# 
  1338     000E                     	;# 
  1339     0010                     	;# 
  1340     0011                     	;# 
  1341     0012                     	;# 
  1342     0013                     	;# 
  1343     0015                     	;# 
  1344     0016                     	;# 
  1345     0016                     	;# 
  1346     0017                     	;# 
  1347     0018                     	;# 
  1348     0019                     	;# 
  1349     001A                     	;# 
  1350     001B                     	;# 
  1351     001C                     	;# 
  1352     001E                     	;# 
  1353     001F                     	;# 
  1354     008C                     	;# 
  1355     008D                     	;# 
  1356     008E                     	;# 
  1357     0090                     	;# 
  1358     0091                     	;# 
  1359     0092                     	;# 
  1360     0093                     	;# 
  1361     0095                     	;# 
  1362     0096                     	;# 
  1363     0097                     	;# 
  1364     0098                     	;# 
  1365     0099                     	;# 
  1366     009A                     	;# 
  1367     009B                     	;# 
  1368     009B                     	;# 
  1369     009C                     	;# 
  1370     009D                     	;# 
  1371     009E                     	;# 
  1372     010C                     	;# 
  1373     010D                     	;# 
  1374     010E                     	;# 
  1375     0110                     	;# 
  1376     0111                     	;# 
  1377     0112                     	;# 
  1378     0113                     	;# 
  1379     0114                     	;# 
  1380     0115                     	;# 
  1381     0116                     	;# 
  1382     0117                     	;# 
  1383     0118                     	;# 
  1384     0119                     	;# 
  1385     011A                     	;# 
  1386     011B                     	;# 
  1387     011D                     	;# 
  1388     018C                     	;# 
  1389     018D                     	;# 
  1390     0191                     	;# 
  1391     0191                     	;# 
  1392     0192                     	;# 
  1393     0193                     	;# 
  1394     0193                     	;# 
  1395     0193                     	;# 
  1396     0194                     	;# 
  1397     0195                     	;# 
  1398     0196                     	;# 
  1399     0199                     	;# 
  1400     019A                     	;# 
  1401     019B                     	;# 
  1402     019B                     	;# 
  1403     019B                     	;# 
  1404     019B                     	;# 
  1405     019C                     	;# 
  1406     019C                     	;# 
  1407     019D                     	;# 
  1408     019E                     	;# 
  1409     019F                     	;# 
  1410     020D                     	;# 
  1411     0210                     	;# 
  1412     0211                     	;# 
  1413     0212                     	;# 
  1414     0213                     	;# 
  1415     0214                     	;# 
  1416     0215                     	;# 
  1417     0215                     	;# 
  1418     0216                     	;# 
  1419     0217                     	;# 
  1420     0291                     	;# 
  1421     0291                     	;# 
  1422     0292                     	;# 
  1423     0293                     	;# 
  1424     0294                     	;# 
  1425     0295                     	;# 
  1426     0295                     	;# 
  1427     0296                     	;# 
  1428     0298                     	;# 
  1429     0298                     	;# 
  1430     0299                     	;# 
  1431     029A                     	;# 
  1432     029B                     	;# 
  1433     029C                     	;# 
  1434     029C                     	;# 
  1435     029D                     	;# 
  1436     029E                     	;# 
  1437     029F                     	;# 
  1438     0311                     	;# 
  1439     0311                     	;# 
  1440     0312                     	;# 
  1441     0313                     	;# 
  1442     0314                     	;# 
  1443     0315                     	;# 
  1444     0315                     	;# 
  1445     0316                     	;# 
  1446     0318                     	;# 
  1447     0318                     	;# 
  1448     0319                     	;# 
  1449     031A                     	;# 
  1450     031C                     	;# 
  1451     031C                     	;# 
  1452     031D                     	;# 
  1453     031E                     	;# 
  1454     0394                     	;# 
  1455     0395                     	;# 
  1456     0396                     	;# 
  1457     0415                     	;# 
  1458     0416                     	;# 
  1459     0417                     	;# 
  1460     041C                     	;# 
  1461     041D                     	;# 
  1462     041E                     	;# 
  1463     0791                     	;# 
  1464     0792                     	;# 
  1465     0793                     	;# 
  1466     0794                     	;# 
  1467     0795                     	;# 
  1468     0798                     	;# 
  1469     0799                     	;# 
  1470     07A0                     	;# 
  1471     07A1                     	;# 
  1472     07A3                     	;# 
  1473     07A4                     	;# 
  1474     07A6                     	;# 
  1475     07A7                     	;# 
  1476     07A9                     	;# 
  1477     07AA                     	;# 
  1478     0FE4                     	;# 
  1479     0FE5                     	;# 
  1480     0FE6                     	;# 
  1481     0FE7                     	;# 
  1482     0FE8                     	;# 
  1483     0FE9                     	;# 
  1484     0FEA                     	;# 
  1485     0FEB                     	;# 
  1486     0FED                     	;# 
  1487     0FEE                     	;# 
  1488     0FEF                     	;# 
  1489     0000                     	;# 
  1490     0001                     	;# 
  1491     0002                     	;# 
  1492     0003                     	;# 
  1493     0004                     	;# 
  1494     0005                     	;# 
  1495     0006                     	;# 
  1496     0007                     	;# 
  1497     0008                     	;# 
  1498     0009                     	;# 
  1499     000A                     	;# 
  1500     000B                     	;# 
  1501     000C                     	;# 
  1502     000D                     	;# 
  1503     000E                     	;# 
  1504     0010                     	;# 
  1505     0011                     	;# 
  1506     0012                     	;# 
  1507     0013                     	;# 
  1508     0015                     	;# 
  1509     0016                     	;# 
  1510     0016                     	;# 
  1511     0017                     	;# 
  1512     0018                     	;# 
  1513     0019                     	;# 
  1514     001A                     	;# 
  1515     001B                     	;# 
  1516     001C                     	;# 
  1517     001E                     	;# 
  1518     001F                     	;# 
  1519     008C                     	;# 
  1520     008D                     	;# 
  1521     008E                     	;# 
  1522     0090                     	;# 
  1523     0091                     	;# 
  1524     0092                     	;# 
  1525     0093                     	;# 
  1526     0095                     	;# 
  1527     0096                     	;# 
  1528     0097                     	;# 
  1529     0098                     	;# 
  1530     0099                     	;# 
  1531     009A                     	;# 
  1532     009B                     	;# 
  1533     009B                     	;# 
  1534     009C                     	;# 
  1535     009D                     	;# 
  1536     009E                     	;# 
  1537     010C                     	;# 
  1538     010D                     	;# 
  1539     010E                     	;# 
  1540     0110                     	;# 
  1541     0111                     	;# 
  1542     0112                     	;# 
  1543     0113                     	;# 
  1544     0114                     	;# 
  1545     0115                     	;# 
  1546     0116                     	;# 
  1547     0117                     	;# 
  1548     0118                     	;# 
  1549     0119                     	;# 
  1550     011A                     	;# 
  1551     011B                     	;# 
  1552     011D                     	;# 
  1553     018C                     	;# 
  1554     018D                     	;# 
  1555     0191                     	;# 
  1556     0191                     	;# 
  1557     0192                     	;# 
  1558     0193                     	;# 
  1559     0193                     	;# 
  1560     0193                     	;# 
  1561     0194                     	;# 
  1562     0195                     	;# 
  1563     0196                     	;# 
  1564     0199                     	;# 
  1565     019A                     	;# 
  1566     019B                     	;# 
  1567     019B                     	;# 
  1568     019B                     	;# 
  1569     019B                     	;# 
  1570     019C                     	;# 
  1571     019C                     	;# 
  1572     019D                     	;# 
  1573     019E                     	;# 
  1574     019F                     	;# 
  1575     020D                     	;# 
  1576     0210                     	;# 
  1577     0211                     	;# 
  1578     0212                     	;# 
  1579     0213                     	;# 
  1580     0214                     	;# 
  1581     0215                     	;# 
  1582     0215                     	;# 
  1583     0216                     	;# 
  1584     0217                     	;# 
  1585     0291                     	;# 
  1586     0291                     	;# 
  1587     0292                     	;# 
  1588     0293                     	;# 
  1589     0294                     	;# 
  1590     0295                     	;# 
  1591     0295                     	;# 
  1592     0296                     	;# 
  1593     0298                     	;# 
  1594     0298                     	;# 
  1595     0299                     	;# 
  1596     029A                     	;# 
  1597     029B                     	;# 
  1598     029C                     	;# 
  1599     029C                     	;# 
  1600     029D                     	;# 
  1601     029E                     	;# 
  1602     029F                     	;# 
  1603     0311                     	;# 
  1604     0311                     	;# 
  1605     0312                     	;# 
  1606     0313                     	;# 
  1607     0314                     	;# 
  1608     0315                     	;# 
  1609     0315                     	;# 
  1610     0316                     	;# 
  1611     0318                     	;# 
  1612     0318                     	;# 
  1613     0319                     	;# 
  1614     031A                     	;# 
  1615     031C                     	;# 
  1616     031C                     	;# 
  1617     031D                     	;# 
  1618     031E                     	;# 
  1619     0394                     	;# 
  1620     0395                     	;# 
  1621     0396                     	;# 
  1622     0415                     	;# 
  1623     0416                     	;# 
  1624     0417                     	;# 
  1625     041C                     	;# 
  1626     041D                     	;# 
  1627     041E                     	;# 
  1628     0791                     	;# 
  1629     0792                     	;# 
  1630     0793                     	;# 
  1631     0794                     	;# 
  1632     0795                     	;# 
  1633     0798                     	;# 
  1634     0799                     	;# 
  1635     07A0                     	;# 
  1636     07A1                     	;# 
  1637     07A3                     	;# 
  1638     07A4                     	;# 
  1639     07A6                     	;# 
  1640     07A7                     	;# 
  1641     07A9                     	;# 
  1642     07AA                     	;# 
  1643     0FE4                     	;# 
  1644     0FE5                     	;# 
  1645     0FE6                     	;# 
  1646     0FE7                     	;# 
  1647     0FE8                     	;# 
  1648     0FE9                     	;# 
  1649     0FEA                     	;# 
  1650     0FEB                     	;# 
  1651     0FED                     	;# 
  1652     0FEE                     	;# 
  1653     0FEF                     	;# 
  1654     0000                     	;# 
  1655     0001                     	;# 
  1656     0002                     	;# 
  1657     0003                     	;# 
  1658     0004                     	;# 
  1659     0005                     	;# 
  1660     0006                     	;# 
  1661     0007                     	;# 
  1662     0008                     	;# 
  1663     0009                     	;# 
  1664     000A                     	;# 
  1665     000B                     	;# 
  1666     000C                     	;# 
  1667     000D                     	;# 
  1668     000E                     	;# 
  1669     0010                     	;# 
  1670     0011                     	;# 
  1671     0012                     	;# 
  1672     0013                     	;# 
  1673     0015                     	;# 
  1674     0016                     	;# 
  1675     0016                     	;# 
  1676     0017                     	;# 
  1677     0018                     	;# 
  1678     0019                     	;# 
  1679     001A                     	;# 
  1680     001B                     	;# 
  1681     001C                     	;# 
  1682     001E                     	;# 
  1683     001F                     	;# 
  1684     008C                     	;# 
  1685     008D                     	;# 
  1686     008E                     	;# 
  1687     0090                     	;# 
  1688     0091                     	;# 
  1689     0092                     	;# 
  1690     0093                     	;# 
  1691     0095                     	;# 
  1692     0096                     	;# 
  1693     0097                     	;# 
  1694     0098                     	;# 
  1695     0099                     	;# 
  1696     009A                     	;# 
  1697     009B                     	;# 
  1698     009B                     	;# 
  1699     009C                     	;# 
  1700     009D                     	;# 
  1701     009E                     	;# 
  1702     010C                     	;# 
  1703     010D                     	;# 
  1704     010E                     	;# 
  1705     0110                     	;# 
  1706     0111                     	;# 
  1707     0112                     	;# 
  1708     0113                     	;# 
  1709     0114                     	;# 
  1710     0115                     	;# 
  1711     0116                     	;# 
  1712     0117                     	;# 
  1713     0118                     	;# 
  1714     0119                     	;# 
  1715     011A                     	;# 
  1716     011B                     	;# 
  1717     011D                     	;# 
  1718     018C                     	;# 
  1719     018D                     	;# 
  1720     0191                     	;# 
  1721     0191                     	;# 
  1722     0192                     	;# 
  1723     0193                     	;# 
  1724     0193                     	;# 
  1725     0193                     	;# 
  1726     0194                     	;# 
  1727     0195                     	;# 
  1728     0196                     	;# 
  1729     0199                     	;# 
  1730     019A                     	;# 
  1731     019B                     	;# 
  1732     019B                     	;# 
  1733     019B                     	;# 
  1734     019B                     	;# 
  1735     019C                     	;# 
  1736     019C                     	;# 
  1737     019D                     	;# 
  1738     019E                     	;# 
  1739     019F                     	;# 
  1740     020D                     	;# 
  1741     0210                     	;# 
  1742     0211                     	;# 
  1743     0212                     	;# 
  1744     0213                     	;# 
  1745     0214                     	;# 
  1746     0215                     	;# 
  1747     0215                     	;# 
  1748     0216                     	;# 
  1749     0217                     	;# 
  1750     0291                     	;# 
  1751     0291                     	;# 
  1752     0292                     	;# 
  1753     0293                     	;# 
  1754     0294                     	;# 
  1755     0295                     	;# 
  1756     0295                     	;# 
  1757     0296                     	;# 
  1758     0298                     	;# 
  1759     0298                     	;# 
  1760     0299                     	;# 
  1761     029A                     	;# 
  1762     029B                     	;# 
  1763     029C                     	;# 
  1764     029C                     	;# 
  1765     029D                     	;# 
  1766     029E                     	;# 
  1767     029F                     	;# 
  1768     0311                     	;# 
  1769     0311                     	;# 
  1770     0312                     	;# 
  1771     0313                     	;# 
  1772     0314                     	;# 
  1773     0315                     	;# 
  1774     0315                     	;# 
  1775     0316                     	;# 
  1776     0318                     	;# 
  1777     0318                     	;# 
  1778     0319                     	;# 
  1779     031A                     	;# 
  1780     031C                     	;# 
  1781     031C                     	;# 
  1782     031D                     	;# 
  1783     031E                     	;# 
  1784     0394                     	;# 
  1785     0395                     	;# 
  1786     0396                     	;# 
  1787     0415                     	;# 
  1788     0416                     	;# 
  1789     0417                     	;# 
  1790     041C                     	;# 
  1791     041D                     	;# 
  1792     041E                     	;# 
  1793     0791                     	;# 
  1794     0792                     	;# 
  1795     0793                     	;# 
  1796     0794                     	;# 
  1797     0795                     	;# 
  1798     0798                     	;# 
  1799     0799                     	;# 
  1800     07A0                     	;# 
  1801     07A1                     	;# 
  1802     07A3                     	;# 
  1803     07A4                     	;# 
  1804     07A6                     	;# 
  1805     07A7                     	;# 
  1806     07A9                     	;# 
  1807     07AA                     	;# 
  1808     0FE4                     	;# 
  1809     0FE5                     	;# 
  1810     0FE6                     	;# 
  1811     0FE7                     	;# 
  1812     0FE8                     	;# 
  1813     0FE9                     	;# 
  1814     0FEA                     	;# 
  1815     0FEB                     	;# 
  1816     0FED                     	;# 
  1817     0FEE                     	;# 
  1818     0FEF                     	;# 
  1819     0000                     	;# 
  1820     0001                     	;# 
  1821     0002                     	;# 
  1822     0003                     	;# 
  1823     0004                     	;# 
  1824     0005                     	;# 
  1825     0006                     	;# 
  1826     0007                     	;# 
  1827     0008                     	;# 
  1828     0009                     	;# 
  1829     000A                     	;# 
  1830     000B                     	;# 
  1831     000C                     	;# 
  1832     000D                     	;# 
  1833     000E                     	;# 
  1834     0010                     	;# 
  1835     0011                     	;# 
  1836     0012                     	;# 
  1837     0013                     	;# 
  1838     0015                     	;# 
  1839     0016                     	;# 
  1840     0016                     	;# 
  1841     0017                     	;# 
  1842     0018                     	;# 
  1843     0019                     	;# 
  1844     001A                     	;# 
  1845     001B                     	;# 
  1846     001C                     	;# 
  1847     001E                     	;# 
  1848     001F                     	;# 
  1849     008C                     	;# 
  1850     008D                     	;# 
  1851     008E                     	;# 
  1852     0090                     	;# 
  1853     0091                     	;# 
  1854     0092                     	;# 
  1855     0093                     	;# 
  1856     0095                     	;# 
  1857     0096                     	;# 
  1858     0097                     	;# 
  1859     0098                     	;# 
  1860     0099                     	;# 
  1861     009A                     	;# 
  1862     009B                     	;# 
  1863     009B                     	;# 
  1864     009C                     	;# 
  1865     009D                     	;# 
  1866     009E                     	;# 
  1867     010C                     	;# 
  1868     010D                     	;# 
  1869     010E                     	;# 
  1870     0110                     	;# 
  1871     0111                     	;# 
  1872     0112                     	;# 
  1873     0113                     	;# 
  1874     0114                     	;# 
  1875     0115                     	;# 
  1876     0116                     	;# 
  1877     0117                     	;# 
  1878     0118                     	;# 
  1879     0119                     	;# 
  1880     011A                     	;# 
  1881     011B                     	;# 
  1882     011D                     	;# 
  1883     018C                     	;# 
  1884     018D                     	;# 
  1885     0191                     	;# 
  1886     0191                     	;# 
  1887     0192                     	;# 
  1888     0193                     	;# 
  1889     0193                     	;# 
  1890     0193                     	;# 
  1891     0194                     	;# 
  1892     0195                     	;# 
  1893     0196                     	;# 
  1894     0199                     	;# 
  1895     019A                     	;# 
  1896     019B                     	;# 
  1897     019B                     	;# 
  1898     019B                     	;# 
  1899     019B                     	;# 
  1900     019C                     	;# 
  1901     019C                     	;# 
  1902     019D                     	;# 
  1903     019E                     	;# 
  1904     019F                     	;# 
  1905     020D                     	;# 
  1906     0210                     	;# 
  1907     0211                     	;# 
  1908     0212                     	;# 
  1909     0213                     	;# 
  1910     0214                     	;# 
  1911     0215                     	;# 
  1912     0215                     	;# 
  1913     0216                     	;# 
  1914     0217                     	;# 
  1915     0291                     	;# 
  1916     0291                     	;# 
  1917     0292                     	;# 
  1918     0293                     	;# 
  1919     0294                     	;# 
  1920     0295                     	;# 
  1921     0295                     	;# 
  1922     0296                     	;# 
  1923     0298                     	;# 
  1924     0298                     	;# 
  1925     0299                     	;# 
  1926     029A                     	;# 
  1927     029B                     	;# 
  1928     029C                     	;# 
  1929     029C                     	;# 
  1930     029D                     	;# 
  1931     029E                     	;# 
  1932     029F                     	;# 
  1933     0311                     	;# 
  1934     0311                     	;# 
  1935     0312                     	;# 
  1936     0313                     	;# 
  1937     0314                     	;# 
  1938     0315                     	;# 
  1939     0315                     	;# 
  1940     0316                     	;# 
  1941     0318                     	;# 
  1942     0318                     	;# 
  1943     0319                     	;# 
  1944     031A                     	;# 
  1945     031C                     	;# 
  1946     031C                     	;# 
  1947     031D                     	;# 
  1948     031E                     	;# 
  1949     0394                     	;# 
  1950     0395                     	;# 
  1951     0396                     	;# 
  1952     0415                     	;# 
  1953     0416                     	;# 
  1954     0417                     	;# 
  1955     041C                     	;# 
  1956     041D                     	;# 
  1957     041E                     	;# 
  1958     0791                     	;# 
  1959     0792                     	;# 
  1960     0793                     	;# 
  1961     0794                     	;# 
  1962     0795                     	;# 
  1963     0798                     	;# 
  1964     0799                     	;# 
  1965     07A0                     	;# 
  1966     07A1                     	;# 
  1967     07A3                     	;# 
  1968     07A4                     	;# 
  1969     07A6                     	;# 
  1970     07A7                     	;# 
  1971     07A9                     	;# 
  1972     07AA                     	;# 
  1973     0FE4                     	;# 
  1974     0FE5                     	;# 
  1975     0FE6                     	;# 
  1976     0FE7                     	;# 
  1977     0FE8                     	;# 
  1978     0FE9                     	;# 
  1979     0FEA                     	;# 
  1980     0FEB                     	;# 
  1981     0FED                     	;# 
  1982     0FEE                     	;# 
  1983     0FEF                     	;# 
  1984     0000                     	;# 
  1985     0001                     	;# 
  1986     0002                     	;# 
  1987     0003                     	;# 
  1988     0004                     	;# 
  1989     0005                     	;# 
  1990     0006                     	;# 
  1991     0007                     	;# 
  1992     0008                     	;# 
  1993     0009                     	;# 
  1994     000A                     	;# 
  1995     000B                     	;# 
  1996     000C                     	;# 
  1997     000D                     	;# 
  1998     000E                     	;# 
  1999     0010                     	;# 
  2000     0011                     	;# 
  2001     0012                     	;# 
  2002     0013                     	;# 
  2003     0015                     	;# 
  2004     0016                     	;# 
  2005     0016                     	;# 
  2006     0017                     	;# 
  2007     0018                     	;# 
  2008     0019                     	;# 
  2009     001A                     	;# 
  2010     001B                     	;# 
  2011     001C                     	;# 
  2012     001E                     	;# 
  2013     001F                     	;# 
  2014     008C                     	;# 
  2015     008D                     	;# 
  2016     008E                     	;# 
  2017     0090                     	;# 
  2018     0091                     	;# 
  2019     0092                     	;# 
  2020     0093                     	;# 
  2021     0095                     	;# 
  2022     0096                     	;# 
  2023     0097                     	;# 
  2024     0098                     	;# 
  2025     0099                     	;# 
  2026     009A                     	;# 
  2027     009B                     	;# 
  2028     009B                     	;# 
  2029     009C                     	;# 
  2030     009D                     	;# 
  2031     009E                     	;# 
  2032     010C                     	;# 
  2033     010D                     	;# 
  2034     010E                     	;# 
  2035     0110                     	;# 
  2036     0111                     	;# 
  2037     0112                     	;# 
  2038     0113                     	;# 
  2039     0114                     	;# 
  2040     0115                     	;# 
  2041     0116                     	;# 
  2042     0117                     	;# 
  2043     0118                     	;# 
  2044     0119                     	;# 
  2045     011A                     	;# 
  2046     011B                     	;# 
  2047     011D                     	;# 
  2048     018C                     	;# 
  2049     018D                     	;# 
  2050     0191                     	;# 
  2051     0191                     	;# 
  2052     0192                     	;# 
  2053     0193                     	;# 
  2054     0193                     	;# 
  2055     0193                     	;# 
  2056     0194                     	;# 
  2057     0195                     	;# 
  2058     0196                     	;# 
  2059     0199                     	;# 
  2060     019A                     	;# 
  2061     019B                     	;# 
  2062     019B                     	;# 
  2063     019B                     	;# 
  2064     019B                     	;# 
  2065     019C                     	;# 
  2066     019C                     	;# 
  2067     019D                     	;# 
  2068     019E                     	;# 
  2069     019F                     	;# 
  2070     020D                     	;# 
  2071     0210                     	;# 
  2072     0211                     	;# 
  2073     0212                     	;# 
  2074     0213                     	;# 
  2075     0214                     	;# 
  2076     0215                     	;# 
  2077     0215                     	;# 
  2078     0216                     	;# 
  2079     0217                     	;# 
  2080     0291                     	;# 
  2081     0291                     	;# 
  2082     0292                     	;# 
  2083     0293                     	;# 
  2084     0294                     	;# 
  2085     0295                     	;# 
  2086     0295                     	;# 
  2087     0296                     	;# 
  2088     0298                     	;# 
  2089     0298                     	;# 
  2090     0299                     	;# 
  2091     029A                     	;# 
  2092     029B                     	;# 
  2093     029C                     	;# 
  2094     029C                     	;# 
  2095     029D                     	;# 
  2096     029E                     	;# 
  2097     029F                     	;# 
  2098     0311                     	;# 
  2099     0311                     	;# 
  2100     0312                     	;# 
  2101     0313                     	;# 
  2102     0314                     	;# 
  2103     0315                     	;# 
  2104     0315                     	;# 
  2105     0316                     	;# 
  2106     0318                     	;# 
  2107     0318                     	;# 
  2108     0319                     	;# 
  2109     031A                     	;# 
  2110     031C                     	;# 
  2111     031C                     	;# 
  2112     031D                     	;# 
  2113     031E                     	;# 
  2114     0394                     	;# 
  2115     0395                     	;# 
  2116     0396                     	;# 
  2117     0415                     	;# 
  2118     0416                     	;# 
  2119     0417                     	;# 
  2120     041C                     	;# 
  2121     041D                     	;# 
  2122     041E                     	;# 
  2123     0791                     	;# 
  2124     0792                     	;# 
  2125     0793                     	;# 
  2126     0794                     	;# 
  2127     0795                     	;# 
  2128     0798                     	;# 
  2129     0799                     	;# 
  2130     07A0                     	;# 
  2131     07A1                     	;# 
  2132     07A3                     	;# 
  2133     07A4                     	;# 
  2134     07A6                     	;# 
  2135     07A7                     	;# 
  2136     07A9                     	;# 
  2137     07AA                     	;# 
  2138     0FE4                     	;# 
  2139     0FE5                     	;# 
  2140     0FE6                     	;# 
  2141     0FE7                     	;# 
  2142     0FE8                     	;# 
  2143     0FE9                     	;# 
  2144     0FEA                     	;# 
  2145     0FEB                     	;# 
  2146     0FED                     	;# 
  2147     0FEE                     	;# 
  2148     0FEF                     	;# 
  2149                           
  2150                           	psect	eeprom_data
  2151     0000  0003 0000 0023 0000 0023 0000 00FF 00FF 	db	3,0,35,0,35,0,255,255	;# 
  2152     0008  00FF 00FF 00FF 00FF 00FF 00FF 00FF 00FF 	db	255,255,255,255,255,255,255,255	;# 
  2153     0000                     	;# 
  2154     0001                     	;# 
  2155     0002                     	;# 
  2156     0003                     	;# 
  2157     0004                     	;# 
  2158     0005                     	;# 
  2159     0006                     	;# 
  2160     0007                     	;# 
  2161     0008                     	;# 
  2162     0009                     	;# 
  2163     000A                     	;# 
  2164     000B                     	;# 
  2165     000C                     	;# 
  2166     000D                     	;# 
  2167     000E                     	;# 
  2168     0010                     	;# 
  2169     0011                     	;# 
  2170     0012                     	;# 
  2171     0013                     	;# 
  2172     0015                     	;# 
  2173     0016                     	;# 
  2174     0016                     	;# 
  2175     0017                     	;# 
  2176     0018                     	;# 
  2177     0019                     	;# 
  2178     001A                     	;# 
  2179     001B                     	;# 
  2180     001C                     	;# 
  2181     001E                     	;# 
  2182     001F                     	;# 
  2183     008C                     	;# 
  2184     008D                     	;# 
  2185     008E                     	;# 
  2186     0090                     	;# 
  2187     0091                     	;# 
  2188     0092                     	;# 
  2189     0093                     	;# 
  2190     0095                     	;# 
  2191     0096                     	;# 
  2192     0097                     	;# 
  2193     0098                     	;# 
  2194     0099                     	;# 
  2195     009A                     	;# 
  2196     009B                     	;# 
  2197     009B                     	;# 
  2198     009C                     	;# 
  2199     009D                     	;# 
  2200     009E                     	;# 
  2201     010C                     	;# 
  2202     010D                     	;# 
  2203     010E                     	;# 
  2204     0110                     	;# 
  2205     0111                     	;# 
  2206     0112                     	;# 
  2207     0113                     	;# 
  2208     0114                     	;# 
  2209     0115                     	;# 
  2210     0116                     	;# 
  2211     0117                     	;# 
  2212     0118                     	;# 
  2213     0119                     	;# 
  2214     011A                     	;# 
  2215     011B                     	;# 
  2216     011D                     	;# 
  2217     018C                     	;# 
  2218     018D                     	;# 
  2219     0191                     	;# 
  2220     0191                     	;# 
  2221     0192                     	;# 
  2222     0193                     	;# 
  2223     0193                     	;# 
  2224     0193                     	;# 
  2225     0194                     	;# 
  2226     0195                     	;# 
  2227     0196                     	;# 
  2228     0199                     	;# 
  2229     019A                     	;# 
  2230     019B                     	;# 
  2231     019B                     	;# 
  2232     019B                     	;# 
  2233     019B                     	;# 
  2234     019C                     	;# 
  2235     019C                     	;# 
  2236     019D                     	;# 
  2237     019E                     	;# 
  2238     019F                     	;# 
  2239     020D                     	;# 
  2240     0210                     	;# 
  2241     0211                     	;# 
  2242     0212                     	;# 
  2243     0213                     	;# 
  2244     0214                     	;# 
  2245     0215                     	;# 
  2246     0215                     	;# 
  2247     0216                     	;# 
  2248     0217                     	;# 
  2249     0291                     	;# 
  2250     0291                     	;# 
  2251     0292                     	;# 
  2252     0293                     	;# 
  2253     0294                     	;# 
  2254     0295                     	;# 
  2255     0295                     	;# 
  2256     0296                     	;# 
  2257     0298                     	;# 
  2258     0298                     	;# 
  2259     0299                     	;# 
  2260     029A                     	;# 
  2261     029B                     	;# 
  2262     029C                     	;# 
  2263     029C                     	;# 
  2264     029D                     	;# 
  2265     029E                     	;# 
  2266     029F                     	;# 
  2267     0311                     	;# 
  2268     0311                     	;# 
  2269     0312                     	;# 
  2270     0313                     	;# 
  2271     0314                     	;# 
  2272     0315                     	;# 
  2273     0315                     	;# 
  2274     0316                     	;# 
  2275     0318                     	;# 
  2276     0318                     	;# 
  2277     0319                     	;# 
  2278     031A                     	;# 
  2279     031C                     	;# 
  2280     031C                     	;# 
  2281     031D                     	;# 
  2282     031E                     	;# 
  2283     0394                     	;# 
  2284     0395                     	;# 
  2285     0396                     	;# 
  2286     0415                     	;# 
  2287     0416                     	;# 
  2288     0417                     	;# 
  2289     041C                     	;# 
  2290     041D                     	;# 
  2291     041E                     	;# 
  2292     0791                     	;# 
  2293     0792                     	;# 
  2294     0793                     	;# 
  2295     0794                     	;# 
  2296     0795                     	;# 
  2297     0798                     	;# 
  2298     0799                     	;# 
  2299     07A0                     	;# 
  2300     07A1                     	;# 
  2301     07A3                     	;# 
  2302     07A4                     	;# 
  2303     07A6                     	;# 
  2304     07A7                     	;# 
  2305     07A9                     	;# 
  2306     07AA                     	;# 
  2307     0FE4                     	;# 
  2308     0FE5                     	;# 
  2309     0FE6                     	;# 
  2310     0FE7                     	;# 
  2311     0FE8                     	;# 
  2312     0FE9                     	;# 
  2313     0FEA                     	;# 
  2314     0FEB                     	;# 
  2315     0FED                     	;# 
  2316     0FEE                     	;# 
  2317     0FEF                     	;# 
  2318     0000                     	;# 
  2319     0001                     	;# 
  2320     0002                     	;# 
  2321     0003                     	;# 
  2322     0004                     	;# 
  2323     0005                     	;# 
  2324     0006                     	;# 
  2325     0007                     	;# 
  2326     0008                     	;# 
  2327     0009                     	;# 
  2328     000A                     	;# 
  2329     000B                     	;# 
  2330     000C                     	;# 
  2331     000D                     	;# 
  2332     000E                     	;# 
  2333     0010                     	;# 
  2334     0011                     	;# 
  2335     0012                     	;# 
  2336     0013                     	;# 
  2337     0015                     	;# 
  2338     0016                     	;# 
  2339     0016                     	;# 
  2340     0017                     	;# 
  2341     0018                     	;# 
  2342     0019                     	;# 
  2343     001A                     	;# 
  2344     001B                     	;# 
  2345     001C                     	;# 
  2346     001E                     	;# 
  2347     001F                     	;# 
  2348     008C                     	;# 
  2349     008D                     	;# 
  2350     008E                     	;# 
  2351     0090                     	;# 
  2352     0091                     	;# 
  2353     0092                     	;# 
  2354     0093                     	;# 
  2355     0095                     	;# 
  2356     0096                     	;# 
  2357     0097                     	;# 
  2358     0098                     	;# 
  2359     0099                     	;# 
  2360     009A                     	;# 
  2361     009B                     	;# 
  2362     009B                     	;# 
  2363     009C                     	;# 
  2364     009D                     	;# 
  2365     009E                     	;# 
  2366     010C                     	;# 
  2367     010D                     	;# 
  2368     010E                     	;# 
  2369     0110                     	;# 
  2370     0111                     	;# 
  2371     0112                     	;# 
  2372     0113                     	;# 
  2373     0114                     	;# 
  2374     0115                     	;# 
  2375     0116                     	;# 
  2376     0117                     	;# 
  2377     0118                     	;# 
  2378     0119                     	;# 
  2379     011A                     	;# 
  2380     011B                     	;# 
  2381     011D                     	;# 
  2382     018C                     	;# 
  2383     018D                     	;# 
  2384     0191                     	;# 
  2385     0191                     	;# 
  2386     0192                     	;# 
  2387     0193                     	;# 
  2388     0193                     	;# 
  2389     0193                     	;# 
  2390     0194                     	;# 
  2391     0195                     	;# 
  2392     0196                     	;# 
  2393     0199                     	;# 
  2394     019A                     	;# 
  2395     019B                     	;# 
  2396     019B                     	;# 
  2397     019B                     	;# 
  2398     019B                     	;# 
  2399     019C                     	;# 
  2400     019C                     	;# 
  2401     019D                     	;# 
  2402     019E                     	;# 
  2403     019F                     	;# 
  2404     020D                     	;# 
  2405     0210                     	;# 
  2406     0211                     	;# 
  2407     0212                     	;# 
  2408     0213                     	;# 
  2409     0214                     	;# 
  2410     0215                     	;# 
  2411     0215                     	;# 
  2412     0216                     	;# 
  2413     0217                     	;# 
  2414     0291                     	;# 
  2415     0291                     	;# 
  2416     0292                     	;# 
  2417     0293                     	;# 
  2418     0294                     	;# 
  2419     0295                     	;# 
  2420     0295                     	;# 
  2421     0296                     	;# 
  2422     0298                     	;# 
  2423     0298                     	;# 
  2424     0299                     	;# 
  2425     029A                     	;# 
  2426     029B                     	;# 
  2427     029C                     	;# 
  2428     029C                     	;# 
  2429     029D                     	;# 
  2430     029E                     	;# 
  2431     029F                     	;# 
  2432     0311                     	;# 
  2433     0311                     	;# 
  2434     0312                     	;# 
  2435     0313                     	;# 
  2436     0314                     	;# 
  2437     0315                     	;# 
  2438     0315                     	;# 
  2439     0316                     	;# 
  2440     0318                     	;# 
  2441     0318                     	;# 
  2442     0319                     	;# 
  2443     031A                     	;# 
  2444     031C                     	;# 
  2445     031C                     	;# 
  2446     031D                     	;# 
  2447     031E                     	;# 
  2448     0394                     	;# 
  2449     0395                     	;# 
  2450     0396                     	;# 
  2451     0415                     	;# 
  2452     0416                     	;# 
  2453     0417                     	;# 
  2454     041C                     	;# 
  2455     041D                     	;# 
  2456     041E                     	;# 
  2457     0791                     	;# 
  2458     0792                     	;# 
  2459     0793                     	;# 
  2460     0794                     	;# 
  2461     0795                     	;# 
  2462     0798                     	;# 
  2463     0799                     	;# 
  2464     07A0                     	;# 
  2465     07A1                     	;# 
  2466     07A3                     	;# 
  2467     07A4                     	;# 
  2468     07A6                     	;# 
  2469     07A7                     	;# 
  2470     07A9                     	;# 
  2471     07AA                     	;# 
  2472     0FE4                     	;# 
  2473     0FE5                     	;# 
  2474     0FE6                     	;# 
  2475     0FE7                     	;# 
  2476     0FE8                     	;# 
  2477     0FE9                     	;# 
  2478     0FEA                     	;# 
  2479     0FEB                     	;# 
  2480     0FED                     	;# 
  2481     0FEE                     	;# 
  2482     0FEF                     	;# 
  2483     0000                     	;# 
  2484     0001                     	;# 
  2485     0002                     	;# 
  2486     0003                     	;# 
  2487     0004                     	;# 
  2488     0005                     	;# 
  2489     0006                     	;# 
  2490     0007                     	;# 
  2491     0008                     	;# 
  2492     0009                     	;# 
  2493     000A                     	;# 
  2494     000B                     	;# 
  2495     000C                     	;# 
  2496     000D                     	;# 
  2497     000E                     	;# 
  2498     0010                     	;# 
  2499     0011                     	;# 
  2500     0012                     	;# 
  2501     0013                     	;# 
  2502     0015                     	;# 
  2503     0016                     	;# 
  2504     0016                     	;# 
  2505     0017                     	;# 
  2506     0018                     	;# 
  2507     0019                     	;# 
  2508     001A                     	;# 
  2509     001B                     	;# 
  2510     001C                     	;# 
  2511     001E                     	;# 
  2512     001F                     	;# 
  2513     008C                     	;# 
  2514     008D                     	;# 
  2515     008E                     	;# 
  2516     0090                     	;# 
  2517     0091                     	;# 
  2518     0092                     	;# 
  2519     0093                     	;# 
  2520     0095                     	;# 
  2521     0096                     	;# 
  2522     0097                     	;# 
  2523     0098                     	;# 
  2524     0099                     	;# 
  2525     009A                     	;# 
  2526     009B                     	;# 
  2527     009B                     	;# 
  2528     009C                     	;# 
  2529     009D                     	;# 
  2530     009E                     	;# 
  2531     010C                     	;# 
  2532     010D                     	;# 
  2533     010E                     	;# 
  2534     0110                     	;# 
  2535     0111                     	;# 
  2536     0112                     	;# 
  2537     0113                     	;# 
  2538     0114                     	;# 
  2539     0115                     	;# 
  2540     0116                     	;# 
  2541     0117                     	;# 
  2542     0118                     	;# 
  2543     0119                     	;# 
  2544     011A                     	;# 
  2545     011B                     	;# 
  2546     011D                     	;# 
  2547     018C                     	;# 
  2548     018D                     	;# 
  2549     0191                     	;# 
  2550     0191                     	;# 
  2551     0192                     	;# 
  2552     0193                     	;# 
  2553     0193                     	;# 
  2554     0193                     	;# 
  2555     0194                     	;# 
  2556     0195                     	;# 
  2557     0196                     	;# 
  2558     0199                     	;# 
  2559     019A                     	;# 
  2560     019B                     	;# 
  2561     019B                     	;# 
  2562     019B                     	;# 
  2563     019B                     	;# 
  2564     019C                     	;# 
  2565     019C                     	;# 
  2566     019D                     	;# 
  2567     019E                     	;# 
  2568     019F                     	;# 
  2569     020D                     	;# 
  2570     0210                     	;# 
  2571     0211                     	;# 
  2572     0212                     	;# 
  2573     0213                     	;# 
  2574     0214                     	;# 
  2575     0215                     	;# 
  2576     0215                     	;# 
  2577     0216                     	;# 
  2578     0217                     	;# 
  2579     0291                     	;# 
  2580     0291                     	;# 
  2581     0292                     	;# 
  2582     0293                     	;# 
  2583     0294                     	;# 
  2584     0295                     	;# 
  2585     0295                     	;# 
  2586     0296                     	;# 
  2587     0298                     	;# 
  2588     0298                     	;# 
  2589     0299                     	;# 
  2590     029A                     	;# 
  2591     029B                     	;# 
  2592     029C                     	;# 
  2593     029C                     	;# 
  2594     029D                     	;# 
  2595     029E                     	;# 
  2596     029F                     	;# 
  2597     0311                     	;# 
  2598     0311                     	;# 
  2599     0312                     	;# 
  2600     0313                     	;# 
  2601     0314                     	;# 
  2602     0315                     	;# 
  2603     0315                     	;# 
  2604     0316                     	;# 
  2605     0318                     	;# 
  2606     0318                     	;# 
  2607     0319                     	;# 
  2608     031A                     	;# 
  2609     031C                     	;# 
  2610     031C                     	;# 
  2611     031D                     	;# 
  2612     031E                     	;# 
  2613     0394                     	;# 
  2614     0395                     	;# 
  2615     0396                     	;# 
  2616     0415                     	;# 
  2617     0416                     	;# 
  2618     0417                     	;# 
  2619     041C                     	;# 
  2620     041D                     	;# 
  2621     041E                     	;# 
  2622     0791                     	;# 
  2623     0792                     	;# 
  2624     0793                     	;# 
  2625     0794                     	;# 
  2626     0795                     	;# 
  2627     0798                     	;# 
  2628     0799                     	;# 
  2629     07A0                     	;# 
  2630     07A1                     	;# 
  2631     07A3                     	;# 
  2632     07A4                     	;# 
  2633     07A6                     	;# 
  2634     07A7                     	;# 
  2635     07A9                     	;# 
  2636     07AA                     	;# 
  2637     0FE4                     	;# 
  2638     0FE5                     	;# 
  2639     0FE6                     	;# 
  2640     0FE7                     	;# 
  2641     0FE8                     	;# 
  2642     0FE9                     	;# 
  2643     0FEA                     	;# 
  2644     0FEB                     	;# 
  2645     0FED                     	;# 
  2646     0FEE                     	;# 
  2647     0FEF                     	;# 
  2648                           
  2649                           	psect	idataBANK0
  2650     0002                     __pidataBANK0:
  2651                           
  2652                           ;initializer for _SetTimer2_cnt
  2653     0002  3401               	retlw	1
  2654     0003  3400               	retlw	0
  2655                           
  2656                           	psect	idataBANK1
  2657     1605                     __pidataBANK1:
  2658                           
  2659                           ;initializer for LCD_SetCursor@F3193
  2660     1605  3400               	retlw	0
  2661     1606  3440               	retlw	64
  2662     1607  3414               	retlw	20
  2663     1608  3454               	retlw	84
  2664                           
  2665                           ;initializer for _SetTimer1_cnt
  2666     1609  3401               	retlw	1
  2667     160A  3400               	retlw	0
  2668                           
  2669                           	psect	stringtext1
  2670     1000                     __pstringtext1:
  2671     1000                     _i2c_fsmStateTable:
  2672     1000  34B5               	retlw	low _I2C_DO_IDLE
  2673     1001  3415               	retlw	high _I2C_DO_IDLE
  2674     1002  341A               	retlw	low _I2C_DO_SEND_ADR_READ
  2675     1003  3416               	retlw	high _I2C_DO_SEND_ADR_READ
  2676     1004  3412               	retlw	low _I2C_DO_SEND_ADR_WRITE
  2677     1005  3416               	retlw	high _I2C_DO_SEND_ADR_WRITE
  2678     1006  346B               	retlw	low _I2C_DO_TX
  2679     1007  340C               	retlw	high _I2C_DO_TX
  2680     1008  343B               	retlw	low _I2C_DO_RX
  2681     1009  340B               	retlw	high _I2C_DO_RX
  2682     100A  340B               	retlw	low _I2C_DO_RCEN
  2683     100B  3416               	retlw	high _I2C_DO_RCEN
  2684     100C  34C7               	retlw	low _I2C_DO_TX_EMPTY
  2685     100D  3409               	retlw	high _I2C_DO_TX_EMPTY
  2686     100E  34BA               	retlw	low _I2C_DO_SEND_RESTART_READ
  2687     100F  3415               	retlw	high _I2C_DO_SEND_RESTART_READ
  2688     1010  34BF               	retlw	low _I2C_DO_SEND_RESTART_WRITE
  2689     1011  3415               	retlw	high _I2C_DO_SEND_RESTART_WRITE
  2690     1012  34C4               	retlw	low _I2C_DO_SEND_RESTART
  2691     1013  3415               	retlw	high _I2C_DO_SEND_RESTART
  2692     1014  34C9               	retlw	low _I2C_DO_SEND_STOP
  2693     1015  3415               	retlw	high _I2C_DO_SEND_STOP
  2694     1016  34CE               	retlw	low _I2C_DO_RX_ACK
  2695     1017  3415               	retlw	high _I2C_DO_RX_ACK
  2696     1018  34D3               	retlw	low _I2C_DO_RX_NACK_STOP
  2697     1019  3415               	retlw	high _I2C_DO_RX_NACK_STOP
  2698     101A  34D8               	retlw	low _I2C_DO_RX_NACK_RESTART
  2699     101B  3415               	retlw	high _I2C_DO_RX_NACK_RESTART
  2700     101C  34DD               	retlw	low _I2C_DO_RESET
  2701     101D  3415               	retlw	high _I2C_DO_RESET
  2702     101E  3446               	retlw	low _I2C_DO_ADDRESS_NACK
  2703     101F  3409               	retlw	high _I2C_DO_ADDRESS_NACK
  2704     1020                     __end_of_i2c_fsmStateTable:
  2705     0003                     _STATUSbits	set	3
  2706     000D                     _PORTBbits	set	13
  2707     0015                     _TMR0	set	21
  2708     000B                     _INTCONbits	set	11
  2709     0019                     _T1GCONbits	set	25
  2710     0018                     _T1CONbits	set	24
  2711     0018                     _T1CON	set	24
  2712     0016                     _TMR1L	set	22
  2713     0017                     _TMR1H	set	23
  2714     0019                     _T1GCON	set	25
  2715     0011                     _PIR1bits	set	17
  2716     0095                     _OPTION_REG	set	149
  2717     0097                     _WDTCON	set	151
  2718     0098                     _OSCTUNE	set	152
  2719     0099                     _OSCCON	set	153
  2720     0095                     _OPTION_REGbits	set	149
  2721     008E                     _TRISC	set	142
  2722     008D                     _TRISB	set	141
  2723     008C                     _TRISA	set	140
  2724     0090                     _TRISE	set	144
  2725     0091                     _PIE1bits	set	145
  2726     04D6                     _PLLR	set	1238
  2727     010E                     _LATCbits	set	270
  2728     0116                     _BORCON	set	278
  2729     011D                     _APFCON	set	285
  2730     010E                     _LATC	set	270
  2731     010D                     _LATB	set	269
  2732     010C                     _LATA	set	268
  2733     0110                     _LATE	set	272
  2734     0191                     _EEADR	set	401
  2735     0196                     _EECON2	set	406
  2736     0193                     _EEDATA	set	403
  2737     0195                     _EECON1	set	405
  2738     0195                     _EECON1bits	set	405
  2739     018C                     _ANSELA	set	396
  2740     018D                     _ANSELB	set	397
  2741     020D                     _WPUB	set	525
  2742     0210                     _WPUE	set	528
  2743     0216                     _SSPCON2bits	set	534
  2744     0211                     _SSPBUF	set	529
  2745     0215                     _SSPCON1bits	set	533
  2746     0212                     _SSPADD	set	530
  2747     0216                     _SSPCON2	set	534
  2748     0215                     _SSPCON1	set	533
  2749     0214                     _SSPSTAT	set	532
  2750     1020                     STR_8:
  2751     1020  3454               	retlw	84	;'T'
  2752     1021  3425               	retlw	37	;'%'
  2753     1022  3464               	retlw	100	;'d'
  2754     1023  343A               	retlw	58	;':'
  2755     1024  3425               	retlw	37	;'%'
  2756     1025  3464               	retlw	100	;'d'
  2757     1026  3425               	retlw	37	;'%'
  2758     1027  3464               	retlw	100	;'d'
  2759     1028  3425               	retlw	37	;'%'
  2760     1029  3464               	retlw	100	;'d'
  2761     102A  3425               	retlw	37	;'%'
  2762     102B  3464               	retlw	100	;'d'
  2763     102C  342E               	retlw	46	;'.'
  2764     102D  3420               	retlw	32	;' '
  2765     102E  3453               	retlw	83	;'S'
  2766     102F  3465               	retlw	101	;'e'
  2767     1030  3463               	retlw	99	;'c'
  2768     1031  3420               	retlw	32	;' '
  2769     1032  3425               	retlw	37	;'%'
  2770     1033  3473               	retlw	115	;'s'
  2771     1034  3400               	retlw	0
  2772                           
  2773                           	psect	stringtext2
  2774     1800                     __pstringtext2:
  2775     1800                     STR_9:
  2776     1800  3454               	retlw	84	;'T'
  2777     1801  3425               	retlw	37	;'%'
  2778     1802  3464               	retlw	100	;'d'
  2779     1803  343A               	retlw	58	;':'
  2780     1804  3425               	retlw	37	;'%'
  2781     1805  3464               	retlw	100	;'d'
  2782     1806  3425               	retlw	37	;'%'
  2783     1807  3464               	retlw	100	;'d'
  2784     1808  3425               	retlw	37	;'%'
  2785     1809  3464               	retlw	100	;'d'
  2786     180A  342E               	retlw	46	;'.'
  2787     180B  3425               	retlw	37	;'%'
  2788     180C  3464               	retlw	100	;'d'
  2789     180D  3420               	retlw	32	;' '
  2790     180E  3453               	retlw	83	;'S'
  2791     180F  3465               	retlw	101	;'e'
  2792     1810  3463               	retlw	99	;'c'
  2793     1811  3420               	retlw	32	;' '
  2794     1812  3425               	retlw	37	;'%'
  2795     1813  3473               	retlw	115	;'s'
  2796     1814  3400               	retlw	0
  2797                           
  2798                           	psect	stringtext3
  2799     1815                     __pstringtext3:
  2800     1815                     STR_10:
  2801     1815  3454               	retlw	84	;'T'
  2802     1816  3425               	retlw	37	;'%'
  2803     1817  3464               	retlw	100	;'d'
  2804     1818  343A               	retlw	58	;':'
  2805     1819  3425               	retlw	37	;'%'
  2806     181A  3464               	retlw	100	;'d'
  2807     181B  3425               	retlw	37	;'%'
  2808     181C  3464               	retlw	100	;'d'
  2809     181D  342E               	retlw	46	;'.'
  2810     181E  3425               	retlw	37	;'%'
  2811     181F  3464               	retlw	100	;'d'
  2812     1820  3425               	retlw	37	;'%'
  2813     1821  3464               	retlw	100	;'d'
  2814     1822  3420               	retlw	32	;' '
  2815     1823  3453               	retlw	83	;'S'
  2816     1824  3465               	retlw	101	;'e'
  2817     1825  3463               	retlw	99	;'c'
  2818     1826  3420               	retlw	32	;' '
  2819     1827  3425               	retlw	37	;'%'
  2820     1828  3473               	retlw	115	;'s'
  2821     1829  3400               	retlw	0
  2822                           
  2823                           	psect	stringtext4
  2824     182A                     __pstringtext4:
  2825     182A                     STR_11:
  2826     182A  3455               	retlw	85	;'U'
  2827     182B  346E               	retlw	110	;'n'
  2828     182C  3469               	retlw	105	;'i'
  2829     182D  3474               	retlw	116	;'t'
  2830     182E  343A               	retlw	58	;':'
  2831     182F  3431               	retlw	49	;'1'
  2832     1830  342E               	retlw	46	;'.'
  2833     1831  3430               	retlw	48	;'0'
  2834     1832  3430               	retlw	48	;'0'
  2835     1833  3420               	retlw	32	;' '
  2836     1834  3453               	retlw	83	;'S'
  2837     1835  3465               	retlw	101	;'e'
  2838     1836  3463               	retlw	99	;'c'
  2839     1837  3420               	retlw	32	;' '
  2840     1838  3420               	retlw	32	;' '
  2841     1839  3420               	retlw	32	;' '
  2842     183A  3400               	retlw	0
  2843                           
  2844                           	psect	stringtext5
  2845     183B                     __pstringtext5:
  2846     183B                     STR_12:
  2847     183B  3455               	retlw	85	;'U'
  2848     183C  346E               	retlw	110	;'n'
  2849     183D  3469               	retlw	105	;'i'
  2850     183E  3474               	retlw	116	;'t'
  2851     183F  343A               	retlw	58	;':'
  2852     1840  3430               	retlw	48	;'0'
  2853     1841  342E               	retlw	46	;'.'
  2854     1842  3431               	retlw	49	;'1'
  2855     1843  3430               	retlw	48	;'0'
  2856     1844  3420               	retlw	32	;' '
  2857     1845  3453               	retlw	83	;'S'
  2858     1846  3465               	retlw	101	;'e'
  2859     1847  3463               	retlw	99	;'c'
  2860     1848  3420               	retlw	32	;' '
  2861     1849  3420               	retlw	32	;' '
  2862     184A  3420               	retlw	32	;' '
  2863     184B  3400               	retlw	0
  2864                           
  2865                           	psect	stringtext6
  2866     184C                     __pstringtext6:
  2867     184C                     STR_13:
  2868     184C  3455               	retlw	85	;'U'
  2869     184D  346E               	retlw	110	;'n'
  2870     184E  3469               	retlw	105	;'i'
  2871     184F  3474               	retlw	116	;'t'
  2872     1850  343A               	retlw	58	;':'
  2873     1851  3430               	retlw	48	;'0'
  2874     1852  342E               	retlw	46	;'.'
  2875     1853  3430               	retlw	48	;'0'
  2876     1854  3431               	retlw	49	;'1'
  2877     1855  3420               	retlw	32	;' '
  2878     1856  3453               	retlw	83	;'S'
  2879     1857  3465               	retlw	101	;'e'
  2880     1858  3463               	retlw	99	;'c'
  2881     1859  3420               	retlw	32	;' '
  2882     185A  3420               	retlw	32	;' '
  2883     185B  3420               	retlw	32	;' '
  2884     185C  3400               	retlw	0
  2885                           
  2886                           	psect	stringtext7
  2887     185D                     __pstringtext7:
  2888     185D                     STR_4:
  2889     185D  3456               	retlw	86	;'V'
  2890     185E  3465               	retlw	101	;'e'
  2891     185F  3472               	retlw	114	;'r'
  2892     1860  3473               	retlw	115	;'s'
  2893     1861  3469               	retlw	105	;'i'
  2894     1862  346F               	retlw	111	;'o'
  2895     1863  346E               	retlw	110	;'n'
  2896     1864  343A               	retlw	58	;':'
  2897     1865  3420               	retlw	32	;' '
  2898     1866  3430               	retlw	48	;'0'
  2899     1867  342E               	retlw	46	;'.'
  2900     1868  3436               	retlw	54	;'6'
  2901     1869  3430               	retlw	48	;'0'
  2902     186A  3420               	retlw	32	;' '
  2903     186B  3420               	retlw	32	;' '
  2904     186C  3420               	retlw	32	;' '
  2905     186D  3400               	retlw	0
  2906                           
  2907                           	psect	stringtext8
  2908     186E                     __pstringtext8:
  2909     186E                     STR_3:
  2910     186E  3445               	retlw	69	;'E'
  2911     186F  3464               	retlw	100	;'d'
  2912     1870  3469               	retlw	105	;'i'
  2913     1871  3474               	retlw	116	;'t'
  2914     1872  343A               	retlw	58	;':'
  2915     1873  3445               	retlw	69	;'E'
  2916     1874  3445               	retlw	69	;'E'
  2917     1875  3420               	retlw	32	;' '
  2918     1876  3459               	retlw	89	;'Y'
  2919     1877  3469               	retlw	105	;'i'
  2920     1878  346D               	retlw	109	;'m'
  2921     1879  3469               	retlw	105	;'i'
  2922     187A  346E               	retlw	110	;'n'
  2923     187B  3467               	retlw	103	;'g'
  2924     187C  3420               	retlw	32	;' '
  2925     187D  3420               	retlw	32	;' '
  2926     187E  3400               	retlw	0
  2927                           
  2928                           	psect	stringtext9
  2929     187F                     __pstringtext9:
  2930     187F                     STR_1:
  2931     187F  3457               	retlw	87	;'W'
  2932     1880  3465               	retlw	101	;'e'
  2933     1881  346C               	retlw	108	;'l'
  2934     1882  3463               	retlw	99	;'c'
  2935     1883  346F               	retlw	111	;'o'
  2936     1884  346D               	retlw	109	;'m'
  2937     1885  3465               	retlw	101	;'e'
  2938     1886  3420               	retlw	32	;' '
  2939     1887  3474               	retlw	116	;'t'
  2940     1888  346F               	retlw	111	;'o'
  2941     1889  3420               	retlw	32	;' '
  2942     188A  344C               	retlw	76	;'L'
  2943     188B  3446               	retlw	70	;'F'
  2944     188C  3441               	retlw	65	;'A'
  2945     188D  342E               	retlw	46	;'.'
  2946     188E  3420               	retlw	32	;' '
  2947     188F  3400               	retlw	0
  2948                           
  2949                           	psect	stringtext10
  2950     1890                     __pstringtext10:
  2951     1890                     STR_2:
  2952     1890  344C               	retlw	76	;'L'
  2953     1891  3461               	retlw	97	;'a'
  2954     1892  346D               	retlw	109	;'m'
  2955     1893  3470               	retlw	112	;'p'
  2956     1894  3420               	retlw	32	;' '
  2957     1895  3474               	retlw	116	;'t'
  2958     1896  3465               	retlw	101	;'e'
  2959     1897  3473               	retlw	115	;'s'
  2960     1898  3474               	retlw	116	;'t'
  2961     1899  3420               	retlw	32	;' '
  2962     189A  3474               	retlw	116	;'t'
  2963     189B  346F               	retlw	111	;'o'
  2964     189C  346F               	retlw	111	;'o'
  2965     189D  346C               	retlw	108	;'l'
  2966     189E  342E               	retlw	46	;'.'
  2967     189F  3420               	retlw	32	;' '
  2968     18A0  3400               	retlw	0
  2969                           
  2970                           	psect	stringtext11
  2971     18A1                     __pstringtext11:
  2972     18A1                     STR_5:
  2973     18A1  3446               	retlw	70	;'F'
  2974     18A2  3475               	retlw	117	;'u'
  2975     18A3  346E               	retlw	110	;'n'
  2976     18A4  3463               	retlw	99	;'c'
  2977     18A5  3474               	retlw	116	;'t'
  2978     18A6  3469               	retlw	105	;'i'
  2979     18A7  346F               	retlw	111	;'o'
  2980     18A8  346E               	retlw	110	;'n'
  2981     18A9  3453               	retlw	83	;'S'
  2982     18AA  3465               	retlw	101	;'e'
  2983     18AB  3474               	retlw	116	;'t'
  2984     18AC  3420               	retlw	32	;' '
  2985     18AD  344D               	retlw	77	;'M'
  2986     18AE  346F               	retlw	111	;'o'
  2987     18AF  3464               	retlw	100	;'d'
  2988     18B0  3465               	retlw	101	;'e'
  2989     18B1  3400               	retlw	0
  2990                           
  2991                           	psect	stringtext12
  2992     18B2                     __pstringtext12:
  2993     18B2                     STR_6:
  2994     18B2  344F               	retlw	79	;'O'
  2995     18B3  3446               	retlw	70	;'F'
  2996     18B4  3446               	retlw	70	;'F'
  2997     18B5  3400               	retlw	0
  2998                           
  2999                           	psect	stringtext13
  3000     18B6                     __pstringtext13:
  3001     18B6                     STR_20:
  3002     18B6  3420               	retlw	32	;' '
  3003     18B7  344F               	retlw	79	;'O'
  3004     18B8  344E               	retlw	78	;'N'
  3005     18B9  3400               	retlw	0
  3006                           
  3007                           	psect	stringtext14
  3008     0000                     __pstringtext14:
  3009     186A                     
  3010                           	psect	cinit
  3011     0028                     start_initialization:	
  3012                           ; #config settings
  3013                           
  3014     0028                     __initialization:
  3015                           
  3016                           ; Initialize objects allocated to BANK0
  3017     0028  3180  2002  3180   	fcall	__pidataBANK0	;fetch initializer
  3018     002B  00EE               	movwf	__pdataBANK0& (0+127)
  3019     002C  3180  2003  3180   	fcall	__pidataBANK0+1	;fetch initializer
  3020     002F  00EF               	movwf	(__pdataBANK0+1)& (0+127)
  3021                           
  3022                           ; Initialize objects allocated to BANK1
  3023     0030  3005               	movlw	low __pidataBANK1
  3024     0031  0084               	movwf	4
  3025     0032  3096               	movlw	(high __pidataBANK1)| (0+128)
  3026     0033  0085               	movwf	5
  3027     0034  0021               	movlb	1	; select bank1
  3028     0035  0012               	moviw fsr0++
  3029     0036  00E8               	movwf	__pdataBANK1& (0+127)
  3030     0037  0012               	moviw fsr0++
  3031     0038  00E9               	movwf	(__pdataBANK1+1)& (0+127)
  3032     0039  0012               	moviw fsr0++
  3033     003A  00EA               	movwf	(__pdataBANK1+2)& (0+127)
  3034     003B  0012               	moviw fsr0++
  3035     003C  00EB               	movwf	(__pdataBANK1+3)& (0+127)
  3036     003D  0012               	moviw fsr0++
  3037     003E  00EC               	movwf	(__pdataBANK1+4)& (0+127)
  3038     003F  0012               	moviw fsr0++
  3039     0040  00ED               	movwf	(__pdataBANK1+5)& (0+127)
  3040                           
  3041                           ; Clear objects allocated to COMMON
  3042     0041  01FA               	clrf	__pbssCOMMON& (0+127)
  3043     0042  01FB               	clrf	(__pbssCOMMON+1)& (0+127)
  3044                           
  3045                           ; Clear objects allocated to BANK0
  3046     0043  0020               	movlb	0	; select bank0
  3047     0044  01EC               	clrf	__pbssBANK0& (0+127)
  3048     0045  01ED               	clrf	(__pbssBANK0+1)& (0+127)
  3049                           
  3050                           ; Clear objects allocated to BANK1
  3051     0046  30A0               	movlw	low __pbssBANK1
  3052     0047  0084               	movwf	4
  3053     0048  3000               	movlw	high __pbssBANK1
  3054     0049  0085               	movwf	5
  3055     004A  3048               	movlw	72
  3056     004B  3195  25FF  3180   	fcall	clear_ram0
  3057                           
  3058                           ; Clear objects allocated to BANK2
  3059     004E  3020               	movlw	low __pbssBANK2
  3060     004F  0084               	movwf	4
  3061     0050  3001               	movlw	high __pbssBANK2
  3062     0051  0085               	movwf	5
  3063     0052  3032               	movlw	50
  3064     0053  3195  25FF  3180   	fcall	clear_ram0
  3065                           
  3066                           ; Clear objects allocated to BANK3
  3067     0056  30A0               	movlw	low __pbssBANK3
  3068     0057  0084               	movwf	4
  3069     0058  3001               	movlw	high __pbssBANK3
  3070     0059  0085               	movwf	5
  3071     005A  304C               	movlw	76
  3072     005B  3195  25FF  3180   	fcall	clear_ram0
  3073     005E                     end_of_initialization:	
  3074                           ;End of C runtime variable initialization code
  3075                           
  3076     005E                     __end_of__initialization:
  3077     005E  107E               	bcf	int$flags,0	;clear compiler interrupt flag (level 1)
  3078     005F  0020               	movlb	0
  3079     0060  3180  2862         	ljmp	_main	;jump to C main() function
  3080                           
  3081                           	psect	bssCOMMON
  3082     007A                     __pbssCOMMON:
  3083     007A                     _OutState:
  3084     007A                     	ds	1
  3085     007B                     _timer0ReloadVal:
  3086     007B                     	ds	1
  3087                           
  3088                           	psect	bssBANK0
  3089     006C                     __pbssBANK0:
  3090     006C                     _LCD_DispMode:
  3091     006C                     	ds	1
  3092     006D                     _TimeMode:
  3093     006D                     	ds	1
  3094                           
  3095                           	psect	dataBANK0
  3096     006E                     __pdataBANK0:
  3097     006E                     _SetTimer2_cnt:
  3098     006E                     	ds	2
  3099                           
  3100                           	psect	bssBANK1
  3101     00A0                     __pbssBANK1:
  3102     00A0                     DispNormal@F3482:
  3103     00A0                     	ds	4
  3104     00A4                     _LongKey_cnt:
  3105     00A4                     	ds	4
  3106     00A8                     _KeyState:
  3107     00A8                     	ds	4
  3108     00AC                     DispTimeAdjustment@F3498:
  3109     00AC                     	ds	3
  3110     00AF                     DispNormal@F3484:
  3111     00AF                     	ds	3
  3112     00B2                     _width:
  3113     00B2                     	ds	2
  3114     00B4                     _prec:
  3115     00B4                     	ds	2
  3116     00B6                     _ShortKey_cnt:
  3117     00B6                     	ds	2
  3118     00B8                     _xComm_cnt:
  3119     00B8                     	ds	2
  3120     00BA                     _x100T_cnt:
  3121     00BA                     	ds	2
  3122     00BC                     _x10T_cnt:
  3123     00BC                     	ds	2
  3124     00BE                     _x1T_cnt:
  3125     00BE                     	ds	2
  3126     00C0                     _T1_1000ms_cnt:
  3127     00C0                     	ds	2
  3128     00C2                     _T1_100ms_cnt:
  3129     00C2                     	ds	2
  3130     00C4                     _T1_10ms_cnt:
  3131     00C4                     	ds	2
  3132     00C6                     TMR0_ISR@CountCallBack:
  3133     00C6                     	ds	2
  3134     00C8                     _TMR0_InterruptHandler:
  3135     00C8                     	ds	2
  3136     00CA                     _TMR1_InterruptHandler:
  3137     00CA                     	ds	2
  3138     00CC                     _timer1ReloadVal:
  3139     00CC                     	ds	2
  3140     00CE                     _flags:
  3141     00CE                     	ds	1
  3142     00CF                     _RelayState:
  3143     00CF                     	ds	1
  3144     00D0                     _TimerState:
  3145     00D0                     	ds	1
  3146     00D1                     _AdjustMode:
  3147     00D1                     	ds	1
  3148     00D2                     _fT1_TimerUp:
  3149     00D2                     	ds	1
  3150     00D3                     _fT1_1second:
  3151     00D3                     	ds	1
  3152     00D4                     _fT1_100ms:
  3153     00D4                     	ds	1
  3154     00D5                     _fT1_10ms:
  3155     00D5                     	ds	1
  3156     00D6                     _T0_1second_cnt:
  3157     00D6                     	ds	1
  3158     00D7                     _T0_10ms_cnt:
  3159     00D7                     	ds	1
  3160     00D8                     _fDOT:
  3161     00D8                     	ds	1
  3162     00D9                     _fLCD_updata:
  3163     00D9                     	ds	1
  3164     00DA                     _Cursor_pos:
  3165     00DA                     	ds	1
  3166     00DB                     _fT0_1second:
  3167     00DB                     	ds	1
  3168     00DC                     _fT0_fT10ms:
  3169     00DC                     	ds	1
  3170     00DD                     _SetTimer2_digi:
  3171     00DD                     	ds	4
  3172     00E1                     _SetTimer1_digi:
  3173     00E1                     	ds	4
  3174     00E5                     _RelayState_buf:
  3175     00E5                     	ds	3
  3176                           
  3177                           	psect	dataBANK1
  3178     00E8                     __pdataBANK1:
  3179     00E8                     LCD_SetCursor@F3193:
  3180     00E8                     	ds	4
  3181     00EC                     _SetTimer1_cnt:
  3182     00EC                     	ds	2
  3183                           
  3184                           	psect	bssBANK2
  3185     0120                     __pbssBANK2:
  3186     0120                     _I2C_Status:
  3187     0120                     	ds	29
  3188     013D                     DispTimeAdjustment@F3496:
  3189     013D                     	ds	4
  3190     0141                     _buf:
  3191     0141                     	ds	17
  3192                           
  3193                           	psect	bssBANK3
  3194     01A0                     __pbssBANK3:
  3195     01A0                     _dbuf:
  3196     01A0                     	ds	32
  3197     01C0                     _key:
  3198     01C0                     	ds	44
  3199                           
  3200                           	psect	clrtext
  3201     15FF                     clear_ram0:	
  3202                           ;	Called with FSR0 containing the base address, and
  3203                           ;	WREG with the size to clear
  3204                           
  3205     15FF  0064               	clrwdt	;clear the watchdog before getting into this loop
  3206     1600                     clrloop0:
  3207     1600  0180               	clrf	0	;clear RAM location pointed to by FSR
  3208     1601  3101               	addfsr 0,1
  3209     1602  0B89               	decfsz	9,f	;Have we reached the end of clearing yet?
  3210     1603  2E00               	goto	clrloop0	;have we reached the end yet?
  3211     1604  3400               	retlw	0	;all done for this memory range, return
  3212                           
  3213                           	psect	cstackBANK1
  3214     00EE                     __pcstackBANK1:
  3215     00EE                     ??_main:
  3216                           
  3217                           ; 1 bytes @ 0x0
  3218     00EE                     	ds	2
  3219                           
  3220                           	psect	cstackCOMMON
  3221     0070                     __pcstackCOMMON:
  3222     0070                     ?_I2C_Open:
  3223     0070                     ?_I2C_MasterWrite:	
  3224                           ; 1 bytes @ 0x0
  3225                           
  3226     0070                     ?_I2C_Close:	
  3227                           ; 1 bytes @ 0x0
  3228                           
  3229     0070                     ?_I2C_DO_IDLE:	
  3230                           ; 1 bytes @ 0x0
  3231                           
  3232     0070                     ?_I2C_DO_SEND_ADR_READ:	
  3233                           ; 1 bytes @ 0x0
  3234                           
  3235     0070                     ?_I2C_DO_SEND_ADR_WRITE:	
  3236                           ; 1 bytes @ 0x0
  3237                           
  3238     0070                     ?_I2C_DO_TX:	
  3239                           ; 1 bytes @ 0x0
  3240                           
  3241     0070                     ?_I2C_DO_RX:	
  3242                           ; 1 bytes @ 0x0
  3243                           
  3244     0070                     ?_I2C_DO_RCEN:	
  3245                           ; 1 bytes @ 0x0
  3246                           
  3247     0070                     ?_I2C_DO_TX_EMPTY:	
  3248                           ; 1 bytes @ 0x0
  3249                           
  3250     0070                     ?_I2C_DO_SEND_RESTART_READ:	
  3251                           ; 1 bytes @ 0x0
  3252                           
  3253     0070                     ?_I2C_DO_SEND_RESTART_WRITE:	
  3254                           ; 1 bytes @ 0x0
  3255                           
  3256     0070                     ?_I2C_DO_SEND_RESTART:	
  3257                           ; 1 bytes @ 0x0
  3258                           
  3259     0070                     ?_I2C_DO_SEND_STOP:	
  3260                           ; 1 bytes @ 0x0
  3261                           
  3262     0070                     ?_I2C_DO_RX_ACK:	
  3263                           ; 1 bytes @ 0x0
  3264                           
  3265     0070                     ?_I2C_DO_RX_NACK_STOP:	
  3266                           ; 1 bytes @ 0x0
  3267                           
  3268     0070                     ?_I2C_DO_RX_NACK_RESTART:	
  3269                           ; 1 bytes @ 0x0
  3270                           
  3271     0070                     ?_I2C_DO_RESET:	
  3272                           ; 1 bytes @ 0x0
  3273                           
  3274     0070                     ?_I2C_DO_ADDRESS_NACK:	
  3275                           ; 1 bytes @ 0x0
  3276                           
  3277     0070                     ?_I2C_MasterClearIrq:	
  3278                           ; 1 bytes @ 0x0
  3279                           
  3280     0070                     ?_I2C_MasterOpen:	
  3281                           ; 1 bytes @ 0x0
  3282                           
  3283     0070                     ?_I2C_MasterDisableIrq:	
  3284                           ; 1 bytes @ 0x0
  3285                           
  3286     0070                     ?_I2C_MasterClose:	
  3287                           ; 1 bytes @ 0x0
  3288                           
  3289     0070                     ?_I2C_MasterStart:	
  3290                           ; 1 bytes @ 0x0
  3291                           
  3292     0070                     ?_I2C_Poller:	
  3293                           ; 1 bytes @ 0x0
  3294                           
  3295     0070                     ?_I2C_MasterWaitForEvent:	
  3296                           ; 1 bytes @ 0x0
  3297                           
  3298     0070                     ?_I2C_MasterFsm:	
  3299                           ; 1 bytes @ 0x0
  3300                           
  3301     0070                     ?_I2C_MasterIsNack:	
  3302                           ; 1 bytes @ 0x0
  3303                           
  3304     0070                     ?_I2C_MasterSendTxData:	
  3305                           ; 1 bytes @ 0x0
  3306                           
  3307     0070                     ?_I2C_MasterGetRxData:	
  3308                           ; 1 bytes @ 0x0
  3309                           
  3310     0070                     ?_I2C_MasterSendAck:	
  3311                           ; 1 bytes @ 0x0
  3312                           
  3313     0070                     ?_I2C_MasterStartRx:	
  3314                           ; 1 bytes @ 0x0
  3315                           
  3316     0070                     ?_I2C_MasterSetIrq:	
  3317                           ; 1 bytes @ 0x0
  3318                           
  3319     0070                     ?_I2C_MasterEnableRestart:	
  3320                           ; 1 bytes @ 0x0
  3321                           
  3322     0070                     ?_I2C_MasterStop:	
  3323                           ; 1 bytes @ 0x0
  3324                           
  3325     0070                     ?_I2C_MasterSendNack:	
  3326                           ; 1 bytes @ 0x0
  3327                           
  3328     0070                     ?_OSCILLATOR_Initialize:	
  3329                           ; 1 bytes @ 0x0
  3330                           
  3331     0070                     ?_WDT_Initialize:	
  3332                           ; 1 bytes @ 0x0
  3333                           
  3334     0070                     ?_TMR1_Initialize:	
  3335                           ; 1 bytes @ 0x0
  3336                           
  3337     0070                     ?_TMR0_Initialize:	
  3338                           ; 1 bytes @ 0x0
  3339                           
  3340     0070                     ?_TMR0_ISR:	
  3341                           ; 1 bytes @ 0x0
  3342                           
  3343     0070                     ?_TMR0_CallBack:	
  3344                           ; 1 bytes @ 0x0
  3345                           
  3346     0070                     ?_TMR0_10msEven:	
  3347                           ; 1 bytes @ 0x0
  3348                           
  3349     0070                     ??_TMR0_10msEven:	
  3350                           ; 1 bytes @ 0x0
  3351                           
  3352     0070                     ?_TMR1_10msEven:	
  3353                           ; 1 bytes @ 0x0
  3354                           
  3355     0070                     ??_TMR1_10msEven:	
  3356                           ; 1 bytes @ 0x0
  3357                           
  3358     0070                     ?_RelayControl_Init:	
  3359                           ; 1 bytes @ 0x0
  3360                           
  3361     0070                     ?_POWER_ON_EEPROM_READ:	
  3362                           ; 1 bytes @ 0x0
  3363                           
  3364     0070                     ?_KEY_Init:	
  3365                           ; 1 bytes @ 0x0
  3366                           
  3367     0070                     ?_LCD_Init:	
  3368                           ; 1 bytes @ 0x0
  3369                           
  3370     0070                     ?_KEY_ScanAll:	
  3371                           ; 1 bytes @ 0x0
  3372                           
  3373     0070                     ?_TimeModeSelect:	
  3374                           ; 1 bytes @ 0x0
  3375                           
  3376     0070                     ?_Normal:	
  3377                           ; 1 bytes @ 0x0
  3378                           
  3379     0070                     ?_FunctionSet:	
  3380                           ; 1 bytes @ 0x0
  3381                           
  3382     0070                     ?_TimeAdjustment:	
  3383                           ; 1 bytes @ 0x0
  3384                           
  3385     0070                     ?_KeepTimerCounter:	
  3386                           ; 1 bytes @ 0x0
  3387                           
  3388     0070                     ??_KeepTimerCounter:	
  3389                           ; 1 bytes @ 0x0
  3390                           
  3391     0070                     ?_eeprom_read:	
  3392                           ; 1 bytes @ 0x0
  3393                           
  3394     0070                     ?_putch:	
  3395                           ; 1 bytes @ 0x0
  3396                           
  3397     0070                     ?_I2C_Initialize:	
  3398                           ; 1 bytes @ 0x0
  3399                           
  3400     0070                     ?_I2C_MasterOperation:	
  3401                           ; 1 bytes @ 0x0
  3402                           
  3403     0070                     ?_PIN_MANAGER_Initialize:	
  3404                           ; 1 bytes @ 0x0
  3405                           
  3406     0070                     ?_SYSTEM_Initialize:	
  3407                           ; 1 bytes @ 0x0
  3408                           
  3409     0070                     ?_TMR1_WriteTimer:	
  3410                           ; 1 bytes @ 0x0
  3411                           
  3412     0070                     ?_TMR1_ISR:	
  3413                           ; 1 bytes @ 0x0
  3414                           
  3415     0070                     ?_INTERRUPT_InterruptManager:	
  3416                           ; 1 bytes @ 0x0
  3417                           
  3418     0070                     ?_LCD_Command:	
  3419                           ; 1 bytes @ 0x0
  3420                           
  3421     0070                     ?_LCD_Data:	
  3422                           ; 1 bytes @ 0x0
  3423                           
  3424     0070                     ?_main:	
  3425                           ; 1 bytes @ 0x0
  3426                           
  3427     0070                     putch@c:	
  3428                           ; 2 bytes @ 0x0
  3429                           
  3430     0070                     TMR1_WriteTimer@timerVal:	
  3431                           ; 1 bytes @ 0x0
  3432                           
  3433                           
  3434                           ; 2 bytes @ 0x0
  3435     0070                     	ds	1
  3436     0071                     ??_TMR0_ISR:
  3437     0071                     ??_TMR0_CallBack:	
  3438                           ; 1 bytes @ 0x1
  3439                           
  3440                           
  3441                           ; 1 bytes @ 0x1
  3442     0071                     	ds	1
  3443     0072                     ??_I2C_Open:
  3444     0072                     ?_I2C_SetBuffer:	
  3445                           ; 1 bytes @ 0x2
  3446                           
  3447     0072                     ??_I2C_Close:	
  3448                           ; 1 bytes @ 0x2
  3449                           
  3450     0072                     ??_I2C_DO_IDLE:	
  3451                           ; 1 bytes @ 0x2
  3452                           
  3453     0072                     ??_I2C_DO_SEND_ADR_READ:	
  3454                           ; 1 bytes @ 0x2
  3455                           
  3456     0072                     ??_I2C_DO_RCEN:	
  3457                           ; 1 bytes @ 0x2
  3458                           
  3459     0072                     ??_I2C_DO_SEND_RESTART_READ:	
  3460                           ; 1 bytes @ 0x2
  3461                           
  3462     0072                     ??_I2C_DO_SEND_RESTART_WRITE:	
  3463                           ; 1 bytes @ 0x2
  3464                           
  3465     0072                     ??_I2C_DO_SEND_RESTART:	
  3466                           ; 1 bytes @ 0x2
  3467                           
  3468     0072                     ??_I2C_DO_SEND_STOP:	
  3469                           ; 1 bytes @ 0x2
  3470                           
  3471     0072                     ??_I2C_DO_RX_ACK:	
  3472                           ; 1 bytes @ 0x2
  3473                           
  3474     0072                     ??_I2C_DO_RX_NACK_STOP:	
  3475                           ; 1 bytes @ 0x2
  3476                           
  3477     0072                     ??_I2C_DO_RX_NACK_RESTART:	
  3478                           ; 1 bytes @ 0x2
  3479                           
  3480     0072                     ??_I2C_DO_RESET:	
  3481                           ; 1 bytes @ 0x2
  3482                           
  3483     0072                     ??_I2C_MasterClearIrq:	
  3484                           ; 1 bytes @ 0x2
  3485                           
  3486     0072                     ??_I2C_MasterOpen:	
  3487                           ; 1 bytes @ 0x2
  3488                           
  3489     0072                     ??_I2C_MasterDisableIrq:	
  3490                           ; 1 bytes @ 0x2
  3491                           
  3492     0072                     ??_I2C_MasterClose:	
  3493                           ; 1 bytes @ 0x2
  3494                           
  3495     0072                     ??_I2C_MasterStart:	
  3496                           ; 1 bytes @ 0x2
  3497                           
  3498     0072                     ?_I2C_SetCallback:	
  3499                           ; 1 bytes @ 0x2
  3500                           
  3501     0072                     ??_I2C_MasterWaitForEvent:	
  3502                           ; 1 bytes @ 0x2
  3503                           
  3504     0072                     ??_I2C_MasterIsNack:	
  3505                           ; 1 bytes @ 0x2
  3506                           
  3507     0072                     ??_I2C_MasterSendTxData:	
  3508                           ; 1 bytes @ 0x2
  3509                           
  3510     0072                     ??_I2C_MasterGetRxData:	
  3511                           ; 1 bytes @ 0x2
  3512                           
  3513     0072                     ??_I2C_MasterSendAck:	
  3514                           ; 1 bytes @ 0x2
  3515                           
  3516     0072                     ??_I2C_MasterStartRx:	
  3517                           ; 1 bytes @ 0x2
  3518                           
  3519     0072                     ??_I2C_MasterSetIrq:	
  3520                           ; 1 bytes @ 0x2
  3521                           
  3522     0072                     ??_I2C_MasterEnableRestart:	
  3523                           ; 1 bytes @ 0x2
  3524                           
  3525     0072                     ??_I2C_MasterStop:	
  3526                           ; 1 bytes @ 0x2
  3527                           
  3528     0072                     ??_I2C_MasterSendNack:	
  3529                           ; 1 bytes @ 0x2
  3530                           
  3531     0072                     ??_OSCILLATOR_Initialize:	
  3532                           ; 1 bytes @ 0x2
  3533                           
  3534     0072                     ??_WDT_Initialize:	
  3535                           ; 1 bytes @ 0x2
  3536                           
  3537     0072                     ??_TMR1_Initialize:	
  3538                           ; 1 bytes @ 0x2
  3539                           
  3540     0072                     ??_TMR0_Initialize:	
  3541                           ; 1 bytes @ 0x2
  3542                           
  3543     0072                     ??_TimeModeSelect:	
  3544                           ; 1 bytes @ 0x2
  3545                           
  3546     0072                     ?_strncpy:	
  3547                           ; 1 bytes @ 0x2
  3548                           
  3549     0072                     ?_eeprom_write:	
  3550                           ; 1 bytes @ 0x2
  3551                           
  3552     0072                     ??_eeprom_read:	
  3553                           ; 1 bytes @ 0x2
  3554                           
  3555     0072                     ??_putch:	
  3556                           ; 1 bytes @ 0x2
  3557                           
  3558     0072                     ??_I2C_Initialize:	
  3559                           ; 1 bytes @ 0x2
  3560                           
  3561     0072                     ??_PIN_MANAGER_Initialize:	
  3562                           ; 1 bytes @ 0x2
  3563                           
  3564     0072                     ??_SYSTEM_Initialize:	
  3565                           ; 1 bytes @ 0x2
  3566                           
  3567     0072                     ??_TMR1_WriteTimer:	
  3568                           ; 1 bytes @ 0x2
  3569                           
  3570     0072                     ??_TMR1_ISR:	
  3571                           ; 1 bytes @ 0x2
  3572                           
  3573     0072                     ?_TMR1_SetInterruptHandler:	
  3574                           ; 1 bytes @ 0x2
  3575                           
  3576     0072                     ??_INTERRUPT_InterruptManager:	
  3577                           ; 1 bytes @ 0x2
  3578                           
  3579     0072                     ?_TMR0_SetInterruptHandler:	
  3580                           ; 1 bytes @ 0x2
  3581                           
  3582     0072                     ?___bmul:	
  3583                           ; 1 bytes @ 0x2
  3584                           
  3585     0072                     ?_fputc:	
  3586                           ; 1 bytes @ 0x2
  3587                           
  3588     0072                     ?___wmul:	
  3589                           ; 2 bytes @ 0x2
  3590                           
  3591     0072                     ?___awdiv:	
  3592                           ; 2 bytes @ 0x2
  3593                           
  3594     0072                     ?___awmod:	
  3595                           ; 2 bytes @ 0x2
  3596                           
  3597     0072                     ?___lwdiv:	
  3598                           ; 2 bytes @ 0x2
  3599                           
  3600     0072                     ?___lwmod:	
  3601                           ; 2 bytes @ 0x2
  3602                           
  3603     0072                     I2C_Open@address:	
  3604                           ; 2 bytes @ 0x2
  3605                           
  3606     0072                     I2C_Close@returnValue:	
  3607                           ; 1 bytes @ 0x2
  3608                           
  3609     0072                     I2C_MasterSendTxData@data:	
  3610                           ; 1 bytes @ 0x2
  3611                           
  3612     0072                     eeprom_write@value:	
  3613                           ; 1 bytes @ 0x2
  3614                           
  3615     0072                     ___bmul@multiplicand:	
  3616                           ; 1 bytes @ 0x2
  3617                           
  3618     0072                     I2C_SetBuffer@bufferSize:	
  3619                           ; 1 bytes @ 0x2
  3620                           
  3621     0072                     I2C_SetCallback@cb:	
  3622                           ; 2 bytes @ 0x2
  3623                           
  3624     0072                     TMR1_SetInterruptHandler@InterruptHandler:	
  3625                           ; 2 bytes @ 0x2
  3626                           
  3627     0072                     TMR0_SetInterruptHandler@InterruptHandler:	
  3628                           ; 2 bytes @ 0x2
  3629                           
  3630     0072                     ___wmul@multiplier:	
  3631                           ; 2 bytes @ 0x2
  3632                           
  3633     0072                     ___awdiv@divisor:	
  3634                           ; 2 bytes @ 0x2
  3635                           
  3636     0072                     ___awmod@divisor:	
  3637                           ; 2 bytes @ 0x2
  3638                           
  3639     0072                     ___lwdiv@divisor:	
  3640                           ; 2 bytes @ 0x2
  3641                           
  3642     0072                     ___lwmod@divisor:	
  3643                           ; 2 bytes @ 0x2
  3644                           
  3645     0072                     fputc@c:	
  3646                           ; 2 bytes @ 0x2
  3647                           
  3648     0072                     strncpy@s:	
  3649                           ; 2 bytes @ 0x2
  3650                           
  3651                           
  3652                           ; 2 bytes @ 0x2
  3653     0072                     	ds	1
  3654     0073                     ??_I2C_DO_SEND_ADR_WRITE:
  3655     0073                     ??_eeprom_write:	
  3656                           ; 1 bytes @ 0x3
  3657                           
  3658     0073                     ??___bmul:	
  3659                           ; 1 bytes @ 0x3
  3660                           
  3661     0073                     I2C_Open@returnValue:	
  3662                           ; 1 bytes @ 0x3
  3663                           
  3664                           
  3665                           ; 1 bytes @ 0x3
  3666     0073                     	ds	1
  3667     0074                     ??_I2C_SetBuffer:
  3668     0074                     ??_TMR1_SetInterruptHandler:	
  3669                           ; 1 bytes @ 0x4
  3670                           
  3671     0074                     ??_TMR0_SetInterruptHandler:	
  3672                           ; 1 bytes @ 0x4
  3673                           
  3674     0074                     I2C_SetBuffer@buffer:	
  3675                           ; 1 bytes @ 0x4
  3676                           
  3677     0074                     I2C_SetCallback@ptr:	
  3678                           ; 1 bytes @ 0x4
  3679                           
  3680     0074                     ___bmul@product:	
  3681                           ; 1 bytes @ 0x4
  3682                           
  3683     0074                     fputc@fp:	
  3684                           ; 1 bytes @ 0x4
  3685                           
  3686     0074                     ___wmul@multiplicand:	
  3687                           ; 1 bytes @ 0x4
  3688                           
  3689     0074                     ___awdiv@dividend:	
  3690                           ; 2 bytes @ 0x4
  3691                           
  3692     0074                     ___awmod@dividend:	
  3693                           ; 2 bytes @ 0x4
  3694                           
  3695     0074                     ___lwdiv@dividend:	
  3696                           ; 2 bytes @ 0x4
  3697                           
  3698     0074                     ___lwmod@dividend:	
  3699                           ; 2 bytes @ 0x4
  3700                           
  3701     0074                     strncpy@n:	
  3702                           ; 2 bytes @ 0x4
  3703                           
  3704                           
  3705                           ; 2 bytes @ 0x4
  3706     0074                     	ds	1
  3707     0075                     ??_I2C_SetCallback:
  3708     0075                     ??_fputc:	
  3709                           ; 1 bytes @ 0x5
  3710                           
  3711     0075                     I2C_SetCallback@idx:	
  3712                           ; 1 bytes @ 0x5
  3713                           
  3714     0075                     eeprom_read@addr:	
  3715                           ; 1 bytes @ 0x5
  3716                           
  3717     0075                     eeprom_write@addr:	
  3718                           ; 1 bytes @ 0x5
  3719                           
  3720     0075                     ___bmul@multiplier:	
  3721                           ; 1 bytes @ 0x5
  3722                           
  3723                           
  3724                           ; 1 bytes @ 0x5
  3725     0075                     	ds	1
  3726     0076                     ?_I2C_SetDataCompleteCallback:
  3727     0076                     ?_I2C_SetAddressNackCallback:	
  3728                           ; 1 bytes @ 0x6
  3729                           
  3730     0076                     ??_KEY_Init:	
  3731                           ; 1 bytes @ 0x6
  3732                           
  3733     0076                     ??_KEY_ScanAll:	
  3734                           ; 1 bytes @ 0x6
  3735                           
  3736     0076                     ??_strncpy:	
  3737                           ; 1 bytes @ 0x6
  3738                           
  3739     0076                     ?_EEPROM_WriteWord:	
  3740                           ; 1 bytes @ 0x6
  3741                           
  3742     0076                     ??___wmul:	
  3743                           ; 1 bytes @ 0x6
  3744                           
  3745     0076                     ??___awdiv:	
  3746                           ; 1 bytes @ 0x6
  3747                           
  3748     0076                     ??___awmod:	
  3749                           ; 1 bytes @ 0x6
  3750                           
  3751     0076                     ??___lwdiv:	
  3752                           ; 1 bytes @ 0x6
  3753                           
  3754     0076                     ??___lwmod:	
  3755                           ; 1 bytes @ 0x6
  3756                           
  3757     0076                     ?_EEPROM_ReadWord:	
  3758                           ; 1 bytes @ 0x6
  3759                           
  3760     0076                     I2C_SetDataCompleteCallback@cb:	
  3761                           ; 2 bytes @ 0x6
  3762                           
  3763     0076                     I2C_SetAddressNackCallback@cb:	
  3764                           ; 2 bytes @ 0x6
  3765                           
  3766     0076                     EEPROM_WriteWord@value:	
  3767                           ; 2 bytes @ 0x6
  3768                           
  3769     0076                     ___wmul@product:	
  3770                           ; 2 bytes @ 0x6
  3771                           
  3772                           
  3773                           ; 2 bytes @ 0x6
  3774     0076                     	ds	1
  3775     0077                     KEY_Init@i:
  3776     0077                     ___awmod@counter:	
  3777                           ; 1 bytes @ 0x7
  3778                           
  3779     0077                     ___lwdiv@counter:	
  3780                           ; 1 bytes @ 0x7
  3781                           
  3782     0077                     ___lwmod@counter:	
  3783                           ; 1 bytes @ 0x7
  3784                           
  3785                           
  3786                           ; 1 bytes @ 0x7
  3787     0077                     	ds	1
  3788     0078                     ??_POWER_ON_EEPROM_READ:
  3789     0078                     ??_EEPROM_WriteWord:	
  3790                           ; 1 bytes @ 0x8
  3791                           
  3792     0078                     ?_Digital2Number:	
  3793                           ; 1 bytes @ 0x8
  3794                           
  3795     0078                     I2C_SetDataCompleteCallback@ptr:	
  3796                           ; 1 bytes @ 0x8
  3797                           
  3798     0078                     KEY_ScanAll@ii:	
  3799                           ; 1 bytes @ 0x8
  3800                           
  3801     0078                     Digital2Number@digital:	
  3802                           ; 1 bytes @ 0x8
  3803                           
  3804     0078                     ___awmod@sign:	
  3805                           ; 1 bytes @ 0x8
  3806                           
  3807     0078                     strncpy@cp:	
  3808                           ; 1 bytes @ 0x8
  3809                           
  3810     0078                     I2C_SetAddressNackCallback@ptr:	
  3811                           ; 1 bytes @ 0x8
  3812                           
  3813     0078                     ___lwdiv@quotient:	
  3814                           ; 2 bytes @ 0x8
  3815                           
  3816                           
  3817                           ; 2 bytes @ 0x8
  3818     0078                     	ds	1
  3819     0079                     ??_I2C_SetDataCompleteCallback:
  3820     0079                     ?_wr1RegCompleteHandler:	
  3821                           ; 1 bytes @ 0x9
  3822                           
  3823     0079                     ?_I2C_CallbackReturnStop:	
  3824                           ; 1 bytes @ 0x9
  3825                           
  3826     0079                     ?_I2C_CallbackReturnReset:	
  3827                           ; 1 bytes @ 0x9
  3828                           
  3829     0079                     wr1RegCompleteHandler@ptr:	
  3830                           ; 1 bytes @ 0x9
  3831                           
  3832     0079                     I2C_CallbackReturnStop@funPtr:	
  3833                           ; 1 bytes @ 0x9
  3834                           
  3835     0079                     I2C_CallbackReturnReset@funPtr:	
  3836                           ; 1 bytes @ 0x9
  3837                           
  3838     0079                     KEY_ScanAll@k:	
  3839                           ; 1 bytes @ 0x9
  3840                           
  3841     0079                     EEPROM_WriteWord@address:	
  3842                           ; 1 bytes @ 0x9
  3843                           
  3844     0079                     strncpy@d:	
  3845                           ; 1 bytes @ 0x9
  3846                           
  3847                           
  3848                           ; 1 bytes @ 0x9
  3849     0079                     	ds	1
  3850     007A                     ??_wr1RegCompleteHandler:
  3851     007A                     ??_I2C_SetAddressNackCallback:	
  3852                           ; 1 bytes @ 0xA
  3853                           
  3854     007A                     ??_I2C_MasterWrite:	
  3855                           ; 1 bytes @ 0xA
  3856                           
  3857     007A                     ??_I2C_CallbackReturnStop:	
  3858                           ; 1 bytes @ 0xA
  3859                           
  3860     007A                     ??_I2C_CallbackReturnReset:	
  3861                           ; 1 bytes @ 0xA
  3862                           
  3863     007A                     ??_I2C_Poller:	
  3864                           ; 1 bytes @ 0xA
  3865                           
  3866     007A                     ??_RelayControl_Init:	
  3867                           ; 1 bytes @ 0xA
  3868                           
  3869     007A                     ??_LCD_SetCursor:	
  3870                           ; 1 bytes @ 0xA
  3871                           
  3872     007A                     ??_DispFunctionSet:	
  3873                           ; 1 bytes @ 0xA
  3874                           
  3875     007A                     ??_Normal:	
  3876                           ; 1 bytes @ 0xA
  3877                           
  3878     007A                     ??_I2C_Write1ByteRegister:	
  3879                           ; 1 bytes @ 0xA
  3880                           
  3881     007A                     ??_I2C_MasterOperation:	
  3882                           ; 1 bytes @ 0xA
  3883                           
  3884     007A                     ??_Number2Digital:	
  3885                           ; 1 bytes @ 0xA
  3886                           
  3887                           
  3888                           	psect	cstackBANK0
  3889     0020                     __pcstackBANK0:	
  3890                           ; 1 bytes @ 0xA
  3891                           
  3892     0020                     ??_I2C_DO_TX:
  3893     0020                     ??_I2C_DO_RX:	
  3894                           ; 1 bytes @ 0x0
  3895                           
  3896     0020                     ??_I2C_DO_TX_EMPTY:	
  3897                           ; 1 bytes @ 0x0
  3898                           
  3899     0020                     ??_I2C_DO_ADDRESS_NACK:	
  3900                           ; 1 bytes @ 0x0
  3901                           
  3902     0020                     ??_EEPROM_ReadWord:	
  3903                           ; 1 bytes @ 0x0
  3904                           
  3905     0020                     ?_Number2Digital:	
  3906                           ; 1 bytes @ 0x0
  3907                           
  3908     0020                     ??_Digital2Number:	
  3909                           ; 1 bytes @ 0x0
  3910                           
  3911     0020                     ?_abs:	
  3912                           ; 1 bytes @ 0x0
  3913                           
  3914     0020                     ___awdiv@counter:	
  3915                           ; 2 bytes @ 0x0
  3916                           
  3917     0020                     Number2Digital@Num:	
  3918                           ; 1 bytes @ 0x0
  3919                           
  3920     0020                     abs@a:	
  3921                           ; 2 bytes @ 0x0
  3922                           
  3923                           
  3924                           ; 2 bytes @ 0x0
  3925     0020                     	ds	1
  3926     0021                     ___awdiv@sign:
  3927                           
  3928                           ; 1 bytes @ 0x1
  3929     0021                     	ds	1
  3930     0022                     ??_I2C_MasterFsm:
  3931     0022                     ??_abs:	
  3932                           ; 1 bytes @ 0x2
  3933                           
  3934     0022                     Number2Digital@digiNum:	
  3935                           ; 1 bytes @ 0x2
  3936                           
  3937     0022                     ___awdiv@quotient:	
  3938                           ; 1 bytes @ 0x2
  3939                           
  3940                           
  3941                           ; 2 bytes @ 0x2
  3942     0022                     	ds	1
  3943     0023                     Number2Digital@temp:
  3944                           
  3945                           ; 2 bytes @ 0x3
  3946     0023                     	ds	1
  3947     0024                     ?_vfpfcnvrt:
  3948     0024                     I2C_MasterOperation@read:	
  3949                           ; 1 bytes @ 0x4
  3950                           
  3951     0024                     vfpfcnvrt@fmt:	
  3952                           ; 1 bytes @ 0x4
  3953                           
  3954                           
  3955                           ; 1 bytes @ 0x4
  3956     0024                     	ds	1
  3957     0025                     ??_FunctionSet:
  3958     0025                     I2C_MasterOperation@returnValue:	
  3959                           ; 1 bytes @ 0x5
  3960                           
  3961     0025                     EEPROM_ReadWord@low:	
  3962                           ; 1 bytes @ 0x5
  3963                           
  3964     0025                     vfpfcnvrt@ap:	
  3965                           ; 1 bytes @ 0x5
  3966                           
  3967                           
  3968                           ; 1 bytes @ 0x5
  3969     0025                     	ds	1
  3970     0026                     ?_I2C_Write1ByteRegister:
  3971     0026                     ??_vfpfcnvrt:	
  3972                           ; 1 bytes @ 0x6
  3973                           
  3974     0026                     I2C_Write1ByteRegister@reg:	
  3975                           ; 1 bytes @ 0x6
  3976                           
  3977     0026                     EEPROM_ReadWord@high:	
  3978                           ; 1 bytes @ 0x6
  3979                           
  3980                           
  3981                           ; 1 bytes @ 0x6
  3982     0026                     	ds	1
  3983     0027                     I2C_Write1ByteRegister@data:
  3984     0027                     EEPROM_ReadWord@address:	
  3985                           ; 1 bytes @ 0x7
  3986                           
  3987                           
  3988                           ; 1 bytes @ 0x7
  3989     0027                     	ds	1
  3990     0028                     I2C_Write1ByteRegister@address:
  3991     0028                     Digital2Number@temp1:	
  3992                           ; 1 bytes @ 0x8
  3993                           
  3994                           
  3995                           ; 2 bytes @ 0x8
  3996     0028                     	ds	1
  3997     0029                     ?_PCF8574_LCD_SendNibble:
  3998     0029                     PCF8574_LCD_SendNibble@rs:	
  3999                           ; 1 bytes @ 0x9
  4000                           
  4001                           
  4002                           ; 1 bytes @ 0x9
  4003     0029                     	ds	1
  4004     002A                     ??_PCF8574_LCD_SendNibble:
  4005     002A                     vfpfcnvrt@cp_1944:	
  4006                           ; 1 bytes @ 0xA
  4007                           
  4008     002A                     Digital2Number@temp2:	
  4009                           ; 1 bytes @ 0xA
  4010                           
  4011                           
  4012                           ; 2 bytes @ 0xA
  4013     002A                     	ds	1
  4014     002B                     PCF8574_LCD_SendNibble@nibble:
  4015     002B                     vfpfcnvrt@cp:	
  4016                           ; 1 bytes @ 0xB
  4017                           
  4018                           
  4019                           ; 2 bytes @ 0xB
  4020     002B                     	ds	1
  4021     002C                     PCF8574_LCD_SendNibble@data:
  4022     002C                     Digital2Number@temp3:	
  4023                           ; 1 bytes @ 0xC
  4024                           
  4025                           
  4026                           ; 2 bytes @ 0xC
  4027     002C                     	ds	1
  4028     002D                     ?_LCD_Print:
  4029     002D                     ??_LCD_Command:	
  4030                           ; 1 bytes @ 0xD
  4031                           
  4032     002D                     ??_LCD_Data:	
  4033                           ; 1 bytes @ 0xD
  4034                           
  4035     002D                     vfpfcnvrt@done:	
  4036                           ; 1 bytes @ 0xD
  4037                           
  4038                           
  4039                           ; 1 bytes @ 0xD
  4040     002D                     	ds	1
  4041     002E                     LCD_Command@cmd:
  4042     002E                     LCD_Data@data:	
  4043                           ; 1 bytes @ 0xE
  4044                           
  4045     002E                     vfpfcnvrt@fp:	
  4046                           ; 1 bytes @ 0xE
  4047                           
  4048     002E                     Digital2Number@temp4:	
  4049                           ; 1 bytes @ 0xE
  4050                           
  4051                           
  4052                           ; 2 bytes @ 0xE
  4053     002E                     	ds	1
  4054     002F                     ??_LCD_Init:
  4055     002F                     ?_LCD_SetCursor:	
  4056                           ; 1 bytes @ 0xF
  4057                           
  4058     002F                     ??_LCD_Print:	
  4059                           ; 1 bytes @ 0xF
  4060                           
  4061     002F                     LCD_SetCursor@row:	
  4062                           ; 1 bytes @ 0xF
  4063                           
  4064     002F                     vfpfcnvrt@convarg:	
  4065                           ; 1 bytes @ 0xF
  4066                           
  4067                           
  4068                           ; 4 bytes @ 0xF
  4069     002F                     	ds	1
  4070     0030                     LCD_Print@str:
  4071     0030                     Digital2Number@Num:	
  4072                           ; 1 bytes @ 0x10
  4073                           
  4074     0030                     LCD_SetCursor@row_offsets:	
  4075                           ; 1 bytes @ 0x10
  4076                           
  4077                           
  4078                           ; 4 bytes @ 0x10
  4079     0030                     	ds	1
  4080     0031                     ??_TimeAdjustment:
  4081                           
  4082                           ; 1 bytes @ 0x11
  4083     0031                     	ds	1
  4084     0032                     TimeAdjustment@DigPtr:
  4085                           
  4086                           ; 1 bytes @ 0x12
  4087     0032                     	ds	1
  4088     0033                     vfpfcnvrt@c:
  4089                           
  4090                           ; 1 bytes @ 0x13
  4091     0033                     	ds	1
  4092     0034                     ?_vfprintf:
  4093     0034                     LCD_SetCursor@col:	
  4094                           ; 2 bytes @ 0x14
  4095                           
  4096     0034                     vfprintf@fmt:	
  4097                           ; 1 bytes @ 0x14
  4098                           
  4099                           
  4100                           ; 2 bytes @ 0x14
  4101     0034                     	ds	2
  4102     0036                     vfprintf@ap:
  4103                           
  4104                           ; 1 bytes @ 0x16
  4105     0036                     	ds	1
  4106     0037                     ??_vfprintf:
  4107                           
  4108                           ; 1 bytes @ 0x17
  4109     0037                     	ds	1
  4110     0038                     vfprintf@fp:
  4111                           
  4112                           ; 1 bytes @ 0x18
  4113     0038                     	ds	1
  4114     0039                     vfprintf@cfmt:
  4115                           
  4116                           ; 2 bytes @ 0x19
  4117     0039                     	ds	2
  4118     003B                     ?_sprintf:
  4119     003B                     sprintf@fmt:	
  4120                           ; 2 bytes @ 0x1B
  4121                           
  4122                           
  4123                           ; 2 bytes @ 0x1B
  4124     003B                     	ds	13
  4125     0048                     ??_sprintf:
  4126                           
  4127                           ; 1 bytes @ 0x28
  4128     0048                     	ds	1
  4129     0049                     sprintf@ap:
  4130                           
  4131                           ; 1 bytes @ 0x29
  4132     0049                     	ds	1
  4133     004A                     sprintf@f:
  4134                           
  4135                           ; 11 bytes @ 0x2A
  4136     004A                     	ds	11
  4137     0055                     sprintf@s:
  4138                           
  4139                           ; 1 bytes @ 0x35
  4140     0055                     	ds	1
  4141     0056                     ?_DispNormal:
  4142     0056                     ?_DispFunctionSet:	
  4143                           ; 1 bytes @ 0x36
  4144                           
  4145     0056                     ?_DispTimeAdjustment:	
  4146                           ; 1 bytes @ 0x36
  4147                           
  4148     0056                     DispNormal@n:	
  4149                           ; 1 bytes @ 0x36
  4150                           
  4151     0056                     DispFunctionSet@n:	
  4152                           ; 1 bytes @ 0x36
  4153                           
  4154     0056                     DispTimeAdjustment@n:	
  4155                           ; 1 bytes @ 0x36
  4156                           
  4157                           
  4158                           ; 1 bytes @ 0x36
  4159     0056                     	ds	1
  4160     0057                     DispNormal@Num:
  4161     0057                     DispFunctionSet@Num:	
  4162                           ; 2 bytes @ 0x37
  4163                           
  4164     0057                     DispTimeAdjustment@Num:	
  4165                           ; 2 bytes @ 0x37
  4166                           
  4167                           
  4168                           ; 2 bytes @ 0x37
  4169     0057                     	ds	2
  4170     0059                     DispNormal@buf:
  4171     0059                     DispFunctionSet@buf:	
  4172                           ; 1 bytes @ 0x39
  4173                           
  4174     0059                     DispTimeAdjustment@buf:	
  4175                           ; 1 bytes @ 0x39
  4176                           
  4177                           
  4178                           ; 1 bytes @ 0x39
  4179     0059                     	ds	1
  4180     005A                     ??_DispNormal:
  4181     005A                     ??_DispTimeAdjustment:	
  4182                           ; 1 bytes @ 0x3A
  4183                           
  4184     005A                     DispFunctionSet@mode:	
  4185                           ; 1 bytes @ 0x3A
  4186                           
  4187                           
  4188                           ; 1 bytes @ 0x3A
  4189     005A                     	ds	10
  4190     0064                     DispNormal@mode:
  4191     0064                     DispTimeAdjustment@mode:	
  4192                           ; 1 bytes @ 0x44
  4193                           
  4194                           
  4195                           ; 1 bytes @ 0x44
  4196     0064                     	ds	1
  4197     0065                     DispNormal@temp_str:
  4198     0065                     DispTimeAdjustment@temp_str:	
  4199                           ; 3 bytes @ 0x45
  4200                           
  4201                           
  4202                           ; 3 bytes @ 0x45
  4203     0065                     	ds	3
  4204     0068                     DispNormal@digital:
  4205     0068                     DispTimeAdjustment@digital:	
  4206                           ; 4 bytes @ 0x48
  4207                           
  4208                           
  4209                           ; 4 bytes @ 0x48
  4210     0068                     	ds	4
  4211                           
  4212                           	psect	maintext
  4213     0062                     __pmaintext:	
  4214 ;;
  4215 ;;Main: autosize = 0, tempsize = 2, incstack = 0, save=0
  4216 ;;
  4217 ;; *************** function _main *****************
  4218 ;; Defined at:
  4219 ;;		line 94 in file "main.c"
  4220 ;; Parameters:    Size  Location     Type
  4221 ;;		None
  4222 ;; Auto vars:     Size  Location     Type
  4223 ;;		None
  4224 ;; Return value:  Size  Location     Type
  4225 ;;                  2  557[None  ] int 
  4226 ;; Registers used:
  4227 ;;		wreg, fsr0l, fsr0h, fsr1l, fsr1h, status,2, status,0, pclath, cstack
  4228 ;; Tracked objects:
  4229 ;;		On entry : B1F/0
  4230 ;;		On exit  : 0/0
  4231 ;;		Unchanged: 0/0
  4232 ;; Data sizes:     COMMON   BANK0   BANK1   BANK2   BANK3   BANK4   BANK5   BANK6
  4233 ;;      Params:         0       0       0       0       0       0       0       0
  4234 ;;      Locals:         0       0       0       0       0       0       0       0
  4235 ;;      Temps:          0       0       2       0       0       0       0       0
  4236 ;;      Totals:         0       0       2       0       0       0       0       0
  4237 ;;Total ram usage:        2 bytes
  4238 ;; Hardware stack levels required when called: 16
  4239 ;; This function calls:
  4240 ;;		_DispFunctionSet
  4241 ;;		_DispNormal
  4242 ;;		_DispTimeAdjustment
  4243 ;;		_FunctionSet
  4244 ;;		_KEY_Init
  4245 ;;		_KEY_ScanAll
  4246 ;;		_LCD_Init
  4247 ;;		_LCD_Print
  4248 ;;		_LCD_SetCursor
  4249 ;;		_Normal
  4250 ;;		_POWER_ON_EEPROM_READ
  4251 ;;		_RelayControl_Init
  4252 ;;		_SYSTEM_Initialize
  4253 ;;		_TMR0_SetInterruptHandler
  4254 ;;		_TMR1_SetInterruptHandler
  4255 ;;		_TimeAdjustment
  4256 ;;		_TimeModeSelect
  4257 ;;		_sprintf
  4258 ;; This function is called by:
  4259 ;;		Startup code after reset
  4260 ;; This function uses a non-reentrant model
  4261 ;;
  4262                           
  4263     0062                     _main:	
  4264                           ;psect for function _main
  4265                           
  4266     0062                     l5637:	
  4267                           ;incstack = 0
  4268                           ; Regs used in _main: [wreg-fsr1h+status,2+status,0+pclath+cstack]
  4269                           
  4270                           
  4271                           ;main.c: 96:   SYSTEM_Initialize();
  4272     0062  3196  26C9  3180   	fcall	_SYSTEM_Initialize
  4273                           
  4274                           ;main.c: 97:   TMR0_SetInterruptHandler(TMR0_10msEven);
  4275     0065  30DC               	movlw	low _TMR0_10msEven
  4276     0066  00F2               	movwf	TMR0_SetInterruptHandler@InterruptHandler
  4277     0067  3016               	movlw	high _TMR0_10msEven
  4278     0068  00F3               	movwf	TMR0_SetInterruptHandler@InterruptHandler+1
  4279     0069  3195  25F3  3180   	fcall	_TMR0_SetInterruptHandler
  4280                           
  4281                           ;main.c: 98:   TMR1_SetInterruptHandler(TMR1_10msEven);
  4282     006C  303F               	movlw	low _TMR1_10msEven
  4283     006D  00F2               	movwf	TMR1_SetInterruptHandler@InterruptHandler
  4284     006E  300E               	movlw	high _TMR1_10msEven
  4285     006F  00F3               	movwf	TMR1_SetInterruptHandler@InterruptHandler+1
  4286     0070  3195  25F9  3180   	fcall	_TMR1_SetInterruptHandler
  4287     0073                     l5639:
  4288                           
  4289                           ;main.c: 101:   (INTCONbits.GIE = 1);
  4290     0073  178B               	bsf	11,7	;volatile
  4291     0074                     l5641:
  4292                           
  4293                           ;main.c: 104:   (INTCONbits.PEIE = 1);
  4294     0074  170B               	bsf	11,6	;volatile
  4295     0075                     l5643:
  4296                           
  4297                           ;main.c: 106:   RelayControl_Init();
  4298     0075  3197  27AC  3180   	fcall	_RelayControl_Init
  4299     0078                     l5645:
  4300                           
  4301                           ;main.c: 107:   POWER_ON_EEPROM_READ();
  4302     0078  3197  2779  3180   	fcall	_POWER_ON_EEPROM_READ
  4303     007B                     l5647:
  4304                           
  4305                           ;main.c: 108:   KEY_Init();
  4306     007B  318C  24C1  3180   	fcall	_KEY_Init
  4307     007E                     l5649:
  4308                           
  4309                           ;main.c: 109:   LCD_Init();
  4310     007E  318D  25DD  3180   	fcall	_LCD_Init
  4311     0081                     l5651:
  4312                           
  4313                           ;main.c: 112:   LCD_SetCursor(0, 0);
  4314     0081  0020               	movlb	0	; select bank0
  4315     0082  01AF               	clrf	LCD_SetCursor@row
  4316     0083  3000               	movlw	0
  4317     0084  3197  27E3  3180   	fcall	_LCD_SetCursor
  4318     0087                     l5653:
  4319                           
  4320                           ;main.c: 113:   sprintf(buf, "Welcome to LFA. ");
  4321     0087  307F               	movlw	low (STR_1| (0+32768))
  4322     0088  0020               	movlb	0	; select bank0
  4323     0089  00BB               	movwf	sprintf@fmt
  4324     008A  3098               	movlw	high (STR_1| (0+32768))
  4325     008B  00BC               	movwf	sprintf@fmt+1
  4326     008C  3041               	movlw	(low (_buf| (0+256)))& (0+255)
  4327     008D  3188  2010  3180   	fcall	_sprintf
  4328     0090                     l5655:
  4329                           
  4330                           ;main.c: 114:   LCD_Print(buf);
  4331     0090  3041               	movlw	(low (_buf| (0+256)))& (0+255)
  4332     0091  3197  2792  3180   	fcall	_LCD_Print
  4333     0094                     l5657:
  4334                           
  4335                           ;main.c: 116:   LCD_SetCursor(0, 1);
  4336     0094  0020               	movlb	0	; select bank0
  4337     0095  01AF               	clrf	LCD_SetCursor@row
  4338     0096  0AAF               	incf	LCD_SetCursor@row,f
  4339     0097  3000               	movlw	0
  4340     0098  3197  27E3  3180   	fcall	_LCD_SetCursor
  4341     009B                     l5659:
  4342                           
  4343                           ;main.c: 117:   sprintf(buf, "Lamp test tool. ");
  4344     009B  3090               	movlw	low (STR_2| (0+32768))
  4345     009C  0020               	movlb	0	; select bank0
  4346     009D  00BB               	movwf	sprintf@fmt
  4347     009E  3098               	movlw	high (STR_2| (0+32768))
  4348     009F  00BC               	movwf	sprintf@fmt+1
  4349     00A0  3041               	movlw	(low (_buf| (0+256)))& (0+255)
  4350     00A1  3188  2010  3180   	fcall	_sprintf
  4351     00A4                     l5661:
  4352                           
  4353                           ;main.c: 118:   LCD_Print(buf);
  4354     00A4  3041               	movlw	(low (_buf| (0+256)))& (0+255)
  4355     00A5  3197  2792  3180   	fcall	_LCD_Print
  4356     00A8                     l5663:
  4357                           
  4358                           ;main.c: 119:   _delay((unsigned long)((1500)*(32000000/4000.0)));
  4359     00A8  303D               	movlw	61
  4360     00A9  0021               	movlb	1	; select bank1
  4361     00AA  00EF               	movwf	(??_main^(0+128)+1)
  4362     00AB  30E1               	movlw	225
  4363     00AC  00EE               	movwf	??_main^(0+128)
  4364     00AD  303F               	movlw	63
  4365     00AE                     u4427:
  4366     00AE  0B89               	decfsz	9,f
  4367     00AF  28AE               	goto	u4427
  4368     00B0  0BEE               	decfsz	??_main^(0+128),f
  4369     00B1  28AE               	goto	u4427
  4370     00B2  0BEF               	decfsz	(??_main^(0+128)+1),f
  4371     00B3  28AE               	goto	u4427
  4372     00B4  3200               	nop2
  4373     00B5                     l5665:
  4374                           
  4375                           ;main.c: 121:   LCD_SetCursor(0, 0);
  4376     00B5  0020               	movlb	0	; select bank0
  4377     00B6  01AF               	clrf	LCD_SetCursor@row
  4378     00B7  3000               	movlw	0
  4379     00B8  3197  27E3  3180   	fcall	_LCD_SetCursor
  4380     00BB                     l5667:
  4381                           
  4382                           ;main.c: 122:   sprintf(buf, "Edit:EE Yiming  ");
  4383     00BB  306E               	movlw	low (STR_3| (0+32768))
  4384     00BC  0020               	movlb	0	; select bank0
  4385     00BD  00BB               	movwf	sprintf@fmt
  4386     00BE  3098               	movlw	high (STR_3| (0+32768))
  4387     00BF  00BC               	movwf	sprintf@fmt+1
  4388     00C0  3041               	movlw	(low (_buf| (0+256)))& (0+255)
  4389     00C1  3188  2010  3180   	fcall	_sprintf
  4390     00C4                     l5669:
  4391                           
  4392                           ;main.c: 123:   LCD_Print(buf);
  4393     00C4  3041               	movlw	(low (_buf| (0+256)))& (0+255)
  4394     00C5  3197  2792  3180   	fcall	_LCD_Print
  4395     00C8                     l5671:
  4396                           
  4397                           ;main.c: 125:   LCD_SetCursor(0, 1);
  4398     00C8  0020               	movlb	0	; select bank0
  4399     00C9  01AF               	clrf	LCD_SetCursor@row
  4400     00CA  0AAF               	incf	LCD_SetCursor@row,f
  4401     00CB  3000               	movlw	0
  4402     00CC  3197  27E3  3180   	fcall	_LCD_SetCursor
  4403     00CF                     l5673:
  4404                           
  4405                           ;main.c: 126:   sprintf(buf, "Version: 0.60   ");
  4406     00CF  305D               	movlw	low (STR_4| (0+32768))
  4407     00D0  0020               	movlb	0	; select bank0
  4408     00D1  00BB               	movwf	sprintf@fmt
  4409     00D2  3098               	movlw	high (STR_4| (0+32768))
  4410     00D3  00BC               	movwf	sprintf@fmt+1
  4411     00D4  3041               	movlw	(low (_buf| (0+256)))& (0+255)
  4412     00D5  3188  2010  3180   	fcall	_sprintf
  4413     00D8                     l5675:
  4414                           
  4415                           ;main.c: 127:   LCD_Print(buf);
  4416     00D8  3041               	movlw	(low (_buf| (0+256)))& (0+255)
  4417     00D9  3197  2792  3180   	fcall	_LCD_Print
  4418     00DC                     l5677:
  4419                           
  4420                           ;main.c: 128:   _delay((unsigned long)((1500)*(32000000/4000.0)));
  4421     00DC  303D               	movlw	61
  4422     00DD  0021               	movlb	1	; select bank1
  4423     00DE  00EF               	movwf	(??_main^(0+128)+1)
  4424     00DF  30E1               	movlw	225
  4425     00E0  00EE               	movwf	??_main^(0+128)
  4426     00E1  303F               	movlw	63
  4427     00E2                     u4437:
  4428     00E2  0B89               	decfsz	9,f
  4429     00E3  28E2               	goto	u4437
  4430     00E4  0BEE               	decfsz	??_main^(0+128),f
  4431     00E5  28E2               	goto	u4437
  4432     00E6  0BEF               	decfsz	(??_main^(0+128)+1),f
  4433     00E7  28E2               	goto	u4437
  4434     00E8  3200               	nop2
  4435     00E9                     l5679:
  4436                           
  4437                           ;main.c: 132:     if (fT0_fT10ms) {
  4438     00E9  0021               	movlb	1	; select bank1
  4439     00EA  085C               	movf	_fT0_fT10ms^(0+128),w
  4440     00EB  1903               	btfsc	3,2
  4441     00EC  28EE               	goto	u4381
  4442     00ED  28EF               	goto	u4380
  4443     00EE                     u4381:
  4444     00EE  2917               	goto	l5693
  4445     00EF                     u4380:
  4446     00EF                     l5681:
  4447                           
  4448                           ;main.c: 133:       fT0_fT10ms = 0;
  4449     00EF  01DC               	clrf	_fT0_fT10ms^(0+128)
  4450     00F0                     l5683:
  4451                           
  4452                           ;main.c: 135:       key[0].fKeyIn = (PORTBbits.RB0 == 0);
  4453     00F0  1003               	clrc
  4454     00F1  0020               	movlb	0	; select bank0
  4455     00F2  1C0D               	btfss	13,0	;volatile
  4456     00F3  1403               	setc
  4457     00F4  3000               	movlw	0
  4458     00F5  1803               	btfsc	3,0
  4459     00F6  3001               	movlw	1
  4460     00F7  0023               	movlb	3	; select bank3
  4461     00F8  00CA               	movwf	(_key^(0+384)+10)
  4462     00F9                     l5685:
  4463                           
  4464                           ;main.c: 136:       key[1].fKeyIn = (PORTBbits.RB1 == 0);
  4465     00F9  1003               	clrc
  4466     00FA  0020               	movlb	0	; select bank0
  4467     00FB  1C8D               	btfss	13,1	;volatile
  4468     00FC  1403               	setc
  4469     00FD  3000               	movlw	0
  4470     00FE  1803               	btfsc	3,0
  4471     00FF  3001               	movlw	1
  4472     0100  0023               	movlb	3	; select bank3
  4473     0101  00D5               	movwf	(_key^(0+384)+21)
  4474     0102                     l5687:
  4475                           
  4476                           ;main.c: 137:       key[2].fKeyIn = (PORTBbits.RB2 == 0);
  4477     0102  1003               	clrc
  4478     0103  0020               	movlb	0	; select bank0
  4479     0104  1D0D               	btfss	13,2	;volatile
  4480     0105  1403               	setc
  4481     0106  3000               	movlw	0
  4482     0107  1803               	btfsc	3,0
  4483     0108  3001               	movlw	1
  4484     0109  0023               	movlb	3	; select bank3
  4485     010A  00E0               	movwf	(_key^(0+384)+32)
  4486     010B                     l5689:
  4487                           
  4488                           ;main.c: 138:       key[3].fKeyIn = (PORTBbits.RB3 == 0);
  4489     010B  1003               	clrc
  4490     010C  0020               	movlb	0	; select bank0
  4491     010D  1D8D               	btfss	13,3	;volatile
  4492     010E  1403               	setc
  4493     010F  3000               	movlw	0
  4494     0110  1803               	btfsc	3,0
  4495     0111  3001               	movlw	1
  4496     0112  0023               	movlb	3	; select bank3
  4497     0113  00EB               	movwf	(_key^(0+384)+43)
  4498     0114                     l5691:
  4499                           
  4500                           ;main.c: 139:       KEY_ScanAll();
  4501     0114  3184  24EB  3180   	fcall	_KEY_ScanAll
  4502     0117                     l5693:
  4503                           
  4504                           ;main.c: 143:     if (fT0_1second || fLCD_updata) {
  4505     0117  0021               	movlb	1	; select bank1
  4506     0118  085B               	movf	_fT0_1second^(0+128),w
  4507     0119  1D03               	btfss	3,2
  4508     011A  291C               	goto	u4391
  4509     011B  291D               	goto	u4390
  4510     011C                     u4391:
  4511     011C  2922               	goto	l5697
  4512     011D                     u4390:
  4513     011D                     l5695:
  4514     011D  0859               	movf	_fLCD_updata^(0+128),w
  4515     011E  1903               	btfsc	3,2
  4516     011F  2921               	goto	u4401
  4517     0120  2922               	goto	u4400
  4518     0121                     u4401:
  4519     0121  29F3               	goto	l5723
  4520     0122                     u4400:
  4521     0122                     l5697:
  4522                           
  4523                           ;main.c: 144:       if (fLCD_updata) {
  4524     0122  0859               	movf	_fLCD_updata^(0+128),w
  4525     0123  1903               	btfsc	3,2
  4526     0124  2926               	goto	u4411
  4527     0125  2927               	goto	u4410
  4528     0126                     u4411:
  4529     0126  292A               	goto	l5701
  4530     0127                     u4410:
  4531     0127                     l5699:
  4532                           
  4533                           ;main.c: 145:         TimeModeSelect();
  4534     0127  318A  2227  3180   	fcall	_TimeModeSelect
  4535     012A                     l5701:
  4536                           
  4537                           ;main.c: 147:       fT0_1second = 0;
  4538     012A  0021               	movlb	1	; select bank1
  4539     012B  01DB               	clrf	_fT0_1second^(0+128)
  4540     012C                     l5703:
  4541                           
  4542                           ;main.c: 148:       fLCD_updata = 0;
  4543     012C  01D9               	clrf	_fLCD_updata^(0+128)
  4544                           
  4545                           ;main.c: 154:       switch (LCD_DispMode) {
  4546     012D  29DA               	goto	l5713
  4547     012E                     l5705:
  4548                           
  4549                           ;main.c: 156:         LCD_SetCursor(0, 0);
  4550     012E  01AF               	clrf	LCD_SetCursor@row
  4551     012F  3000               	movlw	0
  4552     0130  3197  27E3  3180   	fcall	_LCD_SetCursor
  4553                           
  4554                           ;main.c: 157:         DispNormal(TimeMode, 1, SetTimer1_cnt, buf);
  4555     0133  0020               	movlb	0	; select bank0
  4556     0134  01D6               	clrf	DispNormal@n
  4557     0135  0AD6               	incf	DispNormal@n,f
  4558     0136  0021               	movlb	1	; select bank1
  4559     0137  086D               	movf	(_SetTimer1_cnt+1)^(0+128),w
  4560     0138  0020               	movlb	0	; select bank0
  4561     0139  00D8               	movwf	DispNormal@Num+1
  4562     013A  0021               	movlb	1	; select bank1
  4563     013B  086C               	movf	_SetTimer1_cnt^(0+128),w
  4564     013C  0020               	movlb	0	; select bank0
  4565     013D  00D7               	movwf	DispNormal@Num
  4566     013E  3041               	movlw	(low (_buf| (0+256)))& (0+255)
  4567     013F  00D9               	movwf	DispNormal@buf
  4568     0140  086D               	movf	_TimeMode,w
  4569     0141  3187  2715  3180   	fcall	_DispNormal
  4570                           
  4571                           ;main.c: 158:         LCD_Print(buf);
  4572     0144  3041               	movlw	(low (_buf| (0+256)))& (0+255)
  4573     0145  3197  2792  3180   	fcall	_LCD_Print
  4574                           
  4575                           ;main.c: 160:         LCD_SetCursor(0, 1);
  4576     0148  0020               	movlb	0	; select bank0
  4577     0149  01AF               	clrf	LCD_SetCursor@row
  4578     014A  0AAF               	incf	LCD_SetCursor@row,f
  4579     014B  3000               	movlw	0
  4580     014C  3197  27E3  3180   	fcall	_LCD_SetCursor
  4581                           
  4582                           ;main.c: 161:         DispNormal(TimeMode, 2, SetTimer2_cnt, buf);
  4583     014F  3002               	movlw	2
  4584     0150  0020               	movlb	0	; select bank0
  4585     0151  00D6               	movwf	DispNormal@n
  4586     0152  086F               	movf	_SetTimer2_cnt+1,w
  4587     0153  00D8               	movwf	DispNormal@Num+1
  4588     0154  086E               	movf	_SetTimer2_cnt,w
  4589     0155  00D7               	movwf	DispNormal@Num
  4590     0156  3041               	movlw	(low (_buf| (0+256)))& (0+255)
  4591     0157  00D9               	movwf	DispNormal@buf
  4592     0158  086D               	movf	_TimeMode,w
  4593     0159  3187  2715  3180   	fcall	_DispNormal
  4594                           
  4595                           ;main.c: 162:         LCD_Print(buf);
  4596     015C  3041               	movlw	(low (_buf| (0+256)))& (0+255)
  4597     015D  3197  2792  3180   	fcall	_LCD_Print
  4598                           
  4599                           ;main.c: 163:         LCD_SetCursor(14, 1);
  4600     0160  0020               	movlb	0	; select bank0
  4601     0161  01AF               	clrf	LCD_SetCursor@row
  4602     0162  0AAF               	incf	LCD_SetCursor@row,f
  4603     0163  300E               	movlw	14
  4604     0164  3197  27E3  3180   	fcall	_LCD_SetCursor
  4605                           
  4606                           ;main.c: 164:         LCD_SetCursor(13, 0);
  4607     0167  0020               	movlb	0	; select bank0
  4608     0168  01AF               	clrf	LCD_SetCursor@row
  4609     0169  300D               	movlw	13
  4610     016A  3197  27E3  3180   	fcall	_LCD_SetCursor
  4611                           
  4612                           ;main.c: 165:         break;
  4613     016D  29F3               	goto	l5723
  4614     016E                     l5707:
  4615                           
  4616                           ;main.c: 168:         LCD_SetCursor(0, 0);
  4617     016E  01AF               	clrf	LCD_SetCursor@row
  4618     016F  3000               	movlw	0
  4619     0170  3197  27E3  3180   	fcall	_LCD_SetCursor
  4620                           
  4621                           ;main.c: 169:         sprintf(buf, "FunctionSet Mode");
  4622     0173  30A1               	movlw	low (STR_5| (0+32768))
  4623     0174  0020               	movlb	0	; select bank0
  4624     0175  00BB               	movwf	sprintf@fmt
  4625     0176  3098               	movlw	high (STR_5| (0+32768))
  4626     0177  00BC               	movwf	sprintf@fmt+1
  4627     0178  3041               	movlw	(low (_buf| (0+256)))& (0+255)
  4628     0179  3188  2010  3180   	fcall	_sprintf
  4629                           
  4630                           ;main.c: 170:         LCD_Print(buf);
  4631     017C  3041               	movlw	(low (_buf| (0+256)))& (0+255)
  4632     017D  3197  2792  3180   	fcall	_LCD_Print
  4633                           
  4634                           ;main.c: 171:         LCD_SetCursor(0, 1);
  4635     0180  0020               	movlb	0	; select bank0
  4636     0181  01AF               	clrf	LCD_SetCursor@row
  4637     0182  0AAF               	incf	LCD_SetCursor@row,f
  4638     0183  3000               	movlw	0
  4639     0184  3197  27E3  3180   	fcall	_LCD_SetCursor
  4640                           
  4641                           ;main.c: 172:         DispFunctionSet(TimeMode, 2, SetTimer2_cnt, buf);
  4642     0187  3002               	movlw	2
  4643     0188  0020               	movlb	0	; select bank0
  4644     0189  00D6               	movwf	DispFunctionSet@n
  4645     018A  086F               	movf	_SetTimer2_cnt+1,w
  4646     018B  00D8               	movwf	DispFunctionSet@Num+1
  4647     018C  086E               	movf	_SetTimer2_cnt,w
  4648     018D  00D7               	movwf	DispFunctionSet@Num
  4649     018E  3041               	movlw	(low (_buf| (0+256)))& (0+255)
  4650     018F  00D9               	movwf	DispFunctionSet@buf
  4651     0190  086D               	movf	_TimeMode,w
  4652     0191  3189  211C  3180   	fcall	_DispFunctionSet
  4653                           
  4654                           ;main.c: 173:         LCD_Print(buf);
  4655     0194  3041               	movlw	(low (_buf| (0+256)))& (0+255)
  4656     0195  3197  2792  3180   	fcall	_LCD_Print
  4657                           
  4658                           ;main.c: 174:         LCD_SetCursor(13, 1);
  4659     0198  0020               	movlb	0	; select bank0
  4660     0199  01AF               	clrf	LCD_SetCursor@row
  4661     019A  0AAF               	incf	LCD_SetCursor@row,f
  4662     019B  300D               	movlw	13
  4663     019C  3197  27E3  3180   	fcall	_LCD_SetCursor
  4664                           
  4665                           ;main.c: 175:         break;
  4666     019F  29F3               	goto	l5723
  4667     01A0                     l5709:
  4668                           
  4669                           ;main.c: 178:         LCD_SetCursor(0, 0);
  4670     01A0  01AF               	clrf	LCD_SetCursor@row
  4671     01A1  3000               	movlw	0
  4672     01A2  3197  27E3  3180   	fcall	_LCD_SetCursor
  4673                           
  4674                           ;main.c: 179:         DispTimeAdjustment(TimeMode, 1, SetTimer1_cnt, buf);
  4675     01A5  0020               	movlb	0	; select bank0
  4676     01A6  01D6               	clrf	DispTimeAdjustment@n
  4677     01A7  0AD6               	incf	DispTimeAdjustment@n,f
  4678     01A8  0021               	movlb	1	; select bank1
  4679     01A9  086D               	movf	(_SetTimer1_cnt+1)^(0+128),w
  4680     01AA  0020               	movlb	0	; select bank0
  4681     01AB  00D8               	movwf	DispTimeAdjustment@Num+1
  4682     01AC  0021               	movlb	1	; select bank1
  4683     01AD  086C               	movf	_SetTimer1_cnt^(0+128),w
  4684     01AE  0020               	movlb	0	; select bank0
  4685     01AF  00D7               	movwf	DispTimeAdjustment@Num
  4686     01B0  3041               	movlw	(low (_buf| (0+256)))& (0+255)
  4687     01B1  00D9               	movwf	DispTimeAdjustment@buf
  4688     01B2  086D               	movf	_TimeMode,w
  4689     01B3  3186  2630  3180   	fcall	_DispTimeAdjustment
  4690                           
  4691                           ;main.c: 180:         LCD_Print(buf);
  4692     01B6  3041               	movlw	(low (_buf| (0+256)))& (0+255)
  4693     01B7  3197  2792  3180   	fcall	_LCD_Print
  4694                           
  4695                           ;main.c: 181:         LCD_SetCursor(0, 1);
  4696     01BA  0020               	movlb	0	; select bank0
  4697     01BB  01AF               	clrf	LCD_SetCursor@row
  4698     01BC  0AAF               	incf	LCD_SetCursor@row,f
  4699     01BD  3000               	movlw	0
  4700     01BE  3197  27E3  3180   	fcall	_LCD_SetCursor
  4701                           
  4702                           ;main.c: 182:         DispTimeAdjustment(TimeMode, 2, SetTimer2_cnt, buf);
  4703     01C1  3002               	movlw	2
  4704     01C2  0020               	movlb	0	; select bank0
  4705     01C3  00D6               	movwf	DispTimeAdjustment@n
  4706     01C4  086F               	movf	_SetTimer2_cnt+1,w
  4707     01C5  00D8               	movwf	DispTimeAdjustment@Num+1
  4708     01C6  086E               	movf	_SetTimer2_cnt,w
  4709     01C7  00D7               	movwf	DispTimeAdjustment@Num
  4710     01C8  3041               	movlw	(low (_buf| (0+256)))& (0+255)
  4711     01C9  00D9               	movwf	DispTimeAdjustment@buf
  4712     01CA  086D               	movf	_TimeMode,w
  4713     01CB  3186  2630  3180   	fcall	_DispTimeAdjustment
  4714                           
  4715                           ;main.c: 183:         LCD_Print(buf);
  4716     01CE  3041               	movlw	(low (_buf| (0+256)))& (0+255)
  4717     01CF  3197  2792  3180   	fcall	_LCD_Print
  4718                           
  4719                           ;main.c: 185:         LCD_SetCursor(Cursor_pos, 0);
  4720     01D2  0020               	movlb	0	; select bank0
  4721     01D3  01AF               	clrf	LCD_SetCursor@row
  4722     01D4  0021               	movlb	1	; select bank1
  4723     01D5  085A               	movf	_Cursor_pos^(0+128),w
  4724     01D6  3197  27E3  3180   	fcall	_LCD_SetCursor
  4725                           
  4726                           ;main.c: 187:         break;
  4727     01D9  29F3               	goto	l5723
  4728     01DA                     l5713:
  4729     01DA  0020               	movlb	0	; select bank0
  4730     01DB  086C               	movf	_LCD_DispMode,w
  4731                           
  4732                           ; Switch size 1, requested type "simple"
  4733                           ; Number of cases is 3, Range of values is 0 to 2
  4734                           ; switch strategies available:
  4735                           ; Name         Instructions Cycles
  4736                           ; simple_byte           10     6 (average)
  4737                           ; direct_byte           12     6 (fixed)
  4738                           ; jumptable            260     6 (fixed)
  4739                           ;	Chosen strategy is simple_byte
  4740     01DC  3A00               	xorlw	0	; case 0
  4741     01DD  1903               	skipnz
  4742     01DE  292E               	goto	l5705
  4743     01DF  3A01               	xorlw	1	; case 1
  4744     01E0  1903               	skipnz
  4745     01E1  296E               	goto	l5707
  4746     01E2  3A03               	xorlw	3	; case 2
  4747     01E3  1903               	skipnz
  4748     01E4  29A0               	goto	l5709
  4749     01E5  29E6               	goto	l560
  4750     01E6                     l560:	
  4751                           ;main.c: 192:     }
  4752                           
  4753                           
  4754                           ;main.c: 194:     switch (LCD_DispMode) {
  4755     01E6  29F3               	goto	l5723
  4756     01E7                     l5715:
  4757                           
  4758                           ;main.c: 196:       Normal();
  4759     01E7  318D  251E  3180   	fcall	_Normal
  4760                           
  4761                           ;main.c: 197:       break;
  4762     01EA  28E9               	goto	l5679
  4763     01EB                     l5717:
  4764                           
  4765                           ;main.c: 199:       FunctionSet();
  4766     01EB  318F  2788  3180   	fcall	_FunctionSet
  4767                           
  4768                           ;main.c: 200:       break;
  4769     01EE  28E9               	goto	l5679
  4770     01EF                     l5719:
  4771                           
  4772                           ;main.c: 202:       TimeAdjustment();
  4773     01EF  3183  237E  3180   	fcall	_TimeAdjustment
  4774                           
  4775                           ;main.c: 203:       break;
  4776     01F2  28E9               	goto	l5679
  4777     01F3                     l5723:
  4778     01F3  0020               	movlb	0	; select bank0
  4779     01F4  086C               	movf	_LCD_DispMode,w
  4780                           
  4781                           ; Switch size 1, requested type "simple"
  4782                           ; Number of cases is 3, Range of values is 0 to 2
  4783                           ; switch strategies available:
  4784                           ; Name         Instructions Cycles
  4785                           ; simple_byte           10     6 (average)
  4786                           ; direct_byte           12     6 (fixed)
  4787                           ; jumptable            260     6 (fixed)
  4788                           ;	Chosen strategy is simple_byte
  4789     01F5  3A00               	xorlw	0	; case 0
  4790     01F6  1903               	skipnz
  4791     01F7  29E7               	goto	l5715
  4792     01F8  3A01               	xorlw	1	; case 1
  4793     01F9  1903               	skipnz
  4794     01FA  29EB               	goto	l5717
  4795     01FB  3A03               	xorlw	3	; case 2
  4796     01FC  1903               	skipnz
  4797     01FD  29EF               	goto	l5719
  4798     01FE  28E9               	goto	l5679
  4799     01FF  3180  2826         	ljmp	start
  4800     0201                     __end_of_main:
  4801                           
  4802                           	psect	text1
  4803     037E                     __ptext1:	
  4804 ;; *************** function _TimeAdjustment *****************
  4805 ;; Defined at:
  4806 ;;		line 311 in file "RelayControl.c"
  4807 ;; Parameters:    Size  Location     Type
  4808 ;;		None
  4809 ;; Auto vars:     Size  Location     Type
  4810 ;;  DigPtr          1   18[BANK0 ] PTR unsigned char 
  4811 ;;		 -> SetTimer2_digi(4), SetTimer1_digi(4), 
  4812 ;; Return value:  Size  Location     Type
  4813 ;;                  1    wreg      void 
  4814 ;; Registers used:
  4815 ;;		wreg, fsr0l, fsr0h, fsr1l, fsr1h, status,2, status,0, pclath, cstack
  4816 ;; Tracked objects:
  4817 ;;		On entry : 0/0
  4818 ;;		On exit  : 0/0
  4819 ;;		Unchanged: 0/0
  4820 ;; Data sizes:     COMMON   BANK0   BANK1   BANK2   BANK3   BANK4   BANK5   BANK6
  4821 ;;      Params:         0       0       0       0       0       0       0       0
  4822 ;;      Locals:         0       1       0       0       0       0       0       0
  4823 ;;      Temps:          0       1       0       0       0       0       0       0
  4824 ;;      Totals:         0       2       0       0       0       0       0       0
  4825 ;;Total ram usage:        2 bytes
  4826 ;; Hardware stack levels used: 1
  4827 ;; Hardware stack levels required when called: 6
  4828 ;; This function calls:
  4829 ;;		_Digital2Number
  4830 ;;		_EEPROM_WriteWord
  4831 ;;		_eeprom_write
  4832 ;; This function is called by:
  4833 ;;		_main
  4834 ;; This function uses a non-reentrant model
  4835 ;;
  4836                           
  4837     037E                     _TimeAdjustment:	
  4838                           ;psect for function _TimeAdjustment
  4839                           
  4840     037E                     l5501:	
  4841                           ;incstack = 0
  4842                           ; Regs used in _TimeAdjustment: [wreg-fsr1h+status,2+status,0+pclath+cstack]
  4843                           
  4844                           
  4845                           ;RelayControl.c: 312:   uint8_t *DigPtr = SetTimer1_digi;
  4846     037E  30E1               	movlw	(low (_SetTimer1_digi| 0))& (0+255)
  4847     037F  0020               	movlb	0	; select bank0
  4848     0380  00B2               	movwf	TimeAdjustment@DigPtr
  4849                           
  4850                           ;RelayControl.c: 314:   switch (AdjustMode) {
  4851     0381  2C0D               	goto	l5569
  4852     0382                     l5503:
  4853                           
  4854                           ;RelayControl.c: 316:     DigPtr = &SetTimer1_digi[0];
  4855     0382  30E1               	movlw	(low (_SetTimer1_digi| 0))& (0+255)
  4856     0383  0020               	movlb	0	; select bank0
  4857     0384  00B2               	movwf	TimeAdjustment@DigPtr
  4858                           
  4859                           ;RelayControl.c: 317:     Cursor_pos = 3;
  4860     0385  3003               	movlw	3
  4861     0386  0021               	movlb	1	; select bank1
  4862     0387  00DA               	movwf	_Cursor_pos^(0+128)
  4863                           
  4864                           ;RelayControl.c: 318:     break;
  4865     0388  2C28               	goto	l5571
  4866     0389                     l5505:
  4867                           
  4868                           ;RelayControl.c: 320:     DigPtr = &SetTimer1_digi[1];
  4869     0389  30E2               	movlw	(low ((_SetTimer1_digi| 0+1)))& (0+255)
  4870     038A  0020               	movlb	0	; select bank0
  4871     038B  00B2               	movwf	TimeAdjustment@DigPtr
  4872                           
  4873                           ;RelayControl.c: 321:     Cursor_pos = 4;
  4874     038C  3004               	movlw	4
  4875     038D  0021               	movlb	1	; select bank1
  4876     038E  00DA               	movwf	_Cursor_pos^(0+128)
  4877                           
  4878                           ;RelayControl.c: 322:     break;
  4879     038F  2C28               	goto	l5571
  4880     0390                     l5507:
  4881                           
  4882                           ;RelayControl.c: 324:     DigPtr = &SetTimer1_digi[2];
  4883     0390  30E3               	movlw	(low ((_SetTimer1_digi| 0+2)))& (0+255)
  4884     0391  0020               	movlb	0	; select bank0
  4885     0392  00B2               	movwf	TimeAdjustment@DigPtr
  4886     0393                     l5509:
  4887                           
  4888                           ;RelayControl.c: 325:     if (TimeMode == e1_000S) {
  4889     0393  036D               	decf	_TimeMode,w
  4890     0394  1D03               	btfss	3,2
  4891     0395  2B97               	goto	u4091
  4892     0396  2B98               	goto	u4090
  4893     0397                     u4091:
  4894     0397  2B9C               	goto	l5513
  4895     0398                     u4090:
  4896     0398                     l5511:
  4897                           
  4898                           ;RelayControl.c: 326:       Cursor_pos = 5;
  4899     0398  3005               	movlw	5
  4900     0399  0021               	movlb	1	; select bank1
  4901     039A  00DA               	movwf	_Cursor_pos^(0+128)
  4902                           
  4903                           ;RelayControl.c: 327:     } else if (TimeMode == e0_100S) {
  4904     039B  2C28               	goto	l5571
  4905     039C                     l5513:
  4906     039C  3002               	movlw	2
  4907     039D  066D               	xorwf	_TimeMode,w
  4908     039E  1D03               	btfss	3,2
  4909     039F  2BA1               	goto	u4101
  4910     03A0  2BA2               	goto	u4100
  4911     03A1                     u4101:
  4912     03A1  2BA3               	goto	l5517
  4913     03A2                     u4100:
  4914     03A2  2B98               	goto	l5511
  4915     03A3                     l5517:
  4916     03A3  3003               	movlw	3
  4917     03A4  066D               	xorwf	_TimeMode,w
  4918     03A5  1D03               	btfss	3,2
  4919     03A6  2BA8               	goto	u4111
  4920     03A7  2BA9               	goto	u4110
  4921     03A8                     u4111:
  4922     03A8  2BAD               	goto	l860
  4923     03A9                     u4110:
  4924     03A9                     l5519:
  4925                           
  4926                           ;RelayControl.c: 330:       Cursor_pos = 5 + 1;
  4927     03A9  3006               	movlw	6
  4928     03AA  0021               	movlb	1	; select bank1
  4929     03AB  00DA               	movwf	_Cursor_pos^(0+128)
  4930     03AC  2C28               	goto	l5571
  4931     03AD                     l860:
  4932                           
  4933                           ;RelayControl.c: 332:     break;
  4934     03AD  2C28               	goto	l5571
  4935     03AE                     l5521:
  4936                           
  4937                           ;RelayControl.c: 334:     DigPtr = &SetTimer1_digi[3];
  4938     03AE  30E4               	movlw	(low ((_SetTimer1_digi| 0+3)))& (0+255)
  4939     03AF  0020               	movlb	0	; select bank0
  4940     03B0  00B2               	movwf	TimeAdjustment@DigPtr
  4941     03B1                     l5523:
  4942                           
  4943                           ;RelayControl.c: 335:     if (TimeMode == e1_000S) {
  4944     03B1  036D               	decf	_TimeMode,w
  4945     03B2  1D03               	btfss	3,2
  4946     03B3  2BB5               	goto	u4121
  4947     03B4  2BB6               	goto	u4120
  4948     03B5                     u4121:
  4949     03B5  2BB7               	goto	l5527
  4950     03B6                     u4120:
  4951     03B6  2BA9               	goto	l5519
  4952     03B7                     l5527:
  4953     03B7  3002               	movlw	2
  4954     03B8  066D               	xorwf	_TimeMode,w
  4955     03B9  1D03               	btfss	3,2
  4956     03BA  2BBC               	goto	u4131
  4957     03BB  2BBD               	goto	u4130
  4958     03BC                     u4131:
  4959     03BC  2BC1               	goto	l5531
  4960     03BD                     u4130:
  4961     03BD                     l5529:
  4962                           
  4963                           ;RelayControl.c: 338:       Cursor_pos = 6 + 1;
  4964     03BD  3007               	movlw	7
  4965     03BE  0021               	movlb	1	; select bank1
  4966     03BF  00DA               	movwf	_Cursor_pos^(0+128)
  4967                           
  4968                           ;RelayControl.c: 339:     } else if (TimeMode == e0_010S) {
  4969     03C0  2C28               	goto	l5571
  4970     03C1                     l5531:
  4971     03C1  3003               	movlw	3
  4972     03C2  066D               	xorwf	_TimeMode,w
  4973     03C3  1D03               	btfss	3,2
  4974     03C4  2BC6               	goto	u4141
  4975     03C5  2BC7               	goto	u4140
  4976     03C6                     u4141:
  4977     03C6  2C28               	goto	l5571
  4978     03C7                     u4140:
  4979     03C7  2BBD               	goto	l5529
  4980     03C8                     l5535:
  4981                           
  4982                           ;RelayControl.c: 344:     DigPtr = &SetTimer2_digi[0];
  4983     03C8  30DD               	movlw	(low (_SetTimer2_digi| 0))& (0+255)
  4984     03C9  0020               	movlb	0	; select bank0
  4985     03CA  00B2               	movwf	TimeAdjustment@DigPtr
  4986                           
  4987                           ;RelayControl.c: 345:     Cursor_pos = 0x43;
  4988     03CB  3043               	movlw	67
  4989     03CC  0021               	movlb	1	; select bank1
  4990     03CD  00DA               	movwf	_Cursor_pos^(0+128)
  4991                           
  4992                           ;RelayControl.c: 346:     break;
  4993     03CE  2C28               	goto	l5571
  4994     03CF                     l5537:
  4995                           
  4996                           ;RelayControl.c: 348:     DigPtr = &SetTimer2_digi[1];
  4997     03CF  30DE               	movlw	(low ((_SetTimer2_digi| 0+1)))& (0+255)
  4998     03D0  0020               	movlb	0	; select bank0
  4999     03D1  00B2               	movwf	TimeAdjustment@DigPtr
  5000                           
  5001                           ;RelayControl.c: 349:     Cursor_pos = 0x44;
  5002     03D2  3044               	movlw	68
  5003     03D3  0021               	movlb	1	; select bank1
  5004     03D4  00DA               	movwf	_Cursor_pos^(0+128)
  5005                           
  5006                           ;RelayControl.c: 350:     break;
  5007     03D5  2C28               	goto	l5571
  5008     03D6                     l5539:
  5009                           
  5010                           ;RelayControl.c: 352:     DigPtr = &SetTimer2_digi[2];
  5011     03D6  30DF               	movlw	(low ((_SetTimer2_digi| 0+2)))& (0+255)
  5012     03D7  0020               	movlb	0	; select bank0
  5013     03D8  00B2               	movwf	TimeAdjustment@DigPtr
  5014     03D9                     l5541:
  5015                           
  5016                           ;RelayControl.c: 353:     if (TimeMode == e1_000S) {
  5017     03D9  036D               	decf	_TimeMode,w
  5018     03DA  1D03               	btfss	3,2
  5019     03DB  2BDD               	goto	u4151
  5020     03DC  2BDE               	goto	u4150
  5021     03DD                     u4151:
  5022     03DD  2BE2               	goto	l5545
  5023     03DE                     u4150:
  5024     03DE                     l5543:
  5025                           
  5026                           ;RelayControl.c: 354:       Cursor_pos = 0x45;
  5027     03DE  3045               	movlw	69
  5028     03DF  0021               	movlb	1	; select bank1
  5029     03E0  00DA               	movwf	_Cursor_pos^(0+128)
  5030                           
  5031                           ;RelayControl.c: 355:     } else if (TimeMode == e0_100S) {
  5032     03E1  2C28               	goto	l5571
  5033     03E2                     l5545:
  5034     03E2  3002               	movlw	2
  5035     03E3  066D               	xorwf	_TimeMode,w
  5036     03E4  1D03               	btfss	3,2
  5037     03E5  2BE7               	goto	u4161
  5038     03E6  2BE8               	goto	u4160
  5039     03E7                     u4161:
  5040     03E7  2BE9               	goto	l5549
  5041     03E8                     u4160:
  5042     03E8  2BDE               	goto	l5543
  5043     03E9                     l5549:
  5044     03E9  3003               	movlw	3
  5045     03EA  066D               	xorwf	_TimeMode,w
  5046     03EB  1D03               	btfss	3,2
  5047     03EC  2BEE               	goto	u4171
  5048     03ED  2BEF               	goto	u4170
  5049     03EE                     u4171:
  5050     03EE  2C28               	goto	l5571
  5051     03EF                     u4170:
  5052     03EF                     l5551:
  5053                           
  5054                           ;RelayControl.c: 358:       Cursor_pos = 0x45 + 1;
  5055     03EF  3046               	movlw	70
  5056     03F0  0021               	movlb	1	; select bank1
  5057     03F1  00DA               	movwf	_Cursor_pos^(0+128)
  5058     03F2  2C28               	goto	l5571
  5059     03F3                     l5553:
  5060                           
  5061                           ;RelayControl.c: 362:     DigPtr = &SetTimer2_digi[3];
  5062     03F3  30E0               	movlw	(low ((_SetTimer2_digi| 0+3)))& (0+255)
  5063     03F4  0020               	movlb	0	; select bank0
  5064     03F5  00B2               	movwf	TimeAdjustment@DigPtr
  5065     03F6                     l5555:
  5066                           
  5067                           ;RelayControl.c: 363:     if (TimeMode == e1_000S) {
  5068     03F6  036D               	decf	_TimeMode,w
  5069     03F7  1D03               	btfss	3,2
  5070     03F8  2BFA               	goto	u4181
  5071     03F9  2BFB               	goto	u4180
  5072     03FA                     u4181:
  5073     03FA  2BFC               	goto	l5559
  5074     03FB                     u4180:
  5075     03FB  2BEF               	goto	l5551
  5076     03FC                     l5559:
  5077     03FC  3002               	movlw	2
  5078     03FD  066D               	xorwf	_TimeMode,w
  5079     03FE  1D03               	btfss	3,2
  5080     03FF  2C01               	goto	u4191
  5081     0400  2C02               	goto	u4190
  5082     0401                     u4191:
  5083     0401  2C06               	goto	l5563
  5084     0402                     u4190:
  5085     0402                     l5561:
  5086                           
  5087                           ;RelayControl.c: 366:       Cursor_pos = 0x46 + 1;
  5088     0402  3047               	movlw	71
  5089     0403  0021               	movlb	1	; select bank1
  5090     0404  00DA               	movwf	_Cursor_pos^(0+128)
  5091                           
  5092                           ;RelayControl.c: 367:     } else if (TimeMode == e0_010S) {
  5093     0405  2C28               	goto	l5571
  5094     0406                     l5563:
  5095     0406  3003               	movlw	3
  5096     0407  066D               	xorwf	_TimeMode,w
  5097     0408  1D03               	btfss	3,2
  5098     0409  2C0B               	goto	u4201
  5099     040A  2C0C               	goto	u4200
  5100     040B                     u4201:
  5101     040B  2C28               	goto	l5571
  5102     040C                     u4200:
  5103     040C  2C02               	goto	l5561
  5104     040D                     l5569:
  5105     040D  0021               	movlb	1	; select bank1
  5106     040E  0851               	movf	_AdjustMode^(0+128),w
  5107                           
  5108                           ; Switch size 1, requested type "simple"
  5109                           ; Number of cases is 8, Range of values is 1 to 8
  5110                           ; switch strategies available:
  5111                           ; Name         Instructions Cycles
  5112                           ; direct_byte           25     9 (fixed)
  5113                           ; simple_byte           25    13 (average)
  5114                           ; jumptable            263     9 (fixed)
  5115                           ;	Chosen strategy is simple_byte
  5116     040F  3A01               	xorlw	1	; case 1
  5117     0410  1903               	skipnz
  5118     0411  2B82               	goto	l5503
  5119     0412  3A03               	xorlw	3	; case 2
  5120     0413  1903               	skipnz
  5121     0414  2B89               	goto	l5505
  5122     0415  3A01               	xorlw	1	; case 3
  5123     0416  1903               	skipnz
  5124     0417  2B90               	goto	l5507
  5125     0418  3A07               	xorlw	7	; case 4
  5126     0419  1903               	skipnz
  5127     041A  2BAE               	goto	l5521
  5128     041B  3A01               	xorlw	1	; case 5
  5129     041C  1903               	skipnz
  5130     041D  2BC8               	goto	l5535
  5131     041E  3A03               	xorlw	3	; case 6
  5132     041F  1903               	skipnz
  5133     0420  2BCF               	goto	l5537
  5134     0421  3A01               	xorlw	1	; case 7
  5135     0422  1903               	skipnz
  5136     0423  2BD6               	goto	l5539
  5137     0424  3A0F               	xorlw	15	; case 8
  5138     0425  1903               	skipnz
  5139     0426  2BF3               	goto	l5553
  5140     0427  2C28               	goto	l5571
  5141     0428                     l5571:
  5142                           
  5143                           ;RelayControl.c: 376:   if (key[0].fShort||key[0].fLong_100ms) {
  5144     0428  0023               	movlb	3	; select bank3
  5145     0429  0849               	movf	(_key^(0+384)+9),w
  5146     042A  1D03               	btfss	3,2
  5147     042B  2C2D               	goto	u4211
  5148     042C  2C2E               	goto	u4210
  5149     042D                     u4211:
  5150     042D  2C33               	goto	l5575
  5151     042E                     u4210:
  5152     042E                     l5573:
  5153     042E  0848               	movf	(_key^(0+384)+8),w
  5154     042F  1903               	btfsc	3,2
  5155     0430  2C32               	goto	u4221
  5156     0431  2C33               	goto	u4220
  5157     0432                     u4221:
  5158     0432  2C59               	goto	l5587
  5159     0433                     u4220:
  5160     0433                     l5575:
  5161                           
  5162                           ;RelayControl.c: 377:     key[0].fShort = 0;
  5163     0433  01C9               	clrf	(_key^(0+384)+9)
  5164                           
  5165                           ;RelayControl.c: 378:     key[0].fLong_100ms=0;
  5166     0434  01C8               	clrf	(_key^(0+384)+8)
  5167     0435                     l5577:
  5168                           
  5169                           ;RelayControl.c: 379:     fLCD_updata = 1;
  5170     0435  0021               	movlb	1	; select bank1
  5171     0436  01D9               	clrf	_fLCD_updata^(0+128)
  5172     0437  0AD9               	incf	_fLCD_updata^(0+128),f
  5173     0438                     l5579:
  5174                           
  5175                           ;RelayControl.c: 380:     (*DigPtr)++;
  5176     0438  3001               	movlw	1
  5177     0439  0020               	movlb	0	; select bank0
  5178     043A  00B1               	movwf	??_TimeAdjustment
  5179     043B  0832               	movf	TimeAdjustment@DigPtr,w
  5180     043C  0086               	movwf	6
  5181     043D  0187               	clrf	7
  5182     043E  0831               	movf	??_TimeAdjustment,w
  5183     043F  0781               	addwf	1,f
  5184     0440                     l5581:
  5185                           
  5186                           ;RelayControl.c: 381:     if (*DigPtr > 9)
  5187     0440  0832               	movf	TimeAdjustment@DigPtr,w
  5188     0441  0086               	movwf	6
  5189     0442  0187               	clrf	7
  5190     0443  300A               	movlw	10
  5191     0444  0201               	subwf	1,w
  5192     0445  1C03               	skipc
  5193     0446  2C48               	goto	u4231
  5194     0447  2C49               	goto	u4230
  5195     0448                     u4231:
  5196     0448  2C4D               	goto	l5585
  5197     0449                     u4230:
  5198     0449                     l5583:
  5199                           
  5200                           ;RelayControl.c: 382:       *DigPtr = 0;
  5201     0449  0832               	movf	TimeAdjustment@DigPtr,w
  5202     044A  0086               	movwf	6
  5203     044B  0187               	clrf	7
  5204     044C  0181               	clrf	1
  5205     044D                     l5585:
  5206     044D  1003               	clrc
  5207     044E  0022               	movlb	2	; select bank2
  5208     044F  1C0E               	btfss	14,0	;volatile
  5209     0450  1403               	setc
  5210     0451  1803               	btfsc	3,0
  5211     0452  2C54               	goto	u4241
  5212     0453  2C57               	goto	u4240
  5213     0454                     u4241:
  5214     0454  0022               	movlb	2	; select bank2
  5215     0455  140E               	bsf	14,0	;volatile
  5216     0456  2C59               	goto	u4254
  5217     0457                     u4240:
  5218     0457  0022               	movlb	2	; select bank2
  5219     0458  100E               	bcf	14,0	;volatile
  5220     0459                     u4254:
  5221     0459                     l5587:
  5222                           
  5223                           ;RelayControl.c: 386:   if (key[1].fShort) {
  5224     0459  0023               	movlb	3	; select bank3
  5225     045A  0854               	movf	(_key^(0+384)+20),w
  5226     045B  1903               	btfsc	3,2
  5227     045C  2C5E               	goto	u4261
  5228     045D  2C5F               	goto	u4260
  5229     045E                     u4261:
  5230     045E  2C7D               	goto	l5601
  5231     045F                     u4260:
  5232     045F                     l5589:
  5233                           
  5234                           ;RelayControl.c: 387:     key[1].fShort = 0;
  5235     045F  01D4               	clrf	(_key^(0+384)+20)
  5236     0460                     l5591:
  5237                           
  5238                           ;RelayControl.c: 388:     fLCD_updata = 1;
  5239     0460  0021               	movlb	1	; select bank1
  5240     0461  01D9               	clrf	_fLCD_updata^(0+128)
  5241     0462  0AD9               	incf	_fLCD_updata^(0+128),f
  5242     0463                     l5593:
  5243                           
  5244                           ;RelayControl.c: 389:     AdjustMode++;
  5245     0463  3001               	movlw	1
  5246     0464  0020               	movlb	0	; select bank0
  5247     0465  00B1               	movwf	??_TimeAdjustment
  5248     0466  0831               	movf	??_TimeAdjustment,w
  5249     0467  0021               	movlb	1	; select bank1
  5250     0468  07D1               	addwf	_AdjustMode^(0+128),f
  5251     0469                     l5595:
  5252                           
  5253                           ;RelayControl.c: 390:     if (AdjustMode > eADJ_T2_DIG4)
  5254     0469  3009               	movlw	9
  5255     046A  0251               	subwf	_AdjustMode^(0+128),w
  5256     046B  1C03               	skipc
  5257     046C  2C6E               	goto	u4271
  5258     046D  2C6F               	goto	u4270
  5259     046E                     u4271:
  5260     046E  2C71               	goto	l5599
  5261     046F                     u4270:
  5262     046F                     l5597:
  5263                           
  5264                           ;RelayControl.c: 391:       AdjustMode = eADJ_T1_DIG1;
  5265     046F  01D1               	clrf	_AdjustMode^(0+128)
  5266     0470  0AD1               	incf	_AdjustMode^(0+128),f
  5267     0471                     l5599:
  5268     0471  1003               	clrc
  5269     0472  0022               	movlb	2	; select bank2
  5270     0473  1C0E               	btfss	14,0	;volatile
  5271     0474  1403               	setc
  5272     0475  1803               	btfsc	3,0
  5273     0476  2C78               	goto	u4281
  5274     0477  2C7B               	goto	u4280
  5275     0478                     u4281:
  5276     0478  0022               	movlb	2	; select bank2
  5277     0479  140E               	bsf	14,0	;volatile
  5278     047A  2C7D               	goto	u4294
  5279     047B                     u4280:
  5280     047B  0022               	movlb	2	; select bank2
  5281     047C  100E               	bcf	14,0	;volatile
  5282     047D                     u4294:
  5283     047D                     l5601:
  5284                           
  5285                           ;RelayControl.c: 395:   if (key[2].fShort||key[2].fLong_100ms) {
  5286     047D  0023               	movlb	3	; select bank3
  5287     047E  085F               	movf	(_key^(0+384)+31),w
  5288     047F  1D03               	btfss	3,2
  5289     0480  2C82               	goto	u4301
  5290     0481  2C83               	goto	u4300
  5291     0482                     u4301:
  5292     0482  2C88               	goto	l5605
  5293     0483                     u4300:
  5294     0483                     l5603:
  5295     0483  085E               	movf	(_key^(0+384)+30),w
  5296     0484  1903               	btfsc	3,2
  5297     0485  2C87               	goto	u4311
  5298     0486  2C88               	goto	u4310
  5299     0487                     u4311:
  5300     0487  2CAD               	goto	l5617
  5301     0488                     u4310:
  5302     0488                     l5605:
  5303                           
  5304                           ;RelayControl.c: 396:     key[2].fShort = 0;
  5305     0488  01DF               	clrf	(_key^(0+384)+31)
  5306                           
  5307                           ;RelayControl.c: 397:     key[2].fLong_100ms=0;
  5308     0489  01DE               	clrf	(_key^(0+384)+30)
  5309     048A                     l5607:
  5310                           
  5311                           ;RelayControl.c: 398:     fLCD_updata = 1;
  5312     048A  0021               	movlb	1	; select bank1
  5313     048B  01D9               	clrf	_fLCD_updata^(0+128)
  5314     048C  0AD9               	incf	_fLCD_updata^(0+128),f
  5315     048D                     l5609:
  5316                           
  5317                           ;RelayControl.c: 399:     if (*DigPtr == 0)
  5318     048D  0020               	movlb	0	; select bank0
  5319     048E  0832               	movf	TimeAdjustment@DigPtr,w
  5320     048F  0086               	movwf	6
  5321     0490  0187               	clrf	7
  5322     0491  0801               	movf	1,w
  5323     0492  1D03               	btfss	3,2
  5324     0493  2C95               	goto	u4321
  5325     0494  2C96               	goto	u4320
  5326     0495                     u4321:
  5327     0495  2C9C               	goto	l5613
  5328     0496                     u4320:
  5329     0496                     l5611:
  5330                           
  5331                           ;RelayControl.c: 400:       *DigPtr = 9;
  5332     0496  0832               	movf	TimeAdjustment@DigPtr,w
  5333     0497  0086               	movwf	6
  5334     0498  0187               	clrf	7
  5335     0499  3009               	movlw	9
  5336     049A  0081               	movwf	1
  5337     049B  2CA1               	goto	l5615
  5338     049C                     l5613:
  5339                           
  5340                           ;RelayControl.c: 402:       (*DigPtr)--;
  5341     049C  0832               	movf	TimeAdjustment@DigPtr,w
  5342     049D  0086               	movwf	6
  5343     049E  0187               	clrf	7
  5344     049F  3001               	movlw	1
  5345     04A0  0281               	subwf	1,f
  5346     04A1                     l5615:
  5347     04A1  1003               	clrc
  5348     04A2  0022               	movlb	2	; select bank2
  5349     04A3  1C0E               	btfss	14,0	;volatile
  5350     04A4  1403               	setc
  5351     04A5  1803               	btfsc	3,0
  5352     04A6  2CA8               	goto	u4331
  5353     04A7  2CAB               	goto	u4330
  5354     04A8                     u4331:
  5355     04A8  0022               	movlb	2	; select bank2
  5356     04A9  140E               	bsf	14,0	;volatile
  5357     04AA  2CAD               	goto	u4344
  5358     04AB                     u4330:
  5359     04AB  0022               	movlb	2	; select bank2
  5360     04AC  100E               	bcf	14,0	;volatile
  5361     04AD                     u4344:
  5362     04AD                     l5617:
  5363                           
  5364                           ;RelayControl.c: 407:   if (key[1].fLong) {
  5365     04AD  0023               	movlb	3	; select bank3
  5366     04AE  0852               	movf	(_key^(0+384)+18),w
  5367     04AF  1903               	btfsc	3,2
  5368     04B0  2CB2               	goto	u4351
  5369     04B1  2CB3               	goto	u4350
  5370     04B2                     u4351:
  5371     04B2  2CEA               	goto	l905
  5372     04B3                     u4350:
  5373     04B3                     l5619:
  5374                           
  5375                           ;RelayControl.c: 408:     key[1].fLong = 0;
  5376     04B3  01D2               	clrf	(_key^(0+384)+18)
  5377     04B4                     l5621:
  5378                           
  5379                           ;RelayControl.c: 409:     fLCD_updata = 1;
  5380     04B4  0021               	movlb	1	; select bank1
  5381     04B5  01D9               	clrf	_fLCD_updata^(0+128)
  5382     04B6  0AD9               	incf	_fLCD_updata^(0+128),f
  5383     04B7                     l5623:
  5384     04B7  1003               	clrc
  5385     04B8  0022               	movlb	2	; select bank2
  5386     04B9  1C0E               	btfss	14,0	;volatile
  5387     04BA  1403               	setc
  5388     04BB  1803               	btfsc	3,0
  5389     04BC  2CBE               	goto	u4361
  5390     04BD  2CC1               	goto	u4360
  5391     04BE                     u4361:
  5392     04BE  0022               	movlb	2	; select bank2
  5393     04BF  140E               	bsf	14,0	;volatile
  5394     04C0  2CC3               	goto	u4374
  5395     04C1                     u4360:
  5396     04C1  0022               	movlb	2	; select bank2
  5397     04C2  100E               	bcf	14,0	;volatile
  5398     04C3                     u4374:
  5399     04C3                     l5625:
  5400                           
  5401                           ;RelayControl.c: 411:     LCD_DispMode = eNormal;
  5402     04C3  0020               	movlb	0	; select bank0
  5403     04C4  01EC               	clrf	_LCD_DispMode
  5404     04C5                     l5627:
  5405                           
  5406                           ;RelayControl.c: 412:     Digital2Number(&SetTimer1_cnt, SetTimer1_digi);
  5407     04C5  30E1               	movlw	(low (_SetTimer1_digi| 0))& (0+255)
  5408     04C6  00F8               	movwf	Digital2Number@digital
  5409     04C7  30EC               	movlw	(low (_SetTimer1_cnt| 0))& (0+255)
  5410     04C8  318E  26A3  3183   	fcall	_Digital2Number
  5411     04CB                     l5629:
  5412                           
  5413                           ;RelayControl.c: 413:     Digital2Number(&SetTimer2_cnt, SetTimer2_digi);
  5414     04CB  30DD               	movlw	(low (_SetTimer2_digi| 0))& (0+255)
  5415     04CC  00F8               	movwf	Digital2Number@digital
  5416     04CD  306E               	movlw	(low (_SetTimer2_cnt| 0))& (0+255)
  5417     04CE  318E  26A3  3183   	fcall	_Digital2Number
  5418     04D1                     l5631:
  5419                           
  5420                           ;RelayControl.c: 414:     eeprom_write(0, TimeMode);
  5421     04D1  0020               	movlb	0	; select bank0
  5422     04D2  086D               	movf	_TimeMode,w
  5423     04D3  00F2               	movwf	eeprom_write@value
  5424     04D4  3000               	movlw	0
  5425     04D5  3189  2170  3183   	fcall	_eeprom_write
  5426     04D8                     l5633:
  5427                           
  5428                           ;RelayControl.c: 415:     EEPROM_WriteWord(2, SetTimer1_cnt);
  5429     04D8  0021               	movlb	1	; select bank1
  5430     04D9  086D               	movf	(_SetTimer1_cnt+1)^(0+128),w
  5431     04DA  00F7               	movwf	EEPROM_WriteWord@value+1
  5432     04DB  086C               	movf	_SetTimer1_cnt^(0+128),w
  5433     04DC  00F6               	movwf	EEPROM_WriteWord@value
  5434     04DD  3002               	movlw	2
  5435     04DE  3197  271B  3183   	fcall	_EEPROM_WriteWord
  5436     04E1                     l5635:
  5437                           
  5438                           ;RelayControl.c: 416:     EEPROM_WriteWord(4, SetTimer2_cnt);
  5439     04E1  0020               	movlb	0	; select bank0
  5440     04E2  086F               	movf	_SetTimer2_cnt+1,w
  5441     04E3  00F7               	movwf	EEPROM_WriteWord@value+1
  5442     04E4  086E               	movf	_SetTimer2_cnt,w
  5443     04E5  00F6               	movwf	EEPROM_WriteWord@value
  5444     04E6  3004               	movlw	4
  5445     04E7  3197  271B  3183   	fcall	_EEPROM_WriteWord
  5446     04EA                     l905:
  5447     04EA  0008               	return
  5448     04EB                     __end_of_TimeAdjustment:
  5449                           
  5450                           	psect	text2
  5451     171B                     __ptext2:	
  5452 ;; *************** function _EEPROM_WriteWord *****************
  5453 ;; Defined at:
  5454 ;;		line 18 in file "eeprom.c"
  5455 ;; Parameters:    Size  Location     Type
  5456 ;;  address         1    wreg     unsigned char 
  5457 ;;  value           2    6[COMMON] unsigned short 
  5458 ;; Auto vars:     Size  Location     Type
  5459 ;;  address         1    9[COMMON] unsigned char 
  5460 ;; Return value:  Size  Location     Type
  5461 ;;                  1    wreg      void 
  5462 ;; Registers used:
  5463 ;;		wreg, status,2, status,0, pclath, cstack
  5464 ;; Tracked objects:
  5465 ;;		On entry : 0/0
  5466 ;;		On exit  : 0/0
  5467 ;;		Unchanged: 0/0
  5468 ;; Data sizes:     COMMON   BANK0   BANK1   BANK2   BANK3   BANK4   BANK5   BANK6
  5469 ;;      Params:         2       0       0       0       0       0       0       0
  5470 ;;      Locals:         1       0       0       0       0       0       0       0
  5471 ;;      Temps:          1       0       0       0       0       0       0       0
  5472 ;;      Totals:         4       0       0       0       0       0       0       0
  5473 ;;Total ram usage:        4 bytes
  5474 ;; Hardware stack levels used: 1
  5475 ;; Hardware stack levels required when called: 5
  5476 ;; This function calls:
  5477 ;;		_eeprom_write
  5478 ;; This function is called by:
  5479 ;;		_TimeAdjustment
  5480 ;; This function uses a non-reentrant model
  5481 ;;
  5482                           
  5483     171B                     _EEPROM_WriteWord:	
  5484                           ;psect for function _EEPROM_WriteWord
  5485                           
  5486                           
  5487                           ;incstack = 0
  5488                           ; Regs used in _EEPROM_WriteWord: [wreg+status,2+status,0+pclath+cstack]
  5489                           ;EEPROM_WriteWord@address stored from wreg
  5490     171B  00F9               	movwf	EEPROM_WriteWord@address
  5491     171C                     l5251:
  5492                           
  5493                           ;eeprom.c: 20:   eeprom_write(address, (uint8_t)(value & 0xFF));
  5494     171C  0876               	movf	EEPROM_WriteWord@value,w
  5495     171D  00F2               	movwf	eeprom_write@value
  5496     171E  0879               	movf	EEPROM_WriteWord@address,w
  5497     171F  3189  2170  3197   	fcall	_eeprom_write
  5498                           
  5499                           ;eeprom.c: 22:   eeprom_write(address + 1, (uint8_t)((value >> 8) & 0xFF));
  5500     1722  0877               	movf	EEPROM_WriteWord@value+1,w
  5501     1723  00F2               	movwf	eeprom_write@value
  5502     1724  0879               	movf	EEPROM_WriteWord@address,w
  5503     1725  3E01               	addlw	1
  5504     1726  3189  2170  3197   	fcall	_eeprom_write
  5505     1729                     l5253:
  5506                           
  5507                           ;eeprom.c: 23:   _delay((unsigned long)((5)*(32000000/4000.0)));
  5508     1729  3034               	movlw	52
  5509     172A  00F8               	movwf	??_EEPROM_WriteWord
  5510     172B  30F2               	movlw	242
  5511     172C                     u4447:
  5512     172C  0B89               	decfsz	9,f
  5513     172D  2F2C               	goto	u4447
  5514     172E  0BF8               	decfsz	??_EEPROM_WriteWord,f
  5515     172F  2F2C               	goto	u4447
  5516     1730                     l929:
  5517     1730  0008               	return
  5518     1731                     __end_of_EEPROM_WriteWord:
  5519                           
  5520                           	psect	text3
  5521     0970                     __ptext3:	
  5522 ;; *************** function _eeprom_write *****************
  5523 ;; Defined at:
  5524 ;;		line 6 in file "C:\Program Files\Microchip\xc8\v2.46\pic\sources\c99\pic\__eewrite.c"
  5525 ;; Parameters:    Size  Location     Type
  5526 ;;  addr            1    wreg     unsigned char 
  5527 ;;  value           1    2[COMMON] unsigned char 
  5528 ;; Auto vars:     Size  Location     Type
  5529 ;;  addr            1    5[COMMON] unsigned char 
  5530 ;; Return value:  Size  Location     Type
  5531 ;;                  1    wreg      void 
  5532 ;; Registers used:
  5533 ;;		wreg, status,2, status,0
  5534 ;; Tracked objects:
  5535 ;;		On entry : 0/0
  5536 ;;		On exit  : 0/0
  5537 ;;		Unchanged: 0/0
  5538 ;; Data sizes:     COMMON   BANK0   BANK1   BANK2   BANK3   BANK4   BANK5   BANK6
  5539 ;;      Params:         1       0       0       0       0       0       0       0
  5540 ;;      Locals:         1       0       0       0       0       0       0       0
  5541 ;;      Temps:          2       0       0       0       0       0       0       0
  5542 ;;      Totals:         4       0       0       0       0       0       0       0
  5543 ;;Total ram usage:        4 bytes
  5544 ;; Hardware stack levels used: 1
  5545 ;; Hardware stack levels required when called: 4
  5546 ;; This function calls:
  5547 ;;		Nothing
  5548 ;; This function is called by:
  5549 ;;		_TimeAdjustment
  5550 ;;		_EEPROM_WriteWord
  5551 ;; This function uses a non-reentrant model
  5552 ;;
  5553                           
  5554     0970                     _eeprom_write:	
  5555                           ;psect for function _eeprom_write
  5556                           
  5557                           
  5558                           ;incstack = 0
  5559                           ; Regs used in _eeprom_write: [wreg+status,2+status,0]
  5560                           ;eeprom_write@addr stored from wreg
  5561     0970  00F5               	movwf	eeprom_write@addr
  5562     0971                     l1108:	
  5563                           ;C:\Program Files\Microchip\xc8\v2.46\pic\sources\c99\pic\__eewrite.c: 6: eeprom_write(u
      +                          nsigned char addr, unsigned char value);C:\Program Files\Microchip\xc8\v2.46\pic\sources
      +                          \c99\pic\__eewrite.c: 7: {;C:\Program Files\Microchip\xc8\v2.46\pic\sources\c99\pic\__ee
      +                          write.c: 8:  do{ while (EECON1bits.WR) { continue; } EEADR = (addr); EEDATA = (value); E
      +                          ECON1 &= 0x3F; STATUSbits.CARRY = 0; if (INTCONbits.GIE) { STATUSbits.CARRY = 1; } INTCO
      +                          Nbits.GIE = 0; EECON1bits.WREN = 1; EECON2 = 0x55; EECON2 = 0xAA; EECON1bits.WR = 1; EEC
      +                          ON1bits.WREN = 0; if (STATUSbits.CARRY) { INTCONbits.GIE = 1; } } while (0);
  5564                           
  5565     0971                     l1109:
  5566     0971  0023               	movlb	3	; select bank3
  5567     0972  1895               	btfsc	21,1	;volsfr
  5568     0973  2975               	goto	u3591
  5569     0974  2976               	goto	u3590
  5570     0975                     u3591:
  5571     0975  2971               	goto	l1109
  5572     0976                     u3590:
  5573     0976                     l5107:
  5574     0976  0875               	movf	eeprom_write@addr,w
  5575     0977  00F3               	movwf	??_eeprom_write
  5576     0978  01F4               	clrf	??_eeprom_write+1
  5577     0979  0873               	movf	??_eeprom_write,w
  5578     097A  0091               	movwf	17	;volatile
  5579     097B  0874               	movf	??_eeprom_write+1,w
  5580     097C  0092               	movwf	18	;volatile
  5581     097D  0872               	movf	eeprom_write@value,w
  5582     097E  0093               	movwf	19	;volatile
  5583     097F                     l5109:
  5584     097F  303F               	movlw	63
  5585     0980  00F3               	movwf	??_eeprom_write
  5586     0981  0873               	movf	??_eeprom_write,w
  5587     0982  0595               	andwf	21,f	;volsfr
  5588     0983                     l5111:
  5589     0983  0020               	movlb	0	; select bank0
  5590     0984  1003               	bcf	3,0	;volatile
  5591     0985                     l5113:
  5592     0985  1F8B               	btfss	11,7	;volatile
  5593     0986  2988               	goto	u3601
  5594     0987  2989               	goto	u3600
  5595     0988                     u3601:
  5596     0988  298A               	goto	l1112
  5597     0989                     u3600:
  5598     0989                     l5115:
  5599     0989  1403               	bsf	3,0	;volatile
  5600     098A                     l1112:
  5601     098A  138B               	bcf	11,7	;volatile
  5602     098B  0023               	movlb	3	; select bank3
  5603     098C  1515               	bsf	21,2	;volsfr
  5604     098D                     l5117:
  5605     098D  3055               	movlw	85
  5606     098E  0096               	movwf	22	;volsfr
  5607     098F  30AA               	movlw	170
  5608     0990  0096               	movwf	22	;volsfr
  5609     0991                     l5119:
  5610     0991  1495               	bsf	21,1	;volsfr
  5611     0992                     l5121:
  5612     0992  1115               	bcf	21,2	;volsfr
  5613     0993                     l5123:
  5614     0993  0020               	movlb	0	; select bank0
  5615     0994  1C03               	btfss	3,0	;volatile
  5616     0995  2997               	goto	u3611
  5617     0996  2998               	goto	u3610
  5618     0997                     u3611:
  5619     0997  2999               	goto	l1115
  5620     0998                     u3610:
  5621     0998                     l5125:
  5622     0998  178B               	bsf	11,7	;volatile
  5623     0999                     l1115:
  5624     0999  0008               	return
  5625     099A                     __end_of_eeprom_write:
  5626                           
  5627                           	psect	text4
  5628     0EA3                     __ptext4:	
  5629 ;; *************** function _Digital2Number *****************
  5630 ;; Defined at:
  5631 ;;		line 99 in file "RelayControl.c"
  5632 ;; Parameters:    Size  Location     Type
  5633 ;;  Num             1    wreg     PTR unsigned short 
  5634 ;;		 -> SetTimer2_cnt(2), SetTimer1_cnt(2), 
  5635 ;;  digital         1    8[COMMON] PTR unsigned char 
  5636 ;;		 -> SetTimer2_digi(4), SetTimer1_digi(4), 
  5637 ;; Auto vars:     Size  Location     Type
  5638 ;;  Num             1   16[BANK0 ] PTR unsigned short 
  5639 ;;		 -> SetTimer2_cnt(2), SetTimer1_cnt(2), 
  5640 ;;  temp4           2   14[BANK0 ] unsigned short 
  5641 ;;  temp3           2   12[BANK0 ] unsigned short 
  5642 ;;  temp2           2   10[BANK0 ] unsigned short 
  5643 ;;  temp1           2    8[BANK0 ] unsigned short 
  5644 ;; Return value:  Size  Location     Type
  5645 ;;                  1    wreg      void 
  5646 ;; Registers used:
  5647 ;;		wreg, fsr1l, fsr1h, status,2, status,0, pclath, cstack
  5648 ;; Tracked objects:
  5649 ;;		On entry : 0/0
  5650 ;;		On exit  : 0/0
  5651 ;;		Unchanged: 0/0
  5652 ;; Data sizes:     COMMON   BANK0   BANK1   BANK2   BANK3   BANK4   BANK5   BANK6
  5653 ;;      Params:         1       0       0       0       0       0       0       0
  5654 ;;      Locals:         0       9       0       0       0       0       0       0
  5655 ;;      Temps:          0       8       0       0       0       0       0       0
  5656 ;;      Totals:         1      17       0       0       0       0       0       0
  5657 ;;Total ram usage:       18 bytes
  5658 ;; Hardware stack levels used: 1
  5659 ;; Hardware stack levels required when called: 5
  5660 ;; This function calls:
  5661 ;;		___wmul
  5662 ;; This function is called by:
  5663 ;;		_TimeAdjustment
  5664 ;; This function uses a non-reentrant model
  5665 ;;
  5666                           
  5667     0EA3                     _Digital2Number:	
  5668                           ;psect for function _Digital2Number
  5669                           
  5670                           
  5671                           ;incstack = 0
  5672                           ; Regs used in _Digital2Number: [wreg+fsr1l+fsr1h+status,2+status,0+pclath+cstack]
  5673                           ;Digital2Number@Num stored from wreg
  5674     0EA3  0020               	movlb	0	; select bank0
  5675     0EA4  00B0               	movwf	Digital2Number@Num
  5676     0EA5                     l5243:
  5677                           
  5678                           ;RelayControl.c: 100:   uint16_t temp1 = (uint16_t)digital[0];
  5679     0EA5  0878               	movf	Digital2Number@digital,w
  5680     0EA6  0086               	movwf	6
  5681     0EA7  0187               	clrf	7
  5682     0EA8  0801               	movf	1,w
  5683     0EA9  00A0               	movwf	??_Digital2Number
  5684     0EAA  01A1               	clrf	??_Digital2Number+1
  5685     0EAB  0820               	movf	??_Digital2Number,w
  5686     0EAC  00A8               	movwf	Digital2Number@temp1
  5687     0EAD  0821               	movf	??_Digital2Number+1,w
  5688     0EAE  00A9               	movwf	Digital2Number@temp1+1
  5689                           
  5690                           ;RelayControl.c: 101:   uint16_t temp2 = (uint16_t)digital[1];
  5691     0EAF  0A78               	incf	Digital2Number@digital,w
  5692     0EB0  0086               	movwf	6
  5693     0EB1  0187               	clrf	7
  5694     0EB2  0801               	movf	1,w
  5695     0EB3  00A0               	movwf	??_Digital2Number
  5696     0EB4  01A1               	clrf	??_Digital2Number+1
  5697     0EB5  0820               	movf	??_Digital2Number,w
  5698     0EB6  00AA               	movwf	Digital2Number@temp2
  5699     0EB7  0821               	movf	??_Digital2Number+1,w
  5700     0EB8  00AB               	movwf	Digital2Number@temp2+1
  5701     0EB9                     l5245:
  5702                           
  5703                           ;RelayControl.c: 102:   uint16_t temp3 = (uint16_t)digital[2];
  5704     0EB9  0878               	movf	Digital2Number@digital,w
  5705     0EBA  3E02               	addlw	2
  5706     0EBB  0086               	movwf	6
  5707     0EBC  0187               	clrf	7
  5708     0EBD  0801               	movf	1,w
  5709     0EBE  00A0               	movwf	??_Digital2Number
  5710     0EBF  01A1               	clrf	??_Digital2Number+1
  5711     0EC0  0820               	movf	??_Digital2Number,w
  5712     0EC1  00AC               	movwf	Digital2Number@temp3
  5713     0EC2  0821               	movf	??_Digital2Number+1,w
  5714     0EC3  00AD               	movwf	Digital2Number@temp3+1
  5715     0EC4                     l5247:
  5716                           
  5717                           ;RelayControl.c: 103:   uint16_t temp4 = (uint16_t)digital[3];
  5718     0EC4  0878               	movf	Digital2Number@digital,w
  5719     0EC5  3E03               	addlw	3
  5720     0EC6  0086               	movwf	6
  5721     0EC7  0187               	clrf	7
  5722     0EC8  0801               	movf	1,w
  5723     0EC9  00A0               	movwf	??_Digital2Number
  5724     0ECA  01A1               	clrf	??_Digital2Number+1
  5725     0ECB  0820               	movf	??_Digital2Number,w
  5726     0ECC  00AE               	movwf	Digital2Number@temp4
  5727     0ECD  0821               	movf	??_Digital2Number+1,w
  5728     0ECE  00AF               	movwf	Digital2Number@temp4+1
  5729     0ECF                     l5249:
  5730                           
  5731                           ;RelayControl.c: 105:   *Num = temp1 * 1000 + temp2 * 100 + temp3 * 10 + temp4;
  5732     0ECF  0829               	movf	Digital2Number@temp1+1,w
  5733     0ED0  00F3               	movwf	___wmul@multiplier+1
  5734     0ED1  0828               	movf	Digital2Number@temp1,w
  5735     0ED2  00F2               	movwf	___wmul@multiplier
  5736     0ED3  30E8               	movlw	232
  5737     0ED4  00F4               	movwf	___wmul@multiplicand
  5738     0ED5  3003               	movlw	3
  5739     0ED6  00F5               	movwf	___wmul@multiplicand+1
  5740     0ED7  3188  204C  318E   	fcall	___wmul
  5741     0EDA  0872               	movf	?___wmul,w
  5742     0EDB  0020               	movlb	0	; select bank0
  5743     0EDC  00A0               	movwf	??_Digital2Number
  5744     0EDD  0873               	movf	?___wmul+1,w
  5745     0EDE  00A1               	movwf	??_Digital2Number+1
  5746     0EDF  082B               	movf	Digital2Number@temp2+1,w
  5747     0EE0  00F3               	movwf	___wmul@multiplier+1
  5748     0EE1  082A               	movf	Digital2Number@temp2,w
  5749     0EE2  00F2               	movwf	___wmul@multiplier
  5750     0EE3  3064               	movlw	100
  5751     0EE4  00F4               	movwf	___wmul@multiplicand
  5752     0EE5  3000               	movlw	0
  5753     0EE6  00F5               	movwf	___wmul@multiplicand+1
  5754     0EE7  3188  204C  318E   	fcall	___wmul
  5755     0EEA  0872               	movf	?___wmul,w
  5756     0EEB  0020               	movlb	0	; select bank0
  5757     0EEC  0720               	addwf	??_Digital2Number,w
  5758     0EED  00A2               	movwf	??_Digital2Number+2
  5759     0EEE  0873               	movf	?___wmul+1,w
  5760     0EEF  3D21               	addwfc	??_Digital2Number+1,w
  5761     0EF0  00A3               	movwf	??_Digital2Number+3
  5762     0EF1  082D               	movf	Digital2Number@temp3+1,w
  5763     0EF2  00F3               	movwf	___wmul@multiplier+1
  5764     0EF3  082C               	movf	Digital2Number@temp3,w
  5765     0EF4  00F2               	movwf	___wmul@multiplier
  5766     0EF5  300A               	movlw	10
  5767     0EF6  00F4               	movwf	___wmul@multiplicand
  5768     0EF7  3000               	movlw	0
  5769     0EF8  00F5               	movwf	___wmul@multiplicand+1
  5770     0EF9  3188  204C  318E   	fcall	___wmul
  5771     0EFC  0872               	movf	?___wmul,w
  5772     0EFD  0020               	movlb	0	; select bank0
  5773     0EFE  0722               	addwf	??_Digital2Number+2,w
  5774     0EFF  00A4               	movwf	??_Digital2Number+4
  5775     0F00  0873               	movf	?___wmul+1,w
  5776     0F01  3D23               	addwfc	??_Digital2Number+3,w
  5777     0F02  00A5               	movwf	??_Digital2Number+5
  5778     0F03  082E               	movf	Digital2Number@temp4,w
  5779     0F04  0724               	addwf	??_Digital2Number+4,w
  5780     0F05  00A6               	movwf	??_Digital2Number+6
  5781     0F06  082F               	movf	Digital2Number@temp4+1,w
  5782     0F07  3D25               	addwfc	??_Digital2Number+5,w
  5783     0F08  00A7               	movwf	??_Digital2Number+7
  5784     0F09  0830               	movf	Digital2Number@Num,w
  5785     0F0A  0086               	movwf	6
  5786     0F0B  0187               	clrf	7
  5787     0F0C  0826               	movf	??_Digital2Number+6,w
  5788     0F0D  3FC0               	movwi [0]fsr1
  5789     0F0E  0827               	movf	??_Digital2Number+7,w
  5790     0F0F  3FC1               	movwi [1]fsr1
  5791     0F10                     l779:
  5792     0F10  0008               	return
  5793     0F11                     __end_of_Digital2Number:
  5794                           
  5795                           	psect	text5
  5796     15F9                     __ptext5:	
  5797 ;; *************** function _TMR1_SetInterruptHandler *****************
  5798 ;; Defined at:
  5799 ;;		line 171 in file "mcc_generated_files/tmr1.c"
  5800 ;; Parameters:    Size  Location     Type
  5801 ;;  InterruptHan    2    2[COMMON] PTR FTN()void 
  5802 ;;		 -> TMR1_10msEven(1), 
  5803 ;; Auto vars:     Size  Location     Type
  5804 ;;		None
  5805 ;; Return value:  Size  Location     Type
  5806 ;;                  1    wreg      void 
  5807 ;; Registers used:
  5808 ;;		wreg
  5809 ;; Tracked objects:
  5810 ;;		On entry : 0/0
  5811 ;;		On exit  : 0/0
  5812 ;;		Unchanged: 0/0
  5813 ;; Data sizes:     COMMON   BANK0   BANK1   BANK2   BANK3   BANK4   BANK5   BANK6
  5814 ;;      Params:         2       0       0       0       0       0       0       0
  5815 ;;      Locals:         0       0       0       0       0       0       0       0
  5816 ;;      Temps:          0       0       0       0       0       0       0       0
  5817 ;;      Totals:         2       0       0       0       0       0       0       0
  5818 ;;Total ram usage:        2 bytes
  5819 ;; Hardware stack levels used: 1
  5820 ;; Hardware stack levels required when called: 4
  5821 ;; This function calls:
  5822 ;;		Nothing
  5823 ;; This function is called by:
  5824 ;;		_main
  5825 ;; This function uses a non-reentrant model
  5826 ;;
  5827                           
  5828     15F9                     _TMR1_SetInterruptHandler:	
  5829                           ;psect for function _TMR1_SetInterruptHandler
  5830                           
  5831     15F9                     l4143:	
  5832                           ;incstack = 0
  5833                           ; Regs used in _TMR1_SetInterruptHandler: [wreg]
  5834                           
  5835                           
  5836                           ;mcc_generated_files/tmr1.c: 172:     TMR1_InterruptHandler = InterruptHandler;
  5837     15F9  0873               	movf	TMR1_SetInterruptHandler@InterruptHandler+1,w
  5838     15FA  0021               	movlb	1	; select bank1
  5839     15FB  00CB               	movwf	(_TMR1_InterruptHandler+1)^(0+128)
  5840     15FC  0872               	movf	TMR1_SetInterruptHandler@InterruptHandler,w
  5841     15FD  00CA               	movwf	_TMR1_InterruptHandler^(0+128)
  5842     15FE                     l421:
  5843     15FE  0008               	return
  5844     15FF                     __end_of_TMR1_SetInterruptHandler:
  5845                           
  5846                           	psect	text6
  5847     15F3                     __ptext6:	
  5848 ;; *************** function _TMR0_SetInterruptHandler *****************
  5849 ;; Defined at:
  5850 ;;		line 140 in file "mcc_generated_files/tmr0.c"
  5851 ;; Parameters:    Size  Location     Type
  5852 ;;  InterruptHan    2    2[COMMON] PTR FTN()void 
  5853 ;;		 -> TMR0_10msEven(1), 
  5854 ;; Auto vars:     Size  Location     Type
  5855 ;;		None
  5856 ;; Return value:  Size  Location     Type
  5857 ;;                  1    wreg      void 
  5858 ;; Registers used:
  5859 ;;		wreg
  5860 ;; Tracked objects:
  5861 ;;		On entry : 0/0
  5862 ;;		On exit  : 0/0
  5863 ;;		Unchanged: 0/0
  5864 ;; Data sizes:     COMMON   BANK0   BANK1   BANK2   BANK3   BANK4   BANK5   BANK6
  5865 ;;      Params:         2       0       0       0       0       0       0       0
  5866 ;;      Locals:         0       0       0       0       0       0       0       0
  5867 ;;      Temps:          0       0       0       0       0       0       0       0
  5868 ;;      Totals:         2       0       0       0       0       0       0       0
  5869 ;;Total ram usage:        2 bytes
  5870 ;; Hardware stack levels used: 1
  5871 ;; Hardware stack levels required when called: 4
  5872 ;; This function calls:
  5873 ;;		Nothing
  5874 ;; This function is called by:
  5875 ;;		_main
  5876 ;; This function uses a non-reentrant model
  5877 ;;
  5878                           
  5879     15F3                     _TMR0_SetInterruptHandler:	
  5880                           ;psect for function _TMR0_SetInterruptHandler
  5881                           
  5882     15F3                     l4153:	
  5883                           ;incstack = 0
  5884                           ; Regs used in _TMR0_SetInterruptHandler: [wreg]
  5885                           
  5886                           
  5887                           ;mcc_generated_files/tmr0.c: 141:     TMR0_InterruptHandler = InterruptHandler;
  5888     15F3  0873               	movf	TMR0_SetInterruptHandler@InterruptHandler+1,w
  5889     15F4  0021               	movlb	1	; select bank1
  5890     15F5  00C9               	movwf	(_TMR0_InterruptHandler+1)^(0+128)
  5891     15F6  0872               	movf	TMR0_SetInterruptHandler@InterruptHandler,w
  5892     15F7  00C8               	movwf	_TMR0_InterruptHandler^(0+128)
  5893     15F8                     l482:
  5894     15F8  0008               	return
  5895     15F9                     __end_of_TMR0_SetInterruptHandler:
  5896                           
  5897                           	psect	text7
  5898     16C9                     __ptext7:	
  5899 ;; *************** function _SYSTEM_Initialize *****************
  5900 ;; Defined at:
  5901 ;;		line 48 in file "mcc_generated_files/mcc.c"
  5902 ;; Parameters:    Size  Location     Type
  5903 ;;		None
  5904 ;; Auto vars:     Size  Location     Type
  5905 ;;		None
  5906 ;; Return value:  Size  Location     Type
  5907 ;;                  1    wreg      void 
  5908 ;; Registers used:
  5909 ;;		wreg, status,2, status,0, pclath, cstack
  5910 ;; Tracked objects:
  5911 ;;		On entry : 0/0
  5912 ;;		On exit  : 0/0
  5913 ;;		Unchanged: 0/0
  5914 ;; Data sizes:     COMMON   BANK0   BANK1   BANK2   BANK3   BANK4   BANK5   BANK6
  5915 ;;      Params:         0       0       0       0       0       0       0       0
  5916 ;;      Locals:         0       0       0       0       0       0       0       0
  5917 ;;      Temps:          0       0       0       0       0       0       0       0
  5918 ;;      Totals:         0       0       0       0       0       0       0       0
  5919 ;;Total ram usage:        0 bytes
  5920 ;; Hardware stack levels used: 1
  5921 ;; Hardware stack levels required when called: 5
  5922 ;; This function calls:
  5923 ;;		_I2C_Initialize
  5924 ;;		_OSCILLATOR_Initialize
  5925 ;;		_PIN_MANAGER_Initialize
  5926 ;;		_TMR0_Initialize
  5927 ;;		_TMR1_Initialize
  5928 ;;		_WDT_Initialize
  5929 ;; This function is called by:
  5930 ;;		_main
  5931 ;; This function uses a non-reentrant model
  5932 ;;
  5933                           
  5934     16C9                     _SYSTEM_Initialize:	
  5935                           ;psect for function _SYSTEM_Initialize
  5936                           
  5937     16C9                     l4133:	
  5938                           ;incstack = 0
  5939                           ; Regs used in _SYSTEM_Initialize: [wreg+status,2+status,0+pclath+cstack]
  5940                           
  5941                           
  5942                           ;mcc_generated_files/mcc.c: 50:   I2C_Initialize();
  5943     16C9  3196  2623  3196   	fcall	_I2C_Initialize
  5944                           
  5945                           ;mcc_generated_files/mcc.c: 51:   PIN_MANAGER_Initialize();
  5946     16CC  3187  27E5  3196   	fcall	_PIN_MANAGER_Initialize
  5947                           
  5948                           ;mcc_generated_files/mcc.c: 52:   OSCILLATOR_Initialize();
  5949     16CF  3196  2642  3196   	fcall	_OSCILLATOR_Initialize
  5950                           
  5951                           ;mcc_generated_files/mcc.c: 53:   WDT_Initialize();
  5952     16D2  3195  25AC  3196   	fcall	_WDT_Initialize
  5953                           
  5954                           ;mcc_generated_files/mcc.c: 54:   TMR1_Initialize();
  5955     16D5  3196  26B6  3196   	fcall	_TMR1_Initialize
  5956                           
  5957                           ;mcc_generated_files/mcc.c: 55:   TMR0_Initialize();
  5958     16D8  3196  2675  3196   	fcall	_TMR0_Initialize
  5959     16DB                     l362:
  5960     16DB  0008               	return
  5961     16DC                     __end_of_SYSTEM_Initialize:
  5962                           
  5963                           	psect	text8
  5964     15AC                     __ptext8:	
  5965 ;; *************** function _WDT_Initialize *****************
  5966 ;; Defined at:
  5967 ;;		line 70 in file "mcc_generated_files/mcc.c"
  5968 ;; Parameters:    Size  Location     Type
  5969 ;;		None
  5970 ;; Auto vars:     Size  Location     Type
  5971 ;;		None
  5972 ;; Return value:  Size  Location     Type
  5973 ;;                  1    wreg      void 
  5974 ;; Registers used:
  5975 ;;		wreg
  5976 ;; Tracked objects:
  5977 ;;		On entry : 0/0
  5978 ;;		On exit  : 0/0
  5979 ;;		Unchanged: 0/0
  5980 ;; Data sizes:     COMMON   BANK0   BANK1   BANK2   BANK3   BANK4   BANK5   BANK6
  5981 ;;      Params:         0       0       0       0       0       0       0       0
  5982 ;;      Locals:         0       0       0       0       0       0       0       0
  5983 ;;      Temps:          0       0       0       0       0       0       0       0
  5984 ;;      Totals:         0       0       0       0       0       0       0       0
  5985 ;;Total ram usage:        0 bytes
  5986 ;; Hardware stack levels used: 1
  5987 ;; Hardware stack levels required when called: 4
  5988 ;; This function calls:
  5989 ;;		Nothing
  5990 ;; This function is called by:
  5991 ;;		_SYSTEM_Initialize
  5992 ;; This function uses a non-reentrant model
  5993 ;;
  5994                           
  5995     15AC                     _WDT_Initialize:	
  5996                           ;psect for function _WDT_Initialize
  5997                           
  5998     15AC                     l3961:	
  5999                           ;incstack = 0
  6000                           ; Regs used in _WDT_Initialize: [wreg]
  6001                           
  6002                           
  6003                           ;mcc_generated_files/mcc.c: 72:   WDTCON = 0x16;
  6004     15AC  3016               	movlw	22
  6005     15AD  0021               	movlb	1	; select bank1
  6006     15AE  0097               	movwf	23	;volatile
  6007     15AF                     l371:
  6008     15AF  0008               	return
  6009     15B0                     __end_of_WDT_Initialize:
  6010                           
  6011                           	psect	text9
  6012     16B6                     __ptext9:	
  6013 ;; *************** function _TMR1_Initialize *****************
  6014 ;; Defined at:
  6015 ;;		line 64 in file "mcc_generated_files/tmr1.c"
  6016 ;; Parameters:    Size  Location     Type
  6017 ;;		None
  6018 ;; Auto vars:     Size  Location     Type
  6019 ;;		None
  6020 ;; Return value:  Size  Location     Type
  6021 ;;                  1    wreg      void 
  6022 ;; Registers used:
  6023 ;;		wreg, status,2
  6024 ;; Tracked objects:
  6025 ;;		On entry : 0/0
  6026 ;;		On exit  : 0/0
  6027 ;;		Unchanged: 0/0
  6028 ;; Data sizes:     COMMON   BANK0   BANK1   BANK2   BANK3   BANK4   BANK5   BANK6
  6029 ;;      Params:         0       0       0       0       0       0       0       0
  6030 ;;      Locals:         0       0       0       0       0       0       0       0
  6031 ;;      Temps:          0       0       0       0       0       0       0       0
  6032 ;;      Totals:         0       0       0       0       0       0       0       0
  6033 ;;Total ram usage:        0 bytes
  6034 ;; Hardware stack levels used: 1
  6035 ;; Hardware stack levels required when called: 4
  6036 ;; This function calls:
  6037 ;;		Nothing
  6038 ;; This function is called by:
  6039 ;;		_SYSTEM_Initialize
  6040 ;; This function uses a non-reentrant model
  6041 ;;
  6042                           
  6043     16B6                     _TMR1_Initialize:	
  6044                           ;psect for function _TMR1_Initialize
  6045                           
  6046     16B6                     l3963:	
  6047                           ;incstack = 0
  6048                           ; Regs used in _TMR1_Initialize: [wreg+status,2]
  6049                           
  6050                           
  6051                           ;mcc_generated_files/tmr1.c: 69:     T1GCON = 0x00;
  6052     16B6  0020               	movlb	0	; select bank0
  6053     16B7  0199               	clrf	25	;volatile
  6054     16B8                     l3965:
  6055                           
  6056                           ;mcc_generated_files/tmr1.c: 72:     TMR1H = 0x63;
  6057     16B8  3063               	movlw	99
  6058     16B9  0097               	movwf	23	;volatile
  6059     16BA                     l3967:
  6060                           
  6061                           ;mcc_generated_files/tmr1.c: 75:     TMR1L = 0xC0;
  6062     16BA  30C0               	movlw	192
  6063     16BB  0096               	movwf	22	;volatile
  6064     16BC                     l3969:
  6065                           
  6066                           ;mcc_generated_files/tmr1.c: 78:     PIR1bits.TMR1IF = 0;
  6067     16BC  1011               	bcf	17,0	;volatile
  6068     16BD                     l3971:
  6069                           
  6070                           ;mcc_generated_files/tmr1.c: 81:     timer1ReloadVal=(uint16_t)((TMR1H << 8) | TMR1L);
  6071     16BD  0817               	movf	23,w	;volatile
  6072     16BE  0021               	movlb	1	; select bank1
  6073     16BF  00CD               	movwf	(_timer1ReloadVal+1)^(0+128)	;volatile
  6074     16C0  0020               	movlb	0	; select bank0
  6075     16C1  0816               	movf	22,w	;volatile
  6076     16C2  0021               	movlb	1	; select bank1
  6077     16C3  00CC               	movwf	_timer1ReloadVal^(0+128)	;volatile
  6078     16C4                     l3973:
  6079                           
  6080                           ;mcc_generated_files/tmr1.c: 84:     PIE1bits.TMR1IE = 1;
  6081     16C4  1411               	bsf	17,0	;volatile
  6082     16C5                     l3975:
  6083                           
  6084                           ;mcc_generated_files/tmr1.c: 90:     T1CON = 0x11;
  6085     16C5  3011               	movlw	17
  6086     16C6  0020               	movlb	0	; select bank0
  6087     16C7  0098               	movwf	24	;volatile
  6088     16C8                     l394:
  6089     16C8  0008               	return
  6090     16C9                     __end_of_TMR1_Initialize:
  6091                           
  6092                           	psect	text10
  6093     1675                     __ptext10:	
  6094 ;; *************** function _TMR0_Initialize *****************
  6095 ;; Defined at:
  6096 ;;		line 64 in file "mcc_generated_files/tmr0.c"
  6097 ;; Parameters:    Size  Location     Type
  6098 ;;		None
  6099 ;; Auto vars:     Size  Location     Type
  6100 ;;		None
  6101 ;; Return value:  Size  Location     Type
  6102 ;;                  1    wreg      void 
  6103 ;; Registers used:
  6104 ;;		wreg, status,2
  6105 ;; Tracked objects:
  6106 ;;		On entry : 0/0
  6107 ;;		On exit  : 0/0
  6108 ;;		Unchanged: 0/0
  6109 ;; Data sizes:     COMMON   BANK0   BANK1   BANK2   BANK3   BANK4   BANK5   BANK6
  6110 ;;      Params:         0       0       0       0       0       0       0       0
  6111 ;;      Locals:         0       0       0       0       0       0       0       0
  6112 ;;      Temps:          0       0       0       0       0       0       0       0
  6113 ;;      Totals:         0       0       0       0       0       0       0       0
  6114 ;;Total ram usage:        0 bytes
  6115 ;; Hardware stack levels used: 1
  6116 ;; Hardware stack levels required when called: 4
  6117 ;; This function calls:
  6118 ;;		Nothing
  6119 ;; This function is called by:
  6120 ;;		_SYSTEM_Initialize
  6121 ;; This function uses a non-reentrant model
  6122 ;;
  6123                           
  6124     1675                     _TMR0_Initialize:	
  6125                           ;psect for function _TMR0_Initialize
  6126                           
  6127     1675                     l3977:	
  6128                           ;incstack = 0
  6129                           ; Regs used in _TMR0_Initialize: [wreg+status,2]
  6130                           
  6131                           
  6132                           ;mcc_generated_files/tmr0.c: 69:     OPTION_REG = (uint8_t)((OPTION_REG & 0xC0) | (0xD7 
      +                          & 0x3F));
  6133     1675  0021               	movlb	1	; select bank1
  6134     1676  0815               	movf	21,w	;volatile
  6135     1677  39C0               	andlw	192
  6136     1678  3817               	iorlw	23
  6137     1679  0095               	movwf	21	;volatile
  6138     167A                     l3979:
  6139                           
  6140                           ;mcc_generated_files/tmr0.c: 72:     TMR0 = 0x64;
  6141     167A  3064               	movlw	100
  6142     167B  0020               	movlb	0	; select bank0
  6143     167C  0095               	movwf	21	;volatile
  6144     167D                     l3981:
  6145                           
  6146                           ;mcc_generated_files/tmr0.c: 75:     timer0ReloadVal= 100;
  6147     167D  3064               	movlw	100
  6148     167E  00FB               	movwf	_timer0ReloadVal	;volatile
  6149     167F                     l3983:
  6150                           
  6151                           ;mcc_generated_files/tmr0.c: 78:     INTCONbits.TMR0IF = 0;
  6152     167F  110B               	bcf	11,2	;volatile
  6153     1680                     l3985:
  6154                           
  6155                           ;mcc_generated_files/tmr0.c: 81:     INTCONbits.TMR0IE = 1;
  6156     1680  168B               	bsf	11,5	;volatile
  6157     1681                     l460:
  6158     1681  0008               	return
  6159     1682                     __end_of_TMR0_Initialize:
  6160                           
  6161                           	psect	text11
  6162     07E5                     __ptext11:	
  6163 ;; *************** function _PIN_MANAGER_Initialize *****************
  6164 ;; Defined at:
  6165 ;;		line 55 in file "mcc_generated_files/pin_manager.c"
  6166 ;; Parameters:    Size  Location     Type
  6167 ;;		None
  6168 ;; Auto vars:     Size  Location     Type
  6169 ;;		None
  6170 ;; Return value:  Size  Location     Type
  6171 ;;                  1    wreg      void 
  6172 ;; Registers used:
  6173 ;;		wreg, status,2
  6174 ;; Tracked objects:
  6175 ;;		On entry : 0/0
  6176 ;;		On exit  : 0/0
  6177 ;;		Unchanged: 0/0
  6178 ;; Data sizes:     COMMON   BANK0   BANK1   BANK2   BANK3   BANK4   BANK5   BANK6
  6179 ;;      Params:         0       0       0       0       0       0       0       0
  6180 ;;      Locals:         0       0       0       0       0       0       0       0
  6181 ;;      Temps:          0       0       0       0       0       0       0       0
  6182 ;;      Totals:         0       0       0       0       0       0       0       0
  6183 ;;Total ram usage:        0 bytes
  6184 ;; Hardware stack levels used: 1
  6185 ;; Hardware stack levels required when called: 4
  6186 ;; This function calls:
  6187 ;;		Nothing
  6188 ;; This function is called by:
  6189 ;;		_SYSTEM_Initialize
  6190 ;; This function uses a non-reentrant model
  6191 ;;
  6192                           
  6193     07E5                     _PIN_MANAGER_Initialize:	
  6194                           ;psect for function _PIN_MANAGER_Initialize
  6195                           
  6196     07E5                     l3937:	
  6197                           ;incstack = 0
  6198                           ; Regs used in _PIN_MANAGER_Initialize: [wreg+status,2]
  6199                           
  6200                           
  6201                           ;mcc_generated_files/pin_manager.c: 60:     LATE = 0x00;
  6202     07E5  0022               	movlb	2	; select bank2
  6203     07E6  0190               	clrf	16	;volatile
  6204                           
  6205                           ;mcc_generated_files/pin_manager.c: 61:     LATA = 0x00;
  6206     07E7  018C               	clrf	12	;volatile
  6207                           
  6208                           ;mcc_generated_files/pin_manager.c: 62:     LATB = 0x00;
  6209     07E8  018D               	clrf	13	;volatile
  6210                           
  6211                           ;mcc_generated_files/pin_manager.c: 63:     LATC = 0x00;
  6212     07E9  018E               	clrf	14	;volatile
  6213     07EA                     l3939:
  6214                           
  6215                           ;mcc_generated_files/pin_manager.c: 68:     TRISE = 0x08;
  6216     07EA  3008               	movlw	8
  6217     07EB  0021               	movlb	1	; select bank1
  6218     07EC  0090               	movwf	16	;volatile
  6219     07ED                     l3941:
  6220                           
  6221                           ;mcc_generated_files/pin_manager.c: 69:     TRISA = 0xFF;
  6222     07ED  30FF               	movlw	255
  6223     07EE  008C               	movwf	12	;volatile
  6224     07EF                     l3943:
  6225                           
  6226                           ;mcc_generated_files/pin_manager.c: 70:     TRISB = 0xFF;
  6227     07EF  30FF               	movlw	255
  6228     07F0  008D               	movwf	13	;volatile
  6229     07F1                     l3945:
  6230                           
  6231                           ;mcc_generated_files/pin_manager.c: 71:     TRISC = 0xF8;
  6232     07F1  30F8               	movlw	248
  6233     07F2  008E               	movwf	14	;volatile
  6234                           
  6235                           ;mcc_generated_files/pin_manager.c: 76:     ANSELB = 0x00;
  6236     07F3  0023               	movlb	3	; select bank3
  6237     07F4  018D               	clrf	13	;volatile
  6238     07F5                     l3947:
  6239                           
  6240                           ;mcc_generated_files/pin_manager.c: 77:     ANSELA = 0x3F;
  6241     07F5  303F               	movlw	63
  6242     07F6  008C               	movwf	12	;volatile
  6243     07F7                     l3949:
  6244                           
  6245                           ;mcc_generated_files/pin_manager.c: 82:     WPUE = 0x00;
  6246     07F7  0024               	movlb	4	; select bank4
  6247     07F8  0190               	clrf	16	;volatile
  6248                           
  6249                           ;mcc_generated_files/pin_manager.c: 83:     WPUB = 0x3F;
  6250     07F9  303F               	movlw	63
  6251     07FA  008D               	movwf	13	;volatile
  6252     07FB                     l3951:
  6253                           
  6254                           ;mcc_generated_files/pin_manager.c: 84:     OPTION_REGbits.nWPUEN = 0;
  6255     07FB  0021               	movlb	1	; select bank1
  6256     07FC  1395               	bcf	21,7	;volatile
  6257     07FD                     l3953:
  6258                           
  6259                           ;mcc_generated_files/pin_manager.c: 90:     APFCON = 0x00;
  6260     07FD  0022               	movlb	2	; select bank2
  6261     07FE  019D               	clrf	29	;volatile
  6262     07FF                     l334:
  6263     07FF  0008               	return
  6264     0800                     __end_of_PIN_MANAGER_Initialize:
  6265                           
  6266                           	psect	text12
  6267     1642                     __ptext12:	
  6268 ;; *************** function _OSCILLATOR_Initialize *****************
  6269 ;; Defined at:
  6270 ;;		line 58 in file "mcc_generated_files/mcc.c"
  6271 ;; Parameters:    Size  Location     Type
  6272 ;;		None
  6273 ;; Auto vars:     Size  Location     Type
  6274 ;;		None
  6275 ;; Return value:  Size  Location     Type
  6276 ;;                  1    wreg      void 
  6277 ;; Registers used:
  6278 ;;		wreg, status,2
  6279 ;; Tracked objects:
  6280 ;;		On entry : 0/0
  6281 ;;		On exit  : 0/0
  6282 ;;		Unchanged: 0/0
  6283 ;; Data sizes:     COMMON   BANK0   BANK1   BANK2   BANK3   BANK4   BANK5   BANK6
  6284 ;;      Params:         0       0       0       0       0       0       0       0
  6285 ;;      Locals:         0       0       0       0       0       0       0       0
  6286 ;;      Temps:          0       0       0       0       0       0       0       0
  6287 ;;      Totals:         0       0       0       0       0       0       0       0
  6288 ;;Total ram usage:        0 bytes
  6289 ;; Hardware stack levels used: 1
  6290 ;; Hardware stack levels required when called: 4
  6291 ;; This function calls:
  6292 ;;		Nothing
  6293 ;; This function is called by:
  6294 ;;		_SYSTEM_Initialize
  6295 ;; This function uses a non-reentrant model
  6296 ;;
  6297                           
  6298     1642                     _OSCILLATOR_Initialize:	
  6299                           ;psect for function _OSCILLATOR_Initialize
  6300                           
  6301     1642                     l3955:	
  6302                           ;incstack = 0
  6303                           ; Regs used in _OSCILLATOR_Initialize: [wreg+status,2]
  6304                           
  6305                           
  6306                           ;mcc_generated_files/mcc.c: 60:   OSCCON = 0x70;
  6307     1642  3070               	movlw	112
  6308     1643  0021               	movlb	1	; select bank1
  6309     1644  0099               	movwf	25	;volatile
  6310     1645                     l3957:
  6311                           
  6312                           ;mcc_generated_files/mcc.c: 62:   OSCTUNE = 0x00;
  6313     1645  0198               	clrf	24	;volatile
  6314     1646                     l3959:
  6315                           
  6316                           ;mcc_generated_files/mcc.c: 64:   BORCON = 0x00;
  6317     1646  0022               	movlb	2	; select bank2
  6318     1647  0196               	clrf	22	;volatile
  6319     1648                     l365:	
  6320                           ;mcc_generated_files/mcc.c: 67:   }
  6321                           
  6322                           
  6323                           ;mcc_generated_files/mcc.c: 66:   while (PLLR == 0) {
  6324     1648  0021               	movlb	1	; select bank1
  6325     1649  1F1A               	btfss	26,6	;volatile
  6326     164A  2E4C               	goto	u2361
  6327     164B  2E4D               	goto	u2360
  6328     164C                     u2361:
  6329     164C  2E48               	goto	l365
  6330     164D                     u2360:
  6331     164D                     l368:
  6332     164D  0008               	return
  6333     164E                     __end_of_OSCILLATOR_Initialize:
  6334                           
  6335                           	psect	text13
  6336     1623                     __ptext13:	
  6337 ;; *************** function _I2C_Initialize *****************
  6338 ;; Defined at:
  6339 ;;		line 167 in file "mcc_generated_files/i2c_master.c"
  6340 ;; Parameters:    Size  Location     Type
  6341 ;;		None
  6342 ;; Auto vars:     Size  Location     Type
  6343 ;;		None
  6344 ;; Return value:  Size  Location     Type
  6345 ;;                  1    wreg      void 
  6346 ;; Registers used:
  6347 ;;		wreg, status,2
  6348 ;; Tracked objects:
  6349 ;;		On entry : 0/0
  6350 ;;		On exit  : 0/0
  6351 ;;		Unchanged: 0/0
  6352 ;; Data sizes:     COMMON   BANK0   BANK1   BANK2   BANK3   BANK4   BANK5   BANK6
  6353 ;;      Params:         0       0       0       0       0       0       0       0
  6354 ;;      Locals:         0       0       0       0       0       0       0       0
  6355 ;;      Temps:          0       0       0       0       0       0       0       0
  6356 ;;      Totals:         0       0       0       0       0       0       0       0
  6357 ;;Total ram usage:        0 bytes
  6358 ;; Hardware stack levels used: 1
  6359 ;; Hardware stack levels required when called: 4
  6360 ;; This function calls:
  6361 ;;		Nothing
  6362 ;; This function is called by:
  6363 ;;		_SYSTEM_Initialize
  6364 ;; This function uses a non-reentrant model
  6365 ;;
  6366                           
  6367     1623                     _I2C_Initialize:	
  6368                           ;psect for function _I2C_Initialize
  6369                           
  6370     1623                     l3929:	
  6371                           ;incstack = 0
  6372                           ; Regs used in _I2C_Initialize: [wreg+status,2]
  6373                           
  6374                           
  6375                           ;mcc_generated_files/i2c_master.c: 169:     SSPSTAT = 0x00;
  6376     1623  0024               	movlb	4	; select bank4
  6377     1624  0194               	clrf	20	;volatile
  6378     1625                     l3931:
  6379                           
  6380                           ;mcc_generated_files/i2c_master.c: 170:     SSPCON1 = 0x08;
  6381     1625  3008               	movlw	8
  6382     1626  0095               	movwf	21	;volatile
  6383     1627                     l3933:
  6384                           
  6385                           ;mcc_generated_files/i2c_master.c: 171:     SSPCON2 = 0x00;
  6386     1627  0196               	clrf	22	;volatile
  6387                           
  6388                           ;mcc_generated_files/i2c_master.c: 172:     SSPADD = 0x4F;
  6389     1628  304F               	movlw	79
  6390     1629  0092               	movwf	18	;volatile
  6391     162A                     l3935:
  6392                           
  6393                           ;mcc_generated_files/i2c_master.c: 173:     SSPCON1bits.SSPEN = 0;
  6394     162A  1295               	bcf	21,5	;volatile
  6395     162B                     l123:
  6396     162B  0008               	return
  6397     162C                     __end_of_I2C_Initialize:
  6398                           
  6399                           	psect	text14
  6400     17AC                     __ptext14:	
  6401 ;; *************** function _RelayControl_Init *****************
  6402 ;; Defined at:
  6403 ;;		line 31 in file "RelayControl.c"
  6404 ;; Parameters:    Size  Location     Type
  6405 ;;		None
  6406 ;; Auto vars:     Size  Location     Type
  6407 ;;		None
  6408 ;; Return value:  Size  Location     Type
  6409 ;;                  1    wreg      void 
  6410 ;; Registers used:
  6411 ;;		wreg, fsr0l, fsr0h, fsr1l, fsr1h, status,2, status,0, pclath, cstack
  6412 ;; Tracked objects:
  6413 ;;		On entry : 0/0
  6414 ;;		On exit  : 0/0
  6415 ;;		Unchanged: 0/0
  6416 ;; Data sizes:     COMMON   BANK0   BANK1   BANK2   BANK3   BANK4   BANK5   BANK6
  6417 ;;      Params:         0       0       0       0       0       0       0       0
  6418 ;;      Locals:         0       0       0       0       0       0       0       0
  6419 ;;      Temps:          0       0       0       0       0       0       0       0
  6420 ;;      Totals:         0       0       0       0       0       0       0       0
  6421 ;;Total ram usage:        0 bytes
  6422 ;; Hardware stack levels used: 1
  6423 ;; Hardware stack levels required when called: 5
  6424 ;; This function calls:
  6425 ;;		_strncpy
  6426 ;; This function is called by:
  6427 ;;		_main
  6428 ;; This function uses a non-reentrant model
  6429 ;;
  6430                           
  6431     17AC                     _RelayControl_Init:	
  6432                           ;psect for function _RelayControl_Init
  6433                           
  6434     17AC                     l4155:	
  6435                           ;incstack = 0
  6436                           ; Regs used in _RelayControl_Init: [wreg-fsr1h+status,2+status,0+pclath+cstack]
  6437                           
  6438                           
  6439                           ;RelayControl.c: 33:   LATCbits.LATC2 = 0;;
  6440     17AC  0022               	movlb	2	; select bank2
  6441     17AD  110E               	bcf	14,2	;volatile
  6442     17AE                     l4157:
  6443                           
  6444                           ;RelayControl.c: 34:   RelayState = 0;
  6445     17AE  0021               	movlb	1	; select bank1
  6446     17AF  01CF               	clrf	_RelayState^(0+128)
  6447                           
  6448                           ;RelayControl.c: 35:   TimerState = 0;
  6449     17B0  01D0               	clrf	_TimerState^(0+128)
  6450     17B1                     l4159:
  6451                           
  6452                           ;RelayControl.c: 36:   strncpy(RelayState_buf, "OFF", sizeof(RelayState_buf));
  6453     17B1  30B2               	movlw	low (STR_6| (0+32768))
  6454     17B2  00F2               	movwf	strncpy@s
  6455     17B3  3098               	movlw	high (STR_6| (0+32768))
  6456     17B4  00F3               	movwf	strncpy@s+1
  6457     17B5  3003               	movlw	3
  6458     17B6  00F4               	movwf	strncpy@n
  6459     17B7  3000               	movlw	0
  6460     17B8  00F5               	movwf	strncpy@n+1
  6461     17B9  30E5               	movlw	(low (_RelayState_buf| 0))& (0+255)
  6462     17BA  318A  22C4  3197   	fcall	_strncpy
  6463     17BD                     l4161:
  6464                           
  6465                           ;RelayControl.c: 39:   TimeMode = e0_010S;
  6466     17BD  3003               	movlw	3
  6467     17BE  0020               	movlb	0	; select bank0
  6468     17BF  00ED               	movwf	_TimeMode
  6469     17C0                     l4163:
  6470                           
  6471                           ;RelayControl.c: 40:   LCD_DispMode = eNormal;
  6472     17C0  01EC               	clrf	_LCD_DispMode
  6473     17C1                     l4165:
  6474                           
  6475                           ;RelayControl.c: 41:   AdjustMode = eADJ_T1_DIG1;
  6476     17C1  0021               	movlb	1	; select bank1
  6477     17C2  01D1               	clrf	_AdjustMode^(0+128)
  6478     17C3  0AD1               	incf	_AdjustMode^(0+128),f
  6479     17C4                     l4167:
  6480                           
  6481                           ;RelayControl.c: 42:   fLCD_updata = 1;
  6482     17C4  01D9               	clrf	_fLCD_updata^(0+128)
  6483     17C5  0AD9               	incf	_fLCD_updata^(0+128),f
  6484     17C6                     l764:
  6485     17C6  0008               	return
  6486     17C7                     __end_of_RelayControl_Init:
  6487                           
  6488                           	psect	text15
  6489     1779                     __ptext15:	
  6490 ;; *************** function _POWER_ON_EEPROM_READ *****************
  6491 ;; Defined at:
  6492 ;;		line 10 in file "eeprom.c"
  6493 ;; Parameters:    Size  Location     Type
  6494 ;;		None
  6495 ;; Auto vars:     Size  Location     Type
  6496 ;;		None
  6497 ;; Return value:  Size  Location     Type
  6498 ;;                  1    wreg      void 
  6499 ;; Registers used:
  6500 ;;		wreg, status,2, status,0, pclath, cstack
  6501 ;; Tracked objects:
  6502 ;;		On entry : 0/0
  6503 ;;		On exit  : 0/0
  6504 ;;		Unchanged: 0/0
  6505 ;; Data sizes:     COMMON   BANK0   BANK1   BANK2   BANK3   BANK4   BANK5   BANK6
  6506 ;;      Params:         0       0       0       0       0       0       0       0
  6507 ;;      Locals:         0       0       0       0       0       0       0       0
  6508 ;;      Temps:          0       0       0       0       0       0       0       0
  6509 ;;      Totals:         0       0       0       0       0       0       0       0
  6510 ;;Total ram usage:        0 bytes
  6511 ;; Hardware stack levels used: 1
  6512 ;; Hardware stack levels required when called: 6
  6513 ;; This function calls:
  6514 ;;		_EEPROM_ReadWord
  6515 ;;		_eeprom_read
  6516 ;; This function is called by:
  6517 ;;		_main
  6518 ;; This function uses a non-reentrant model
  6519 ;;
  6520                           
  6521     1779                     _POWER_ON_EEPROM_READ:	
  6522                           ;psect for function _POWER_ON_EEPROM_READ
  6523                           
  6524     1779                     l5277:	
  6525                           ;incstack = 0
  6526                           ; Regs used in _POWER_ON_EEPROM_READ: [wreg+status,2+status,0+pclath+cstack]
  6527                           
  6528                           
  6529                           ;eeprom.c: 11:   TimeMode = eeprom_read(0);
  6530     1779  3000               	movlw	0
  6531     177A  3197  2706  3197   	fcall	_eeprom_read
  6532     177D  0020               	movlb	0	; select bank0
  6533     177E  00ED               	movwf	_TimeMode
  6534                           
  6535                           ;eeprom.c: 12:   SetTimer1_cnt = EEPROM_ReadWord(2);
  6536     177F  3002               	movlw	2
  6537     1780  3188  206B  3197   	fcall	_EEPROM_ReadWord
  6538     1783  0877               	movf	?_EEPROM_ReadWord+1,w
  6539     1784  0021               	movlb	1	; select bank1
  6540     1785  00ED               	movwf	(_SetTimer1_cnt+1)^(0+128)
  6541     1786  0876               	movf	?_EEPROM_ReadWord,w
  6542     1787  00EC               	movwf	_SetTimer1_cnt^(0+128)
  6543                           
  6544                           ;eeprom.c: 13:   SetTimer2_cnt = EEPROM_ReadWord(4);
  6545     1788  3004               	movlw	4
  6546     1789  3188  206B  3197   	fcall	_EEPROM_ReadWord
  6547     178C  0877               	movf	?_EEPROM_ReadWord+1,w
  6548     178D  0020               	movlb	0	; select bank0
  6549     178E  00EF               	movwf	_SetTimer2_cnt+1
  6550     178F  0876               	movf	?_EEPROM_ReadWord,w
  6551     1790  00EE               	movwf	_SetTimer2_cnt
  6552     1791                     l926:
  6553     1791  0008               	return
  6554     1792                     __end_of_POWER_ON_EEPROM_READ:
  6555                           
  6556                           	psect	text16
  6557     086B                     __ptext16:	
  6558 ;; *************** function _EEPROM_ReadWord *****************
  6559 ;; Defined at:
  6560 ;;		line 28 in file "eeprom.c"
  6561 ;; Parameters:    Size  Location     Type
  6562 ;;  address         1    wreg     unsigned char 
  6563 ;; Auto vars:     Size  Location     Type
  6564 ;;  address         1    7[BANK0 ] unsigned char 
  6565 ;;  high            1    6[BANK0 ] unsigned char 
  6566 ;;  low             1    5[BANK0 ] unsigned char 
  6567 ;; Return value:  Size  Location     Type
  6568 ;;                  2    6[COMMON] unsigned short 
  6569 ;; Registers used:
  6570 ;;		wreg, status,2, status,0, pclath, cstack
  6571 ;; Tracked objects:
  6572 ;;		On entry : 0/0
  6573 ;;		On exit  : 0/0
  6574 ;;		Unchanged: 0/0
  6575 ;; Data sizes:     COMMON   BANK0   BANK1   BANK2   BANK3   BANK4   BANK5   BANK6
  6576 ;;      Params:         2       0       0       0       0       0       0       0
  6577 ;;      Locals:         0       3       0       0       0       0       0       0
  6578 ;;      Temps:          0       5       0       0       0       0       0       0
  6579 ;;      Totals:         2       8       0       0       0       0       0       0
  6580 ;;Total ram usage:       10 bytes
  6581 ;; Hardware stack levels used: 1
  6582 ;; Hardware stack levels required when called: 5
  6583 ;; This function calls:
  6584 ;;		_eeprom_read
  6585 ;; This function is called by:
  6586 ;;		_POWER_ON_EEPROM_READ
  6587 ;; This function uses a non-reentrant model
  6588 ;;
  6589                           
  6590     086B                     _EEPROM_ReadWord:	
  6591                           ;psect for function _EEPROM_ReadWord
  6592                           
  6593                           
  6594                           ;incstack = 0
  6595                           ; Regs used in _EEPROM_ReadWord: [wreg+status,2+status,0+pclath+cstack]
  6596                           ;EEPROM_ReadWord@address stored from wreg
  6597     086B  0020               	movlb	0	; select bank0
  6598     086C  00A7               	movwf	EEPROM_ReadWord@address
  6599     086D                     l5255:
  6600                           
  6601                           ;eeprom.c: 29:   uint8_t low = eeprom_read(address);
  6602     086D  0827               	movf	EEPROM_ReadWord@address,w
  6603     086E  3197  2706  3188   	fcall	_eeprom_read
  6604     0871  0020               	movlb	0	; select bank0
  6605     0872  00A5               	movwf	EEPROM_ReadWord@low
  6606                           
  6607                           ;eeprom.c: 30:   uint8_t high = eeprom_read(address + 1);
  6608     0873  0827               	movf	EEPROM_ReadWord@address,w
  6609     0874  3E01               	addlw	1
  6610     0875  3197  2706  3188   	fcall	_eeprom_read
  6611     0878  0020               	movlb	0	; select bank0
  6612     0879  00A6               	movwf	EEPROM_ReadWord@high
  6613     087A                     l5257:
  6614                           
  6615                           ;eeprom.c: 31:   return ((uint16_t)high << 8) | low;
  6616     087A  0825               	movf	EEPROM_ReadWord@low,w
  6617     087B  00A0               	movwf	??_EEPROM_ReadWord
  6618     087C  01A1               	clrf	??_EEPROM_ReadWord+1
  6619     087D  0826               	movf	EEPROM_ReadWord@high,w
  6620     087E  00A2               	movwf	??_EEPROM_ReadWord+2
  6621     087F  01A3               	clrf	??_EEPROM_ReadWord+3
  6622     0880  0822               	movf	??_EEPROM_ReadWord+2,w
  6623     0881  00A3               	movwf	??_EEPROM_ReadWord+3
  6624     0882  01A2               	clrf	??_EEPROM_ReadWord+2
  6625     0883  0820               	movf	??_EEPROM_ReadWord,w
  6626     0884  0422               	iorwf	??_EEPROM_ReadWord+2,w
  6627     0885  00F6               	movwf	?_EEPROM_ReadWord
  6628     0886  0821               	movf	??_EEPROM_ReadWord+1,w
  6629     0887  0423               	iorwf	??_EEPROM_ReadWord+3,w
  6630     0888  00F7               	movwf	?_EEPROM_ReadWord+1
  6631     0889                     l932:
  6632     0889  0008               	return
  6633     088A                     __end_of_EEPROM_ReadWord:
  6634                           
  6635                           	psect	text17
  6636     1706                     __ptext17:	
  6637 ;; *************** function _eeprom_read *****************
  6638 ;; Defined at:
  6639 ;;		line 6 in file "C:\Program Files\Microchip\xc8\v2.46\pic\sources\c99\pic\__eeread.c"
  6640 ;; Parameters:    Size  Location     Type
  6641 ;;  addr            1    wreg     unsigned char 
  6642 ;; Auto vars:     Size  Location     Type
  6643 ;;  addr            1    5[COMMON] unsigned char 
  6644 ;; Return value:  Size  Location     Type
  6645 ;;                  1    wreg      unsigned char 
  6646 ;; Registers used:
  6647 ;;		wreg, status,2, status,0
  6648 ;; Tracked objects:
  6649 ;;		On entry : 0/0
  6650 ;;		On exit  : 0/0
  6651 ;;		Unchanged: 0/0
  6652 ;; Data sizes:     COMMON   BANK0   BANK1   BANK2   BANK3   BANK4   BANK5   BANK6
  6653 ;;      Params:         0       0       0       0       0       0       0       0
  6654 ;;      Locals:         1       0       0       0       0       0       0       0
  6655 ;;      Temps:          3       0       0       0       0       0       0       0
  6656 ;;      Totals:         4       0       0       0       0       0       0       0
  6657 ;;Total ram usage:        4 bytes
  6658 ;; Hardware stack levels used: 1
  6659 ;; Hardware stack levels required when called: 4
  6660 ;; This function calls:
  6661 ;;		Nothing
  6662 ;; This function is called by:
  6663 ;;		_POWER_ON_EEPROM_READ
  6664 ;;		_EEPROM_ReadWord
  6665 ;; This function uses a non-reentrant model
  6666 ;;
  6667                           
  6668     1706                     _eeprom_read:	
  6669                           ;psect for function _eeprom_read
  6670                           
  6671                           
  6672                           ;incstack = 0
  6673                           ; Regs used in _eeprom_read: [wreg+status,2+status,0]
  6674                           ;eeprom_read@addr stored from wreg
  6675     1706  00F5               	movwf	eeprom_read@addr
  6676     1707                     l1089:	
  6677                           ;C:\Program Files\Microchip\xc8\v2.46\pic\sources\c99\pic\__eeread.c: 6: eeprom_read(uns
      +                          igned char addr);C:\Program Files\Microchip\xc8\v2.46\pic\sources\c99\pic\__eeread.c: 7:
      +                           {;C:\Program Files\Microchip\xc8\v2.46\pic\sources\c99\pic\__eeread.c: 8:  do
  6678                           
  6679     1707  0064               	clrwdt	;# 
  6680     1708  0023               	movlb	3	; select bank3
  6681     1709  1895               	btfsc	21,1	;volsfr
  6682     170A  2F0C               	goto	u3621
  6683     170B  2F0D               	goto	u3620
  6684     170C                     u3621:
  6685     170C  2F07               	goto	l1089
  6686     170D                     u3620:
  6687     170D                     l5127:
  6688                           
  6689                           ;C:\Program Files\Microchip\xc8\v2.46\pic\sources\c99\pic\__eeread.c: 18:  return ( EEAD
      +                          R = addr, EECON1 &= 0x3F, EECON1bits.RD = 1, EEDATA);
  6690     170D  0875               	movf	eeprom_read@addr,w
  6691     170E  00F2               	movwf	??_eeprom_read
  6692     170F  01F3               	clrf	??_eeprom_read+1
  6693     1710  0872               	movf	??_eeprom_read,w
  6694     1711  0091               	movwf	17	;volatile
  6695     1712  0873               	movf	??_eeprom_read+1,w
  6696     1713  0092               	movwf	18	;volatile
  6697     1714  303F               	movlw	63
  6698     1715  00F4               	movwf	??_eeprom_read+2
  6699     1716  0874               	movf	??_eeprom_read+2,w
  6700     1717  0595               	andwf	21,f	;volsfr
  6701     1718  1415               	bsf	21,0	;volsfr
  6702     1719  0813               	movf	19,w	;volatile
  6703     171A                     l1091:
  6704     171A  0008               	return
  6705     171B                     __end_of_eeprom_read:
  6706                           
  6707                           	psect	text18
  6708     0D1E                     __ptext18:	
  6709 ;; *************** function _Normal *****************
  6710 ;; Defined at:
  6711 ;;		line 250 in file "RelayControl.c"
  6712 ;; Parameters:    Size  Location     Type
  6713 ;;		None
  6714 ;; Auto vars:     Size  Location     Type
  6715 ;;		None
  6716 ;; Return value:  Size  Location     Type
  6717 ;;                  1    wreg      void 
  6718 ;; Registers used:
  6719 ;;		wreg, fsr0l, fsr0h, fsr1l, fsr1h, status,2, status,0, pclath, cstack
  6720 ;; Tracked objects:
  6721 ;;		On entry : 0/0
  6722 ;;		On exit  : 0/0
  6723 ;;		Unchanged: 0/0
  6724 ;; Data sizes:     COMMON   BANK0   BANK1   BANK2   BANK3   BANK4   BANK5   BANK6
  6725 ;;      Params:         0       0       0       0       0       0       0       0
  6726 ;;      Locals:         0       0       0       0       0       0       0       0
  6727 ;;      Temps:          0       0       0       0       0       0       0       0
  6728 ;;      Totals:         0       0       0       0       0       0       0       0
  6729 ;;Total ram usage:        0 bytes
  6730 ;; Hardware stack levels used: 1
  6731 ;; Hardware stack levels required when called: 5
  6732 ;; This function calls:
  6733 ;;		_TimeModeSelect
  6734 ;;		_strncpy
  6735 ;; This function is called by:
  6736 ;;		_main
  6737 ;; This function uses a non-reentrant model
  6738 ;;
  6739                           
  6740     0D1E                     _Normal:	
  6741                           ;psect for function _Normal
  6742                           
  6743     0D1E                     l4347:	
  6744                           ;incstack = 0
  6745                           ; Regs used in _Normal: [wreg-fsr1h+status,2+status,0+pclath+cstack]
  6746                           
  6747                           
  6748                           ;RelayControl.c: 252:   if (key[1].fLong) {
  6749     0D1E  0023               	movlb	3	; select bank3
  6750     0D1F  0852               	movf	(_key^(0+384)+18),w
  6751     0D20  1903               	btfsc	3,2
  6752     0D21  2D23               	goto	u2641
  6753     0D22  2D24               	goto	u2640
  6754     0D23                     u2641:
  6755     0D23  2D45               	goto	l4361
  6756     0D24                     u2640:
  6757     0D24                     l4349:
  6758                           
  6759                           ;RelayControl.c: 253:     key[1].fLong = 0;
  6760     0D24  01D2               	clrf	(_key^(0+384)+18)
  6761     0D25                     l4351:
  6762                           
  6763                           ;RelayControl.c: 254:     fLCD_updata = 1;
  6764     0D25  0021               	movlb	1	; select bank1
  6765     0D26  01D9               	clrf	_fLCD_updata^(0+128)
  6766     0D27  0AD9               	incf	_fLCD_updata^(0+128),f
  6767     0D28                     l4353:
  6768                           
  6769                           ;RelayControl.c: 255:     LCD_DispMode = eFunctionSet;
  6770     0D28  0020               	movlb	0	; select bank0
  6771     0D29  01EC               	clrf	_LCD_DispMode
  6772     0D2A  0AEC               	incf	_LCD_DispMode,f
  6773                           
  6774                           ;RelayControl.c: 256:     OutState = 0;
  6775     0D2B  01FA               	clrf	_OutState
  6776     0D2C                     l4355:
  6777                           
  6778                           ;RelayControl.c: 257:     strncpy(RelayState_buf, "OFF", sizeof(RelayState_buf));
  6779     0D2C  30B2               	movlw	low (STR_6| (0+32768))
  6780     0D2D  00F2               	movwf	strncpy@s
  6781     0D2E  3098               	movlw	high (STR_6| (0+32768))
  6782     0D2F  00F3               	movwf	strncpy@s+1
  6783     0D30  3003               	movlw	3
  6784     0D31  00F4               	movwf	strncpy@n
  6785     0D32  3000               	movlw	0
  6786     0D33  00F5               	movwf	strncpy@n+1
  6787     0D34  30E5               	movlw	(low (_RelayState_buf| 0))& (0+255)
  6788     0D35  318A  22C4  318D   	fcall	_strncpy
  6789     0D38                     l4357:
  6790                           
  6791                           ;RelayControl.c: 258:     LATCbits.LATC2 = 0;;
  6792     0D38  0022               	movlb	2	; select bank2
  6793     0D39  110E               	bcf	14,2	;volatile
  6794     0D3A                     l4359:
  6795     0D3A  1003               	clrc
  6796     0D3B  1C0E               	btfss	14,0	;volatile
  6797     0D3C  1403               	setc
  6798     0D3D  1803               	btfsc	3,0
  6799     0D3E  2D40               	goto	u2651
  6800     0D3F  2D43               	goto	u2650
  6801     0D40                     u2651:
  6802     0D40  0022               	movlb	2	; select bank2
  6803     0D41  140E               	bsf	14,0	;volatile
  6804     0D42  2D45               	goto	u2664
  6805     0D43                     u2650:
  6806     0D43  0022               	movlb	2	; select bank2
  6807     0D44  100E               	bcf	14,0	;volatile
  6808     0D45                     u2664:
  6809     0D45                     l4361:
  6810                           
  6811                           ;RelayControl.c: 264:   if (key[3].fShort) {
  6812     0D45  0023               	movlb	3	; select bank3
  6813     0D46  086A               	movf	(_key^(0+384)+42),w
  6814     0D47  1903               	btfsc	3,2
  6815     0D48  2D4A               	goto	u2671
  6816     0D49  2D4B               	goto	u2670
  6817     0D4A                     u2671:
  6818     0D4A  2D7C               	goto	l837
  6819     0D4B                     u2670:
  6820     0D4B                     l4363:
  6821                           
  6822                           ;RelayControl.c: 265:     key[3].fShort = 0;
  6823     0D4B  01EA               	clrf	(_key^(0+384)+42)
  6824     0D4C                     l4365:
  6825                           
  6826                           ;RelayControl.c: 266:     OutState = !OutState;
  6827     0D4C  087A               	movf	_OutState,w
  6828     0D4D  1903               	btfsc	3,2
  6829     0D4E  2D50               	goto	u2681
  6830     0D4F  2D52               	goto	u2680
  6831     0D50                     u2681:
  6832     0D50  3001               	movlw	1
  6833     0D51  2D53               	goto	u2690
  6834     0D52                     u2680:
  6835     0D52  3000               	movlw	0
  6836     0D53                     u2690:
  6837     0D53  00FA               	movwf	_OutState
  6838     0D54                     l4367:
  6839                           
  6840                           ;RelayControl.c: 267:     fLCD_updata = 1;
  6841     0D54  0021               	movlb	1	; select bank1
  6842     0D55  01D9               	clrf	_fLCD_updata^(0+128)
  6843     0D56  0AD9               	incf	_fLCD_updata^(0+128),f
  6844     0D57                     l4369:
  6845                           
  6846                           ;RelayControl.c: 268:     if (OutState) {
  6847     0D57  087A               	movf	_OutState,w
  6848     0D58  1903               	btfsc	3,2
  6849     0D59  2D5B               	goto	u2701
  6850     0D5A  2D5C               	goto	u2700
  6851     0D5B                     u2701:
  6852     0D5B  2D6E               	goto	l835
  6853     0D5C                     u2700:
  6854     0D5C                     l4371:
  6855                           
  6856                           ;RelayControl.c: 269:       TimeModeSelect();
  6857     0D5C  318A  2227  318D   	fcall	_TimeModeSelect
  6858     0D5F                     l4373:
  6859                           
  6860                           ;RelayControl.c: 270:       strncpy(RelayState_buf, " ON", sizeof(RelayState_buf));
  6861     0D5F  30B6               	movlw	low (STR_20| (0+32768))
  6862     0D60  00F2               	movwf	strncpy@s
  6863     0D61  3098               	movlw	high (STR_20| (0+32768))
  6864     0D62  00F3               	movwf	strncpy@s+1
  6865     0D63  3003               	movlw	3
  6866     0D64  00F4               	movwf	strncpy@n
  6867     0D65  3000               	movlw	0
  6868     0D66  00F5               	movwf	strncpy@n+1
  6869     0D67  30E5               	movlw	(low (_RelayState_buf| 0))& (0+255)
  6870     0D68  318A  22C4  318D   	fcall	_strncpy
  6871     0D6B                     l4375:
  6872                           
  6873                           ;RelayControl.c: 271:       LATCbits.LATC2 = 1;;
  6874     0D6B  0022               	movlb	2	; select bank2
  6875     0D6C  150E               	bsf	14,2	;volatile
  6876                           
  6877                           ;RelayControl.c: 272:     } else {
  6878     0D6D  2D7C               	goto	l837
  6879     0D6E                     l835:
  6880                           
  6881                           ;RelayControl.c: 273:       LATCbits.LATC2 = 0;;
  6882     0D6E  0022               	movlb	2	; select bank2
  6883     0D6F  110E               	bcf	14,2	;volatile
  6884     0D70                     l4377:
  6885                           
  6886                           ;RelayControl.c: 274:       strncpy(RelayState_buf, "OFF", sizeof(RelayState_buf));
  6887     0D70  30B2               	movlw	low (STR_6| (0+32768))
  6888     0D71  00F2               	movwf	strncpy@s
  6889     0D72  3098               	movlw	high (STR_6| (0+32768))
  6890     0D73  00F3               	movwf	strncpy@s+1
  6891     0D74  3003               	movlw	3
  6892     0D75  00F4               	movwf	strncpy@n
  6893     0D76  3000               	movlw	0
  6894     0D77  00F5               	movwf	strncpy@n+1
  6895     0D78  30E5               	movlw	(low (_RelayState_buf| 0))& (0+255)
  6896     0D79  318A  22C4  318D   	fcall	_strncpy
  6897     0D7C                     l837:
  6898     0D7C  0008               	return
  6899     0D7D                     __end_of_Normal:
  6900                           
  6901                           	psect	text19
  6902     0A27                     __ptext19:	
  6903 ;; *************** function _TimeModeSelect *****************
  6904 ;; Defined at:
  6905 ;;		line 45 in file "RelayControl.c"
  6906 ;; Parameters:    Size  Location     Type
  6907 ;;		None
  6908 ;; Auto vars:     Size  Location     Type
  6909 ;;		None
  6910 ;; Return value:  Size  Location     Type
  6911 ;;                  1    wreg      void 
  6912 ;; Registers used:
  6913 ;;		wreg, fsr0l, fsr0h, status,2, status,0
  6914 ;; Tracked objects:
  6915 ;;		On entry : 0/0
  6916 ;;		On exit  : 0/0
  6917 ;;		Unchanged: 0/0
  6918 ;; Data sizes:     COMMON   BANK0   BANK1   BANK2   BANK3   BANK4   BANK5   BANK6
  6919 ;;      Params:         0       0       0       0       0       0       0       0
  6920 ;;      Locals:         0       0       0       0       0       0       0       0
  6921 ;;      Temps:          0       0       0       0       0       0       0       0
  6922 ;;      Totals:         0       0       0       0       0       0       0       0
  6923 ;;Total ram usage:        0 bytes
  6924 ;; Hardware stack levels used: 1
  6925 ;; Hardware stack levels required when called: 4
  6926 ;; This function calls:
  6927 ;;		Nothing
  6928 ;; This function is called by:
  6929 ;;		_main
  6930 ;;		_Normal
  6931 ;; This function uses a non-reentrant model
  6932 ;;
  6933                           
  6934     0A27                     _TimeModeSelect:	
  6935                           ;psect for function _TimeModeSelect
  6936                           
  6937     0A27                     l4017:	
  6938                           ;incstack = 0
  6939                           ; Regs used in _TimeModeSelect: [wreg-fsr0h+status,2+status,0]
  6940                           
  6941                           
  6942                           ;RelayControl.c: 46:   switch (TimeMode) {
  6943     0A27  2A4A               	goto	l4029
  6944     0A28                     l4019:
  6945                           
  6946                           ;RelayControl.c: 48:     T1_1000ms_cnt = 0;
  6947     0A28  0021               	movlb	1	; select bank1
  6948     0A29  01C0               	clrf	_T1_1000ms_cnt^(0+128)
  6949     0A2A  01C1               	clrf	(_T1_1000ms_cnt+1)^(0+128)
  6950                           
  6951                           ;RelayControl.c: 49:     x100T_cnt = 0;
  6952     0A2B  01BA               	clrf	_x100T_cnt^(0+128)
  6953     0A2C  01BB               	clrf	(_x100T_cnt+1)^(0+128)
  6954                           
  6955                           ;RelayControl.c: 50:     fT1_1second = 0;
  6956     0A2D  01D3               	clrf	_fT1_1second^(0+128)
  6957                           
  6958                           ;RelayControl.c: 51:     break;
  6959     0A2E  2A56               	goto	l4031
  6960     0A2F                     l4021:
  6961                           
  6962                           ;RelayControl.c: 53:     T1_100ms_cnt = 0;
  6963     0A2F  0021               	movlb	1	; select bank1
  6964     0A30  01C2               	clrf	_T1_100ms_cnt^(0+128)
  6965     0A31  01C3               	clrf	(_T1_100ms_cnt+1)^(0+128)
  6966                           
  6967                           ;RelayControl.c: 54:     x10T_cnt = 0;
  6968     0A32  01BC               	clrf	_x10T_cnt^(0+128)
  6969     0A33  01BD               	clrf	(_x10T_cnt+1)^(0+128)
  6970                           
  6971                           ;RelayControl.c: 55:     fT1_100ms = 0;
  6972     0A34  01D4               	clrf	_fT1_100ms^(0+128)
  6973                           
  6974                           ;RelayControl.c: 56:     break;
  6975     0A35  2A56               	goto	l4031
  6976     0A36                     l4023:
  6977                           
  6978                           ;RelayControl.c: 58:     x1T_cnt = 0;
  6979     0A36  0021               	movlb	1	; select bank1
  6980     0A37  01BE               	clrf	_x1T_cnt^(0+128)
  6981     0A38  01BF               	clrf	(_x1T_cnt+1)^(0+128)
  6982                           
  6983                           ;RelayControl.c: 59:     fT1_10ms = 0;
  6984     0A39  01D5               	clrf	_fT1_10ms^(0+128)
  6985                           
  6986                           ;RelayControl.c: 60:     break;
  6987     0A3A  2A56               	goto	l4031
  6988     0A3B                     l4025:
  6989                           
  6990                           ;RelayControl.c: 66:     T1_1000ms_cnt = 0;
  6991     0A3B  0021               	movlb	1	; select bank1
  6992     0A3C  01C0               	clrf	_T1_1000ms_cnt^(0+128)
  6993     0A3D  01C1               	clrf	(_T1_1000ms_cnt+1)^(0+128)
  6994                           
  6995                           ;RelayControl.c: 67:     x100T_cnt = 0;
  6996     0A3E  01BA               	clrf	_x100T_cnt^(0+128)
  6997     0A3F  01BB               	clrf	(_x100T_cnt+1)^(0+128)
  6998                           
  6999                           ;RelayControl.c: 68:     fT1_1second = 0;
  7000     0A40  01D3               	clrf	_fT1_1second^(0+128)
  7001                           
  7002                           ;RelayControl.c: 69:     T1_100ms_cnt = 0;
  7003     0A41  01C2               	clrf	_T1_100ms_cnt^(0+128)
  7004     0A42  01C3               	clrf	(_T1_100ms_cnt+1)^(0+128)
  7005                           
  7006                           ;RelayControl.c: 70:     x10T_cnt = 0;
  7007     0A43  01BC               	clrf	_x10T_cnt^(0+128)
  7008     0A44  01BD               	clrf	(_x10T_cnt+1)^(0+128)
  7009                           
  7010                           ;RelayControl.c: 71:     fT1_100ms = 0;
  7011     0A45  01D4               	clrf	_fT1_100ms^(0+128)
  7012                           
  7013                           ;RelayControl.c: 72:     x1T_cnt = 0;
  7014     0A46  01BE               	clrf	_x1T_cnt^(0+128)
  7015     0A47  01BF               	clrf	(_x1T_cnt+1)^(0+128)
  7016                           
  7017                           ;RelayControl.c: 73:     fT1_10ms = 0;
  7018     0A48  01D5               	clrf	_fT1_10ms^(0+128)
  7019                           
  7020                           ;RelayControl.c: 74:     break;
  7021     0A49  2A56               	goto	l4031
  7022     0A4A                     l4029:
  7023     0A4A  0020               	movlb	0	; select bank0
  7024     0A4B  086D               	movf	_TimeMode,w
  7025                           
  7026                           ; Switch size 1, requested type "simple"
  7027                           ; Number of cases is 3, Range of values is 1 to 3
  7028                           ; switch strategies available:
  7029                           ; Name         Instructions Cycles
  7030                           ; simple_byte           10     6 (average)
  7031                           ; direct_byte           15     9 (fixed)
  7032                           ; jumptable            263     9 (fixed)
  7033                           ;	Chosen strategy is simple_byte
  7034     0A4C  3A01               	xorlw	1	; case 1
  7035     0A4D  1903               	skipnz
  7036     0A4E  2A28               	goto	l4019
  7037     0A4F  3A03               	xorlw	3	; case 2
  7038     0A50  1903               	skipnz
  7039     0A51  2A2F               	goto	l4021
  7040     0A52  3A01               	xorlw	1	; case 3
  7041     0A53  1903               	skipnz
  7042     0A54  2A36               	goto	l4023
  7043     0A55  2A3B               	goto	l4025
  7044     0A56                     l4031:
  7045                           
  7046                           ;RelayControl.c: 76:   xComm_cnt = 0;
  7047     0A56  01B8               	clrf	_xComm_cnt^(0+128)
  7048     0A57  01B9               	clrf	(_xComm_cnt+1)^(0+128)
  7049                           
  7050                           ;RelayControl.c: 77:   fT1_TimerUp = 0;
  7051     0A58  01D2               	clrf	_fT1_TimerUp^(0+128)
  7052     0A59                     l773:
  7053     0A59  0008               	return
  7054     0A5A                     __end_of_TimeModeSelect:
  7055                           
  7056                           	psect	text20
  7057     17E3                     __ptext20:	
  7058 ;; *************** function _LCD_SetCursor *****************
  7059 ;; Defined at:
  7060 ;;		line 198 in file "hd44780_i2c.c"
  7061 ;; Parameters:    Size  Location     Type
  7062 ;;  col             1    wreg     unsigned char 
  7063 ;;  row             1   15[BANK0 ] unsigned char 
  7064 ;; Auto vars:     Size  Location     Type
  7065 ;;  col             1   20[BANK0 ] unsigned char 
  7066 ;;  row_offsets     4   16[BANK0 ] unsigned char [4]
  7067 ;; Return value:  Size  Location     Type
  7068 ;;                  1    wreg      void 
  7069 ;; Registers used:
  7070 ;;		wreg, fsr0l, fsr0h, fsr1l, fsr1h, status,2, status,0, pclath, cstack
  7071 ;; Tracked objects:
  7072 ;;		On entry : 0/0
  7073 ;;		On exit  : 0/0
  7074 ;;		Unchanged: 0/0
  7075 ;; Data sizes:     COMMON   BANK0   BANK1   BANK2   BANK3   BANK4   BANK5   BANK6
  7076 ;;      Params:         0       1       0       0       0       0       0       0
  7077 ;;      Locals:         0       5       0       0       0       0       0       0
  7078 ;;      Temps:          0       0       0       0       0       0       0       0
  7079 ;;      Totals:         0       6       0       0       0       0       0       0
  7080 ;;Total ram usage:        6 bytes
  7081 ;; Hardware stack levels used: 1
  7082 ;; Hardware stack levels required when called: 15
  7083 ;; This function calls:
  7084 ;;		_LCD_Command
  7085 ;; This function is called by:
  7086 ;;		_main
  7087 ;; This function uses a non-reentrant model
  7088 ;;
  7089                           
  7090     17E3                     _LCD_SetCursor:	
  7091                           ;psect for function _LCD_SetCursor
  7092                           
  7093                           
  7094                           ;incstack = 0
  7095                           ; Regs used in _LCD_SetCursor: [wreg-fsr1h+status,2+status,0+pclath+cstack]
  7096                           ;LCD_SetCursor@col stored from wreg
  7097     17E3  0020               	movlb	0	; select bank0
  7098     17E4  00B4               	movwf	LCD_SetCursor@col
  7099     17E5                     l5307:
  7100                           
  7101                           ;hd44780_i2c.c: 199:     uint8_t row_offsets[] = {0x00, 0x40, 0x14, 0x54};
  7102     17E5  0021               	movlb	1	; select bank1
  7103     17E6  086B               	movf	(LCD_SetCursor@F3193+3)^(0+128),w
  7104     17E7  0020               	movlb	0	; select bank0
  7105     17E8  00B3               	movwf	LCD_SetCursor@row_offsets+3
  7106     17E9  0021               	movlb	1	; select bank1
  7107     17EA  086A               	movf	(LCD_SetCursor@F3193+2)^(0+128),w
  7108     17EB  0020               	movlb	0	; select bank0
  7109     17EC  00B2               	movwf	LCD_SetCursor@row_offsets+2
  7110     17ED  0021               	movlb	1	; select bank1
  7111     17EE  0869               	movf	(LCD_SetCursor@F3193+1)^(0+128),w
  7112     17EF  0020               	movlb	0	; select bank0
  7113     17F0  00B1               	movwf	LCD_SetCursor@row_offsets+1
  7114     17F1  0021               	movlb	1	; select bank1
  7115     17F2  0868               	movf	LCD_SetCursor@F3193^(0+128),w
  7116     17F3  0020               	movlb	0	; select bank0
  7117     17F4  00B0               	movwf	LCD_SetCursor@row_offsets
  7118     17F5                     l5309:
  7119                           
  7120                           ;hd44780_i2c.c: 200:     LCD_Command(0x80 | (col + row_offsets[row]));
  7121     17F5  082F               	movf	LCD_SetCursor@row,w
  7122     17F6  3E30               	addlw	(low (LCD_SetCursor@row_offsets| 0))& (0+255)
  7123     17F7  0086               	movwf	6
  7124     17F8  0187               	clrf	7
  7125     17F9  0801               	movf	1,w
  7126     17FA  0734               	addwf	LCD_SetCursor@col,w
  7127     17FB  3880               	iorlw	128
  7128     17FC  3188  202E  3197   	fcall	_LCD_Command
  7129     17FF                     l600:
  7130     17FF  0008               	return
  7131     1800                     __end_of_LCD_SetCursor:
  7132                           
  7133                           	psect	text21
  7134     1792                     __ptext21:	
  7135 ;; *************** function _LCD_Print *****************
  7136 ;; Defined at:
  7137 ;;		line 203 in file "hd44780_i2c.c"
  7138 ;; Parameters:    Size  Location     Type
  7139 ;;  str             1    wreg     PTR const unsigned char 
  7140 ;;		 -> buf(17), 
  7141 ;; Auto vars:     Size  Location     Type
  7142 ;;  str             1   16[BANK0 ] PTR const unsigned char 
  7143 ;;		 -> buf(17), 
  7144 ;; Return value:  Size  Location     Type
  7145 ;;                  1    wreg      void 
  7146 ;; Registers used:
  7147 ;;		wreg, fsr0l, fsr0h, fsr1l, fsr1h, status,2, status,0, pclath, cstack
  7148 ;; Tracked objects:
  7149 ;;		On entry : 0/0
  7150 ;;		On exit  : 0/0
  7151 ;;		Unchanged: 0/0
  7152 ;; Data sizes:     COMMON   BANK0   BANK1   BANK2   BANK3   BANK4   BANK5   BANK6
  7153 ;;      Params:         0       0       0       0       0       0       0       0
  7154 ;;      Locals:         0       1       0       0       0       0       0       0
  7155 ;;      Temps:          0       1       0       0       0       0       0       0
  7156 ;;      Totals:         0       2       0       0       0       0       0       0
  7157 ;;Total ram usage:        2 bytes
  7158 ;; Hardware stack levels used: 1
  7159 ;; Hardware stack levels required when called: 15
  7160 ;; This function calls:
  7161 ;;		_LCD_Data
  7162 ;; This function is called by:
  7163 ;;		_main
  7164 ;; This function uses a non-reentrant model
  7165 ;;
  7166                           
  7167     1792                     _LCD_Print:	
  7168                           ;psect for function _LCD_Print
  7169                           
  7170                           
  7171                           ;incstack = 0
  7172                           ; Regs used in _LCD_Print: [wreg-fsr1h+status,2+status,0+pclath+cstack]
  7173                           ;LCD_Print@str stored from wreg
  7174     1792  0020               	movlb	0	; select bank0
  7175     1793  00B0               	movwf	LCD_Print@str
  7176     1794                     l5311:
  7177                           
  7178                           ;hd44780_i2c.c: 204:     while(*str) {
  7179     1794  2FA2               	goto	l5317
  7180     1795                     l5313:
  7181                           
  7182                           ;hd44780_i2c.c: 205:         LCD_Data(*str++);
  7183     1795  0830               	movf	LCD_Print@str,w
  7184     1796  0086               	movwf	6
  7185     1797  3001               	movlw	1	; select bank2/3
  7186     1798  0087               	movwf	7
  7187     1799  0801               	movf	1,w
  7188     179A  3188  208A  3197   	fcall	_LCD_Data
  7189     179D                     l5315:
  7190     179D  3001               	movlw	1
  7191     179E  0020               	movlb	0	; select bank0
  7192     179F  00AF               	movwf	??_LCD_Print
  7193     17A0  082F               	movf	??_LCD_Print,w
  7194     17A1  07B0               	addwf	LCD_Print@str,f
  7195     17A2                     l5317:
  7196                           
  7197                           ;hd44780_i2c.c: 204:     while(*str) {
  7198     17A2  0830               	movf	LCD_Print@str,w
  7199     17A3  0086               	movwf	6
  7200     17A4  3001               	movlw	1	; select bank2/3
  7201     17A5  0087               	movwf	7
  7202     17A6  0801               	movf	1,w
  7203     17A7  1D03               	btfss	3,2
  7204     17A8  2FAA               	goto	u3861
  7205     17A9  2FAB               	goto	u3860
  7206     17AA                     u3861:
  7207     17AA  2F95               	goto	l5313
  7208     17AB                     u3860:
  7209     17AB                     l606:
  7210     17AB  0008               	return
  7211     17AC                     __end_of_LCD_Print:
  7212                           
  7213                           	psect	text22
  7214     088A                     __ptext22:	
  7215 ;; *************** function _LCD_Data *****************
  7216 ;; Defined at:
  7217 ;;		line 170 in file "hd44780_i2c.c"
  7218 ;; Parameters:    Size  Location     Type
  7219 ;;  data            1    wreg     unsigned char 
  7220 ;; Auto vars:     Size  Location     Type
  7221 ;;  data            1   14[BANK0 ] unsigned char 
  7222 ;; Return value:  Size  Location     Type
  7223 ;;                  1    wreg      void 
  7224 ;; Registers used:
  7225 ;;		wreg, fsr0l, fsr0h, fsr1l, fsr1h, status,2, status,0, pclath, cstack
  7226 ;; Tracked objects:
  7227 ;;		On entry : 0/0
  7228 ;;		On exit  : 0/0
  7229 ;;		Unchanged: 0/0
  7230 ;; Data sizes:     COMMON   BANK0   BANK1   BANK2   BANK3   BANK4   BANK5   BANK6
  7231 ;;      Params:         0       0       0       0       0       0       0       0
  7232 ;;      Locals:         0       1       0       0       0       0       0       0
  7233 ;;      Temps:          0       1       0       0       0       0       0       0
  7234 ;;      Totals:         0       2       0       0       0       0       0       0
  7235 ;;Total ram usage:        2 bytes
  7236 ;; Hardware stack levels used: 1
  7237 ;; Hardware stack levels required when called: 14
  7238 ;; This function calls:
  7239 ;;		_PCF8574_LCD_SendNibble
  7240 ;; This function is called by:
  7241 ;;		_LCD_Print
  7242 ;; This function uses a non-reentrant model
  7243 ;;
  7244                           
  7245     088A                     _LCD_Data:	
  7246                           ;psect for function _LCD_Data
  7247                           
  7248                           
  7249                           ;incstack = 0
  7250                           ; Regs used in _LCD_Data: [wreg-fsr1h+status,2+status,0+pclath+cstack]
  7251                           ;LCD_Data@data stored from wreg
  7252     088A  0020               	movlb	0	; select bank0
  7253     088B  00AE               	movwf	LCD_Data@data
  7254     088C                     l5219:
  7255                           
  7256                           ;hd44780_i2c.c: 172:     PCF8574_LCD_SendNibble(data >> 4, 1);
  7257     088C  01A9               	clrf	PCF8574_LCD_SendNibble@rs
  7258     088D  0AA9               	incf	PCF8574_LCD_SendNibble@rs,f
  7259     088E  082E               	movf	LCD_Data@data,w
  7260     088F  00AD               	movwf	??_LCD_Data
  7261     0890  3004               	movlw	4
  7262     0891                     u3825:
  7263     0891  36AD               	lsrf	??_LCD_Data,f
  7264     0892  0B89               	decfsz	9,f
  7265     0893  2891               	goto	u3825
  7266     0894  082D               	movf	??_LCD_Data,w
  7267     0895  3189  219A  3188   	fcall	_PCF8574_LCD_SendNibble
  7268                           
  7269                           ;hd44780_i2c.c: 173:     PCF8574_LCD_SendNibble(data & 0x0F, 1);
  7270     0898  0020               	movlb	0	; select bank0
  7271     0899  01A9               	clrf	PCF8574_LCD_SendNibble@rs
  7272     089A  0AA9               	incf	PCF8574_LCD_SendNibble@rs,f
  7273     089B  082E               	movf	LCD_Data@data,w
  7274     089C  390F               	andlw	15
  7275     089D  3189  219A  3188   	fcall	_PCF8574_LCD_SendNibble
  7276     08A0                     l5221:
  7277                           
  7278                           ;hd44780_i2c.c: 174:     _delay((unsigned long)((2)*(32000000/4000.0)));
  7279     08A0  3015               	movlw	21
  7280     08A1  0020               	movlb	0	; select bank0
  7281     08A2  00AD               	movwf	??_LCD_Data
  7282     08A3  30C6               	movlw	198
  7283     08A4                     u4457:
  7284     08A4  0B89               	decfsz	9,f
  7285     08A5  28A4               	goto	u4457
  7286     08A6  0BAD               	decfsz	??_LCD_Data,f
  7287     08A7  28A4               	goto	u4457
  7288     08A8  0000               	nop
  7289     08A9                     l592:
  7290     08A9  0008               	return
  7291     08AA                     __end_of_LCD_Data:
  7292                           
  7293                           	psect	text23
  7294     0DDD                     __ptext23:	
  7295 ;; *************** function _LCD_Init *****************
  7296 ;; Defined at:
  7297 ;;		line 177 in file "hd44780_i2c.c"
  7298 ;; Parameters:    Size  Location     Type
  7299 ;;		None
  7300 ;; Auto vars:     Size  Location     Type
  7301 ;;		None
  7302 ;; Return value:  Size  Location     Type
  7303 ;;                  1    wreg      void 
  7304 ;; Registers used:
  7305 ;;		wreg, fsr0l, fsr0h, fsr1l, fsr1h, status,2, status,0, pclath, cstack
  7306 ;; Tracked objects:
  7307 ;;		On entry : 0/0
  7308 ;;		On exit  : 0/0
  7309 ;;		Unchanged: 0/0
  7310 ;; Data sizes:     COMMON   BANK0   BANK1   BANK2   BANK3   BANK4   BANK5   BANK6
  7311 ;;      Params:         0       0       0       0       0       0       0       0
  7312 ;;      Locals:         0       0       0       0       0       0       0       0
  7313 ;;      Temps:          0       2       0       0       0       0       0       0
  7314 ;;      Totals:         0       2       0       0       0       0       0       0
  7315 ;;Total ram usage:        2 bytes
  7316 ;; Hardware stack levels used: 1
  7317 ;; Hardware stack levels required when called: 15
  7318 ;; This function calls:
  7319 ;;		_LCD_Command
  7320 ;;		_PCF8574_LCD_SendNibble
  7321 ;; This function is called by:
  7322 ;;		_main
  7323 ;; This function uses a non-reentrant model
  7324 ;;
  7325                           
  7326     0DDD                     _LCD_Init:	
  7327                           ;psect for function _LCD_Init
  7328                           
  7329     0DDD                     l5291:	
  7330                           ;incstack = 0
  7331                           ; Regs used in _LCD_Init: [wreg-fsr1h+status,2+status,0+pclath+cstack]
  7332                           
  7333                           
  7334                           ;hd44780_i2c.c: 178:     _delay((unsigned long)((50)*(32000000/4000.0)));
  7335     0DDD  3003               	movlw	3
  7336     0DDE  0020               	movlb	0	; select bank0
  7337     0DDF  00B0               	movwf	??_LCD_Init+1
  7338     0DE0  3008               	movlw	8
  7339     0DE1  00AF               	movwf	??_LCD_Init
  7340     0DE2  3077               	movlw	119
  7341     0DE3                     u4467:
  7342     0DE3  0B89               	decfsz	9,f
  7343     0DE4  2DE3               	goto	u4467
  7344     0DE5  0BAF               	decfsz	??_LCD_Init,f
  7345     0DE6  2DE3               	goto	u4467
  7346     0DE7  0BB0               	decfsz	??_LCD_Init+1,f
  7347     0DE8  2DE3               	goto	u4467
  7348     0DE9                     l5293:
  7349                           
  7350                           ;hd44780_i2c.c: 179:     PCF8574_LCD_SendNibble(0x03, 0);
  7351     0DE9  0020               	movlb	0	; select bank0
  7352     0DEA  01A9               	clrf	PCF8574_LCD_SendNibble@rs
  7353     0DEB  3003               	movlw	3
  7354     0DEC  3189  219A  318D   	fcall	_PCF8574_LCD_SendNibble
  7355     0DEF                     l5295:
  7356                           
  7357                           ;hd44780_i2c.c: 180:     _delay((unsigned long)((5)*(32000000/4000.0)));
  7358     0DEF  3034               	movlw	52
  7359     0DF0  0020               	movlb	0	; select bank0
  7360     0DF1  00AF               	movwf	??_LCD_Init
  7361     0DF2  30F1               	movlw	241
  7362     0DF3                     u4477:
  7363     0DF3  0B89               	decfsz	9,f
  7364     0DF4  2DF3               	goto	u4477
  7365     0DF5  0BAF               	decfsz	??_LCD_Init,f
  7366     0DF6  2DF3               	goto	u4477
  7367     0DF7  3200               	nop2
  7368                           
  7369                           ;hd44780_i2c.c: 181:     PCF8574_LCD_SendNibble(0x03, 0);
  7370     0DF8  0020               	movlb	0	; select bank0
  7371     0DF9  01A9               	clrf	PCF8574_LCD_SendNibble@rs
  7372     0DFA  3003               	movlw	3
  7373     0DFB  3189  219A  318D   	fcall	_PCF8574_LCD_SendNibble
  7374     0DFE                     l5297:
  7375                           
  7376                           ;hd44780_i2c.c: 182:     _delay((unsigned long)((5)*(32000000/4000.0)));
  7377     0DFE  3034               	movlw	52
  7378     0DFF  0020               	movlb	0	; select bank0
  7379     0E00  00AF               	movwf	??_LCD_Init
  7380     0E01  30F1               	movlw	241
  7381     0E02                     u4487:
  7382     0E02  0B89               	decfsz	9,f
  7383     0E03  2E02               	goto	u4487
  7384     0E04  0BAF               	decfsz	??_LCD_Init,f
  7385     0E05  2E02               	goto	u4487
  7386     0E06  3200               	nop2
  7387     0E07                     l5299:
  7388                           
  7389                           ;hd44780_i2c.c: 183:     PCF8574_LCD_SendNibble(0x03, 0);
  7390     0E07  0020               	movlb	0	; select bank0
  7391     0E08  01A9               	clrf	PCF8574_LCD_SendNibble@rs
  7392     0E09  3003               	movlw	3
  7393     0E0A  3189  219A  318D   	fcall	_PCF8574_LCD_SendNibble
  7394                           
  7395                           ;hd44780_i2c.c: 184:     _delay((unsigned long)((5)*(32000000/4000.0)));
  7396     0E0D  3034               	movlw	52
  7397     0E0E  0020               	movlb	0	; select bank0
  7398     0E0F  00AF               	movwf	??_LCD_Init
  7399     0E10  30F1               	movlw	241
  7400     0E11                     u4497:
  7401     0E11  0B89               	decfsz	9,f
  7402     0E12  2E11               	goto	u4497
  7403     0E13  0BAF               	decfsz	??_LCD_Init,f
  7404     0E14  2E11               	goto	u4497
  7405     0E15  3200               	nop2
  7406     0E16                     l5301:
  7407                           
  7408                           ;hd44780_i2c.c: 186:     PCF8574_LCD_SendNibble(0x02, 0);
  7409     0E16  0020               	movlb	0	; select bank0
  7410     0E17  01A9               	clrf	PCF8574_LCD_SendNibble@rs
  7411     0E18  3002               	movlw	2
  7412     0E19  3189  219A  318D   	fcall	_PCF8574_LCD_SendNibble
  7413     0E1C                     l5303:
  7414                           
  7415                           ;hd44780_i2c.c: 187:     _delay((unsigned long)((1)*(32000000/4000.0)));
  7416     0E1C  300B               	movlw	11
  7417     0E1D  0020               	movlb	0	; select bank0
  7418     0E1E  00AF               	movwf	??_LCD_Init
  7419     0E1F  3062               	movlw	98
  7420     0E20                     u4507:
  7421     0E20  0B89               	decfsz	9,f
  7422     0E21  2E20               	goto	u4507
  7423     0E22  0BAF               	decfsz	??_LCD_Init,f
  7424     0E23  2E20               	goto	u4507
  7425     0E24  0000               	nop
  7426                           
  7427                           ;hd44780_i2c.c: 189:     LCD_Command(0x28);
  7428     0E25  3028               	movlw	40
  7429     0E26  3188  202E  318D   	fcall	_LCD_Command
  7430                           
  7431                           ;hd44780_i2c.c: 192:     LCD_Command(0x0E);
  7432     0E29  300E               	movlw	14
  7433     0E2A  3188  202E  318D   	fcall	_LCD_Command
  7434                           
  7435                           ;hd44780_i2c.c: 193:     LCD_Command(0x06);
  7436     0E2D  3006               	movlw	6
  7437     0E2E  3188  202E  318D   	fcall	_LCD_Command
  7438                           
  7439                           ;hd44780_i2c.c: 194:     LCD_Command(0x01);
  7440     0E31  3001               	movlw	1
  7441     0E32  3188  202E  318D   	fcall	_LCD_Command
  7442     0E35                     l5305:
  7443                           
  7444                           ;hd44780_i2c.c: 195:     _delay((unsigned long)((2)*(32000000/4000.0)));
  7445     0E35  3015               	movlw	21
  7446     0E36  0020               	movlb	0	; select bank0
  7447     0E37  00AF               	movwf	??_LCD_Init
  7448     0E38  30C6               	movlw	198
  7449     0E39                     u4517:
  7450     0E39  0B89               	decfsz	9,f
  7451     0E3A  2E39               	goto	u4517
  7452     0E3B  0BAF               	decfsz	??_LCD_Init,f
  7453     0E3C  2E39               	goto	u4517
  7454     0E3D  0000               	nop
  7455     0E3E                     l595:
  7456     0E3E  0008               	return
  7457     0E3F                     __end_of_LCD_Init:
  7458                           
  7459                           	psect	text24
  7460     082E                     __ptext24:	
  7461 ;; *************** function _LCD_Command *****************
  7462 ;; Defined at:
  7463 ;;		line 163 in file "hd44780_i2c.c"
  7464 ;; Parameters:    Size  Location     Type
  7465 ;;  cmd             1    wreg     unsigned char 
  7466 ;; Auto vars:     Size  Location     Type
  7467 ;;  cmd             1   14[BANK0 ] unsigned char 
  7468 ;; Return value:  Size  Location     Type
  7469 ;;                  1    wreg      void 
  7470 ;; Registers used:
  7471 ;;		wreg, fsr0l, fsr0h, fsr1l, fsr1h, status,2, status,0, pclath, cstack
  7472 ;; Tracked objects:
  7473 ;;		On entry : 0/0
  7474 ;;		On exit  : 0/0
  7475 ;;		Unchanged: 0/0
  7476 ;; Data sizes:     COMMON   BANK0   BANK1   BANK2   BANK3   BANK4   BANK5   BANK6
  7477 ;;      Params:         0       0       0       0       0       0       0       0
  7478 ;;      Locals:         0       1       0       0       0       0       0       0
  7479 ;;      Temps:          0       1       0       0       0       0       0       0
  7480 ;;      Totals:         0       2       0       0       0       0       0       0
  7481 ;;Total ram usage:        2 bytes
  7482 ;; Hardware stack levels used: 1
  7483 ;; Hardware stack levels required when called: 14
  7484 ;; This function calls:
  7485 ;;		_PCF8574_LCD_SendNibble
  7486 ;; This function is called by:
  7487 ;;		_LCD_Init
  7488 ;;		_LCD_SetCursor
  7489 ;;		_LCD_functionSet
  7490 ;; This function uses a non-reentrant model
  7491 ;;
  7492                           
  7493     082E                     _LCD_Command:	
  7494                           ;psect for function _LCD_Command
  7495                           
  7496                           
  7497                           ;incstack = 0
  7498                           ; Regs used in _LCD_Command: [wreg-fsr1h+status,2+status,0+pclath+cstack]
  7499                           ;LCD_Command@cmd stored from wreg
  7500     082E  0020               	movlb	0	; select bank0
  7501     082F  00AE               	movwf	LCD_Command@cmd
  7502     0830                     l5215:
  7503                           
  7504                           ;hd44780_i2c.c: 165:     PCF8574_LCD_SendNibble(cmd >> 4, 0);
  7505     0830  01A9               	clrf	PCF8574_LCD_SendNibble@rs
  7506     0831  082E               	movf	LCD_Command@cmd,w
  7507     0832  00AD               	movwf	??_LCD_Command
  7508     0833  3004               	movlw	4
  7509     0834                     u3815:
  7510     0834  36AD               	lsrf	??_LCD_Command,f
  7511     0835  0B89               	decfsz	9,f
  7512     0836  2834               	goto	u3815
  7513     0837  082D               	movf	??_LCD_Command,w
  7514     0838  3189  219A  3188   	fcall	_PCF8574_LCD_SendNibble
  7515                           
  7516                           ;hd44780_i2c.c: 166:     PCF8574_LCD_SendNibble(cmd & 0x0F, 0);
  7517     083B  0020               	movlb	0	; select bank0
  7518     083C  01A9               	clrf	PCF8574_LCD_SendNibble@rs
  7519     083D  082E               	movf	LCD_Command@cmd,w
  7520     083E  390F               	andlw	15
  7521     083F  3189  219A  3188   	fcall	_PCF8574_LCD_SendNibble
  7522     0842                     l5217:
  7523                           
  7524                           ;hd44780_i2c.c: 167:     _delay((unsigned long)((2)*(32000000/4000.0)));
  7525     0842  3015               	movlw	21
  7526     0843  0020               	movlb	0	; select bank0
  7527     0844  00AD               	movwf	??_LCD_Command
  7528     0845  30C6               	movlw	198
  7529     0846                     u4527:
  7530     0846  0B89               	decfsz	9,f
  7531     0847  2846               	goto	u4527
  7532     0848  0BAD               	decfsz	??_LCD_Command,f
  7533     0849  2846               	goto	u4527
  7534     084A  0000               	nop
  7535     084B                     l589:
  7536     084B  0008               	return
  7537     084C                     __end_of_LCD_Command:
  7538                           
  7539                           	psect	text25
  7540     099A                     __ptext25:	
  7541 ;; *************** function _PCF8574_LCD_SendNibble *****************
  7542 ;; Defined at:
  7543 ;;		line 148 in file "hd44780_i2c.c"
  7544 ;; Parameters:    Size  Location     Type
  7545 ;;  nibble          1    wreg     unsigned char 
  7546 ;;  rs              1    9[BANK0 ] unsigned char 
  7547 ;; Auto vars:     Size  Location     Type
  7548 ;;  nibble          1   11[BANK0 ] unsigned char 
  7549 ;;  data            1   12[BANK0 ] unsigned char 
  7550 ;; Return value:  Size  Location     Type
  7551 ;;                  1    wreg      void 
  7552 ;; Registers used:
  7553 ;;		wreg, fsr0l, fsr0h, fsr1l, fsr1h, status,2, status,0, pclath, cstack
  7554 ;; Tracked objects:
  7555 ;;		On entry : 0/0
  7556 ;;		On exit  : 0/0
  7557 ;;		Unchanged: 0/0
  7558 ;; Data sizes:     COMMON   BANK0   BANK1   BANK2   BANK3   BANK4   BANK5   BANK6
  7559 ;;      Params:         0       1       0       0       0       0       0       0
  7560 ;;      Locals:         0       2       0       0       0       0       0       0
  7561 ;;      Temps:          0       1       0       0       0       0       0       0
  7562 ;;      Totals:         0       4       0       0       0       0       0       0
  7563 ;;Total ram usage:        4 bytes
  7564 ;; Hardware stack levels used: 1
  7565 ;; Hardware stack levels required when called: 13
  7566 ;; This function calls:
  7567 ;;		_I2C_Write1ByteRegister
  7568 ;; This function is called by:
  7569 ;;		_LCD_Command
  7570 ;;		_LCD_Data
  7571 ;;		_LCD_Init
  7572 ;; This function uses a non-reentrant model
  7573 ;;
  7574                           
  7575     099A                     _PCF8574_LCD_SendNibble:	
  7576                           ;psect for function _PCF8574_LCD_SendNibble
  7577                           
  7578                           
  7579                           ;incstack = 0
  7580                           ; Regs used in _PCF8574_LCD_SendNibble: [wreg-fsr1h+status,2+status,0+pclath+cstack]
  7581                           ;PCF8574_LCD_SendNibble@nibble stored from wreg
  7582     099A  0020               	movlb	0	; select bank0
  7583     099B  00AB               	movwf	PCF8574_LCD_SendNibble@nibble
  7584     099C                     l5097:
  7585                           
  7586                           ;hd44780_i2c.c: 149:     uint8_t data = (uint8_t)(nibble << 4) | 0x08;
  7587     099C  082B               	movf	PCF8574_LCD_SendNibble@nibble,w
  7588     099D  00AA               	movwf	??_PCF8574_LCD_SendNibble
  7589     099E  3003               	movlw	3
  7590     099F                     u3575:
  7591     099F  35AA               	lslf	??_PCF8574_LCD_SendNibble,f
  7592     09A0  3EFF               	addlw	-1
  7593     09A1  1D03               	skipz
  7594     09A2  299F               	goto	u3575
  7595     09A3  352A               	lslf	??_PCF8574_LCD_SendNibble,w
  7596     09A4  3808               	iorlw	8
  7597     09A5  00AC               	movwf	PCF8574_LCD_SendNibble@data
  7598                           
  7599                           ;hd44780_i2c.c: 150:     if (rs) data |= 0x01;
  7600     09A6  0829               	movf	PCF8574_LCD_SendNibble@rs,w
  7601     09A7  1903               	btfsc	3,2
  7602     09A8  29AA               	goto	u3581
  7603     09A9  29AB               	goto	u3580
  7604     09AA                     u3581:
  7605     09AA  29AC               	goto	l5101
  7606     09AB                     u3580:
  7607     09AB                     l5099:
  7608     09AB  142C               	bsf	PCF8574_LCD_SendNibble@data,0
  7609     09AC                     l5101:
  7610                           
  7611                           ;hd44780_i2c.c: 152:     I2C_Write1ByteRegister(0x27, 0x00, data | 0x04);
  7612     09AC  01A6               	clrf	I2C_Write1ByteRegister@reg
  7613     09AD  082C               	movf	PCF8574_LCD_SendNibble@data,w
  7614     09AE  3804               	iorlw	4
  7615     09AF  00A7               	movwf	I2C_Write1ByteRegister@data
  7616     09B0  3027               	movlw	39
  7617     09B1  3189  21F5  3189   	fcall	_I2C_Write1ByteRegister
  7618     09B4                     l5103:
  7619                           
  7620                           ;hd44780_i2c.c: 153:     _delay((unsigned long)((1)*(32000000/4000.0)));
  7621     09B4  300B               	movlw	11
  7622     09B5  0020               	movlb	0	; select bank0
  7623     09B6  00AA               	movwf	??_PCF8574_LCD_SendNibble
  7624     09B7  3062               	movlw	98
  7625     09B8                     u4537:
  7626     09B8  0B89               	decfsz	9,f
  7627     09B9  29B8               	goto	u4537
  7628     09BA  0BAA               	decfsz	??_PCF8574_LCD_SendNibble,f
  7629     09BB  29B8               	goto	u4537
  7630     09BC  0000               	nop
  7631     09BD                     l5105:
  7632                           
  7633                           ;hd44780_i2c.c: 155:     I2C_Write1ByteRegister(0x27, 0x00, data & ~0x04);
  7634     09BD  0020               	movlb	0	; select bank0
  7635     09BE  01A6               	clrf	I2C_Write1ByteRegister@reg
  7636     09BF  082C               	movf	PCF8574_LCD_SendNibble@data,w
  7637     09C0  39FB               	andlw	251
  7638     09C1  00A7               	movwf	I2C_Write1ByteRegister@data
  7639     09C2  3027               	movlw	39
  7640     09C3  3189  21F5  3189   	fcall	_I2C_Write1ByteRegister
  7641     09C6                     l586:
  7642     09C6  0008               	return
  7643     09C7                     __end_of_PCF8574_LCD_SendNibble:
  7644                           
  7645                           	psect	text26
  7646     09F5                     __ptext26:	
  7647 ;; *************** function _I2C_Write1ByteRegister *****************
  7648 ;; Defined at:
  7649 ;;		line 91 in file "mcc_generated_files/examples/i2c_master_example.c"
  7650 ;; Parameters:    Size  Location     Type
  7651 ;;  address         1    wreg     unsigned char 
  7652 ;;  reg             1    6[BANK0 ] unsigned char 
  7653 ;;  data            1    7[BANK0 ] unsigned char 
  7654 ;; Auto vars:     Size  Location     Type
  7655 ;;  address         1    8[BANK0 ] unsigned char 
  7656 ;; Return value:  Size  Location     Type
  7657 ;;                  1    wreg      void 
  7658 ;; Registers used:
  7659 ;;		wreg, fsr0l, fsr0h, fsr1l, fsr1h, status,2, status,0, pclath, cstack
  7660 ;; Tracked objects:
  7661 ;;		On entry : 0/0
  7662 ;;		On exit  : 0/0
  7663 ;;		Unchanged: 0/0
  7664 ;; Data sizes:     COMMON   BANK0   BANK1   BANK2   BANK3   BANK4   BANK5   BANK6
  7665 ;;      Params:         0       2       0       0       0       0       0       0
  7666 ;;      Locals:         0       1       0       0       0       0       0       0
  7667 ;;      Temps:          0       0       0       0       0       0       0       0
  7668 ;;      Totals:         0       3       0       0       0       0       0       0
  7669 ;;Total ram usage:        3 bytes
  7670 ;; Hardware stack levels used: 1
  7671 ;; Hardware stack levels required when called: 12
  7672 ;; This function calls:
  7673 ;;		_I2C_Close
  7674 ;;		_I2C_MasterWrite
  7675 ;;		_I2C_Open
  7676 ;;		_I2C_SetAddressNackCallback
  7677 ;;		_I2C_SetBuffer
  7678 ;;		_I2C_SetDataCompleteCallback
  7679 ;; This function is called by:
  7680 ;;		_PCF8574_LCD_SendNibble
  7681 ;; This function uses a non-reentrant model
  7682 ;;
  7683                           
  7684     09F5                     _I2C_Write1ByteRegister:	
  7685                           ;psect for function _I2C_Write1ByteRegister
  7686                           
  7687                           
  7688                           ;incstack = 0
  7689                           ; Regs used in _I2C_Write1ByteRegister: [wreg-fsr1h+status,2+status,0+pclath+cstack]
  7690                           ;I2C_Write1ByteRegister@address stored from wreg
  7691     09F5  0020               	movlb	0	; select bank0
  7692     09F6  00A8               	movwf	I2C_Write1ByteRegister@address
  7693     09F7                     l5003:
  7694     09F7                     l5005:	
  7695                           ;mcc_generated_files/examples/i2c_master_example.c: 91: void I2C_Write1ByteRegister(i2c_
      +                          address_t address, uint8_t reg, uint8_t data);mcc_generated_files/examples/i2c_master_ex
      +                          ample.c: 92: {;mcc_generated_files/examples/i2c_master_example.c: 93:     while(!I2C_Ope
      +                          n(address));
  7696                           
  7697     09F7  0020               	movlb	0	; select bank0
  7698     09F8  0828               	movf	I2C_Write1ByteRegister@address,w
  7699     09F9  318A  228E  3189   	fcall	_I2C_Open
  7700     09FC  3A00               	xorlw	0
  7701     09FD  1903               	skipnz
  7702     09FE  2A00               	goto	u3391
  7703     09FF  2A01               	goto	u3390
  7704     0A00                     u3391:
  7705     0A00  29F7               	goto	l5005
  7706     0A01                     u3390:
  7707     0A01                     l5007:
  7708                           
  7709                           ;mcc_generated_files/examples/i2c_master_example.c: 94:     I2C_SetDataCompleteCallback(
      +                          wr1RegCompleteHandler,&data);
  7710     0A01  3093               	movlw	low _wr1RegCompleteHandler
  7711     0A02  00F6               	movwf	I2C_SetDataCompleteCallback@cb
  7712     0A03  3016               	movlw	high _wr1RegCompleteHandler
  7713     0A04  00F7               	movwf	I2C_SetDataCompleteCallback@cb+1
  7714     0A05  3027               	movlw	(low (I2C_Write1ByteRegister@data| 0))& (0+255)
  7715     0A06  00F8               	movwf	I2C_SetDataCompleteCallback@ptr
  7716     0A07  3196  262C  3189   	fcall	_I2C_SetDataCompleteCallback
  7717     0A0A                     l5009:
  7718                           
  7719                           ;mcc_generated_files/examples/i2c_master_example.c: 95:     I2C_SetBuffer(&reg,1);
  7720     0A0A  3001               	movlw	1
  7721     0A0B  00F2               	movwf	I2C_SetBuffer@bufferSize
  7722     0A0C  3000               	movlw	0
  7723     0A0D  00F3               	movwf	I2C_SetBuffer@bufferSize+1
  7724     0A0E  3026               	movlw	(low (I2C_Write1ByteRegister@reg| 0))& (0+255)
  7725     0A0F  3188  2002  3189   	fcall	_I2C_SetBuffer
  7726     0A12                     l5011:
  7727                           
  7728                           ;mcc_generated_files/examples/i2c_master_example.c: 96:     I2C_SetAddressNackCallback((
      +                          (void*)0),((void*)0));
  7729     0A12  3000               	movlw	0
  7730     0A13  00F6               	movwf	I2C_SetAddressNackCallback@cb
  7731     0A14  00F7               	movwf	I2C_SetAddressNackCallback@cb+1
  7732     0A15  3000               	movlw	0
  7733     0A16  00F8               	movwf	I2C_SetAddressNackCallback@ptr
  7734     0A17  00F9               	movwf	I2C_SetAddressNackCallback@ptr+1
  7735     0A18  3196  2637  3189   	fcall	_I2C_SetAddressNackCallback
  7736     0A1B                     l5013:
  7737                           
  7738                           ;mcc_generated_files/examples/i2c_master_example.c: 97:     I2C_MasterWrite();
  7739     0A1B  3195  25E2  3189   	fcall	_I2C_MasterWrite
  7740     0A1E                     l5015:	
  7741                           ;mcc_generated_files/examples/i2c_master_example.c: 98:     while(I2C_BUSY == I2C_Close(
      +                          ));
  7742                           
  7743     0A1E  3197  2748  3189   	fcall	_I2C_Close
  7744     0A21  3A01               	xorlw	1
  7745     0A22  1903               	skipnz
  7746     0A23  2A25               	goto	u3401
  7747     0A24  2A26               	goto	u3400
  7748     0A25                     u3401:
  7749     0A25  2A1E               	goto	l5015
  7750     0A26                     u3400:
  7751     0A26                     l23:
  7752     0A26  0008               	return
  7753     0A27                     __end_of_I2C_Write1ByteRegister:
  7754                           
  7755                           	psect	text27
  7756     1637                     __ptext27:	
  7757 ;; *************** function _I2C_SetAddressNackCallback *****************
  7758 ;; Defined at:
  7759 ;;		line 283 in file "mcc_generated_files/i2c_master.c"
  7760 ;; Parameters:    Size  Location     Type
  7761 ;;  cb              2    6[COMMON] PTR FTN(PTR void ,)enum 
  7762 ;;		 -> NULL(1), 
  7763 ;;  ptr             2    8[COMMON] PTR void 
  7764 ;;		 -> NULL(0), 
  7765 ;; Auto vars:     Size  Location     Type
  7766 ;;		None
  7767 ;; Return value:  Size  Location     Type
  7768 ;;                  1    wreg      void 
  7769 ;; Registers used:
  7770 ;;		wreg, fsr1l, fsr1h, status,2, status,0, pclath, cstack
  7771 ;; Tracked objects:
  7772 ;;		On entry : 0/0
  7773 ;;		On exit  : 0/0
  7774 ;;		Unchanged: 0/0
  7775 ;; Data sizes:     COMMON   BANK0   BANK1   BANK2   BANK3   BANK4   BANK5   BANK6
  7776 ;;      Params:         4       0       0       0       0       0       0       0
  7777 ;;      Locals:         0       0       0       0       0       0       0       0
  7778 ;;      Temps:          0       0       0       0       0       0       0       0
  7779 ;;      Totals:         4       0       0       0       0       0       0       0
  7780 ;;Total ram usage:        4 bytes
  7781 ;; Hardware stack levels used: 1
  7782 ;; Hardware stack levels required when called: 5
  7783 ;; This function calls:
  7784 ;;		_I2C_SetCallback
  7785 ;; This function is called by:
  7786 ;;		_I2C_Write1ByteRegister
  7787 ;; This function uses a non-reentrant model
  7788 ;;
  7789                           
  7790     1637                     _I2C_SetAddressNackCallback:	
  7791                           ;psect for function _I2C_SetAddressNackCallback
  7792                           
  7793     1637                     l3563:	
  7794                           ;incstack = 0
  7795                           ; Regs used in _I2C_SetAddressNackCallback: [wreg+fsr1l+fsr1h+status,2+status,0+pclath+c
      +                          stack]
  7796                           
  7797                           
  7798                           ;mcc_generated_files/i2c_master.c: 283: void I2C_SetAddressNackCallback(i2c_callback_t c
      +                          b, void *ptr);mcc_generated_files/i2c_master.c: 284: {;mcc_generated_files/i2c_master.c:
      +                           285:     I2C_SetCallback(I2C_ADDR_NACK, cb, ptr);
  7799     1637  0877               	movf	I2C_SetAddressNackCallback@cb+1,w
  7800     1638  00F3               	movwf	I2C_SetCallback@cb+1
  7801     1639  0876               	movf	I2C_SetAddressNackCallback@cb,w
  7802     163A  00F2               	movwf	I2C_SetCallback@cb
  7803     163B  0878               	movf	I2C_SetAddressNackCallback@ptr,w
  7804     163C  00F4               	movwf	I2C_SetCallback@ptr
  7805     163D  3002               	movlw	2
  7806     163E  3188  20CB  3196   	fcall	_I2C_SetCallback
  7807     1641                     l150:
  7808     1641  0008               	return
  7809     1642                     __end_of_I2C_SetAddressNackCallback:
  7810                           
  7811                           	psect	text28
  7812     0A8E                     __ptext28:	
  7813 ;; *************** function _I2C_Open *****************
  7814 ;; Defined at:
  7815 ;;		line 176 in file "mcc_generated_files/i2c_master.c"
  7816 ;; Parameters:    Size  Location     Type
  7817 ;;  address         1    wreg     unsigned char 
  7818 ;; Auto vars:     Size  Location     Type
  7819 ;;  address         1    2[COMMON] unsigned char 
  7820 ;;  returnValue     1    3[COMMON] enum E358
  7821 ;; Return value:  Size  Location     Type
  7822 ;;                  1    wreg      enum E358
  7823 ;; Registers used:
  7824 ;;		wreg, status,2, status,0, pclath, cstack
  7825 ;; Tracked objects:
  7826 ;;		On entry : 0/0
  7827 ;;		On exit  : 0/0
  7828 ;;		Unchanged: 0/0
  7829 ;; Data sizes:     COMMON   BANK0   BANK1   BANK2   BANK3   BANK4   BANK5   BANK6
  7830 ;;      Params:         0       0       0       0       0       0       0       0
  7831 ;;      Locals:         2       0       0       0       0       0       0       0
  7832 ;;      Temps:          0       0       0       0       0       0       0       0
  7833 ;;      Totals:         2       0       0       0       0       0       0       0
  7834 ;;Total ram usage:        2 bytes
  7835 ;; Hardware stack levels used: 1
  7836 ;; Hardware stack levels required when called: 5
  7837 ;; This function calls:
  7838 ;;		_I2C_MasterClearIrq
  7839 ;;		_I2C_MasterOpen
  7840 ;; This function is called by:
  7841 ;;		_I2C_Write1ByteRegister
  7842 ;; This function uses a non-reentrant model
  7843 ;;
  7844                           
  7845     0A8E                     _I2C_Open:	
  7846                           ;psect for function _I2C_Open
  7847                           
  7848                           
  7849                           ;incstack = 0
  7850                           ; Regs used in _I2C_Open: [wreg+status,2+status,0+pclath+cstack]
  7851                           ;I2C_Open@address stored from wreg
  7852     0A8E  00F2               	movwf	I2C_Open@address
  7853     0A8F                     l3531:
  7854                           
  7855                           ;mcc_generated_files/i2c_master.c: 176: i2c_error_t I2C_Open(i2c_address_t address);mcc_
      +                          generated_files/i2c_master.c: 177: {;mcc_generated_files/i2c_master.c: 178:     i2c_erro
      +                          r_t returnValue = I2C_BUSY;
  7856     0A8F  01F3               	clrf	I2C_Open@returnValue
  7857     0A90  0AF3               	incf	I2C_Open@returnValue,f
  7858                           
  7859                           ;mcc_generated_files/i2c_master.c: 180:     if(!I2C_Status.inUse)
  7860     0A91  0022               	movlb	2	; select bank2
  7861     0A92  193C               	btfsc	(_I2C_Status^(0+256)+28),2
  7862     0A93  2A95               	goto	u1621
  7863     0A94  2A96               	goto	u1620
  7864     0A95                     u1621:
  7865     0A95  2AC2               	goto	l126
  7866     0A96                     u1620:
  7867     0A96                     l3533:
  7868                           
  7869                           ;mcc_generated_files/i2c_master.c: 181:     {;mcc_generated_files/i2c_master.c: 182:    
      +                               I2C_Status.address = address;
  7870     0A96  0872               	movf	I2C_Open@address,w
  7871     0A97  00B6               	movwf	(_I2C_Status^(0+256)+22)
  7872     0A98                     l3535:
  7873                           
  7874                           ;mcc_generated_files/i2c_master.c: 183:         I2C_Status.busy = 0;
  7875     0A98  10BC               	bcf	(_I2C_Status^(0+256)+28),1
  7876     0A99                     l3537:
  7877                           
  7878                           ;mcc_generated_files/i2c_master.c: 184:         I2C_Status.inUse = 1;
  7879     0A99  153C               	bsf	(_I2C_Status^(0+256)+28),2
  7880     0A9A                     l3539:
  7881                           
  7882                           ;mcc_generated_files/i2c_master.c: 185:         I2C_Status.addressNackCheck = 0;
  7883     0A9A  103C               	bcf	(_I2C_Status^(0+256)+28),0
  7884                           
  7885                           ;mcc_generated_files/i2c_master.c: 186:         I2C_Status.state = I2C_RESET;
  7886     0A9B  300E               	movlw	14
  7887     0A9C  00BA               	movwf	(_I2C_Status^(0+256)+26)
  7888                           
  7889                           ;mcc_generated_files/i2c_master.c: 187:         I2C_Status.time_out_value = 500;
  7890     0A9D  30F4               	movlw	244
  7891     0A9E  00B4               	movwf	(_I2C_Status^(0+256)+20)
  7892     0A9F  3001               	movlw	1
  7893     0AA0  00B5               	movwf	(_I2C_Status^(0+256)+21)
  7894     0AA1                     l3541:
  7895                           
  7896                           ;mcc_generated_files/i2c_master.c: 188:         I2C_Status.bufferFree = 1;
  7897     0AA1  15BC               	bsf	(_I2C_Status^(0+256)+28),3
  7898                           
  7899                           ;mcc_generated_files/i2c_master.c: 191:         I2C_Status.callbackTable[I2C_DATA_COMPLE
      +                          TE]=I2C_CallbackReturnStop;
  7900     0AA2  3087               	movlw	low _I2C_CallbackReturnStop
  7901     0AA3  00A0               	movwf	_I2C_Status^(0+256)
  7902     0AA4  3015               	movlw	high _I2C_CallbackReturnStop
  7903     0AA5  00A1               	movwf	(_I2C_Status^(0+256)+1)
  7904     0AA6                     l3543:
  7905                           
  7906                           ;mcc_generated_files/i2c_master.c: 192:         I2C_Status.callbackPayload[I2C_DATA_COMP
      +                          LETE] = ((void*)0);
  7907     0AA6  01AC               	clrf	(low ((_I2C_Status| (0+256)+12)))^0
  7908     0AA7                     l3545:
  7909                           
  7910                           ;mcc_generated_files/i2c_master.c: 193:         I2C_Status.callbackTable[I2C_WRITE_COLLI
      +                          SION]=I2C_CallbackReturnStop;
  7911     0AA7  3087               	movlw	low _I2C_CallbackReturnStop
  7912     0AA8  00A2               	movwf	(low ((_I2C_Status| (0+256)+2)))^0
  7913     0AA9  3015               	movlw	high _I2C_CallbackReturnStop
  7914     0AAA  00A3               	movwf	((low ((_I2C_Status| (0+256)+2)))^0+1)
  7915                           
  7916                           ;mcc_generated_files/i2c_master.c: 194:         I2C_Status.callbackPayload[I2C_WRITE_COL
      +                          LISION] = ((void*)0);
  7917     0AAB  01AD               	clrf	(low ((_I2C_Status| (0+256)+13)))^0
  7918     0AAC                     l3547:
  7919                           
  7920                           ;mcc_generated_files/i2c_master.c: 195:         I2C_Status.callbackTable[I2C_ADDR_NACK]=
      +                          I2C_CallbackReturnStop;
  7921     0AAC  3087               	movlw	low _I2C_CallbackReturnStop
  7922     0AAD  00A4               	movwf	(low ((_I2C_Status| (0+256)+4)))^0
  7923     0AAE  3015               	movlw	high _I2C_CallbackReturnStop
  7924     0AAF  00A5               	movwf	((low ((_I2C_Status| (0+256)+4)))^0+1)
  7925     0AB0                     l3549:
  7926                           
  7927                           ;mcc_generated_files/i2c_master.c: 196:         I2C_Status.callbackPayload[I2C_ADDR_NACK
      +                          ] = ((void*)0);
  7928     0AB0  01AE               	clrf	(low ((_I2C_Status| (0+256)+14)))^0
  7929                           
  7930                           ;mcc_generated_files/i2c_master.c: 197:         I2C_Status.callbackTable[I2C_DATA_NACK]=
      +                          I2C_CallbackReturnStop;
  7931     0AB1  3087               	movlw	low _I2C_CallbackReturnStop
  7932     0AB2  00A6               	movwf	(low ((_I2C_Status| (0+256)+6)))^0
  7933     0AB3  3015               	movlw	high _I2C_CallbackReturnStop
  7934     0AB4  00A7               	movwf	((low ((_I2C_Status| (0+256)+6)))^0+1)
  7935     0AB5                     l3551:
  7936                           
  7937                           ;mcc_generated_files/i2c_master.c: 198:         I2C_Status.callbackPayload[I2C_DATA_NACK
      +                          ] = ((void*)0);
  7938     0AB5  01AF               	clrf	(low ((_I2C_Status| (0+256)+15)))^0
  7939     0AB6                     l3553:
  7940                           
  7941                           ;mcc_generated_files/i2c_master.c: 199:         I2C_Status.callbackTable[I2C_TIMEOUT]=I2
      +                          C_CallbackReturnReset;
  7942     0AB6  3000               	movlw	low _I2C_CallbackReturnReset
  7943     0AB7  00A8               	movwf	(low ((_I2C_Status| (0+256)+8)))^0
  7944     0AB8  3008               	movlw	high _I2C_CallbackReturnReset
  7945     0AB9  00A9               	movwf	((low ((_I2C_Status| (0+256)+8)))^0+1)
  7946                           
  7947                           ;mcc_generated_files/i2c_master.c: 200:         I2C_Status.callbackPayload[I2C_TIMEOUT] 
      +                          = ((void*)0);
  7948     0ABA  01B0               	clrf	(low ((_I2C_Status| (0+256)+16)))^0
  7949     0ABB                     l3555:
  7950                           
  7951                           ;mcc_generated_files/i2c_master.c: 202:         I2C_MasterClearIrq();
  7952     0ABB  3195  2589  318A   	fcall	_I2C_MasterClearIrq
  7953     0ABE                     l3557:
  7954                           
  7955                           ;mcc_generated_files/i2c_master.c: 203:         I2C_MasterOpen();
  7956     0ABE  3196  2668  318A   	fcall	_I2C_MasterOpen
  7957     0AC1                     l3559:
  7958                           
  7959                           ;mcc_generated_files/i2c_master.c: 204:         returnValue = I2C_NOERR;
  7960     0AC1  01F3               	clrf	I2C_Open@returnValue
  7961     0AC2                     l126:	
  7962                           ;mcc_generated_files/i2c_master.c: 205:     }
  7963                           
  7964                           
  7965                           ;mcc_generated_files/i2c_master.c: 206:     return returnValue;
  7966     0AC2  0873               	movf	I2C_Open@returnValue,w
  7967     0AC3                     l127:
  7968     0AC3  0008               	return
  7969     0AC4                     __end_of_I2C_Open:
  7970                           
  7971                           	psect	text29
  7972     1668                     __ptext29:	
  7973 ;; *************** function _I2C_MasterOpen *****************
  7974 ;; Defined at:
  7975 ;;		line 543 in file "mcc_generated_files/i2c_master.c"
  7976 ;; Parameters:    Size  Location     Type
  7977 ;;		None
  7978 ;; Auto vars:     Size  Location     Type
  7979 ;;		None
  7980 ;; Return value:  Size  Location     Type
  7981 ;;                  1    wreg      _Bool 
  7982 ;; Registers used:
  7983 ;;		wreg, status,2
  7984 ;; Tracked objects:
  7985 ;;		On entry : 0/0
  7986 ;;		On exit  : 0/0
  7987 ;;		Unchanged: 0/0
  7988 ;; Data sizes:     COMMON   BANK0   BANK1   BANK2   BANK3   BANK4   BANK5   BANK6
  7989 ;;      Params:         0       0       0       0       0       0       0       0
  7990 ;;      Locals:         0       0       0       0       0       0       0       0
  7991 ;;      Temps:          0       0       0       0       0       0       0       0
  7992 ;;      Totals:         0       0       0       0       0       0       0       0
  7993 ;;Total ram usage:        0 bytes
  7994 ;; Hardware stack levels used: 1
  7995 ;; Hardware stack levels required when called: 4
  7996 ;; This function calls:
  7997 ;;		Nothing
  7998 ;; This function is called by:
  7999 ;;		_I2C_Open
  8000 ;; This function uses a non-reentrant model
  8001 ;;
  8002                           
  8003     1668                     _I2C_MasterOpen:	
  8004                           ;psect for function _I2C_MasterOpen
  8005                           
  8006     1668                     l3495:	
  8007                           ;incstack = 0
  8008                           ; Regs used in _I2C_MasterOpen: [wreg+status,2]
  8009                           
  8010                           
  8011                           ;mcc_generated_files/i2c_master.c: 545:     if(!SSPCON1bits.SSPEN)
  8012     1668  0024               	movlb	4	; select bank4
  8013     1669  1A95               	btfsc	21,5	;volatile
  8014     166A  2E6C               	goto	u1591
  8015     166B  2E6D               	goto	u1590
  8016     166C                     u1591:
  8017     166C  2E74               	goto	l257
  8018     166D                     u1590:
  8019     166D                     l3497:
  8020                           
  8021                           ;mcc_generated_files/i2c_master.c: 546:     {;mcc_generated_files/i2c_master.c: 547:    
      +                               SSPSTAT = 0x00;
  8022     166D  0194               	clrf	20	;volatile
  8023     166E                     l3499:
  8024                           
  8025                           ;mcc_generated_files/i2c_master.c: 548:         SSPCON1 = 0x08;
  8026     166E  3008               	movlw	8
  8027     166F  0095               	movwf	21	;volatile
  8028     1670                     l3501:
  8029                           
  8030                           ;mcc_generated_files/i2c_master.c: 549:         SSPCON2 = 0x00;
  8031     1670  0196               	clrf	22	;volatile
  8032                           
  8033                           ;mcc_generated_files/i2c_master.c: 550:         SSPADD = 0x4F;
  8034     1671  304F               	movlw	79
  8035     1672  0092               	movwf	18	;volatile
  8036     1673                     l3503:
  8037                           
  8038                           ;mcc_generated_files/i2c_master.c: 551:         SSPCON1bits.SSPEN = 1;
  8039     1673  1695               	bsf	21,5	;volatile
  8040     1674                     l257:
  8041     1674  0008               	return
  8042     1675                     __end_of_I2C_MasterOpen:
  8043                           
  8044                           	psect	text30
  8045     15E2                     __ptext30:	
  8046 ;; *************** function _I2C_MasterWrite *****************
  8047 ;; Defined at:
  8048 ;;		line 251 in file "mcc_generated_files/i2c_master.c"
  8049 ;; Parameters:    Size  Location     Type
  8050 ;;		None
  8051 ;; Auto vars:     Size  Location     Type
  8052 ;;		None
  8053 ;; Return value:  Size  Location     Type
  8054 ;;                  1    wreg      enum E358
  8055 ;; Registers used:
  8056 ;;		wreg, fsr0l, fsr0h, fsr1l, fsr1h, status,2, status,0, pclath, cstack
  8057 ;; Tracked objects:
  8058 ;;		On entry : 0/0
  8059 ;;		On exit  : 0/0
  8060 ;;		Unchanged: 0/0
  8061 ;; Data sizes:     COMMON   BANK0   BANK1   BANK2   BANK3   BANK4   BANK5   BANK6
  8062 ;;      Params:         0       0       0       0       0       0       0       0
  8063 ;;      Locals:         0       0       0       0       0       0       0       0
  8064 ;;      Temps:          0       0       0       0       0       0       0       0
  8065 ;;      Totals:         0       0       0       0       0       0       0       0
  8066 ;;Total ram usage:        0 bytes
  8067 ;; Hardware stack levels used: 1
  8068 ;; Hardware stack levels required when called: 11
  8069 ;; This function calls:
  8070 ;;		_I2C_MasterOperation
  8071 ;; This function is called by:
  8072 ;;		_I2C_Write1ByteRegister
  8073 ;; This function uses a non-reentrant model
  8074 ;;
  8075                           
  8076     15E2                     _I2C_MasterWrite:	
  8077                           ;psect for function _I2C_MasterWrite
  8078                           
  8079     15E2                     l4947:	
  8080                           ;incstack = 0
  8081                           ; Regs used in _I2C_MasterWrite: [wreg-fsr1h+status,2+status,0+pclath+cstack]
  8082                           
  8083                           
  8084                           ;mcc_generated_files/i2c_master.c: 253:     return I2C_MasterOperation(0);;	Return value
      +                           of _I2C_MasterWrite is never used
  8085     15E2  3000               	movlw	0
  8086     15E3  3188  20AA  3195   	fcall	_I2C_MasterOperation
  8087     15E6                     l140:
  8088     15E6  0008               	return
  8089     15E7                     __end_of_I2C_MasterWrite:
  8090                           
  8091                           	psect	text31
  8092     08AA                     __ptext31:	
  8093 ;; *************** function _I2C_MasterOperation *****************
  8094 ;; Defined at:
  8095 ;;		line 224 in file "mcc_generated_files/i2c_master.c"
  8096 ;; Parameters:    Size  Location     Type
  8097 ;;  read            1    wreg     _Bool 
  8098 ;; Auto vars:     Size  Location     Type
  8099 ;;  read            1    4[BANK0 ] _Bool 
  8100 ;;  returnValue     1    5[BANK0 ] enum E358
  8101 ;; Return value:  Size  Location     Type
  8102 ;;                  1    wreg      enum E358
  8103 ;; Registers used:
  8104 ;;		wreg, fsr0l, fsr0h, fsr1l, fsr1h, status,2, status,0, pclath, cstack
  8105 ;; Tracked objects:
  8106 ;;		On entry : 0/0
  8107 ;;		On exit  : 0/0
  8108 ;;		Unchanged: 0/0
  8109 ;; Data sizes:     COMMON   BANK0   BANK1   BANK2   BANK3   BANK4   BANK5   BANK6
  8110 ;;      Params:         0       0       0       0       0       0       0       0
  8111 ;;      Locals:         0       2       0       0       0       0       0       0
  8112 ;;      Temps:          0       0       0       0       0       0       0       0
  8113 ;;      Totals:         0       2       0       0       0       0       0       0
  8114 ;;Total ram usage:        2 bytes
  8115 ;; Hardware stack levels used: 1
  8116 ;; Hardware stack levels required when called: 10
  8117 ;; This function calls:
  8118 ;;		_I2C_MasterStart
  8119 ;;		_I2C_Poller
  8120 ;; This function is called by:
  8121 ;;		_I2C_MasterWrite
  8122 ;; This function uses a non-reentrant model
  8123 ;;
  8124                           
  8125     08AA                     _I2C_MasterOperation:	
  8126                           ;psect for function _I2C_MasterOperation
  8127                           
  8128                           
  8129                           ;incstack = 0
  8130                           ; Regs used in _I2C_MasterOperation: [wreg-fsr1h+status,2+status,0+pclath+cstack]
  8131                           ;I2C_MasterOperation@read stored from wreg
  8132     08AA  0020               	movlb	0	; select bank0
  8133     08AB  00A4               	movwf	I2C_MasterOperation@read
  8134     08AC                     l4927:
  8135                           
  8136                           ;mcc_generated_files/i2c_master.c: 224: i2c_error_t I2C_MasterOperation(_Bool read);mcc_
      +                          generated_files/i2c_master.c: 225: {;mcc_generated_files/i2c_master.c: 226:     i2c_erro
      +                          r_t returnValue = I2C_BUSY;
  8137     08AC  01A5               	clrf	I2C_MasterOperation@returnValue
  8138     08AD  0AA5               	incf	I2C_MasterOperation@returnValue,f
  8139                           
  8140                           ;mcc_generated_files/i2c_master.c: 227:     if(!I2C_Status.busy)
  8141     08AE  0022               	movlb	2	; select bank2
  8142     08AF  18BC               	btfsc	(_I2C_Status^(0+256)+28),1
  8143     08B0  28B2               	goto	u3261
  8144     08B1  28B3               	goto	u3260
  8145     08B2                     u3261:
  8146     08B2  28C8               	goto	l4943
  8147     08B3                     u3260:
  8148     08B3                     l4929:
  8149                           
  8150                           ;mcc_generated_files/i2c_master.c: 228:     {;mcc_generated_files/i2c_master.c: 229:    
      +                               I2C_Status.busy = 1;
  8151     08B3  14BC               	bsf	(_I2C_Status^(0+256)+28),1
  8152     08B4                     l4931:
  8153                           
  8154                           ;mcc_generated_files/i2c_master.c: 230:         returnValue = I2C_NOERR;
  8155     08B4  0020               	movlb	0	; select bank0
  8156     08B5  01A5               	clrf	I2C_MasterOperation@returnValue
  8157     08B6                     l4933:
  8158                           
  8159                           ;mcc_generated_files/i2c_master.c: 232:         if(read)
  8160     08B6  0824               	movf	I2C_MasterOperation@read,w
  8161     08B7  1903               	btfsc	3,2
  8162     08B8  28BA               	goto	u3271
  8163     08B9  28BB               	goto	u3270
  8164     08BA                     u3271:
  8165     08BA  28BF               	goto	l4937
  8166     08BB                     u3270:
  8167     08BB                     l4935:
  8168                           
  8169                           ;mcc_generated_files/i2c_master.c: 233:         {;mcc_generated_files/i2c_master.c: 234:
      +                                       I2C_Status.state = I2C_SEND_ADR_READ;
  8170     08BB  0022               	movlb	2	; select bank2
  8171     08BC  01BA               	clrf	(_I2C_Status^(0+256)+26)
  8172     08BD  0ABA               	incf	(_I2C_Status^(0+256)+26),f
  8173                           
  8174                           ;mcc_generated_files/i2c_master.c: 235:         }
  8175     08BE  28C2               	goto	l4939
  8176     08BF                     l4937:
  8177                           
  8178                           ;mcc_generated_files/i2c_master.c: 237:         {;mcc_generated_files/i2c_master.c: 238:
      +                                       I2C_Status.state = I2C_SEND_ADR_WRITE;
  8179     08BF  3002               	movlw	2
  8180     08C0  0022               	movlb	2	; select bank2
  8181     08C1  00BA               	movwf	(_I2C_Status^(0+256)+26)
  8182     08C2                     l4939:
  8183                           
  8184                           ;mcc_generated_files/i2c_master.c: 240:         I2C_MasterStart();
  8185     08C2  3195  2592  3188   	fcall	_I2C_MasterStart
  8186     08C5                     l4941:
  8187                           
  8188                           ;mcc_generated_files/i2c_master.c: 241:         I2C_Poller();
  8189     08C5  3196  265B  3188   	fcall	_I2C_Poller
  8190     08C8                     l4943:
  8191                           
  8192                           ;mcc_generated_files/i2c_master.c: 243:     return returnValue;
  8193     08C8  0020               	movlb	0	; select bank0
  8194     08C9  0825               	movf	I2C_MasterOperation@returnValue,w
  8195     08CA                     l137:
  8196     08CA  0008               	return
  8197     08CB                     __end_of_I2C_MasterOperation:
  8198                           
  8199                           	psect	text32
  8200     165B                     __ptext32:	
  8201 ;; *************** function _I2C_Poller *****************
  8202 ;; Defined at:
  8203 ;;		line 312 in file "mcc_generated_files/i2c_master.c"
  8204 ;; Parameters:    Size  Location     Type
  8205 ;;		None
  8206 ;; Auto vars:     Size  Location     Type
  8207 ;;		None
  8208 ;; Return value:  Size  Location     Type
  8209 ;;                  1    wreg      void 
  8210 ;; Registers used:
  8211 ;;		wreg, fsr0l, fsr0h, fsr1l, fsr1h, status,2, status,0, pclath, cstack
  8212 ;; Tracked objects:
  8213 ;;		On entry : 0/0
  8214 ;;		On exit  : 0/0
  8215 ;;		Unchanged: 0/0
  8216 ;; Data sizes:     COMMON   BANK0   BANK1   BANK2   BANK3   BANK4   BANK5   BANK6
  8217 ;;      Params:         0       0       0       0       0       0       0       0
  8218 ;;      Locals:         0       0       0       0       0       0       0       0
  8219 ;;      Temps:          0       0       0       0       0       0       0       0
  8220 ;;      Totals:         0       0       0       0       0       0       0       0
  8221 ;;Total ram usage:        0 bytes
  8222 ;; Hardware stack levels used: 1
  8223 ;; Hardware stack levels required when called: 9
  8224 ;; This function calls:
  8225 ;;		_I2C_MasterFsm
  8226 ;;		_I2C_MasterWaitForEvent
  8227 ;; This function is called by:
  8228 ;;		_I2C_MasterOperation
  8229 ;; This function uses a non-reentrant model
  8230 ;;
  8231                           
  8232     165B                     _I2C_Poller:	
  8233                           ;psect for function _I2C_Poller
  8234                           
  8235     165B                     l4919:	
  8236                           ;incstack = 0
  8237                           ; Regs used in _I2C_Poller: [wreg-fsr1h+status,2+status,0+pclath+cstack]
  8238                           
  8239                           
  8240                           ;mcc_generated_files/i2c_master.c: 314:     while(I2C_Status.busy)
  8241     165B  2E62               	goto	l4925
  8242     165C                     l4921:
  8243                           
  8244                           ;mcc_generated_files/i2c_master.c: 315:     {;mcc_generated_files/i2c_master.c: 316:    
      +                               I2C_MasterWaitForEvent();
  8245     165C  3195  25ED  3196   	fcall	_I2C_MasterWaitForEvent
  8246     165F                     l4923:
  8247                           
  8248                           ;mcc_generated_files/i2c_master.c: 317:         I2C_MasterFsm();
  8249     165F  3188  20F3  3196   	fcall	_I2C_MasterFsm
  8250     1662                     l4925:
  8251                           
  8252                           ;mcc_generated_files/i2c_master.c: 314:     while(I2C_Status.busy)
  8253     1662  0022               	movlb	2	; select bank2
  8254     1663  18BC               	btfsc	(_I2C_Status^(0+256)+28),1
  8255     1664  2E66               	goto	u3251
  8256     1665  2E67               	goto	u3250
  8257     1666                     u3251:
  8258     1666  2E5C               	goto	l4921
  8259     1667                     u3250:
  8260     1667                     l161:
  8261     1667  0008               	return
  8262     1668                     __end_of_I2C_Poller:
  8263                           
  8264                           	psect	text33
  8265     15ED                     __ptext33:	
  8266 ;; *************** function _I2C_MasterWaitForEvent *****************
  8267 ;; Defined at:
  8268 ;;		line 650 in file "mcc_generated_files/i2c_master.c"
  8269 ;; Parameters:    Size  Location     Type
  8270 ;;		None
  8271 ;; Auto vars:     Size  Location     Type
  8272 ;;		None
  8273 ;; Return value:  Size  Location     Type
  8274 ;;                  1    wreg      void 
  8275 ;; Registers used:
  8276 ;;		None
  8277 ;; Tracked objects:
  8278 ;;		On entry : 0/0
  8279 ;;		On exit  : 0/0
  8280 ;;		Unchanged: 0/0
  8281 ;; Data sizes:     COMMON   BANK0   BANK1   BANK2   BANK3   BANK4   BANK5   BANK6
  8282 ;;      Params:         0       0       0       0       0       0       0       0
  8283 ;;      Locals:         0       0       0       0       0       0       0       0
  8284 ;;      Temps:          0       0       0       0       0       0       0       0
  8285 ;;      Totals:         0       0       0       0       0       0       0       0
  8286 ;;Total ram usage:        0 bytes
  8287 ;; Hardware stack levels used: 1
  8288 ;; Hardware stack levels required when called: 4
  8289 ;; This function calls:
  8290 ;;		Nothing
  8291 ;; This function is called by:
  8292 ;;		_I2C_Poller
  8293 ;; This function uses a non-reentrant model
  8294 ;;
  8295                           
  8296     15ED                     _I2C_MasterWaitForEvent:	
  8297                           ;psect for function _I2C_MasterWaitForEvent
  8298                           
  8299     15ED                     l299:	
  8300                           ;incstack = 0
  8301                           ; Regs used in _I2C_MasterWaitForEvent: []
  8302                           ;mcc_generated_files/i2c_master.c: 652:     while(1)
  8303                           
  8304                           
  8305                           ;mcc_generated_files/i2c_master.c: 653:     {;mcc_generated_files/i2c_master.c: 654:    
      +                               if(PIR1bits.SSPIF)
  8306     15ED  0020               	movlb	0	; select bank0
  8307     15EE  1D91               	btfss	17,3	;volatile
  8308     15EF  2DF1               	goto	u1551
  8309     15F0  2DF2               	goto	u1550
  8310     15F1                     u1551:
  8311     15F1  2DED               	goto	l299
  8312     15F2                     u1550:
  8313     15F2                     l303:
  8314     15F2  0008               	return
  8315     15F3                     __end_of_I2C_MasterWaitForEvent:
  8316                           
  8317                           	psect	text34
  8318     08F3                     __ptext34:	
  8319 ;; *************** function _I2C_MasterFsm *****************
  8320 ;; Defined at:
  8321 ;;		line 321 in file "mcc_generated_files/i2c_master.c"
  8322 ;; Parameters:    Size  Location     Type
  8323 ;;		None
  8324 ;; Auto vars:     Size  Location     Type
  8325 ;;		None
  8326 ;; Return value:  Size  Location     Type
  8327 ;;                  1    wreg      void 
  8328 ;; Registers used:
  8329 ;;		wreg, fsr0l, fsr0h, fsr1l, fsr1h, status,2, status,0, pclath, cstack
  8330 ;; Tracked objects:
  8331 ;;		On entry : 0/0
  8332 ;;		On exit  : 0/0
  8333 ;;		Unchanged: 0/0
  8334 ;; Data sizes:     COMMON   BANK0   BANK1   BANK2   BANK3   BANK4   BANK5   BANK6
  8335 ;;      Params:         0       0       0       0       0       0       0       0
  8336 ;;      Locals:         0       0       0       0       0       0       0       0
  8337 ;;      Temps:          0       2       0       0       0       0       0       0
  8338 ;;      Totals:         0       2       0       0       0       0       0       0
  8339 ;;Total ram usage:        2 bytes
  8340 ;; Hardware stack levels used: 1
  8341 ;; Hardware stack levels required when called: 8
  8342 ;; This function calls:
  8343 ;;		_I2C_DO_ADDRESS_NACK
  8344 ;;		_I2C_DO_IDLE
  8345 ;;		_I2C_DO_RCEN
  8346 ;;		_I2C_DO_RESET
  8347 ;;		_I2C_DO_RX
  8348 ;;		_I2C_DO_RX_ACK
  8349 ;;		_I2C_DO_RX_NACK_RESTART
  8350 ;;		_I2C_DO_RX_NACK_STOP
  8351 ;;		_I2C_DO_SEND_ADR_READ
  8352 ;;		_I2C_DO_SEND_ADR_WRITE
  8353 ;;		_I2C_DO_SEND_RESTART
  8354 ;;		_I2C_DO_SEND_RESTART_READ
  8355 ;;		_I2C_DO_SEND_RESTART_WRITE
  8356 ;;		_I2C_DO_SEND_STOP
  8357 ;;		_I2C_DO_TX
  8358 ;;		_I2C_DO_TX_EMPTY
  8359 ;;		_I2C_MasterClearIrq
  8360 ;;		_I2C_MasterIsNack
  8361 ;; This function is called by:
  8362 ;;		_I2C_Poller
  8363 ;; This function uses a non-reentrant model
  8364 ;;
  8365                           
  8366     08F3                     _I2C_MasterFsm:	
  8367                           ;psect for function _I2C_MasterFsm
  8368                           
  8369     08F3                     l4909:	
  8370                           ;incstack = 0
  8371                           ; Regs used in _I2C_MasterFsm: [wreg-fsr1h+status,2+status,0+pclath+cstack]
  8372                           
  8373                           
  8374                           ;mcc_generated_files/i2c_master.c: 323:     I2C_MasterClearIrq();
  8375     08F3  3195  2589  3188   	fcall	_I2C_MasterClearIrq
  8376     08F6                     l4911:
  8377                           
  8378                           ;mcc_generated_files/i2c_master.c: 325:     if(I2C_Status.addressNackCheck && I2C_Master
      +                          IsNack())
  8379     08F6  0022               	movlb	2	; select bank2
  8380     08F7  1C3C               	btfss	(_I2C_Status^(0+256)+28),0
  8381     08F8  28FA               	goto	u3231
  8382     08F9  28FB               	goto	u3230
  8383     08FA                     u3231:
  8384     08FA  2906               	goto	l4917
  8385     08FB                     u3230:
  8386     08FB                     l4913:
  8387     08FB  3195  25E7  3188   	fcall	_I2C_MasterIsNack
  8388     08FE  3A00               	xorlw	0
  8389     08FF  1903               	skipnz
  8390     0900  2902               	goto	u3241
  8391     0901  2903               	goto	u3240
  8392     0902                     u3241:
  8393     0902  2906               	goto	l4917
  8394     0903                     u3240:
  8395     0903                     l4915:
  8396                           
  8397                           ;mcc_generated_files/i2c_master.c: 326:     {;mcc_generated_files/i2c_master.c: 327:    
      +                               I2C_Status.state = I2C_ADDRESS_NACK;
  8398     0903  300F               	movlw	15
  8399     0904  0022               	movlb	2	; select bank2
  8400     0905  00BA               	movwf	(_I2C_Status^(0+256)+26)
  8401     0906                     l4917:
  8402                           
  8403                           ;mcc_generated_files/i2c_master.c: 329:     I2C_Status.state = i2c_fsmStateTable[I2C_Sta
      +                          tus.state]();
  8404     0906  0022               	movlb	2	; select bank2
  8405     0907  083A               	movf	(_I2C_Status^(0+256)+26),w
  8406     0908  0020               	movlb	0	; select bank0
  8407     0909  00A2               	movwf	??_I2C_MasterFsm
  8408     090A  01A3               	clrf	??_I2C_MasterFsm+1
  8409     090B  35A2               	lslf	??_I2C_MasterFsm,f
  8410     090C  0DA3               	rlf	??_I2C_MasterFsm+1,f
  8411     090D  3000               	movlw	low _i2c_fsmStateTable
  8412     090E  0722               	addwf	??_I2C_MasterFsm,w
  8413     090F  0084               	movwf	4
  8414     0910  3010               	movlw	high _i2c_fsmStateTable
  8415     0911  3D23               	addwfc	??_I2C_MasterFsm+1,w
  8416     0912  3880               	iorlw	128
  8417     0913  0085               	movwf	5
  8418     0914  3F01               	moviw [1]fsr0
  8419     0915  008A               	movwf	10
  8420     0916  3F00               	moviw [0]fsr0
  8421     0917  000A               	callw
  8422     0918  3188               	pagesel	$
  8423     0919  0022               	movlb	2	; select bank2
  8424     091A  00BA               	movwf	(_I2C_Status^(0+256)+26)
  8425     091B                     l165:
  8426     091B  0008               	return
  8427     091C                     __end_of_I2C_MasterFsm:
  8428                           
  8429                           	psect	text35
  8430     0946                     __ptext35:	
  8431 ;; *************** function _I2C_DO_ADDRESS_NACK *****************
  8432 ;; Defined at:
  8433 ;;		line 500 in file "mcc_generated_files/i2c_master.c"
  8434 ;; Parameters:    Size  Location     Type
  8435 ;;		None
  8436 ;; Auto vars:     Size  Location     Type
  8437 ;;		None
  8438 ;; Return value:  Size  Location     Type
  8439 ;;                  1    wreg      enum E3110
  8440 ;; Registers used:
  8441 ;;		wreg, fsr0l, fsr0h, fsr1l, fsr1h, status,2, status,0, pclath, cstack
  8442 ;; Tracked objects:
  8443 ;;		On entry : 0/0
  8444 ;;		On exit  : 0/0
  8445 ;;		Unchanged: 0/0
  8446 ;; Data sizes:     COMMON   BANK0   BANK1   BANK2   BANK3   BANK4   BANK5   BANK6
  8447 ;;      Params:         0       0       0       0       0       0       0       0
  8448 ;;      Locals:         0       0       0       0       0       0       0       0
  8449 ;;      Temps:          0       2       0       0       0       0       0       0
  8450 ;;      Totals:         0       2       0       0       0       0       0       0
  8451 ;;Total ram usage:        2 bytes
  8452 ;; Hardware stack levels used: 1
  8453 ;; Hardware stack levels required when called: 7
  8454 ;; This function calls:
  8455 ;;		NULL
  8456 ;;		_I2C_CallbackReturnReset
  8457 ;;		_I2C_CallbackReturnStop
  8458 ;;		_I2C_DO_SEND_RESTART
  8459 ;;		_I2C_DO_SEND_STOP
  8460 ;;		_wr1RegCompleteHandler
  8461 ;; This function is called by:
  8462 ;;		_I2C_MasterFsm
  8463 ;; This function uses a non-reentrant model
  8464 ;;
  8465                           
  8466     0946                     _I2C_DO_ADDRESS_NACK:	
  8467                           ;psect for function _I2C_DO_ADDRESS_NACK
  8468                           
  8469     0946                     l4889:	
  8470                           ;incstack = 0
  8471                           ; Regs used in _I2C_DO_ADDRESS_NACK: [wreg-fsr1h+status,2+status,0+pclath+cstack]
  8472                           
  8473                           
  8474                           ;mcc_generated_files/i2c_master.c: 502:     I2C_Status.addressNackCheck = 0;
  8475     0946  0022               	movlb	2	; select bank2
  8476     0947  103C               	bcf	(_I2C_Status^(0+256)+28),0
  8477     0948                     l4891:
  8478                           
  8479                           ;mcc_generated_files/i2c_master.c: 503:     I2C_Status.error = I2C_FAIL;
  8480     0948  3002               	movlw	2
  8481     0949  00BB               	movwf	(_I2C_Status^(0+256)+27)
  8482                           
  8483                           ;mcc_generated_files/i2c_master.c: 504:     switch(I2C_Status.callbackTable[I2C_ADDR_NAC
      +                          K](I2C_Status.callbackPayload[I2C_ADDR_NACK]))
  8484     094A  2953               	goto	l4903
  8485     094B                     l4893:
  8486                           
  8487                           ;mcc_generated_files/i2c_master.c: 508:             return I2C_DO_SEND_RESTART();
  8488     094B  3195  25C4  3189   	fcall	_I2C_DO_SEND_RESTART
  8489     094E  296F               	goto	l245
  8490     094F                     l4897:
  8491                           
  8492                           ;mcc_generated_files/i2c_master.c: 510:             return I2C_DO_SEND_STOP();
  8493     094F  3195  25C9  3189   	fcall	_I2C_DO_SEND_STOP
  8494     0952  296F               	goto	l245
  8495     0953                     l4903:
  8496     0953  082E               	movf	(low ((_I2C_Status| (0+256)+14)))^0,w
  8497     0954  00F9               	movwf	I2C_CallbackReturnReset@funPtr
  8498     0955  3004               	movlw	4
  8499     0956  3E20               	addlw	(low (_I2C_Status| (0+256)))& (0+255)
  8500     0957  0086               	movwf	6
  8501     0958  3001               	movlw	1	; select bank2/3
  8502     0959  0087               	movwf	7
  8503     095A  3F41               	moviw [1]fsr1
  8504     095B  008A               	movwf	10
  8505     095C  3F40               	moviw [0]fsr1
  8506     095D  000A               	callw
  8507     095E  3189               	pagesel	$
  8508     095F  0020               	movlb	0	; select bank0
  8509     0960  00A0               	movwf	??_I2C_DO_ADDRESS_NACK
  8510     0961  01A1               	clrf	??_I2C_DO_ADDRESS_NACK+1
  8511                           
  8512                           ; Switch on 2 bytes has been partitioned into a top level switch of size 1, and 1 sub-sw
      +                          itches
  8513                           ; Switch size 1, requested type "simple"
  8514                           ; Number of cases is 1, Range of values is 0 to 0
  8515                           ; switch strategies available:
  8516                           ; Name         Instructions Cycles
  8517                           ; simple_byte            4     3 (average)
  8518                           ; direct_byte            8     6 (fixed)
  8519                           ; jumptable            260     6 (fixed)
  8520                           ;	Chosen strategy is simple_byte
  8521     0962  0821               	movf	??_I2C_DO_ADDRESS_NACK+1,w
  8522     0963  3A00               	xorlw	0	; case 0
  8523     0964  1903               	skipnz
  8524     0965  2967               	goto	l5835
  8525     0966  294F               	goto	l4897
  8526     0967                     l5835:
  8527                           
  8528                           ; Switch size 1, requested type "simple"
  8529                           ; Number of cases is 2, Range of values is 2 to 3
  8530                           ; switch strategies available:
  8531                           ; Name         Instructions Cycles
  8532                           ; simple_byte            7     4 (average)
  8533                           ; direct_byte           13     9 (fixed)
  8534                           ; jumptable            263     9 (fixed)
  8535                           ;	Chosen strategy is simple_byte
  8536     0967  0820               	movf	??_I2C_DO_ADDRESS_NACK,w
  8537     0968  3A02               	xorlw	2	; case 2
  8538     0969  1903               	skipnz
  8539     096A  294B               	goto	l4893
  8540     096B  3A01               	xorlw	1	; case 3
  8541     096C  1903               	skipnz
  8542     096D  294B               	goto	l4893
  8543     096E  294F               	goto	l4897
  8544     096F                     l245:
  8545     096F  0008               	return
  8546     0970                     __end_of_I2C_DO_ADDRESS_NACK:
  8547                           
  8548                           	psect	text36
  8549     15DD                     __ptext36:	
  8550 ;; *************** function _I2C_DO_RESET *****************
  8551 ;; Defined at:
  8552 ;;		line 494 in file "mcc_generated_files/i2c_master.c"
  8553 ;; Parameters:    Size  Location     Type
  8554 ;;		None
  8555 ;; Auto vars:     Size  Location     Type
  8556 ;;		None
  8557 ;; Return value:  Size  Location     Type
  8558 ;;                  1    wreg      enum E3110
  8559 ;; Registers used:
  8560 ;;		wreg, status,2
  8561 ;; Tracked objects:
  8562 ;;		On entry : 0/0
  8563 ;;		On exit  : 0/0
  8564 ;;		Unchanged: 0/0
  8565 ;; Data sizes:     COMMON   BANK0   BANK1   BANK2   BANK3   BANK4   BANK5   BANK6
  8566 ;;      Params:         0       0       0       0       0       0       0       0
  8567 ;;      Locals:         0       0       0       0       0       0       0       0
  8568 ;;      Temps:          0       0       0       0       0       0       0       0
  8569 ;;      Totals:         0       0       0       0       0       0       0       0
  8570 ;;Total ram usage:        0 bytes
  8571 ;; Hardware stack levels used: 1
  8572 ;; Hardware stack levels required when called: 4
  8573 ;; This function calls:
  8574 ;;		Nothing
  8575 ;; This function is called by:
  8576 ;;		_I2C_MasterFsm
  8577 ;; This function uses a non-reentrant model
  8578 ;;
  8579                           
  8580     15DD                     _I2C_DO_RESET:	
  8581                           ;psect for function _I2C_DO_RESET
  8582                           
  8583     15DD                     l3443:	
  8584                           ;incstack = 0
  8585                           ; Regs used in _I2C_DO_RESET: [wreg+status,2]
  8586                           
  8587                           
  8588                           ;mcc_generated_files/i2c_master.c: 496:     I2C_Status.busy = 0;
  8589     15DD  0022               	movlb	2	; select bank2
  8590     15DE  10BC               	bcf	(_I2C_Status^(0+256)+28),1
  8591     15DF                     l3445:
  8592                           
  8593                           ;mcc_generated_files/i2c_master.c: 497:     I2C_Status.error = I2C_NOERR;
  8594     15DF  01BB               	clrf	(_I2C_Status^(0+256)+27)
  8595     15E0                     l3447:
  8596                           
  8597                           ;mcc_generated_files/i2c_master.c: 498:     return I2C_RESET;
  8598     15E0  300E               	movlw	14
  8599     15E1                     l239:
  8600     15E1  0008               	return
  8601     15E2                     __end_of_I2C_DO_RESET:
  8602                           
  8603                           	psect	text37
  8604     15D8                     __ptext37:	
  8605 ;; *************** function _I2C_DO_RX_NACK_RESTART *****************
  8606 ;; Defined at:
  8607 ;;		line 488 in file "mcc_generated_files/i2c_master.c"
  8608 ;; Parameters:    Size  Location     Type
  8609 ;;		None
  8610 ;; Auto vars:     Size  Location     Type
  8611 ;;		None
  8612 ;; Return value:  Size  Location     Type
  8613 ;;                  1    wreg      enum E3110
  8614 ;; Registers used:
  8615 ;;		wreg, status,2, status,0, pclath, cstack
  8616 ;; Tracked objects:
  8617 ;;		On entry : 0/0
  8618 ;;		On exit  : 0/0
  8619 ;;		Unchanged: 0/0
  8620 ;; Data sizes:     COMMON   BANK0   BANK1   BANK2   BANK3   BANK4   BANK5   BANK6
  8621 ;;      Params:         0       0       0       0       0       0       0       0
  8622 ;;      Locals:         0       0       0       0       0       0       0       0
  8623 ;;      Temps:          0       0       0       0       0       0       0       0
  8624 ;;      Totals:         0       0       0       0       0       0       0       0
  8625 ;;Total ram usage:        0 bytes
  8626 ;; Hardware stack levels used: 1
  8627 ;; Hardware stack levels required when called: 5
  8628 ;; This function calls:
  8629 ;;		_I2C_MasterSendNack
  8630 ;; This function is called by:
  8631 ;;		_I2C_DO_RX
  8632 ;;		_I2C_MasterFsm
  8633 ;; This function uses a non-reentrant model
  8634 ;;
  8635                           
  8636     15D8                     _I2C_DO_RX_NACK_RESTART:	
  8637                           ;psect for function _I2C_DO_RX_NACK_RESTART
  8638                           
  8639     15D8                     l3281:	
  8640                           ;incstack = 0
  8641                           ; Regs used in _I2C_DO_RX_NACK_RESTART: [wreg+status,2+status,0+pclath+cstack]
  8642                           
  8643                           
  8644                           ;mcc_generated_files/i2c_master.c: 490:     I2C_MasterSendNack();
  8645     15D8  3195  25A4  3195   	fcall	_I2C_MasterSendNack
  8646     15DB                     l3283:
  8647                           
  8648                           ;mcc_generated_files/i2c_master.c: 491:     return I2C_SEND_RESTART;
  8649     15DB  3009               	movlw	9
  8650     15DC                     l236:
  8651     15DC  0008               	return
  8652     15DD                     __end_of_I2C_DO_RX_NACK_RESTART:
  8653                           
  8654                           	psect	text38
  8655     15D3                     __ptext38:	
  8656 ;; *************** function _I2C_DO_RX_NACK_STOP *****************
  8657 ;; Defined at:
  8658 ;;		line 482 in file "mcc_generated_files/i2c_master.c"
  8659 ;; Parameters:    Size  Location     Type
  8660 ;;		None
  8661 ;; Auto vars:     Size  Location     Type
  8662 ;;		None
  8663 ;; Return value:  Size  Location     Type
  8664 ;;                  1    wreg      enum E3110
  8665 ;; Registers used:
  8666 ;;		wreg, status,2, status,0, pclath, cstack
  8667 ;; Tracked objects:
  8668 ;;		On entry : 0/0
  8669 ;;		On exit  : 0/0
  8670 ;;		Unchanged: 0/0
  8671 ;; Data sizes:     COMMON   BANK0   BANK1   BANK2   BANK3   BANK4   BANK5   BANK6
  8672 ;;      Params:         0       0       0       0       0       0       0       0
  8673 ;;      Locals:         0       0       0       0       0       0       0       0
  8674 ;;      Temps:          0       0       0       0       0       0       0       0
  8675 ;;      Totals:         0       0       0       0       0       0       0       0
  8676 ;;Total ram usage:        0 bytes
  8677 ;; Hardware stack levels used: 1
  8678 ;; Hardware stack levels required when called: 5
  8679 ;; This function calls:
  8680 ;;		_I2C_MasterSendNack
  8681 ;; This function is called by:
  8682 ;;		_I2C_DO_RX
  8683 ;;		_I2C_MasterFsm
  8684 ;; This function uses a non-reentrant model
  8685 ;;
  8686                           
  8687     15D3                     _I2C_DO_RX_NACK_STOP:	
  8688                           ;psect for function _I2C_DO_RX_NACK_STOP
  8689                           
  8690     15D3                     l3287:	
  8691                           ;incstack = 0
  8692                           ; Regs used in _I2C_DO_RX_NACK_STOP: [wreg+status,2+status,0+pclath+cstack]
  8693                           
  8694                           
  8695                           ;mcc_generated_files/i2c_master.c: 484:     I2C_MasterSendNack();
  8696     15D3  3195  25A4  3195   	fcall	_I2C_MasterSendNack
  8697     15D6                     l3289:
  8698                           
  8699                           ;mcc_generated_files/i2c_master.c: 485:     return I2C_SEND_STOP;
  8700     15D6  300A               	movlw	10
  8701     15D7                     l233:
  8702     15D7  0008               	return
  8703     15D8                     __end_of_I2C_DO_RX_NACK_STOP:
  8704                           
  8705                           	psect	text39
  8706     15CE                     __ptext39:	
  8707 ;; *************** function _I2C_DO_RX_ACK *****************
  8708 ;; Defined at:
  8709 ;;		line 475 in file "mcc_generated_files/i2c_master.c"
  8710 ;; Parameters:    Size  Location     Type
  8711 ;;		None
  8712 ;; Auto vars:     Size  Location     Type
  8713 ;;		None
  8714 ;; Return value:  Size  Location     Type
  8715 ;;                  1    wreg      enum E3110
  8716 ;; Registers used:
  8717 ;;		wreg, status,2, status,0, pclath, cstack
  8718 ;; Tracked objects:
  8719 ;;		On entry : 0/0
  8720 ;;		On exit  : 0/0
  8721 ;;		Unchanged: 0/0
  8722 ;; Data sizes:     COMMON   BANK0   BANK1   BANK2   BANK3   BANK4   BANK5   BANK6
  8723 ;;      Params:         0       0       0       0       0       0       0       0
  8724 ;;      Locals:         0       0       0       0       0       0       0       0
  8725 ;;      Temps:          0       0       0       0       0       0       0       0
  8726 ;;      Totals:         0       0       0       0       0       0       0       0
  8727 ;;Total ram usage:        0 bytes
  8728 ;; Hardware stack levels used: 1
  8729 ;; Hardware stack levels required when called: 5
  8730 ;; This function calls:
  8731 ;;		_I2C_MasterSendAck
  8732 ;; This function is called by:
  8733 ;;		_I2C_MasterFsm
  8734 ;; This function uses a non-reentrant model
  8735 ;;
  8736                           
  8737     15CE                     _I2C_DO_RX_ACK:	
  8738                           ;psect for function _I2C_DO_RX_ACK
  8739                           
  8740     15CE                     l3437:	
  8741                           ;incstack = 0
  8742                           ; Regs used in _I2C_DO_RX_ACK: [wreg+status,2+status,0+pclath+cstack]
  8743                           
  8744                           
  8745                           ;mcc_generated_files/i2c_master.c: 477:     I2C_MasterSendAck();
  8746     15CE  3195  25A8  3195   	fcall	_I2C_MasterSendAck
  8747     15D1                     l3439:
  8748                           
  8749                           ;mcc_generated_files/i2c_master.c: 478:     return I2C_RCEN;
  8750     15D1  3005               	movlw	5
  8751     15D2                     l230:
  8752     15D2  0008               	return
  8753     15D3                     __end_of_I2C_DO_RX_ACK:
  8754                           
  8755                           	psect	text40
  8756     15C9                     __ptext40:	
  8757 ;; *************** function _I2C_DO_SEND_STOP *****************
  8758 ;; Defined at:
  8759 ;;		line 469 in file "mcc_generated_files/i2c_master.c"
  8760 ;; Parameters:    Size  Location     Type
  8761 ;;		None
  8762 ;; Auto vars:     Size  Location     Type
  8763 ;;		None
  8764 ;; Return value:  Size  Location     Type
  8765 ;;                  1    wreg      enum E3110
  8766 ;; Registers used:
  8767 ;;		wreg, status,2, status,0, pclath, cstack
  8768 ;; Tracked objects:
  8769 ;;		On entry : 0/0
  8770 ;;		On exit  : 0/0
  8771 ;;		Unchanged: 0/0
  8772 ;; Data sizes:     COMMON   BANK0   BANK1   BANK2   BANK3   BANK4   BANK5   BANK6
  8773 ;;      Params:         0       0       0       0       0       0       0       0
  8774 ;;      Locals:         0       0       0       0       0       0       0       0
  8775 ;;      Temps:          0       0       0       0       0       0       0       0
  8776 ;;      Totals:         0       0       0       0       0       0       0       0
  8777 ;;Total ram usage:        0 bytes
  8778 ;; Hardware stack levels used: 1
  8779 ;; Hardware stack levels required when called: 5
  8780 ;; This function calls:
  8781 ;;		_I2C_MasterStop
  8782 ;; This function is called by:
  8783 ;;		_I2C_DO_TX
  8784 ;;		_I2C_DO_TX_EMPTY
  8785 ;;		_I2C_DO_ADDRESS_NACK
  8786 ;;		_I2C_MasterFsm
  8787 ;; This function uses a non-reentrant model
  8788 ;;
  8789                           
  8790     15C9                     _I2C_DO_SEND_STOP:	
  8791                           ;psect for function _I2C_DO_SEND_STOP
  8792                           
  8793     15C9                     l3269:	
  8794                           ;incstack = 0
  8795                           ; Regs used in _I2C_DO_SEND_STOP: [wreg+status,2+status,0+pclath+cstack]
  8796                           
  8797                           
  8798                           ;mcc_generated_files/i2c_master.c: 471:     I2C_MasterStop();
  8799     15C9  3195  2598  3195   	fcall	_I2C_MasterStop
  8800     15CC                     l3271:
  8801                           
  8802                           ;mcc_generated_files/i2c_master.c: 472:     return I2C_IDLE;
  8803     15CC  3000               	movlw	0
  8804     15CD                     l227:
  8805     15CD  0008               	return
  8806     15CE                     __end_of_I2C_DO_SEND_STOP:
  8807                           
  8808                           	psect	text41
  8809     15C4                     __ptext41:	
  8810 ;; *************** function _I2C_DO_SEND_RESTART *****************
  8811 ;; Defined at:
  8812 ;;		line 463 in file "mcc_generated_files/i2c_master.c"
  8813 ;; Parameters:    Size  Location     Type
  8814 ;;		None
  8815 ;; Auto vars:     Size  Location     Type
  8816 ;;		None
  8817 ;; Return value:  Size  Location     Type
  8818 ;;                  1    wreg      enum E3110
  8819 ;; Registers used:
  8820 ;;		wreg, status,2, status,0, pclath, cstack
  8821 ;; Tracked objects:
  8822 ;;		On entry : 0/0
  8823 ;;		On exit  : 0/0
  8824 ;;		Unchanged: 0/0
  8825 ;; Data sizes:     COMMON   BANK0   BANK1   BANK2   BANK3   BANK4   BANK5   BANK6
  8826 ;;      Params:         0       0       0       0       0       0       0       0
  8827 ;;      Locals:         0       0       0       0       0       0       0       0
  8828 ;;      Temps:          0       0       0       0       0       0       0       0
  8829 ;;      Totals:         0       0       0       0       0       0       0       0
  8830 ;;Total ram usage:        0 bytes
  8831 ;; Hardware stack levels used: 1
  8832 ;; Hardware stack levels required when called: 5
  8833 ;; This function calls:
  8834 ;;		_I2C_MasterEnableRestart
  8835 ;; This function is called by:
  8836 ;;		_I2C_DO_TX_EMPTY
  8837 ;;		_I2C_DO_ADDRESS_NACK
  8838 ;;		_I2C_MasterFsm
  8839 ;; This function uses a non-reentrant model
  8840 ;;
  8841                           
  8842     15C4                     _I2C_DO_SEND_RESTART:	
  8843                           ;psect for function _I2C_DO_SEND_RESTART
  8844                           
  8845     15C4                     l3295:	
  8846                           ;incstack = 0
  8847                           ; Regs used in _I2C_DO_SEND_RESTART: [wreg+status,2+status,0+pclath+cstack]
  8848                           
  8849                           
  8850                           ;mcc_generated_files/i2c_master.c: 465:     I2C_MasterEnableRestart();
  8851     15C4  3195  2595  3195   	fcall	_I2C_MasterEnableRestart
  8852     15C7                     l3297:
  8853                           
  8854                           ;mcc_generated_files/i2c_master.c: 466:     return I2C_SEND_ADR_READ;
  8855     15C7  3001               	movlw	1
  8856     15C8                     l224:
  8857     15C8  0008               	return
  8858     15C9                     __end_of_I2C_DO_SEND_RESTART:
  8859                           
  8860                           	psect	text42
  8861     15BF                     __ptext42:	
  8862 ;; *************** function _I2C_DO_SEND_RESTART_WRITE *****************
  8863 ;; Defined at:
  8864 ;;		line 456 in file "mcc_generated_files/i2c_master.c"
  8865 ;; Parameters:    Size  Location     Type
  8866 ;;		None
  8867 ;; Auto vars:     Size  Location     Type
  8868 ;;		None
  8869 ;; Return value:  Size  Location     Type
  8870 ;;                  1    wreg      enum E3110
  8871 ;; Registers used:
  8872 ;;		wreg, status,2, status,0, pclath, cstack
  8873 ;; Tracked objects:
  8874 ;;		On entry : 0/0
  8875 ;;		On exit  : 0/0
  8876 ;;		Unchanged: 0/0
  8877 ;; Data sizes:     COMMON   BANK0   BANK1   BANK2   BANK3   BANK4   BANK5   BANK6
  8878 ;;      Params:         0       0       0       0       0       0       0       0
  8879 ;;      Locals:         0       0       0       0       0       0       0       0
  8880 ;;      Temps:          0       0       0       0       0       0       0       0
  8881 ;;      Totals:         0       0       0       0       0       0       0       0
  8882 ;;Total ram usage:        0 bytes
  8883 ;; Hardware stack levels used: 1
  8884 ;; Hardware stack levels required when called: 5
  8885 ;; This function calls:
  8886 ;;		_I2C_MasterEnableRestart
  8887 ;; This function is called by:
  8888 ;;		_I2C_DO_TX
  8889 ;;		_I2C_MasterFsm
  8890 ;; This function uses a non-reentrant model
  8891 ;;
  8892                           
  8893     15BF                     _I2C_DO_SEND_RESTART_WRITE:	
  8894                           ;psect for function _I2C_DO_SEND_RESTART_WRITE
  8895                           
  8896     15BF                     l3263:	
  8897                           ;incstack = 0
  8898                           ; Regs used in _I2C_DO_SEND_RESTART_WRITE: [wreg+status,2+status,0+pclath+cstack]
  8899                           
  8900                           
  8901                           ;mcc_generated_files/i2c_master.c: 458:     I2C_MasterEnableRestart();
  8902     15BF  3195  2595  3195   	fcall	_I2C_MasterEnableRestart
  8903     15C2                     l3265:
  8904                           
  8905                           ;mcc_generated_files/i2c_master.c: 459:     return I2C_SEND_ADR_WRITE;
  8906     15C2  3002               	movlw	2
  8907     15C3                     l221:
  8908     15C3  0008               	return
  8909     15C4                     __end_of_I2C_DO_SEND_RESTART_WRITE:
  8910                           
  8911                           	psect	text43
  8912     15BA                     __ptext43:	
  8913 ;; *************** function _I2C_DO_SEND_RESTART_READ *****************
  8914 ;; Defined at:
  8915 ;;		line 450 in file "mcc_generated_files/i2c_master.c"
  8916 ;; Parameters:    Size  Location     Type
  8917 ;;		None
  8918 ;; Auto vars:     Size  Location     Type
  8919 ;;		None
  8920 ;; Return value:  Size  Location     Type
  8921 ;;                  1    wreg      enum E3110
  8922 ;; Registers used:
  8923 ;;		wreg, status,2, status,0, pclath, cstack
  8924 ;; Tracked objects:
  8925 ;;		On entry : 0/0
  8926 ;;		On exit  : 0/0
  8927 ;;		Unchanged: 0/0
  8928 ;; Data sizes:     COMMON   BANK0   BANK1   BANK2   BANK3   BANK4   BANK5   BANK6
  8929 ;;      Params:         0       0       0       0       0       0       0       0
  8930 ;;      Locals:         0       0       0       0       0       0       0       0
  8931 ;;      Temps:          0       0       0       0       0       0       0       0
  8932 ;;      Totals:         0       0       0       0       0       0       0       0
  8933 ;;Total ram usage:        0 bytes
  8934 ;; Hardware stack levels used: 1
  8935 ;; Hardware stack levels required when called: 5
  8936 ;; This function calls:
  8937 ;;		_I2C_MasterEnableRestart
  8938 ;; This function is called by:
  8939 ;;		_I2C_DO_TX
  8940 ;;		_I2C_MasterFsm
  8941 ;; This function uses a non-reentrant model
  8942 ;;
  8943                           
  8944     15BA                     _I2C_DO_SEND_RESTART_READ:	
  8945                           ;psect for function _I2C_DO_SEND_RESTART_READ
  8946                           
  8947     15BA                     l3257:	
  8948                           ;incstack = 0
  8949                           ; Regs used in _I2C_DO_SEND_RESTART_READ: [wreg+status,2+status,0+pclath+cstack]
  8950                           
  8951                           
  8952                           ;mcc_generated_files/i2c_master.c: 452:     I2C_MasterEnableRestart();
  8953     15BA  3195  2595  3195   	fcall	_I2C_MasterEnableRestart
  8954     15BD                     l3259:
  8955                           
  8956                           ;mcc_generated_files/i2c_master.c: 453:     return I2C_SEND_ADR_READ;
  8957     15BD  3001               	movlw	1
  8958     15BE                     l218:
  8959     15BE  0008               	return
  8960     15BF                     __end_of_I2C_DO_SEND_RESTART_READ:
  8961                           
  8962                           	psect	text44
  8963     160B                     __ptext44:	
  8964 ;; *************** function _I2C_DO_RCEN *****************
  8965 ;; Defined at:
  8966 ;;		line 402 in file "mcc_generated_files/i2c_master.c"
  8967 ;; Parameters:    Size  Location     Type
  8968 ;;		None
  8969 ;; Auto vars:     Size  Location     Type
  8970 ;;		None
  8971 ;; Return value:  Size  Location     Type
  8972 ;;                  1    wreg      enum E3110
  8973 ;; Registers used:
  8974 ;;		wreg, status,2, status,0, pclath, cstack
  8975 ;; Tracked objects:
  8976 ;;		On entry : 0/0
  8977 ;;		On exit  : 0/0
  8978 ;;		Unchanged: 0/0
  8979 ;; Data sizes:     COMMON   BANK0   BANK1   BANK2   BANK3   BANK4   BANK5   BANK6
  8980 ;;      Params:         0       0       0       0       0       0       0       0
  8981 ;;      Locals:         0       0       0       0       0       0       0       0
  8982 ;;      Temps:          0       0       0       0       0       0       0       0
  8983 ;;      Totals:         0       0       0       0       0       0       0       0
  8984 ;;Total ram usage:        0 bytes
  8985 ;; Hardware stack levels used: 1
  8986 ;; Hardware stack levels required when called: 5
  8987 ;; This function calls:
  8988 ;;		_I2C_MasterStartRx
  8989 ;; This function is called by:
  8990 ;;		_I2C_MasterFsm
  8991 ;; This function uses a non-reentrant model
  8992 ;;
  8993                           
  8994     160B                     _I2C_DO_RCEN:	
  8995                           ;psect for function _I2C_DO_RCEN
  8996                           
  8997     160B                     l3403:	
  8998                           ;incstack = 0
  8999                           ; Regs used in _I2C_DO_RCEN: [wreg+status,2+status,0+pclath+cstack]
  9000                           
  9001                           
  9002                           ;mcc_generated_files/i2c_master.c: 404:     I2C_Status.addressNackCheck = 0;
  9003     160B  0022               	movlb	2	; select bank2
  9004     160C  103C               	bcf	(_I2C_Status^(0+256)+28),0
  9005     160D                     l3405:
  9006                           
  9007                           ;mcc_generated_files/i2c_master.c: 405:     I2C_MasterStartRx();
  9008     160D  3195  259B  3196   	fcall	_I2C_MasterStartRx
  9009     1610                     l3407:
  9010                           
  9011                           ;mcc_generated_files/i2c_master.c: 406:     return I2C_RX;
  9012     1610  3004               	movlw	4
  9013     1611                     l205:
  9014     1611  0008               	return
  9015     1612                     __end_of_I2C_DO_RCEN:
  9016                           
  9017                           	psect	text45
  9018     0B3B                     __ptext45:	
  9019 ;; *************** function _I2C_DO_RX *****************
  9020 ;; Defined at:
  9021 ;;		line 378 in file "mcc_generated_files/i2c_master.c"
  9022 ;; Parameters:    Size  Location     Type
  9023 ;;		None
  9024 ;; Auto vars:     Size  Location     Type
  9025 ;;		None
  9026 ;; Return value:  Size  Location     Type
  9027 ;;                  1    wreg      enum E3110
  9028 ;; Registers used:
  9029 ;;		wreg, fsr0l, fsr0h, fsr1l, fsr1h, status,2, status,0, pclath, cstack
  9030 ;; Tracked objects:
  9031 ;;		On entry : 0/0
  9032 ;;		On exit  : 0/0
  9033 ;;		Unchanged: 0/0
  9034 ;; Data sizes:     COMMON   BANK0   BANK1   BANK2   BANK3   BANK4   BANK5   BANK6
  9035 ;;      Params:         0       0       0       0       0       0       0       0
  9036 ;;      Locals:         0       0       0       0       0       0       0       0
  9037 ;;      Temps:          0       2       0       0       0       0       0       0
  9038 ;;      Totals:         0       2       0       0       0       0       0       0
  9039 ;;Total ram usage:        2 bytes
  9040 ;; Hardware stack levels used: 1
  9041 ;; Hardware stack levels required when called: 7
  9042 ;; This function calls:
  9043 ;;		NULL
  9044 ;;		_I2C_CallbackReturnReset
  9045 ;;		_I2C_CallbackReturnStop
  9046 ;;		_I2C_DO_RX_NACK_RESTART
  9047 ;;		_I2C_DO_RX_NACK_STOP
  9048 ;;		_I2C_MasterGetRxData
  9049 ;;		_I2C_MasterSendAck
  9050 ;;		_wr1RegCompleteHandler
  9051 ;; This function is called by:
  9052 ;;		_I2C_MasterFsm
  9053 ;; This function uses a non-reentrant model
  9054 ;;
  9055                           
  9056     0B3B                     _I2C_DO_RX:	
  9057                           ;psect for function _I2C_DO_RX
  9058                           
  9059     0B3B                     l4835:	
  9060                           ;incstack = 0
  9061                           ; Regs used in _I2C_DO_RX: [wreg-fsr1h+status,2+status,0+pclath+cstack]
  9062                           
  9063                           
  9064                           ;mcc_generated_files/i2c_master.c: 380:     *I2C_Status.data_ptr++ = I2C_MasterGetRxData
      +                          ();
  9065     0B3B  0022               	movlb	2	; select bank2
  9066     0B3C  0837               	movf	(low ((_I2C_Status| (0+256)+23)))^0,w
  9067     0B3D  0086               	movwf	6
  9068     0B3E  0187               	clrf	7
  9069     0B3F  3195  259E  318B   	fcall	_I2C_MasterGetRxData
  9070     0B42  0081               	movwf	1
  9071     0B43                     l4837:
  9072     0B43  3001               	movlw	1
  9073     0B44  0020               	movlb	0	; select bank0
  9074     0B45  00A0               	movwf	??_I2C_DO_RX
  9075     0B46  0820               	movf	??_I2C_DO_RX,w
  9076     0B47  0022               	movlb	2	; select bank2
  9077     0B48  07B7               	addwf	(low ((_I2C_Status| (0+256)+23)))^0,f
  9078     0B49                     l4839:
  9079                           
  9080                           ;mcc_generated_files/i2c_master.c: 381:     if(--I2C_Status.data_length)
  9081     0B49  3001               	movlw	1
  9082     0B4A  02B8               	subwf	(_I2C_Status^(0+256)+24),f
  9083     0B4B  3000               	movlw	0
  9084     0B4C  3BB9               	subwfb	((_I2C_Status+1)^(0+256)+24),f
  9085     0B4D  0838               	movf	(_I2C_Status^(0+256)+24),w
  9086     0B4E  0439               	iorwf	((_I2C_Status+1)^(0+256)+24),w
  9087     0B4F  1903               	btfsc	3,2
  9088     0B50  2B52               	goto	u3221
  9089     0B51  2B53               	goto	u3220
  9090     0B52                     u3221:
  9091     0B52  2B58               	goto	l193
  9092     0B53                     u3220:
  9093     0B53                     l4841:
  9094                           
  9095                           ;mcc_generated_files/i2c_master.c: 382:     {;mcc_generated_files/i2c_master.c: 383:    
      +                               I2C_MasterSendAck();
  9096     0B53  3195  25A8  318B   	fcall	_I2C_MasterSendAck
  9097     0B56                     l4843:
  9098                           
  9099                           ;mcc_generated_files/i2c_master.c: 384:         return I2C_RCEN;
  9100     0B56  3005               	movlw	5
  9101     0B57  2B7F               	goto	l194
  9102     0B58                     l193:	
  9103                           ;mcc_generated_files/i2c_master.c: 386:     else
  9104                           
  9105                           
  9106                           ;mcc_generated_files/i2c_master.c: 387:     {;mcc_generated_files/i2c_master.c: 388:    
      +                               I2C_Status.bufferFree = 1;
  9107     0B58  15BC               	bsf	(_I2C_Status^(0+256)+28),3
  9108                           
  9109                           ;mcc_generated_files/i2c_master.c: 389:         switch(I2C_Status.callbackTable[I2C_DATA
      +                          _COMPLETE](I2C_Status.callbackPayload[I2C_DATA_COMPLETE]))
  9110     0B59  2B62               	goto	l4859
  9111     0B5A                     l4849:
  9112                           
  9113                           ;mcc_generated_files/i2c_master.c: 393:                 return I2C_DO_RX_NACK_RESTART();
  9114     0B5A  3195  25D8  318B   	fcall	_I2C_DO_RX_NACK_RESTART
  9115     0B5D  2B7F               	goto	l194
  9116     0B5E                     l4853:
  9117                           
  9118                           ;mcc_generated_files/i2c_master.c: 397:                 return I2C_DO_RX_NACK_STOP();
  9119     0B5E  3195  25D3  318B   	fcall	_I2C_DO_RX_NACK_STOP
  9120     0B61  2B7F               	goto	l194
  9121     0B62                     l4859:
  9122     0B62  082C               	movf	(low ((_I2C_Status| (0+256)+12)))^0,w
  9123     0B63  00F9               	movwf	I2C_CallbackReturnReset@funPtr
  9124     0B64  0821               	movf	(_I2C_Status+1)^(0+256),w
  9125     0B65  008A               	movwf	10
  9126     0B66  0820               	movf	_I2C_Status^(0+256),w
  9127     0B67  000A               	callw
  9128     0B68  318B               	pagesel	$
  9129     0B69  0020               	movlb	0	; select bank0
  9130     0B6A  00A0               	movwf	??_I2C_DO_RX
  9131     0B6B  01A1               	clrf	??_I2C_DO_RX+1
  9132                           
  9133                           ; Switch on 2 bytes has been partitioned into a top level switch of size 1, and 1 sub-sw
      +                          itches
  9134                           ; Switch size 1, requested type "simple"
  9135                           ; Number of cases is 1, Range of values is 0 to 0
  9136                           ; switch strategies available:
  9137                           ; Name         Instructions Cycles
  9138                           ; simple_byte            4     3 (average)
  9139                           ; direct_byte            8     6 (fixed)
  9140                           ; jumptable            260     6 (fixed)
  9141                           ;	Chosen strategy is simple_byte
  9142     0B6C  0821               	movf	??_I2C_DO_RX+1,w
  9143     0B6D  3A00               	xorlw	0	; case 0
  9144     0B6E  1903               	skipnz
  9145     0B6F  2B71               	goto	l5837
  9146     0B70  2B5E               	goto	l4853
  9147     0B71                     l5837:
  9148                           
  9149                           ; Switch size 1, requested type "simple"
  9150                           ; Number of cases is 4, Range of values is 1 to 4
  9151                           ; switch strategies available:
  9152                           ; Name         Instructions Cycles
  9153                           ; simple_byte           13     7 (average)
  9154                           ; direct_byte           17     9 (fixed)
  9155                           ; jumptable            263     9 (fixed)
  9156                           ;	Chosen strategy is simple_byte
  9157     0B71  0820               	movf	??_I2C_DO_RX,w
  9158     0B72  3A01               	xorlw	1	; case 1
  9159     0B73  1903               	skipnz
  9160     0B74  2B5E               	goto	l4853
  9161     0B75  3A03               	xorlw	3	; case 2
  9162     0B76  1903               	skipnz
  9163     0B77  2B5A               	goto	l4849
  9164     0B78  3A01               	xorlw	1	; case 3
  9165     0B79  1903               	skipnz
  9166     0B7A  2B5A               	goto	l4849
  9167     0B7B  3A07               	xorlw	7	; case 4
  9168     0B7C  1903               	skipnz
  9169     0B7D  2B5E               	goto	l4853
  9170     0B7E  2B5E               	goto	l4853
  9171     0B7F                     l194:
  9172     0B7F  0008               	return
  9173     0B80                     __end_of_I2C_DO_RX:
  9174                           
  9175                           	psect	text46
  9176     0C6B                     __ptext46:	
  9177 ;; *************** function _I2C_DO_TX *****************
  9178 ;; Defined at:
  9179 ;;		line 354 in file "mcc_generated_files/i2c_master.c"
  9180 ;; Parameters:    Size  Location     Type
  9181 ;;		None
  9182 ;; Auto vars:     Size  Location     Type
  9183 ;;		None
  9184 ;; Return value:  Size  Location     Type
  9185 ;;                  1    wreg      enum E3110
  9186 ;; Registers used:
  9187 ;;		wreg, fsr0l, fsr0h, fsr1l, fsr1h, status,2, status,0, pclath, cstack
  9188 ;; Tracked objects:
  9189 ;;		On entry : 0/0
  9190 ;;		On exit  : 0/0
  9191 ;;		Unchanged: 0/0
  9192 ;; Data sizes:     COMMON   BANK0   BANK1   BANK2   BANK3   BANK4   BANK5   BANK6
  9193 ;;      Params:         0       0       0       0       0       0       0       0
  9194 ;;      Locals:         0       0       0       0       0       0       0       0
  9195 ;;      Temps:          0       2       0       0       0       0       0       0
  9196 ;;      Totals:         0       2       0       0       0       0       0       0
  9197 ;;Total ram usage:        2 bytes
  9198 ;; Hardware stack levels used: 1
  9199 ;; Hardware stack levels required when called: 7
  9200 ;; This function calls:
  9201 ;;		NULL
  9202 ;;		_I2C_CallbackReturnReset
  9203 ;;		_I2C_CallbackReturnStop
  9204 ;;		_I2C_DO_SEND_RESTART_READ
  9205 ;;		_I2C_DO_SEND_RESTART_WRITE
  9206 ;;		_I2C_DO_SEND_STOP
  9207 ;;		_I2C_MasterIsNack
  9208 ;;		_I2C_MasterSendTxData
  9209 ;;		_wr1RegCompleteHandler
  9210 ;; This function is called by:
  9211 ;;		_I2C_MasterFsm
  9212 ;; This function uses a non-reentrant model
  9213 ;;
  9214                           
  9215     0C6B                     _I2C_DO_TX:	
  9216                           ;psect for function _I2C_DO_TX
  9217                           
  9218     0C6B                     l4801:	
  9219                           ;incstack = 0
  9220                           ; Regs used in _I2C_DO_TX: [wreg-fsr1h+status,2+status,0+pclath+cstack]
  9221                           
  9222                           
  9223                           ;mcc_generated_files/i2c_master.c: 356:     if(I2C_MasterIsNack())
  9224     0C6B  3195  25E7  318C   	fcall	_I2C_MasterIsNack
  9225     0C6E  3A00               	xorlw	0
  9226     0C6F  1903               	skipnz
  9227     0C70  2C72               	goto	u3201
  9228     0C71  2C73               	goto	u3200
  9229     0C72                     u3201:
  9230     0C72  2CA3               	goto	l177
  9231     0C73                     u3200:
  9232     0C73  2C80               	goto	l4819
  9233     0C74                     l4805:
  9234                           
  9235                           ;mcc_generated_files/i2c_master.c: 361:                 return I2C_DO_SEND_RESTART_READ(
      +                          );
  9236     0C74  3195  25BA  318C   	fcall	_I2C_DO_SEND_RESTART_READ
  9237     0C77  2CC0               	goto	l180
  9238     0C78                     l4809:
  9239                           
  9240                           ;mcc_generated_files/i2c_master.c: 363:                   return I2C_DO_SEND_RESTART_WRI
      +                          TE();
  9241     0C78  3195  25BF  318C   	fcall	_I2C_DO_SEND_RESTART_WRITE
  9242     0C7B  2CC0               	goto	l180
  9243     0C7C                     l4813:
  9244                           
  9245                           ;mcc_generated_files/i2c_master.c: 367:                 return I2C_DO_SEND_STOP();
  9246     0C7C  3195  25C9  318C   	fcall	_I2C_DO_SEND_STOP
  9247     0C7F  2CC0               	goto	l180
  9248     0C80                     l4819:
  9249     0C80  0022               	movlb	2	; select bank2
  9250     0C81  082F               	movf	(low ((_I2C_Status| (0+256)+15)))^0,w
  9251     0C82  00F9               	movwf	I2C_CallbackReturnReset@funPtr
  9252     0C83  3006               	movlw	6
  9253     0C84  3E20               	addlw	(low (_I2C_Status| (0+256)))& (0+255)
  9254     0C85  0086               	movwf	6
  9255     0C86  3001               	movlw	1	; select bank2/3
  9256     0C87  0087               	movwf	7
  9257     0C88  3F41               	moviw [1]fsr1
  9258     0C89  008A               	movwf	10
  9259     0C8A  3F40               	moviw [0]fsr1
  9260     0C8B  000A               	callw
  9261     0C8C  318C               	pagesel	$
  9262     0C8D  0020               	movlb	0	; select bank0
  9263     0C8E  00A0               	movwf	??_I2C_DO_TX
  9264     0C8F  01A1               	clrf	??_I2C_DO_TX+1
  9265                           
  9266                           ; Switch on 2 bytes has been partitioned into a top level switch of size 1, and 1 sub-sw
      +                          itches
  9267                           ; Switch size 1, requested type "simple"
  9268                           ; Number of cases is 1, Range of values is 0 to 0
  9269                           ; switch strategies available:
  9270                           ; Name         Instructions Cycles
  9271                           ; simple_byte            4     3 (average)
  9272                           ; direct_byte            8     6 (fixed)
  9273                           ; jumptable            260     6 (fixed)
  9274                           ;	Chosen strategy is simple_byte
  9275     0C90  0821               	movf	??_I2C_DO_TX+1,w
  9276     0C91  3A00               	xorlw	0	; case 0
  9277     0C92  1903               	skipnz
  9278     0C93  2C95               	goto	l5839
  9279     0C94  2C7C               	goto	l4813
  9280     0C95                     l5839:
  9281                           
  9282                           ; Switch size 1, requested type "simple"
  9283                           ; Number of cases is 4, Range of values is 1 to 4
  9284                           ; switch strategies available:
  9285                           ; Name         Instructions Cycles
  9286                           ; simple_byte           13     7 (average)
  9287                           ; direct_byte           17     9 (fixed)
  9288                           ; jumptable            263     9 (fixed)
  9289                           ;	Chosen strategy is simple_byte
  9290     0C95  0820               	movf	??_I2C_DO_TX,w
  9291     0C96  3A01               	xorlw	1	; case 1
  9292     0C97  1903               	skipnz
  9293     0C98  2C7C               	goto	l4813
  9294     0C99  3A03               	xorlw	3	; case 2
  9295     0C9A  1903               	skipnz
  9296     0C9B  2C74               	goto	l4805
  9297     0C9C  3A01               	xorlw	1	; case 3
  9298     0C9D  1903               	skipnz
  9299     0C9E  2C78               	goto	l4809
  9300     0C9F  3A07               	xorlw	7	; case 4
  9301     0CA0  1903               	skipnz
  9302     0CA1  2C7C               	goto	l4813
  9303     0CA2  2C7C               	goto	l4813
  9304     0CA3                     l177:	
  9305                           ;mcc_generated_files/i2c_master.c: 370:     else
  9306                           
  9307                           
  9308                           ;mcc_generated_files/i2c_master.c: 371:     {;mcc_generated_files/i2c_master.c: 372:    
      +                               I2C_Status.addressNackCheck = 0;
  9309     0CA3  0022               	movlb	2	; select bank2
  9310     0CA4  103C               	bcf	(_I2C_Status^(0+256)+28),0
  9311     0CA5                     l4821:
  9312                           
  9313                           ;mcc_generated_files/i2c_master.c: 373:         I2C_MasterSendTxData(*I2C_Status.data_pt
      +                          r++);
  9314     0CA5  3017               	movlw	23
  9315     0CA6  3E20               	addlw	(low (_I2C_Status| (0+256)))& (0+255)
  9316     0CA7  0086               	movwf	6
  9317     0CA8  3001               	movlw	1	; select bank2/3
  9318     0CA9  0087               	movwf	7
  9319     0CAA  3F40               	moviw [0]fsr1
  9320     0CAB  0084               	movwf	4
  9321     0CAC  0185               	clrf	5
  9322     0CAD  0A81               	incf	1,f
  9323     0CAE  0800               	movf	0,w
  9324     0CAF  3195  25B0  318C   	fcall	_I2C_MasterSendTxData
  9325     0CB2                     l4823:
  9326                           
  9327                           ;mcc_generated_files/i2c_master.c: 374:         return (--I2C_Status.data_length)?I2C_TX
      +                          :I2C_TX_EMPTY;
  9328     0CB2  3001               	movlw	1
  9329     0CB3  0022               	movlb	2	; select bank2
  9330     0CB4  02B8               	subwf	(_I2C_Status^(0+256)+24),f
  9331     0CB5  3000               	movlw	0
  9332     0CB6  3BB9               	subwfb	((_I2C_Status+1)^(0+256)+24),f
  9333     0CB7  0838               	movf	(_I2C_Status^(0+256)+24),w
  9334     0CB8  0439               	iorwf	((_I2C_Status+1)^(0+256)+24),w
  9335     0CB9  1D03               	btfss	3,2
  9336     0CBA  2CBC               	goto	u3211
  9337     0CBB  2CBD               	goto	u3210
  9338     0CBC                     u3211:
  9339     0CBC  2CBF               	goto	l4827
  9340     0CBD                     u3210:
  9341     0CBD                     l4825:
  9342     0CBD  3006               	movlw	6
  9343     0CBE  2CC0               	goto	l180
  9344     0CBF                     l4827:
  9345     0CBF  3003               	movlw	3
  9346     0CC0                     l180:
  9347     0CC0  0008               	return
  9348     0CC1                     __end_of_I2C_DO_TX:
  9349                           
  9350                           	psect	text47
  9351     1612                     __ptext47:	
  9352 ;; *************** function _I2C_DO_SEND_ADR_WRITE *****************
  9353 ;; Defined at:
  9354 ;;		line 347 in file "mcc_generated_files/i2c_master.c"
  9355 ;; Parameters:    Size  Location     Type
  9356 ;;		None
  9357 ;; Auto vars:     Size  Location     Type
  9358 ;;		None
  9359 ;; Return value:  Size  Location     Type
  9360 ;;                  1    wreg      enum E3110
  9361 ;; Registers used:
  9362 ;;		wreg, status,2, status,0, pclath, cstack
  9363 ;; Tracked objects:
  9364 ;;		On entry : 0/0
  9365 ;;		On exit  : 0/0
  9366 ;;		Unchanged: 0/0
  9367 ;; Data sizes:     COMMON   BANK0   BANK1   BANK2   BANK3   BANK4   BANK5   BANK6
  9368 ;;      Params:         0       0       0       0       0       0       0       0
  9369 ;;      Locals:         0       0       0       0       0       0       0       0
  9370 ;;      Temps:          0       0       0       0       0       0       0       0
  9371 ;;      Totals:         0       0       0       0       0       0       0       0
  9372 ;;Total ram usage:        0 bytes
  9373 ;; Hardware stack levels used: 1
  9374 ;; Hardware stack levels required when called: 5
  9375 ;; This function calls:
  9376 ;;		_I2C_MasterSendTxData
  9377 ;; This function is called by:
  9378 ;;		_I2C_MasterFsm
  9379 ;; This function uses a non-reentrant model
  9380 ;;
  9381                           
  9382     1612                     _I2C_DO_SEND_ADR_WRITE:	
  9383                           ;psect for function _I2C_DO_SEND_ADR_WRITE
  9384                           
  9385     1612                     l3329:	
  9386                           ;incstack = 0
  9387                           ; Regs used in _I2C_DO_SEND_ADR_WRITE: [wreg+status,2+status,0+pclath+cstack]
  9388                           
  9389                           
  9390                           ;mcc_generated_files/i2c_master.c: 349:     I2C_Status.addressNackCheck = 1;
  9391     1612  0022               	movlb	2	; select bank2
  9392     1613  143C               	bsf	(_I2C_Status^(0+256)+28),0
  9393     1614                     l3331:
  9394                           
  9395                           ;mcc_generated_files/i2c_master.c: 350:     I2C_MasterSendTxData((uint8_t) (I2C_Status.a
      +                          ddress << 1));
  9396     1614  3536               	lslf	(_I2C_Status^(0+256)+22),w
  9397     1615  3195  25B0  3196   	fcall	_I2C_MasterSendTxData
  9398     1618                     l3333:
  9399                           
  9400                           ;mcc_generated_files/i2c_master.c: 351:     return I2C_TX;
  9401     1618  3003               	movlw	3
  9402     1619                     l174:
  9403     1619  0008               	return
  9404     161A                     __end_of_I2C_DO_SEND_ADR_WRITE:
  9405                           
  9406                           	psect	text48
  9407     161A                     __ptext48:	
  9408 ;; *************** function _I2C_DO_SEND_ADR_READ *****************
  9409 ;; Defined at:
  9410 ;;		line 340 in file "mcc_generated_files/i2c_master.c"
  9411 ;; Parameters:    Size  Location     Type
  9412 ;;		None
  9413 ;; Auto vars:     Size  Location     Type
  9414 ;;		None
  9415 ;; Return value:  Size  Location     Type
  9416 ;;                  1    wreg      enum E3110
  9417 ;; Registers used:
  9418 ;;		wreg, status,2, status,0, pclath, cstack
  9419 ;; Tracked objects:
  9420 ;;		On entry : 0/0
  9421 ;;		On exit  : 0/0
  9422 ;;		Unchanged: 0/0
  9423 ;; Data sizes:     COMMON   BANK0   BANK1   BANK2   BANK3   BANK4   BANK5   BANK6
  9424 ;;      Params:         0       0       0       0       0       0       0       0
  9425 ;;      Locals:         0       0       0       0       0       0       0       0
  9426 ;;      Temps:          0       0       0       0       0       0       0       0
  9427 ;;      Totals:         0       0       0       0       0       0       0       0
  9428 ;;Total ram usage:        0 bytes
  9429 ;; Hardware stack levels used: 1
  9430 ;; Hardware stack levels required when called: 5
  9431 ;; This function calls:
  9432 ;;		_I2C_MasterSendTxData
  9433 ;; This function is called by:
  9434 ;;		_I2C_MasterFsm
  9435 ;; This function uses a non-reentrant model
  9436 ;;
  9437                           
  9438     161A                     _I2C_DO_SEND_ADR_READ:	
  9439                           ;psect for function _I2C_DO_SEND_ADR_READ
  9440                           
  9441     161A                     l3321:	
  9442                           ;incstack = 0
  9443                           ; Regs used in _I2C_DO_SEND_ADR_READ: [wreg+status,2+status,0+pclath+cstack]
  9444                           
  9445                           
  9446                           ;mcc_generated_files/i2c_master.c: 342:     I2C_Status.addressNackCheck = 1;
  9447     161A  0022               	movlb	2	; select bank2
  9448     161B  143C               	bsf	(_I2C_Status^(0+256)+28),0
  9449     161C                     l3323:
  9450                           
  9451                           ;mcc_generated_files/i2c_master.c: 343:     I2C_MasterSendTxData((uint8_t) (I2C_Status.a
      +                          ddress << 1 | 1));
  9452     161C  1403               	setc
  9453     161D  0D36               	rlf	(_I2C_Status^(0+256)+22),w
  9454     161E  3195  25B0  3196   	fcall	_I2C_MasterSendTxData
  9455     1621                     l3325:
  9456                           
  9457                           ;mcc_generated_files/i2c_master.c: 344:     return I2C_RCEN;
  9458     1621  3005               	movlw	5
  9459     1622                     l171:
  9460     1622  0008               	return
  9461     1623                     __end_of_I2C_DO_SEND_ADR_READ:
  9462                           
  9463                           	psect	text49
  9464     15B5                     __ptext49:	
  9465 ;; *************** function _I2C_DO_IDLE *****************
  9466 ;; Defined at:
  9467 ;;		line 333 in file "mcc_generated_files/i2c_master.c"
  9468 ;; Parameters:    Size  Location     Type
  9469 ;;		None
  9470 ;; Auto vars:     Size  Location     Type
  9471 ;;		None
  9472 ;; Return value:  Size  Location     Type
  9473 ;;                  1    wreg      enum E3110
  9474 ;; Registers used:
  9475 ;;		wreg, status,2
  9476 ;; Tracked objects:
  9477 ;;		On entry : 0/0
  9478 ;;		On exit  : 0/0
  9479 ;;		Unchanged: 0/0
  9480 ;; Data sizes:     COMMON   BANK0   BANK1   BANK2   BANK3   BANK4   BANK5   BANK6
  9481 ;;      Params:         0       0       0       0       0       0       0       0
  9482 ;;      Locals:         0       0       0       0       0       0       0       0
  9483 ;;      Temps:          0       0       0       0       0       0       0       0
  9484 ;;      Totals:         0       0       0       0       0       0       0       0
  9485 ;;Total ram usage:        0 bytes
  9486 ;; Hardware stack levels used: 1
  9487 ;; Hardware stack levels required when called: 4
  9488 ;; This function calls:
  9489 ;;		Nothing
  9490 ;; This function is called by:
  9491 ;;		_I2C_MasterFsm
  9492 ;; This function uses a non-reentrant model
  9493 ;;
  9494                           
  9495     15B5                     _I2C_DO_IDLE:	
  9496                           ;psect for function _I2C_DO_IDLE
  9497                           
  9498     15B5                     l3313:	
  9499                           ;incstack = 0
  9500                           ; Regs used in _I2C_DO_IDLE: [wreg+status,2]
  9501                           
  9502                           
  9503                           ;mcc_generated_files/i2c_master.c: 335:     I2C_Status.busy = 0;
  9504     15B5  0022               	movlb	2	; select bank2
  9505     15B6  10BC               	bcf	(_I2C_Status^(0+256)+28),1
  9506     15B7                     l3315:
  9507                           
  9508                           ;mcc_generated_files/i2c_master.c: 336:     I2C_Status.error = I2C_NOERR;
  9509     15B7  01BB               	clrf	(_I2C_Status^(0+256)+27)
  9510     15B8                     l3317:
  9511                           
  9512                           ;mcc_generated_files/i2c_master.c: 337:     return I2C_RESET;
  9513     15B8  300E               	movlw	14
  9514     15B9                     l168:
  9515     15B9  0008               	return
  9516     15BA                     __end_of_I2C_DO_IDLE:
  9517                           
  9518                           	psect	text50
  9519     09C7                     __ptext50:	
  9520 ;; *************** function _I2C_DO_TX_EMPTY *****************
  9521 ;; Defined at:
  9522 ;;		line 409 in file "mcc_generated_files/i2c_master.c"
  9523 ;; Parameters:    Size  Location     Type
  9524 ;;		None
  9525 ;; Auto vars:     Size  Location     Type
  9526 ;;		None
  9527 ;; Return value:  Size  Location     Type
  9528 ;;                  1    wreg      enum E3110
  9529 ;; Registers used:
  9530 ;;		wreg, fsr0l, fsr0h, fsr1l, fsr1h, status,2, status,0, pclath, cstack
  9531 ;; Tracked objects:
  9532 ;;		On entry : 0/0
  9533 ;;		On exit  : 0/0
  9534 ;;		Unchanged: 0/0
  9535 ;; Data sizes:     COMMON   BANK0   BANK1   BANK2   BANK3   BANK4   BANK5   BANK6
  9536 ;;      Params:         0       0       0       0       0       0       0       0
  9537 ;;      Locals:         0       0       0       0       0       0       0       0
  9538 ;;      Temps:          0       2       0       0       0       0       0       0
  9539 ;;      Totals:         0       2       0       0       0       0       0       0
  9540 ;;Total ram usage:        2 bytes
  9541 ;; Hardware stack levels used: 1
  9542 ;; Hardware stack levels required when called: 7
  9543 ;; This function calls:
  9544 ;;		NULL
  9545 ;;		_I2C_CallbackReturnReset
  9546 ;;		_I2C_CallbackReturnStop
  9547 ;;		_I2C_DO_SEND_RESTART
  9548 ;;		_I2C_DO_SEND_STOP
  9549 ;;		_I2C_MasterSetIrq
  9550 ;;		_wr1RegCompleteHandler
  9551 ;; This function is called by:
  9552 ;;		_I2C_MasterFsm
  9553 ;; This function uses a non-reentrant model
  9554 ;;
  9555                           
  9556     09C7                     _I2C_DO_TX_EMPTY:	
  9557                           ;psect for function _I2C_DO_TX_EMPTY
  9558                           
  9559     09C7                     l4865:	
  9560                           ;incstack = 0
  9561                           ; Regs used in _I2C_DO_TX_EMPTY: [wreg-fsr1h+status,2+status,0+pclath+cstack]
  9562                           
  9563                           
  9564                           ;mcc_generated_files/i2c_master.c: 411:     I2C_Status.bufferFree = 1;
  9565     09C7  0022               	movlb	2	; select bank2
  9566     09C8  15BC               	bsf	(_I2C_Status^(0+256)+28),3
  9567                           
  9568                           ;mcc_generated_files/i2c_master.c: 412:     switch(I2C_Status.callbackTable[I2C_DATA_COM
      +                          PLETE](I2C_Status.callbackPayload[I2C_DATA_COMPLETE]))
  9569     09C9  29D7               	goto	l4883
  9570     09CA                     l4867:
  9571                           
  9572                           ;mcc_generated_files/i2c_master.c: 416:             return I2C_DO_SEND_RESTART();
  9573     09CA  3195  25C4  3189   	fcall	_I2C_DO_SEND_RESTART
  9574     09CD  29F4               	goto	l211
  9575     09CE                     l4871:
  9576                           
  9577                           ;mcc_generated_files/i2c_master.c: 418:             I2C_MasterSetIrq();
  9578     09CE  3195  25A1  3189   	fcall	_I2C_MasterSetIrq
  9579     09D1                     l4873:
  9580                           
  9581                           ;mcc_generated_files/i2c_master.c: 419:             return I2C_TX;
  9582     09D1  3003               	movlw	3
  9583     09D2  29F4               	goto	l211
  9584     09D3                     l4877:
  9585                           
  9586                           ;mcc_generated_files/i2c_master.c: 422:             return I2C_DO_SEND_STOP();
  9587     09D3  3195  25C9  3189   	fcall	_I2C_DO_SEND_STOP
  9588     09D6  29F4               	goto	l211
  9589     09D7                     l4883:
  9590     09D7  082C               	movf	(low ((_I2C_Status| (0+256)+12)))^0,w
  9591     09D8  00F9               	movwf	I2C_CallbackReturnReset@funPtr
  9592     09D9  0821               	movf	(_I2C_Status+1)^(0+256),w
  9593     09DA  008A               	movwf	10
  9594     09DB  0820               	movf	_I2C_Status^(0+256),w
  9595     09DC  000A               	callw
  9596     09DD  3189               	pagesel	$
  9597     09DE  0020               	movlb	0	; select bank0
  9598     09DF  00A0               	movwf	??_I2C_DO_TX_EMPTY
  9599     09E0  01A1               	clrf	??_I2C_DO_TX_EMPTY+1
  9600                           
  9601                           ; Switch on 2 bytes has been partitioned into a top level switch of size 1, and 1 sub-sw
      +                          itches
  9602                           ; Switch size 1, requested type "simple"
  9603                           ; Number of cases is 1, Range of values is 0 to 0
  9604                           ; switch strategies available:
  9605                           ; Name         Instructions Cycles
  9606                           ; simple_byte            4     3 (average)
  9607                           ; direct_byte            8     6 (fixed)
  9608                           ; jumptable            260     6 (fixed)
  9609                           ;	Chosen strategy is simple_byte
  9610     09E1  0821               	movf	??_I2C_DO_TX_EMPTY+1,w
  9611     09E2  3A00               	xorlw	0	; case 0
  9612     09E3  1903               	skipnz
  9613     09E4  29E6               	goto	l5841
  9614     09E5  29D3               	goto	l4877
  9615     09E6                     l5841:
  9616                           
  9617                           ; Switch size 1, requested type "simple"
  9618                           ; Number of cases is 4, Range of values is 1 to 4
  9619                           ; switch strategies available:
  9620                           ; Name         Instructions Cycles
  9621                           ; simple_byte           13     7 (average)
  9622                           ; direct_byte           17     9 (fixed)
  9623                           ; jumptable            263     9 (fixed)
  9624                           ;	Chosen strategy is simple_byte
  9625     09E6  0820               	movf	??_I2C_DO_TX_EMPTY,w
  9626     09E7  3A01               	xorlw	1	; case 1
  9627     09E8  1903               	skipnz
  9628     09E9  29D3               	goto	l4877
  9629     09EA  3A03               	xorlw	3	; case 2
  9630     09EB  1903               	skipnz
  9631     09EC  29CA               	goto	l4867
  9632     09ED  3A01               	xorlw	1	; case 3
  9633     09EE  1903               	skipnz
  9634     09EF  29CA               	goto	l4867
  9635     09F0  3A07               	xorlw	7	; case 4
  9636     09F1  1903               	skipnz
  9637     09F2  29CE               	goto	l4871
  9638     09F3  29D3               	goto	l4877
  9639     09F4                     l211:
  9640     09F4  0008               	return
  9641     09F5                     __end_of_I2C_DO_TX_EMPTY:
  9642                           
  9643                           	psect	text51
  9644     15A1                     __ptext51:	
  9645 ;; *************** function _I2C_MasterSetIrq *****************
  9646 ;; Defined at:
  9647 ;;		line 645 in file "mcc_generated_files/i2c_master.c"
  9648 ;; Parameters:    Size  Location     Type
  9649 ;;		None
  9650 ;; Auto vars:     Size  Location     Type
  9651 ;;		None
  9652 ;; Return value:  Size  Location     Type
  9653 ;;                  1    wreg      void 
  9654 ;; Registers used:
  9655 ;;		None
  9656 ;; Tracked objects:
  9657 ;;		On entry : 0/0
  9658 ;;		On exit  : 0/0
  9659 ;;		Unchanged: 0/0
  9660 ;; Data sizes:     COMMON   BANK0   BANK1   BANK2   BANK3   BANK4   BANK5   BANK6
  9661 ;;      Params:         0       0       0       0       0       0       0       0
  9662 ;;      Locals:         0       0       0       0       0       0       0       0
  9663 ;;      Temps:          0       0       0       0       0       0       0       0
  9664 ;;      Totals:         0       0       0       0       0       0       0       0
  9665 ;;Total ram usage:        0 bytes
  9666 ;; Hardware stack levels used: 1
  9667 ;; Hardware stack levels required when called: 4
  9668 ;; This function calls:
  9669 ;;		Nothing
  9670 ;; This function is called by:
  9671 ;;		_I2C_DO_TX_EMPTY
  9672 ;; This function uses a non-reentrant model
  9673 ;;
  9674                           
  9675     15A1                     _I2C_MasterSetIrq:	
  9676                           ;psect for function _I2C_MasterSetIrq
  9677                           
  9678     15A1                     l3301:	
  9679                           ;incstack = 0
  9680                           ; Regs used in _I2C_MasterSetIrq: []
  9681                           
  9682                           
  9683                           ;mcc_generated_files/i2c_master.c: 647:     PIR1bits.SSPIF = 1;
  9684     15A1  0020               	movlb	0	; select bank0
  9685     15A2  1591               	bsf	17,3	;volatile
  9686     15A3                     l296:
  9687     15A3  0008               	return
  9688     15A4                     __end_of_I2C_MasterSetIrq:
  9689                           
  9690                           	psect	text52
  9691     15E7                     __ptext52:	
  9692 ;; *************** function _I2C_MasterIsNack *****************
  9693 ;; Defined at:
  9694 ;;		line 598 in file "mcc_generated_files/i2c_master.c"
  9695 ;; Parameters:    Size  Location     Type
  9696 ;;		None
  9697 ;; Auto vars:     Size  Location     Type
  9698 ;;		None
  9699 ;; Return value:  Size  Location     Type
  9700 ;;                  1    wreg      _Bool 
  9701 ;; Registers used:
  9702 ;;		wreg, status,2, status,0
  9703 ;; Tracked objects:
  9704 ;;		On entry : 0/0
  9705 ;;		On exit  : 0/0
  9706 ;;		Unchanged: 0/0
  9707 ;; Data sizes:     COMMON   BANK0   BANK1   BANK2   BANK3   BANK4   BANK5   BANK6
  9708 ;;      Params:         0       0       0       0       0       0       0       0
  9709 ;;      Locals:         0       0       0       0       0       0       0       0
  9710 ;;      Temps:          0       0       0       0       0       0       0       0
  9711 ;;      Totals:         0       0       0       0       0       0       0       0
  9712 ;;Total ram usage:        0 bytes
  9713 ;; Hardware stack levels used: 1
  9714 ;; Hardware stack levels required when called: 4
  9715 ;; This function calls:
  9716 ;;		Nothing
  9717 ;; This function is called by:
  9718 ;;		_I2C_MasterFsm
  9719 ;;		_I2C_DO_TX
  9720 ;; This function uses a non-reentrant model
  9721 ;;
  9722                           
  9723     15E7                     _I2C_MasterIsNack:	
  9724                           ;psect for function _I2C_MasterIsNack
  9725                           
  9726     15E7                     l3251:	
  9727                           ;incstack = 0
  9728                           ; Regs used in _I2C_MasterIsNack: [wreg+status,2+status,0]
  9729                           
  9730                           
  9731                           ;mcc_generated_files/i2c_master.c: 600:     return SSPCON2bits.ACKSTAT;
  9732     15E7  0024               	movlb	4	; select bank4
  9733     15E8  0E16               	swapf	22,w	;volatile
  9734     15E9  0C89               	rrf	9,f
  9735     15EA  0C89               	rrf	9,f
  9736     15EB  3901               	andlw	1
  9737     15EC                     l281:
  9738     15EC  0008               	return
  9739     15ED                     __end_of_I2C_MasterIsNack:
  9740                           
  9741                           	psect	text53
  9742     15B0                     __ptext53:	
  9743 ;; *************** function _I2C_MasterSendTxData *****************
  9744 ;; Defined at:
  9745 ;;		line 568 in file "mcc_generated_files/i2c_master.c"
  9746 ;; Parameters:    Size  Location     Type
  9747 ;;  data            1    wreg     unsigned char 
  9748 ;; Auto vars:     Size  Location     Type
  9749 ;;  data            1    2[COMMON] unsigned char 
  9750 ;; Return value:  Size  Location     Type
  9751 ;;                  1    wreg      void 
  9752 ;; Registers used:
  9753 ;;		wreg
  9754 ;; Tracked objects:
  9755 ;;		On entry : 0/0
  9756 ;;		On exit  : 0/0
  9757 ;;		Unchanged: 0/0
  9758 ;; Data sizes:     COMMON   BANK0   BANK1   BANK2   BANK3   BANK4   BANK5   BANK6
  9759 ;;      Params:         0       0       0       0       0       0       0       0
  9760 ;;      Locals:         1       0       0       0       0       0       0       0
  9761 ;;      Temps:          0       0       0       0       0       0       0       0
  9762 ;;      Totals:         1       0       0       0       0       0       0       0
  9763 ;;Total ram usage:        1 bytes
  9764 ;; Hardware stack levels used: 1
  9765 ;; Hardware stack levels required when called: 4
  9766 ;; This function calls:
  9767 ;;		Nothing
  9768 ;; This function is called by:
  9769 ;;		_I2C_DO_SEND_ADR_READ
  9770 ;;		_I2C_DO_SEND_ADR_WRITE
  9771 ;;		_I2C_DO_TX
  9772 ;; This function uses a non-reentrant model
  9773 ;;
  9774                           
  9775     15B0                     _I2C_MasterSendTxData:	
  9776                           ;psect for function _I2C_MasterSendTxData
  9777                           
  9778                           
  9779                           ;incstack = 0
  9780                           ; Regs used in _I2C_MasterSendTxData: [wreg]
  9781                           ;I2C_MasterSendTxData@data stored from wreg
  9782     15B0  00F2               	movwf	I2C_MasterSendTxData@data
  9783     15B1                     l3255:
  9784                           
  9785                           ;mcc_generated_files/i2c_master.c: 568: static __attribute__((inline)) void I2C_MasterSe
      +                          ndTxData(uint8_t data);mcc_generated_files/i2c_master.c: 569: {;mcc_generated_files/i2c_
      +                          master.c: 570:     SSPBUF = data;
  9786     15B1  0872               	movf	I2C_MasterSendTxData@data,w
  9787     15B2  0024               	movlb	4	; select bank4
  9788     15B3  0091               	movwf	17	;volatile
  9789     15B4                     l266:
  9790     15B4  0008               	return
  9791     15B5                     __end_of_I2C_MasterSendTxData:
  9792                           
  9793                           	psect	text54
  9794     15A8                     __ptext54:	
  9795 ;; *************** function _I2C_MasterSendAck *****************
  9796 ;; Defined at:
  9797 ;;		line 603 in file "mcc_generated_files/i2c_master.c"
  9798 ;; Parameters:    Size  Location     Type
  9799 ;;		None
  9800 ;; Auto vars:     Size  Location     Type
  9801 ;;		None
  9802 ;; Return value:  Size  Location     Type
  9803 ;;                  1    wreg      void 
  9804 ;; Registers used:
  9805 ;;		None
  9806 ;; Tracked objects:
  9807 ;;		On entry : 0/0
  9808 ;;		On exit  : 0/0
  9809 ;;		Unchanged: 0/0
  9810 ;; Data sizes:     COMMON   BANK0   BANK1   BANK2   BANK3   BANK4   BANK5   BANK6
  9811 ;;      Params:         0       0       0       0       0       0       0       0
  9812 ;;      Locals:         0       0       0       0       0       0       0       0
  9813 ;;      Temps:          0       0       0       0       0       0       0       0
  9814 ;;      Totals:         0       0       0       0       0       0       0       0
  9815 ;;Total ram usage:        0 bytes
  9816 ;; Hardware stack levels used: 1
  9817 ;; Hardware stack levels required when called: 4
  9818 ;; This function calls:
  9819 ;;		Nothing
  9820 ;; This function is called by:
  9821 ;;		_I2C_DO_RX
  9822 ;;		_I2C_DO_RX_ACK
  9823 ;; This function uses a non-reentrant model
  9824 ;;
  9825                           
  9826     15A8                     _I2C_MasterSendAck:	
  9827                           ;psect for function _I2C_MasterSendAck
  9828                           
  9829     15A8                     l3279:	
  9830                           ;incstack = 0
  9831                           ; Regs used in _I2C_MasterSendAck: []
  9832                           
  9833                           
  9834                           ;mcc_generated_files/i2c_master.c: 605:     SSPCON2bits.ACKDT = 0;
  9835     15A8  0024               	movlb	4	; select bank4
  9836     15A9  1296               	bcf	22,5	;volatile
  9837                           
  9838                           ;mcc_generated_files/i2c_master.c: 606:     SSPCON2bits.ACKEN = 1;
  9839     15AA  1616               	bsf	22,4	;volatile
  9840     15AB                     l284:
  9841     15AB  0008               	return
  9842     15AC                     __end_of_I2C_MasterSendAck:
  9843                           
  9844                           	psect	text55
  9845     159E                     __ptext55:	
  9846 ;; *************** function _I2C_MasterGetRxData *****************
  9847 ;; Defined at:
  9848 ;;		line 563 in file "mcc_generated_files/i2c_master.c"
  9849 ;; Parameters:    Size  Location     Type
  9850 ;;		None
  9851 ;; Auto vars:     Size  Location     Type
  9852 ;;		None
  9853 ;; Return value:  Size  Location     Type
  9854 ;;                  1    wreg      unsigned char 
  9855 ;; Registers used:
  9856 ;;		wreg
  9857 ;; Tracked objects:
  9858 ;;		On entry : 0/0
  9859 ;;		On exit  : 0/0
  9860 ;;		Unchanged: 0/0
  9861 ;; Data sizes:     COMMON   BANK0   BANK1   BANK2   BANK3   BANK4   BANK5   BANK6
  9862 ;;      Params:         0       0       0       0       0       0       0       0
  9863 ;;      Locals:         0       0       0       0       0       0       0       0
  9864 ;;      Temps:          0       0       0       0       0       0       0       0
  9865 ;;      Totals:         0       0       0       0       0       0       0       0
  9866 ;;Total ram usage:        0 bytes
  9867 ;; Hardware stack levels used: 1
  9868 ;; Hardware stack levels required when called: 4
  9869 ;; This function calls:
  9870 ;;		Nothing
  9871 ;; This function is called by:
  9872 ;;		_I2C_DO_RX
  9873 ;; This function uses a non-reentrant model
  9874 ;;
  9875                           
  9876     159E                     _I2C_MasterGetRxData:	
  9877                           ;psect for function _I2C_MasterGetRxData
  9878                           
  9879     159E                     l3275:	
  9880                           ;incstack = 0
  9881                           ; Regs used in _I2C_MasterGetRxData: [wreg]
  9882                           
  9883                           
  9884                           ;mcc_generated_files/i2c_master.c: 565:     return SSPBUF;
  9885     159E  0024               	movlb	4	; select bank4
  9886     159F  0811               	movf	17,w	;volatile
  9887     15A0                     l263:
  9888     15A0  0008               	return
  9889     15A1                     __end_of_I2C_MasterGetRxData:
  9890                           
  9891                           	psect	text56
  9892     15A4                     __ptext56:	
  9893 ;; *************** function _I2C_MasterSendNack *****************
  9894 ;; Defined at:
  9895 ;;		line 609 in file "mcc_generated_files/i2c_master.c"
  9896 ;; Parameters:    Size  Location     Type
  9897 ;;		None
  9898 ;; Auto vars:     Size  Location     Type
  9899 ;;		None
  9900 ;; Return value:  Size  Location     Type
  9901 ;;                  1    wreg      void 
  9902 ;; Registers used:
  9903 ;;		None
  9904 ;; Tracked objects:
  9905 ;;		On entry : 0/0
  9906 ;;		On exit  : 0/0
  9907 ;;		Unchanged: 0/0
  9908 ;; Data sizes:     COMMON   BANK0   BANK1   BANK2   BANK3   BANK4   BANK5   BANK6
  9909 ;;      Params:         0       0       0       0       0       0       0       0
  9910 ;;      Locals:         0       0       0       0       0       0       0       0
  9911 ;;      Temps:          0       0       0       0       0       0       0       0
  9912 ;;      Totals:         0       0       0       0       0       0       0       0
  9913 ;;Total ram usage:        0 bytes
  9914 ;; Hardware stack levels used: 1
  9915 ;; Hardware stack levels required when called: 4
  9916 ;; This function calls:
  9917 ;;		Nothing
  9918 ;; This function is called by:
  9919 ;;		_I2C_DO_RX_NACK_STOP
  9920 ;;		_I2C_DO_RX_NACK_RESTART
  9921 ;; This function uses a non-reentrant model
  9922 ;;
  9923                           
  9924     15A4                     _I2C_MasterSendNack:	
  9925                           ;psect for function _I2C_MasterSendNack
  9926                           
  9927     15A4                     l3241:	
  9928                           ;incstack = 0
  9929                           ; Regs used in _I2C_MasterSendNack: []
  9930                           
  9931                           
  9932                           ;mcc_generated_files/i2c_master.c: 611:     SSPCON2bits.ACKDT = 1;
  9933     15A4  0024               	movlb	4	; select bank4
  9934     15A5  1696               	bsf	22,5	;volatile
  9935                           
  9936                           ;mcc_generated_files/i2c_master.c: 612:     SSPCON2bits.ACKEN = 1;
  9937     15A6  1616               	bsf	22,4	;volatile
  9938     15A7                     l287:
  9939     15A7  0008               	return
  9940     15A8                     __end_of_I2C_MasterSendNack:
  9941                           
  9942                           	psect	text57
  9943     159B                     __ptext57:	
  9944 ;; *************** function _I2C_MasterStartRx *****************
  9945 ;; Defined at:
  9946 ;;		line 583 in file "mcc_generated_files/i2c_master.c"
  9947 ;; Parameters:    Size  Location     Type
  9948 ;;		None
  9949 ;; Auto vars:     Size  Location     Type
  9950 ;;		None
  9951 ;; Return value:  Size  Location     Type
  9952 ;;                  1    wreg      void 
  9953 ;; Registers used:
  9954 ;;		None
  9955 ;; Tracked objects:
  9956 ;;		On entry : 0/0
  9957 ;;		On exit  : 0/0
  9958 ;;		Unchanged: 0/0
  9959 ;; Data sizes:     COMMON   BANK0   BANK1   BANK2   BANK3   BANK4   BANK5   BANK6
  9960 ;;      Params:         0       0       0       0       0       0       0       0
  9961 ;;      Locals:         0       0       0       0       0       0       0       0
  9962 ;;      Temps:          0       0       0       0       0       0       0       0
  9963 ;;      Totals:         0       0       0       0       0       0       0       0
  9964 ;;Total ram usage:        0 bytes
  9965 ;; Hardware stack levels used: 1
  9966 ;; Hardware stack levels required when called: 4
  9967 ;; This function calls:
  9968 ;;		Nothing
  9969 ;; This function is called by:
  9970 ;;		_I2C_DO_RCEN
  9971 ;; This function uses a non-reentrant model
  9972 ;;
  9973                           
  9974     159B                     _I2C_MasterStartRx:	
  9975                           ;psect for function _I2C_MasterStartRx
  9976                           
  9977     159B                     l3293:	
  9978                           ;incstack = 0
  9979                           ; Regs used in _I2C_MasterStartRx: []
  9980                           
  9981                           
  9982                           ;mcc_generated_files/i2c_master.c: 585:     SSPCON2bits.RCEN = 1;
  9983     159B  0024               	movlb	4	; select bank4
  9984     159C  1596               	bsf	22,3	;volatile
  9985     159D                     l272:
  9986     159D  0008               	return
  9987     159E                     __end_of_I2C_MasterStartRx:
  9988                           
  9989                           	psect	text58
  9990     0800                     __ptext58:	
  9991 ;; *************** function _I2C_CallbackReturnReset *****************
  9992 ;; Defined at:
  9993 ;;		line 525 in file "mcc_generated_files/i2c_master.c"
  9994 ;; Parameters:    Size  Location     Type
  9995 ;;  funPtr          1    9[COMMON] PTR void 
  9996 ;;		 -> NULL(0), I2C_Write1ByteRegister@data(1), 
  9997 ;; Auto vars:     Size  Location     Type
  9998 ;;		None
  9999 ;; Return value:  Size  Location     Type
 10000 ;;                  1    wreg      enum E363
 10001 ;; Registers used:
 10002 ;;		wreg
 10003 ;; Tracked objects:
 10004 ;;		On entry : 0/0
 10005 ;;		On exit  : 0/0
 10006 ;;		Unchanged: 0/0
 10007 ;; Data sizes:     COMMON   BANK0   BANK1   BANK2   BANK3   BANK4   BANK5   BANK6
 10008 ;;      Params:         1       0       0       0       0       0       0       0
 10009 ;;      Locals:         0       0       0       0       0       0       0       0
 10010 ;;      Temps:          0       0       0       0       0       0       0       0
 10011 ;;      Totals:         1       0       0       0       0       0       0       0
 10012 ;;Total ram usage:        1 bytes
 10013 ;; Hardware stack levels used: 1
 10014 ;; Hardware stack levels required when called: 4
 10015 ;; This function calls:
 10016 ;;		Nothing
 10017 ;; This function is called by:
 10018 ;;		_I2C_Open
 10019 ;;		_I2C_DO_TX
 10020 ;;		_I2C_DO_RX
 10021 ;;		_I2C_DO_TX_EMPTY
 10022 ;;		_I2C_DO_ADDRESS_NACK
 10023 ;; This function uses a non-reentrant model
 10024 ;;
 10025                           
 10026     0800                     _I2C_CallbackReturnReset:	
 10027                           ;psect for function _I2C_CallbackReturnReset
 10028                           
 10029     0800                     l3307:	
 10030                           ;incstack = 0
 10031                           ; Regs used in _I2C_CallbackReturnReset: [wreg]
 10032                           
 10033                           
 10034                           ;mcc_generated_files/i2c_master.c: 525: i2c_operations_t I2C_CallbackReturnReset(void *f
      +                          unPtr);mcc_generated_files/i2c_master.c: 526: {;mcc_generated_files/i2c_master.c: 527:  
      +                             return I2C_RESET_LINK;
 10035     0800  3005               	movlw	5
 10036     0801                     l253:
 10037     0801  0008               	return
 10038     0802                     __end_of_I2C_CallbackReturnReset:
 10039                           
 10040                           	psect	text59
 10041     1587                     __ptext59:	
 10042 ;; *************** function _I2C_CallbackReturnStop *****************
 10043 ;; Defined at:
 10044 ;;		line 520 in file "mcc_generated_files/i2c_master.c"
 10045 ;; Parameters:    Size  Location     Type
 10046 ;;  funPtr          1    9[COMMON] PTR void 
 10047 ;;		 -> NULL(0), I2C_Write1ByteRegister@data(1), 
 10048 ;; Auto vars:     Size  Location     Type
 10049 ;;		None
 10050 ;; Return value:  Size  Location     Type
 10051 ;;                  1    wreg      enum E363
 10052 ;; Registers used:
 10053 ;;		wreg
 10054 ;; Tracked objects:
 10055 ;;		On entry : 0/0
 10056 ;;		On exit  : 0/0
 10057 ;;		Unchanged: 0/0
 10058 ;; Data sizes:     COMMON   BANK0   BANK1   BANK2   BANK3   BANK4   BANK5   BANK6
 10059 ;;      Params:         1       0       0       0       0       0       0       0
 10060 ;;      Locals:         0       0       0       0       0       0       0       0
 10061 ;;      Temps:          0       0       0       0       0       0       0       0
 10062 ;;      Totals:         1       0       0       0       0       0       0       0
 10063 ;;Total ram usage:        1 bytes
 10064 ;; Hardware stack levels used: 1
 10065 ;; Hardware stack levels required when called: 4
 10066 ;; This function calls:
 10067 ;;		Nothing
 10068 ;; This function is called by:
 10069 ;;		_I2C_Open
 10070 ;;		_I2C_SetCallback
 10071 ;;		_I2C_DO_TX
 10072 ;;		_I2C_DO_RX
 10073 ;;		_I2C_DO_TX_EMPTY
 10074 ;;		_I2C_DO_ADDRESS_NACK
 10075 ;; This function uses a non-reentrant model
 10076 ;;
 10077                           
 10078     1587                     _I2C_CallbackReturnStop:	
 10079                           ;psect for function _I2C_CallbackReturnStop
 10080                           
 10081     1587                     l3303:	
 10082                           ;incstack = 0
 10083                           ; Regs used in _I2C_CallbackReturnStop: [wreg]
 10084                           
 10085                           
 10086                           ;mcc_generated_files/i2c_master.c: 520: i2c_operations_t I2C_CallbackReturnStop(void *fu
      +                          nPtr);mcc_generated_files/i2c_master.c: 521: {;mcc_generated_files/i2c_master.c: 522:   
      +                            return I2C_STOP;
 10087     1587  3001               	movlw	1
 10088     1588                     l250:
 10089     1588  0008               	return
 10090     1589                     __end_of_I2C_CallbackReturnStop:
 10091                           
 10092                           	psect	text60
 10093     1693                     __ptext60:	
 10094 ;; *************** function _wr1RegCompleteHandler *****************
 10095 ;; Defined at:
 10096 ;;		line 156 in file "mcc_generated_files/examples/i2c_master_example.c"
 10097 ;; Parameters:    Size  Location     Type
 10098 ;;  ptr             1    9[COMMON] PTR void 
 10099 ;;		 -> NULL(0), I2C_Write1ByteRegister@data(1), 
 10100 ;; Auto vars:     Size  Location     Type
 10101 ;;		None
 10102 ;; Return value:  Size  Location     Type
 10103 ;;                  1    wreg      enum E363
 10104 ;; Registers used:
 10105 ;;		wreg, fsr1l, fsr1h, status,2, status,0, pclath, cstack
 10106 ;; Tracked objects:
 10107 ;;		On entry : 0/0
 10108 ;;		On exit  : 0/0
 10109 ;;		Unchanged: 0/0
 10110 ;; Data sizes:     COMMON   BANK0   BANK1   BANK2   BANK3   BANK4   BANK5   BANK6
 10111 ;;      Params:         1       0       0       0       0       0       0       0
 10112 ;;      Locals:         0       0       0       0       0       0       0       0
 10113 ;;      Temps:          0       0       0       0       0       0       0       0
 10114 ;;      Totals:         1       0       0       0       0       0       0       0
 10115 ;;Total ram usage:        1 bytes
 10116 ;; Hardware stack levels used: 1
 10117 ;; Hardware stack levels required when called: 6
 10118 ;; This function calls:
 10119 ;;		_I2C_SetBuffer
 10120 ;;		_I2C_SetDataCompleteCallback
 10121 ;; This function is called by:
 10122 ;;		_I2C_Write1ByteRegister
 10123 ;;		_I2C_DO_TX
 10124 ;;		_I2C_DO_RX
 10125 ;;		_I2C_DO_TX_EMPTY
 10126 ;;		_I2C_DO_ADDRESS_NACK
 10127 ;; This function uses a non-reentrant model
 10128 ;;
 10129                           
 10130     1693                     _wr1RegCompleteHandler:	
 10131                           ;psect for function _wr1RegCompleteHandler
 10132                           
 10133     1693                     l3243:	
 10134                           ;incstack = 0
 10135                           ; Regs used in _wr1RegCompleteHandler: [wreg+fsr1l+fsr1h+status,2+status,0+pclath+cstack
      +                          ]
 10136                           
 10137                           
 10138                           ;mcc_generated_files/examples/i2c_master_example.c: 156: static i2c_operations_t wr1RegC
      +                          ompleteHandler(void *ptr);mcc_generated_files/examples/i2c_master_example.c: 157: {;mcc_
      +                          generated_files/examples/i2c_master_example.c: 158:     I2C_SetBuffer(ptr,1);
 10139     1693  3001               	movlw	1
 10140     1694  00F2               	movwf	I2C_SetBuffer@bufferSize
 10141     1695  3000               	movlw	0
 10142     1696  00F3               	movwf	I2C_SetBuffer@bufferSize+1
 10143     1697  0879               	movf	wr1RegCompleteHandler@ptr,w
 10144     1698  3188  2002  3196   	fcall	_I2C_SetBuffer
 10145     169B                     l3245:
 10146                           
 10147                           ;mcc_generated_files/examples/i2c_master_example.c: 159:     I2C_SetDataCompleteCallback
      +                          (((void*)0),((void*)0));
 10148     169B  3000               	movlw	0
 10149     169C  00F6               	movwf	I2C_SetDataCompleteCallback@cb
 10150     169D  00F7               	movwf	I2C_SetDataCompleteCallback@cb+1
 10151     169E  01F8               	clrf	I2C_SetDataCompleteCallback@ptr
 10152     169F  3196  262C  3196   	fcall	_I2C_SetDataCompleteCallback
 10153     16A2                     l3247:
 10154                           
 10155                           ;mcc_generated_files/examples/i2c_master_example.c: 160:     return I2C_CONTINUE;
 10156     16A2  3004               	movlw	4
 10157     16A3                     l26:
 10158     16A3  0008               	return
 10159     16A4                     __end_of_wr1RegCompleteHandler:
 10160                           
 10161                           	psect	text61
 10162     162C                     __ptext61:	
 10163 ;; *************** function _I2C_SetDataCompleteCallback *****************
 10164 ;; Defined at:
 10165 ;;		line 273 in file "mcc_generated_files/i2c_master.c"
 10166 ;; Parameters:    Size  Location     Type
 10167 ;;  cb              2    6[COMMON] PTR FTN(PTR void ,)enum 
 10168 ;;		 -> NULL(1), wr1RegCompleteHandler(1), 
 10169 ;;  ptr             1    8[COMMON] PTR void 
 10170 ;;		 -> NULL(0), I2C_Write1ByteRegister@data(1), 
 10171 ;; Auto vars:     Size  Location     Type
 10172 ;;		None
 10173 ;; Return value:  Size  Location     Type
 10174 ;;                  1    wreg      void 
 10175 ;; Registers used:
 10176 ;;		wreg, fsr1l, fsr1h, status,2, status,0, pclath, cstack
 10177 ;; Tracked objects:
 10178 ;;		On entry : 0/0
 10179 ;;		On exit  : 0/0
 10180 ;;		Unchanged: 0/0
 10181 ;; Data sizes:     COMMON   BANK0   BANK1   BANK2   BANK3   BANK4   BANK5   BANK6
 10182 ;;      Params:         3       0       0       0       0       0       0       0
 10183 ;;      Locals:         0       0       0       0       0       0       0       0
 10184 ;;      Temps:          0       0       0       0       0       0       0       0
 10185 ;;      Totals:         3       0       0       0       0       0       0       0
 10186 ;;Total ram usage:        3 bytes
 10187 ;; Hardware stack levels used: 1
 10188 ;; Hardware stack levels required when called: 5
 10189 ;; This function calls:
 10190 ;;		_I2C_SetCallback
 10191 ;; This function is called by:
 10192 ;;		_I2C_Write1ByteRegister
 10193 ;;		_wr1RegCompleteHandler
 10194 ;; This function uses a non-reentrant model
 10195 ;;
 10196                           
 10197     162C                     _I2C_SetDataCompleteCallback:	
 10198                           ;psect for function _I2C_SetDataCompleteCallback
 10199                           
 10200     162C                     l3229:	
 10201                           ;incstack = 0
 10202                           ; Regs used in _I2C_SetDataCompleteCallback: [wreg+fsr1l+fsr1h+status,2+status,0+pclath+
      +                          cstack]
 10203                           
 10204                           
 10205                           ;mcc_generated_files/i2c_master.c: 273: void I2C_SetDataCompleteCallback(i2c_callback_t 
      +                          cb, void *ptr);mcc_generated_files/i2c_master.c: 274: {;mcc_generated_files/i2c_master.c
      +                          : 275:     I2C_SetCallback(I2C_DATA_COMPLETE, cb, ptr);
 10206     162C  0877               	movf	I2C_SetDataCompleteCallback@cb+1,w
 10207     162D  00F3               	movwf	I2C_SetCallback@cb+1
 10208     162E  0876               	movf	I2C_SetDataCompleteCallback@cb,w
 10209     162F  00F2               	movwf	I2C_SetCallback@cb
 10210     1630  0878               	movf	I2C_SetDataCompleteCallback@ptr,w
 10211     1631  00F4               	movwf	I2C_SetCallback@ptr
 10212     1632  3000               	movlw	0
 10213     1633  3188  20CB  3196   	fcall	_I2C_SetCallback
 10214     1636                     l147:
 10215     1636  0008               	return
 10216     1637                     __end_of_I2C_SetDataCompleteCallback:
 10217                           
 10218                           	psect	text62
 10219     08CB                     __ptext62:	
 10220 ;; *************** function _I2C_SetCallback *****************
 10221 ;; Defined at:
 10222 ;;		line 298 in file "mcc_generated_files/i2c_master.c"
 10223 ;; Parameters:    Size  Location     Type
 10224 ;;  idx             1    wreg     enum E3128
 10225 ;;  cb              2    2[COMMON] PTR FTN(PTR void ,)enum 
 10226 ;;		 -> NULL(1), wr1RegCompleteHandler(1), 
 10227 ;;  ptr             1    4[COMMON] PTR void 
 10228 ;;		 -> NULL(0), I2C_Write1ByteRegister@data(1), 
 10229 ;; Auto vars:     Size  Location     Type
 10230 ;;  idx             1    5[COMMON] enum E3128
 10231 ;; Return value:  Size  Location     Type
 10232 ;;                  1    wreg      void 
 10233 ;; Registers used:
 10234 ;;		wreg, fsr1l, fsr1h, status,2, status,0
 10235 ;; Tracked objects:
 10236 ;;		On entry : 0/0
 10237 ;;		On exit  : 0/0
 10238 ;;		Unchanged: 0/0
 10239 ;; Data sizes:     COMMON   BANK0   BANK1   BANK2   BANK3   BANK4   BANK5   BANK6
 10240 ;;      Params:         3       0       0       0       0       0       0       0
 10241 ;;      Locals:         1       0       0       0       0       0       0       0
 10242 ;;      Temps:          0       0       0       0       0       0       0       0
 10243 ;;      Totals:         4       0       0       0       0       0       0       0
 10244 ;;Total ram usage:        4 bytes
 10245 ;; Hardware stack levels used: 1
 10246 ;; Hardware stack levels required when called: 4
 10247 ;; This function calls:
 10248 ;;		Nothing
 10249 ;; This function is called by:
 10250 ;;		_I2C_SetDataCompleteCallback
 10251 ;;		_I2C_SetAddressNackCallback
 10252 ;; This function uses a non-reentrant model
 10253 ;;
 10254                           
 10255     08CB                     _I2C_SetCallback:	
 10256                           ;psect for function _I2C_SetCallback
 10257                           
 10258                           
 10259                           ;incstack = 0
 10260                           ; Regs used in _I2C_SetCallback: [wreg+fsr1l+fsr1h+status,2+status,0]
 10261                           ;I2C_SetCallback@idx stored from wreg
 10262     08CB  00F5               	movwf	I2C_SetCallback@idx
 10263     08CC                     l3223:
 10264                           
 10265                           ;mcc_generated_files/i2c_master.c: 298: static void I2C_SetCallback(i2c_callbackIndex_t 
      +                          idx, i2c_callback_t cb, void *ptr);mcc_generated_files/i2c_master.c: 299: {;mcc_generate
      +                          d_files/i2c_master.c: 300:     if(cb)
 10266     08CC  0872               	movf	I2C_SetCallback@cb,w
 10267     08CD  0473               	iorwf	I2C_SetCallback@cb+1,w
 10268     08CE  1903               	btfsc	3,2
 10269     08CF  28D1               	goto	u1501
 10270     08D0  28D2               	goto	u1500
 10271     08D1                     u1501:
 10272     08D1  28E3               	goto	l3227
 10273     08D2                     u1500:
 10274     08D2                     l3225:
 10275                           
 10276                           ;mcc_generated_files/i2c_master.c: 301:     {;mcc_generated_files/i2c_master.c: 302:    
      +                               I2C_Status.callbackTable[idx] = cb;
 10277     08D2  3575               	lslf	I2C_SetCallback@idx,w
 10278     08D3  3E20               	addlw	(low (_I2C_Status| (0+256)))& (0+255)
 10279     08D4  0086               	movwf	6
 10280     08D5  3001               	movlw	1	; select bank2/3
 10281     08D6  0087               	movwf	7
 10282     08D7  0872               	movf	I2C_SetCallback@cb,w
 10283     08D8  3FC0               	movwi [0]fsr1
 10284     08D9  0873               	movf	I2C_SetCallback@cb+1,w
 10285     08DA  3FC1               	movwi [1]fsr1
 10286                           
 10287                           ;mcc_generated_files/i2c_master.c: 303:         I2C_Status.callbackPayload[idx] = ptr;
 10288     08DB  0875               	movf	I2C_SetCallback@idx,w
 10289     08DC  3E2C               	addlw	(low ((_I2C_Status| (0+256)+12)))& (0+255)
 10290     08DD  0086               	movwf	6
 10291     08DE  3001               	movlw	1	; select bank2/3
 10292     08DF  0087               	movwf	7
 10293     08E0  0874               	movf	I2C_SetCallback@ptr,w
 10294     08E1  0081               	movwf	1
 10295                           
 10296                           ;mcc_generated_files/i2c_master.c: 304:     }
 10297     08E2  28F2               	goto	l155
 10298     08E3                     l3227:
 10299                           
 10300                           ;mcc_generated_files/i2c_master.c: 306:     {;mcc_generated_files/i2c_master.c: 307:    
      +                               I2C_Status.callbackTable[idx] = I2C_CallbackReturnStop;
 10301     08E3  3575               	lslf	I2C_SetCallback@idx,w
 10302     08E4  3E20               	addlw	(low (_I2C_Status| (0+256)))& (0+255)
 10303     08E5  0086               	movwf	6
 10304     08E6  3001               	movlw	1	; select bank2/3
 10305     08E7  0087               	movwf	7
 10306     08E8  3087               	movlw	low _I2C_CallbackReturnStop
 10307     08E9  3FC0               	movwi [0]fsr1
 10308     08EA  3015               	movlw	high _I2C_CallbackReturnStop
 10309     08EB  3FC1               	movwi [1]fsr1
 10310                           
 10311                           ;mcc_generated_files/i2c_master.c: 308:         I2C_Status.callbackPayload[idx] = ((void
      +                          *)0);
 10312     08EC  0875               	movf	I2C_SetCallback@idx,w
 10313     08ED  3E2C               	addlw	(low ((_I2C_Status| (0+256)+12)))& (0+255)
 10314     08EE  0086               	movwf	6
 10315     08EF  3001               	movlw	1	; select bank2/3
 10316     08F0  0087               	movwf	7
 10317     08F1  0181               	clrf	1
 10318     08F2                     l155:
 10319     08F2  0008               	return
 10320     08F3                     __end_of_I2C_SetCallback:
 10321                           
 10322                           	psect	text63
 10323     0802                     __ptext63:	
 10324 ;; *************** function _I2C_SetBuffer *****************
 10325 ;; Defined at:
 10326 ;;		line 263 in file "mcc_generated_files/i2c_master.c"
 10327 ;; Parameters:    Size  Location     Type
 10328 ;;  buffer          1    wreg     PTR void 
 10329 ;;		 -> NULL(0), I2C_Write1ByteRegister@reg(1), I2C_Write1ByteRegister@data(1), 
 10330 ;;  bufferSize      2    2[COMMON] unsigned int 
 10331 ;; Auto vars:     Size  Location     Type
 10332 ;;  buffer          1    4[COMMON] PTR void 
 10333 ;;		 -> NULL(0), I2C_Write1ByteRegister@reg(1), I2C_Write1ByteRegister@data(1), 
 10334 ;; Return value:  Size  Location     Type
 10335 ;;                  1    wreg      void 
 10336 ;; Registers used:
 10337 ;;		wreg
 10338 ;; Tracked objects:
 10339 ;;		On entry : 0/0
 10340 ;;		On exit  : 0/0
 10341 ;;		Unchanged: 0/0
 10342 ;; Data sizes:     COMMON   BANK0   BANK1   BANK2   BANK3   BANK4   BANK5   BANK6
 10343 ;;      Params:         2       0       0       0       0       0       0       0
 10344 ;;      Locals:         1       0       0       0       0       0       0       0
 10345 ;;      Temps:          0       0       0       0       0       0       0       0
 10346 ;;      Totals:         3       0       0       0       0       0       0       0
 10347 ;;Total ram usage:        3 bytes
 10348 ;; Hardware stack levels used: 1
 10349 ;; Hardware stack levels required when called: 4
 10350 ;; This function calls:
 10351 ;;		Nothing
 10352 ;; This function is called by:
 10353 ;;		_I2C_Write1ByteRegister
 10354 ;;		_wr1RegCompleteHandler
 10355 ;; This function uses a non-reentrant model
 10356 ;;
 10357                           
 10358     0802                     _I2C_SetBuffer:	
 10359                           ;psect for function _I2C_SetBuffer
 10360                           
 10361                           
 10362                           ;incstack = 0
 10363                           ; Regs used in _I2C_SetBuffer: [wreg]
 10364                           ;I2C_SetBuffer@buffer stored from wreg
 10365     0802  00F4               	movwf	I2C_SetBuffer@buffer
 10366     0803                     l3231:
 10367                           
 10368                           ;mcc_generated_files/i2c_master.c: 263: void I2C_SetBuffer(void *buffer, size_t bufferSi
      +                          ze);mcc_generated_files/i2c_master.c: 264: {;mcc_generated_files/i2c_master.c: 265:     
      +                          if(I2C_Status.bufferFree)
 10369     0803  0022               	movlb	2	; select bank2
 10370     0804  1DBC               	btfss	(_I2C_Status^(0+256)+28),3
 10371     0805  2807               	goto	u1511
 10372     0806  2808               	goto	u1510
 10373     0807                     u1511:
 10374     0807  280F               	goto	l144
 10375     0808                     u1510:
 10376     0808                     l3233:
 10377                           
 10378                           ;mcc_generated_files/i2c_master.c: 266:     {;mcc_generated_files/i2c_master.c: 267:    
      +                               I2C_Status.data_ptr = buffer;
 10379     0808  0874               	movf	I2C_SetBuffer@buffer,w
 10380     0809  00B7               	movwf	(low ((_I2C_Status| (0+256)+23)))^0
 10381                           
 10382                           ;mcc_generated_files/i2c_master.c: 268:         I2C_Status.data_length = bufferSize;
 10383     080A  0873               	movf	I2C_SetBuffer@bufferSize+1,w
 10384     080B  00B9               	movwf	((_I2C_Status+1)^(0+256)+24)
 10385     080C  0872               	movf	I2C_SetBuffer@bufferSize,w
 10386     080D  00B8               	movwf	(_I2C_Status^(0+256)+24)
 10387     080E                     l3235:
 10388                           
 10389                           ;mcc_generated_files/i2c_master.c: 269:         I2C_Status.bufferFree = 0;
 10390     080E  11BC               	bcf	(_I2C_Status^(0+256)+28),3
 10391     080F                     l144:
 10392     080F  0008               	return
 10393     0810                     __end_of_I2C_SetBuffer:
 10394                           
 10395                           	psect	text64
 10396     1598                     __ptext64:	
 10397 ;; *************** function _I2C_MasterStop *****************
 10398 ;; Defined at:
 10399 ;;		line 593 in file "mcc_generated_files/i2c_master.c"
 10400 ;; Parameters:    Size  Location     Type
 10401 ;;		None
 10402 ;; Auto vars:     Size  Location     Type
 10403 ;;		None
 10404 ;; Return value:  Size  Location     Type
 10405 ;;                  1    wreg      void 
 10406 ;; Registers used:
 10407 ;;		None
 10408 ;; Tracked objects:
 10409 ;;		On entry : 0/0
 10410 ;;		On exit  : 0/0
 10411 ;;		Unchanged: 0/0
 10412 ;; Data sizes:     COMMON   BANK0   BANK1   BANK2   BANK3   BANK4   BANK5   BANK6
 10413 ;;      Params:         0       0       0       0       0       0       0       0
 10414 ;;      Locals:         0       0       0       0       0       0       0       0
 10415 ;;      Temps:          0       0       0       0       0       0       0       0
 10416 ;;      Totals:         0       0       0       0       0       0       0       0
 10417 ;;Total ram usage:        0 bytes
 10418 ;; Hardware stack levels used: 1
 10419 ;; Hardware stack levels required when called: 4
 10420 ;; This function calls:
 10421 ;;		Nothing
 10422 ;; This function is called by:
 10423 ;;		_I2C_DO_SEND_STOP
 10424 ;; This function uses a non-reentrant model
 10425 ;;
 10426                           
 10427     1598                     _I2C_MasterStop:	
 10428                           ;psect for function _I2C_MasterStop
 10429                           
 10430     1598                     l3239:	
 10431                           ;incstack = 0
 10432                           ; Regs used in _I2C_MasterStop: []
 10433                           
 10434                           
 10435                           ;mcc_generated_files/i2c_master.c: 595:     SSPCON2bits.PEN = 1;
 10436     1598  0024               	movlb	4	; select bank4
 10437     1599  1516               	bsf	22,2	;volatile
 10438     159A                     l278:
 10439     159A  0008               	return
 10440     159B                     __end_of_I2C_MasterStop:
 10441                           
 10442                           	psect	text65
 10443     1595                     __ptext65:	
 10444 ;; *************** function _I2C_MasterEnableRestart *****************
 10445 ;; Defined at:
 10446 ;;		line 573 in file "mcc_generated_files/i2c_master.c"
 10447 ;; Parameters:    Size  Location     Type
 10448 ;;		None
 10449 ;; Auto vars:     Size  Location     Type
 10450 ;;		None
 10451 ;; Return value:  Size  Location     Type
 10452 ;;                  1    wreg      void 
 10453 ;; Registers used:
 10454 ;;		None
 10455 ;; Tracked objects:
 10456 ;;		On entry : 0/0
 10457 ;;		On exit  : 0/0
 10458 ;;		Unchanged: 0/0
 10459 ;; Data sizes:     COMMON   BANK0   BANK1   BANK2   BANK3   BANK4   BANK5   BANK6
 10460 ;;      Params:         0       0       0       0       0       0       0       0
 10461 ;;      Locals:         0       0       0       0       0       0       0       0
 10462 ;;      Temps:          0       0       0       0       0       0       0       0
 10463 ;;      Totals:         0       0       0       0       0       0       0       0
 10464 ;;Total ram usage:        0 bytes
 10465 ;; Hardware stack levels used: 1
 10466 ;; Hardware stack levels required when called: 4
 10467 ;; This function calls:
 10468 ;;		Nothing
 10469 ;; This function is called by:
 10470 ;;		_I2C_DO_SEND_RESTART_READ
 10471 ;;		_I2C_DO_SEND_RESTART_WRITE
 10472 ;;		_I2C_DO_SEND_RESTART
 10473 ;; This function uses a non-reentrant model
 10474 ;;
 10475                           
 10476     1595                     _I2C_MasterEnableRestart:	
 10477                           ;psect for function _I2C_MasterEnableRestart
 10478                           
 10479     1595                     l3237:	
 10480                           ;incstack = 0
 10481                           ; Regs used in _I2C_MasterEnableRestart: []
 10482                           
 10483                           
 10484                           ;mcc_generated_files/i2c_master.c: 575:     SSPCON2bits.RSEN = 1;
 10485     1595  0024               	movlb	4	; select bank4
 10486     1596  1496               	bsf	22,1	;volatile
 10487     1597                     l269:
 10488     1597  0008               	return
 10489     1598                     __end_of_I2C_MasterEnableRestart:
 10490                           
 10491                           	psect	text66
 10492     1592                     __ptext66:	
 10493 ;; *************** function _I2C_MasterStart *****************
 10494 ;; Defined at:
 10495 ;;		line 588 in file "mcc_generated_files/i2c_master.c"
 10496 ;; Parameters:    Size  Location     Type
 10497 ;;		None
 10498 ;; Auto vars:     Size  Location     Type
 10499 ;;		None
 10500 ;; Return value:  Size  Location     Type
 10501 ;;                  1    wreg      void 
 10502 ;; Registers used:
 10503 ;;		None
 10504 ;; Tracked objects:
 10505 ;;		On entry : 0/0
 10506 ;;		On exit  : 0/0
 10507 ;;		Unchanged: 0/0
 10508 ;; Data sizes:     COMMON   BANK0   BANK1   BANK2   BANK3   BANK4   BANK5   BANK6
 10509 ;;      Params:         0       0       0       0       0       0       0       0
 10510 ;;      Locals:         0       0       0       0       0       0       0       0
 10511 ;;      Temps:          0       0       0       0       0       0       0       0
 10512 ;;      Totals:         0       0       0       0       0       0       0       0
 10513 ;;Total ram usage:        0 bytes
 10514 ;; Hardware stack levels used: 1
 10515 ;; Hardware stack levels required when called: 4
 10516 ;; This function calls:
 10517 ;;		Nothing
 10518 ;; This function is called by:
 10519 ;;		_I2C_MasterOperation
 10520 ;; This function uses a non-reentrant model
 10521 ;;
 10522                           
 10523     1592                     _I2C_MasterStart:	
 10524                           ;psect for function _I2C_MasterStart
 10525                           
 10526     1592                     l3485:	
 10527                           ;incstack = 0
 10528                           ; Regs used in _I2C_MasterStart: []
 10529                           
 10530                           
 10531                           ;mcc_generated_files/i2c_master.c: 590:     SSPCON2bits.SEN = 1;
 10532     1592  0024               	movlb	4	; select bank4
 10533     1593  1416               	bsf	22,0	;volatile
 10534     1594                     l275:
 10535     1594  0008               	return
 10536     1595                     __end_of_I2C_MasterStart:
 10537                           
 10538                           	psect	text67
 10539     1748                     __ptext67:	
 10540 ;; *************** function _I2C_Close *****************
 10541 ;; Defined at:
 10542 ;;		line 209 in file "mcc_generated_files/i2c_master.c"
 10543 ;; Parameters:    Size  Location     Type
 10544 ;;		None
 10545 ;; Auto vars:     Size  Location     Type
 10546 ;;  returnValue     1    2[COMMON] enum E358
 10547 ;; Return value:  Size  Location     Type
 10548 ;;                  1    wreg      enum E358
 10549 ;; Registers used:
 10550 ;;		wreg, status,2, status,0, pclath, cstack
 10551 ;; Tracked objects:
 10552 ;;		On entry : 0/0
 10553 ;;		On exit  : 0/0
 10554 ;;		Unchanged: 0/0
 10555 ;; Data sizes:     COMMON   BANK0   BANK1   BANK2   BANK3   BANK4   BANK5   BANK6
 10556 ;;      Params:         0       0       0       0       0       0       0       0
 10557 ;;      Locals:         1       0       0       0       0       0       0       0
 10558 ;;      Temps:          0       0       0       0       0       0       0       0
 10559 ;;      Totals:         1       0       0       0       0       0       0       0
 10560 ;;Total ram usage:        1 bytes
 10561 ;; Hardware stack levels used: 1
 10562 ;; Hardware stack levels required when called: 5
 10563 ;; This function calls:
 10564 ;;		_I2C_MasterClearIrq
 10565 ;;		_I2C_MasterClose
 10566 ;;		_I2C_MasterDisableIrq
 10567 ;; This function is called by:
 10568 ;;		_I2C_Write1ByteRegister
 10569 ;; This function uses a non-reentrant model
 10570 ;;
 10571                           
 10572     1748                     _I2C_Close:	
 10573                           ;psect for function _I2C_Close
 10574                           
 10575     1748                     l3569:	
 10576                           ;incstack = 0
 10577                           ; Regs used in _I2C_Close: [wreg+status,2+status,0+pclath+cstack]
 10578                           
 10579                           
 10580                           ;mcc_generated_files/i2c_master.c: 211:     i2c_error_t returnValue = I2C_BUSY;
 10581     1748  01F2               	clrf	I2C_Close@returnValue
 10582     1749  0AF2               	incf	I2C_Close@returnValue,f
 10583                           
 10584                           ;mcc_generated_files/i2c_master.c: 212:     if(!I2C_Status.busy)
 10585     174A  0022               	movlb	2	; select bank2
 10586     174B  18BC               	btfsc	(_I2C_Status^(0+256)+28),1
 10587     174C  2F4E               	goto	u1631
 10588     174D  2F4F               	goto	u1630
 10589     174E                     u1631:
 10590     174E  2F5E               	goto	l3583
 10591     174F                     u1630:
 10592     174F                     l3571:
 10593                           
 10594                           ;mcc_generated_files/i2c_master.c: 213:     {;mcc_generated_files/i2c_master.c: 214:    
      +                               I2C_Status.inUse = 0;
 10595     174F  113C               	bcf	(_I2C_Status^(0+256)+28),2
 10596     1750                     l3573:
 10597                           
 10598                           ;mcc_generated_files/i2c_master.c: 215:         I2C_Status.address = 0xff;
 10599     1750  30FF               	movlw	255
 10600     1751  00B6               	movwf	(_I2C_Status^(0+256)+22)
 10601     1752                     l3575:
 10602                           
 10603                           ;mcc_generated_files/i2c_master.c: 216:         I2C_MasterClearIrq();
 10604     1752  3195  2589  3197   	fcall	_I2C_MasterClearIrq
 10605     1755                     l3577:
 10606                           
 10607                           ;mcc_generated_files/i2c_master.c: 217:         I2C_MasterDisableIrq();
 10608     1755  3195  258F  3197   	fcall	_I2C_MasterDisableIrq
 10609     1758                     l3579:
 10610                           
 10611                           ;mcc_generated_files/i2c_master.c: 218:         I2C_MasterClose();
 10612     1758  3195  258C  3197   	fcall	_I2C_MasterClose
 10613     175B                     l3581:
 10614                           
 10615                           ;mcc_generated_files/i2c_master.c: 219:         returnValue = I2C_Status.error;
 10616     175B  0022               	movlb	2	; select bank2
 10617     175C  083B               	movf	(_I2C_Status^(0+256)+27),w
 10618     175D  00F2               	movwf	I2C_Close@returnValue
 10619     175E                     l3583:
 10620                           
 10621                           ;mcc_generated_files/i2c_master.c: 221:     return returnValue;
 10622     175E  0872               	movf	I2C_Close@returnValue,w
 10623     175F                     l131:
 10624     175F  0008               	return
 10625     1760                     __end_of_I2C_Close:
 10626                           
 10627                           	psect	text68
 10628     158F                     __ptext68:	
 10629 ;; *************** function _I2C_MasterDisableIrq *****************
 10630 ;; Defined at:
 10631 ;;		line 635 in file "mcc_generated_files/i2c_master.c"
 10632 ;; Parameters:    Size  Location     Type
 10633 ;;		None
 10634 ;; Auto vars:     Size  Location     Type
 10635 ;;		None
 10636 ;; Return value:  Size  Location     Type
 10637 ;;                  1    wreg      void 
 10638 ;; Registers used:
 10639 ;;		None
 10640 ;; Tracked objects:
 10641 ;;		On entry : 0/0
 10642 ;;		On exit  : 0/0
 10643 ;;		Unchanged: 0/0
 10644 ;; Data sizes:     COMMON   BANK0   BANK1   BANK2   BANK3   BANK4   BANK5   BANK6
 10645 ;;      Params:         0       0       0       0       0       0       0       0
 10646 ;;      Locals:         0       0       0       0       0       0       0       0
 10647 ;;      Temps:          0       0       0       0       0       0       0       0
 10648 ;;      Totals:         0       0       0       0       0       0       0       0
 10649 ;;Total ram usage:        0 bytes
 10650 ;; Hardware stack levels used: 1
 10651 ;; Hardware stack levels required when called: 4
 10652 ;; This function calls:
 10653 ;;		Nothing
 10654 ;; This function is called by:
 10655 ;;		_I2C_Close
 10656 ;; This function uses a non-reentrant model
 10657 ;;
 10658                           
 10659     158F                     _I2C_MasterDisableIrq:	
 10660                           ;psect for function _I2C_MasterDisableIrq
 10661                           
 10662     158F                     l3507:	
 10663                           ;incstack = 0
 10664                           ; Regs used in _I2C_MasterDisableIrq: []
 10665                           
 10666                           
 10667                           ;mcc_generated_files/i2c_master.c: 637:     PIE1bits.SSPIE = 0;
 10668     158F  0021               	movlb	1	; select bank1
 10669     1590  1191               	bcf	17,3	;volatile
 10670     1591                     l290:
 10671     1591  0008               	return
 10672     1592                     __end_of_I2C_MasterDisableIrq:
 10673                           
 10674                           	psect	text69
 10675     158C                     __ptext69:	
 10676 ;; *************** function _I2C_MasterClose *****************
 10677 ;; Defined at:
 10678 ;;		line 557 in file "mcc_generated_files/i2c_master.c"
 10679 ;; Parameters:    Size  Location     Type
 10680 ;;		None
 10681 ;; Auto vars:     Size  Location     Type
 10682 ;;		None
 10683 ;; Return value:  Size  Location     Type
 10684 ;;                  1    wreg      void 
 10685 ;; Registers used:
 10686 ;;		None
 10687 ;; Tracked objects:
 10688 ;;		On entry : 0/0
 10689 ;;		On exit  : 0/0
 10690 ;;		Unchanged: 0/0
 10691 ;; Data sizes:     COMMON   BANK0   BANK1   BANK2   BANK3   BANK4   BANK5   BANK6
 10692 ;;      Params:         0       0       0       0       0       0       0       0
 10693 ;;      Locals:         0       0       0       0       0       0       0       0
 10694 ;;      Temps:          0       0       0       0       0       0       0       0
 10695 ;;      Totals:         0       0       0       0       0       0       0       0
 10696 ;;Total ram usage:        0 bytes
 10697 ;; Hardware stack levels used: 1
 10698 ;; Hardware stack levels required when called: 4
 10699 ;; This function calls:
 10700 ;;		Nothing
 10701 ;; This function is called by:
 10702 ;;		_I2C_Close
 10703 ;; This function uses a non-reentrant model
 10704 ;;
 10705                           
 10706     158C                     _I2C_MasterClose:	
 10707                           ;psect for function _I2C_MasterClose
 10708                           
 10709     158C                     l3509:	
 10710                           ;incstack = 0
 10711                           ; Regs used in _I2C_MasterClose: []
 10712                           
 10713                           
 10714                           ;mcc_generated_files/i2c_master.c: 560:     SSPCON1bits.SSPEN = 0;
 10715     158C  0024               	movlb	4	; select bank4
 10716     158D  1295               	bcf	21,5	;volatile
 10717     158E                     l260:
 10718     158E  0008               	return
 10719     158F                     __end_of_I2C_MasterClose:
 10720                           
 10721                           	psect	text70
 10722     1589                     __ptext70:	
 10723 ;; *************** function _I2C_MasterClearIrq *****************
 10724 ;; Defined at:
 10725 ;;		line 640 in file "mcc_generated_files/i2c_master.c"
 10726 ;; Parameters:    Size  Location     Type
 10727 ;;		None
 10728 ;; Auto vars:     Size  Location     Type
 10729 ;;		None
 10730 ;; Return value:  Size  Location     Type
 10731 ;;                  1    wreg      void 
 10732 ;; Registers used:
 10733 ;;		None
 10734 ;; Tracked objects:
 10735 ;;		On entry : 0/0
 10736 ;;		On exit  : 0/0
 10737 ;;		Unchanged: 0/0
 10738 ;; Data sizes:     COMMON   BANK0   BANK1   BANK2   BANK3   BANK4   BANK5   BANK6
 10739 ;;      Params:         0       0       0       0       0       0       0       0
 10740 ;;      Locals:         0       0       0       0       0       0       0       0
 10741 ;;      Temps:          0       0       0       0       0       0       0       0
 10742 ;;      Totals:         0       0       0       0       0       0       0       0
 10743 ;;Total ram usage:        0 bytes
 10744 ;; Hardware stack levels used: 1
 10745 ;; Hardware stack levels required when called: 4
 10746 ;; This function calls:
 10747 ;;		Nothing
 10748 ;; This function is called by:
 10749 ;;		_I2C_Open
 10750 ;;		_I2C_Close
 10751 ;;		_I2C_MasterFsm
 10752 ;; This function uses a non-reentrant model
 10753 ;;
 10754                           
 10755     1589                     _I2C_MasterClearIrq:	
 10756                           ;psect for function _I2C_MasterClearIrq
 10757                           
 10758     1589                     l3311:	
 10759                           ;incstack = 0
 10760                           ; Regs used in _I2C_MasterClearIrq: []
 10761                           
 10762                           
 10763                           ;mcc_generated_files/i2c_master.c: 642:     PIR1bits.SSPIF = 0;
 10764     1589  0020               	movlb	0	; select bank0
 10765     158A  1191               	bcf	17,3	;volatile
 10766     158B                     l293:
 10767     158B  0008               	return
 10768     158C                     __end_of_I2C_MasterClearIrq:
 10769                           
 10770                           	psect	text71
 10771     04EB                     __ptext71:	
 10772 ;; *************** function _KEY_ScanAll *****************
 10773 ;; Defined at:
 10774 ;;		line 30 in file "Key.c"
 10775 ;; Parameters:    Size  Location     Type
 10776 ;;		None
 10777 ;; Auto vars:     Size  Location     Type
 10778 ;;  k               1    9[COMMON] PTR struct .
 10779 ;;		 -> key(44), 
 10780 ;;  ii              1    8[COMMON] unsigned char 
 10781 ;; Return value:  Size  Location     Type
 10782 ;;                  1    wreg      void 
 10783 ;; Registers used:
 10784 ;;		wreg, fsr0l, fsr0h, fsr1l, fsr1h, status,2, status,0, pclath, cstack
 10785 ;; Tracked objects:
 10786 ;;		On entry : 0/0
 10787 ;;		On exit  : 0/0
 10788 ;;		Unchanged: 0/0
 10789 ;; Data sizes:     COMMON   BANK0   BANK1   BANK2   BANK3   BANK4   BANK5   BANK6
 10790 ;;      Params:         0       0       0       0       0       0       0       0
 10791 ;;      Locals:         2       0       0       0       0       0       0       0
 10792 ;;      Temps:          2       0       0       0       0       0       0       0
 10793 ;;      Totals:         4       0       0       0       0       0       0       0
 10794 ;;Total ram usage:        4 bytes
 10795 ;; Hardware stack levels used: 1
 10796 ;; Hardware stack levels required when called: 5
 10797 ;; This function calls:
 10798 ;;		___bmul
 10799 ;; This function is called by:
 10800 ;;		_main
 10801 ;; This function uses a non-reentrant model
 10802 ;;
 10803                           
 10804     04EB                     _KEY_ScanAll:	
 10805                           ;psect for function _KEY_ScanAll
 10806                           
 10807     04EB                     l5319:	
 10808                           ;incstack = 0
 10809                           ; Regs used in _KEY_ScanAll: [wreg-fsr1h+status,2+status,0+pclath+cstack]
 10810                           
 10811                           
 10812                           ;Key.c: 31:   for (uint8_t ii = 0; ii < 4; ii++) {
 10813     04EB  01F8               	clrf	KEY_ScanAll@ii
 10814     04EC                     l5325:
 10815                           
 10816                           ;Key.c: 32:     KEY_T *k = &key[ii];
 10817     04EC  300B               	movlw	11
 10818     04ED  00F2               	movwf	___bmul@multiplicand
 10819     04EE  0878               	movf	KEY_ScanAll@ii,w
 10820     04EF  3196  26F1  3184   	fcall	___bmul
 10821     04F2  3EC0               	addlw	(low (_key| (0+256)))& (0+255)
 10822     04F3  00F9               	movwf	KEY_ScanAll@k
 10823                           
 10824                           ;Key.c: 34:     switch (k->state) {
 10825     04F4  2E08               	goto	l5379
 10826     04F5                     l5327:
 10827                           
 10828                           ;Key.c: 37:       k->press_long_time_ms=0;
 10829     04F5  0879               	movf	KEY_ScanAll@k,w
 10830     04F6  3E03               	addlw	3
 10831     04F7  0086               	movwf	6
 10832     04F8  3001               	movlw	1	; select bank2/3
 10833     04F9  0087               	movwf	7
 10834     04FA  3000               	movlw	0
 10835     04FB  3FC0               	movwi [0]fsr1
 10836     04FC  3FC1               	movwi [1]fsr1
 10837     04FD                     l5329:
 10838                           
 10839                           ;Key.c: 38:       k->press_time_ms = 0;
 10840     04FD  0A79               	incf	KEY_ScanAll@k,w
 10841     04FE  0086               	movwf	6
 10842     04FF  3001               	movlw	1	; select bank2/3
 10843     0500  0087               	movwf	7
 10844     0501  3000               	movlw	0
 10845     0502  3FC0               	movwi [0]fsr1
 10846     0503  3FC1               	movwi [1]fsr1
 10847     0504                     l5331:
 10848                           
 10849                           ;Key.c: 45:       if (k->fKeyIn == 1) {
 10850     0504  0879               	movf	KEY_ScanAll@k,w
 10851     0505  3E0A               	addlw	10
 10852     0506  0086               	movwf	6
 10853     0507  3001               	movlw	1	; select bank2/3
 10854     0508  0087               	movwf	7
 10855     0509  0301               	decf	1,w
 10856     050A  1D03               	btfss	3,2
 10857     050B  2D0D               	goto	u3871
 10858     050C  2D0E               	goto	u3870
 10859     050D                     u3871:
 10860     050D  2E25               	goto	l5381
 10861     050E                     u3870:
 10862     050E                     l5333:
 10863                           
 10864                           ;Key.c: 49:           k->state = KEY_PRESSED;
 10865     050E  0879               	movf	KEY_ScanAll@k,w
 10866     050F  0086               	movwf	6
 10867     0510  3001               	movlw	1	; select bank2/3
 10868     0511  0087               	movwf	7
 10869     0512  3002               	movlw	2
 10870     0513  0081               	movwf	1
 10871     0514  2E25               	goto	l5381
 10872     0515                     l5335:
 10873                           
 10874                           ;Key.c: 57:       if (k->fKeyIn == 1) {
 10875     0515  0879               	movf	KEY_ScanAll@k,w
 10876     0516  3E0A               	addlw	10
 10877     0517  0086               	movwf	6
 10878     0518  3001               	movlw	1	; select bank2/3
 10879     0519  0087               	movwf	7
 10880     051A  0301               	decf	1,w
 10881     051B  1D03               	btfss	3,2
 10882     051C  2D1E               	goto	u3881
 10883     051D  2D1F               	goto	u3880
 10884     051E                     u3881:
 10885     051E  2D4F               	goto	l5345
 10886     051F                     u3880:
 10887     051F                     l5337:
 10888                           
 10889                           ;Key.c: 58:         k->press_time_ms += 10;
 10890     051F  0A79               	incf	KEY_ScanAll@k,w
 10891     0520  0086               	movwf	6
 10892     0521  3001               	movlw	1	; select bank2/3
 10893     0522  0087               	movwf	7
 10894     0523  300A               	movlw	10
 10895     0524  0781               	addwf	1,f
 10896     0525  3141               	addfsr 1,1
 10897     0526  1803               	skipnc
 10898     0527  0A81               	incf	1,f
 10899     0528                     l5339:
 10900                           
 10901                           ;Key.c: 59:         if (k->press_time_ms >= 300) {
 10902     0528  0A79               	incf	KEY_ScanAll@k,w
 10903     0529  0086               	movwf	6
 10904     052A  3001               	movlw	1	; select bank2/3
 10905     052B  0087               	movwf	7
 10906     052C  3F40               	moviw [0]fsr1
 10907     052D  00F6               	movwf	??_KEY_ScanAll
 10908     052E  3F41               	moviw [1]fsr1
 10909     052F  00F7               	movwf	??_KEY_ScanAll+1
 10910     0530  3001               	movlw	1
 10911     0531  0277               	subwf	??_KEY_ScanAll+1,w
 10912     0532  302C               	movlw	44
 10913     0533  1903               	skipnz
 10914     0534  0276               	subwf	??_KEY_ScanAll,w
 10915     0535  1C03               	skipc
 10916     0536  2D38               	goto	u3891
 10917     0537  2D39               	goto	u3890
 10918     0538                     u3891:
 10919     0538  2E25               	goto	l5381
 10920     0539                     u3890:
 10921     0539                     l5341:
 10922                           
 10923                           ;Key.c: 60:           k->fLong = 1;
 10924     0539  0879               	movf	KEY_ScanAll@k,w
 10925     053A  3E07               	addlw	7
 10926     053B  0086               	movwf	6
 10927     053C  3001               	movlw	1	; select bank2/3
 10928     053D  0087               	movwf	7
 10929     053E  0181               	clrf	1
 10930     053F  0A81               	incf	1,f
 10931                           
 10932                           ;Key.c: 61:           k->press_long_time_ms = 0;
 10933     0540  0879               	movf	KEY_ScanAll@k,w
 10934     0541  3E03               	addlw	3
 10935     0542  0086               	movwf	6
 10936     0543  3001               	movlw	1	; select bank2/3
 10937     0544  0087               	movwf	7
 10938     0545  3000               	movlw	0
 10939     0546  3FC0               	movwi [0]fsr1
 10940     0547  3FC1               	movwi [1]fsr1
 10941     0548                     l5343:
 10942                           
 10943                           ;Key.c: 62:           k->state = KEY_LONG;
 10944     0548  0879               	movf	KEY_ScanAll@k,w
 10945     0549  0086               	movwf	6
 10946     054A  3001               	movlw	1	; select bank2/3
 10947     054B  0087               	movwf	7
 10948     054C  3004               	movlw	4
 10949     054D  0081               	movwf	1
 10950     054E  2E25               	goto	l5381
 10951     054F                     l5345:
 10952                           
 10953                           ;Key.c: 65:         k->release_time_ms = 0;
 10954     054F  0879               	movf	KEY_ScanAll@k,w
 10955     0550  3E05               	addlw	5
 10956     0551  0086               	movwf	6
 10957     0552  3001               	movlw	1	; select bank2/3
 10958     0553  0087               	movwf	7
 10959     0554  3000               	movlw	0
 10960     0555  3FC0               	movwi [0]fsr1
 10961     0556  3FC1               	movwi [1]fsr1
 10962     0557                     l5347:
 10963                           
 10964                           ;Key.c: 66:         k->state = KEY_RELEASE;
 10965     0557  0879               	movf	KEY_ScanAll@k,w
 10966     0558  0086               	movwf	6
 10967     0559  3001               	movlw	1	; select bank2/3
 10968     055A  0087               	movwf	7
 10969     055B  3005               	movlw	5
 10970     055C  0081               	movwf	1
 10971     055D  2E25               	goto	l5381
 10972     055E                     l5349:
 10973                           
 10974                           ;Key.c: 71:       if (k->fKeyIn == 1) {
 10975     055E  0879               	movf	KEY_ScanAll@k,w
 10976     055F  3E0A               	addlw	10
 10977     0560  0086               	movwf	6
 10978     0561  3001               	movlw	1	; select bank2/3
 10979     0562  0087               	movwf	7
 10980     0563  0301               	decf	1,w
 10981     0564  1D03               	btfss	3,2
 10982     0565  2D67               	goto	u3901
 10983     0566  2D68               	goto	u3900
 10984     0567                     u3901:
 10985     0567  2D94               	goto	l5355
 10986     0568                     u3900:
 10987     0568                     l5351:
 10988                           
 10989                           ;Key.c: 72:         k->press_long_time_ms += 10;
 10990     0568  0879               	movf	KEY_ScanAll@k,w
 10991     0569  3E03               	addlw	3
 10992     056A  0086               	movwf	6
 10993     056B  3001               	movlw	1	; select bank2/3
 10994     056C  0087               	movwf	7
 10995     056D  300A               	movlw	10
 10996     056E  0781               	addwf	1,f
 10997     056F  3141               	addfsr 1,1
 10998     0570  1803               	skipnc
 10999     0571  0A81               	incf	1,f
 11000                           
 11001                           ;Key.c: 73:         if (k->press_long_time_ms >= 40) {
 11002     0572  0879               	movf	KEY_ScanAll@k,w
 11003     0573  3E03               	addlw	3
 11004     0574  0086               	movwf	6
 11005     0575  3001               	movlw	1	; select bank2/3
 11006     0576  0087               	movwf	7
 11007     0577  3F40               	moviw [0]fsr1
 11008     0578  00F6               	movwf	??_KEY_ScanAll
 11009     0579  3F41               	moviw [1]fsr1
 11010     057A  00F7               	movwf	??_KEY_ScanAll+1
 11011     057B  3000               	movlw	0
 11012     057C  0277               	subwf	??_KEY_ScanAll+1,w
 11013     057D  3028               	movlw	40
 11014     057E  1903               	skipnz
 11015     057F  0276               	subwf	??_KEY_ScanAll,w
 11016     0580  1C03               	skipc
 11017     0581  2D83               	goto	u3911
 11018     0582  2D84               	goto	u3910
 11019     0583                     u3911:
 11020     0583  2E25               	goto	l5381
 11021     0584                     u3910:
 11022     0584                     l5353:
 11023                           
 11024                           ;Key.c: 74:           k->press_long_time_ms = 0;
 11025     0584  0879               	movf	KEY_ScanAll@k,w
 11026     0585  3E03               	addlw	3
 11027     0586  0086               	movwf	6
 11028     0587  3001               	movlw	1	; select bank2/3
 11029     0588  0087               	movwf	7
 11030     0589  3000               	movlw	0
 11031     058A  3FC0               	movwi [0]fsr1
 11032     058B  3FC1               	movwi [1]fsr1
 11033                           
 11034                           ;Key.c: 75:           k->fLong_100ms = 1;
 11035     058C  0879               	movf	KEY_ScanAll@k,w
 11036     058D  3E08               	addlw	8
 11037     058E  0086               	movwf	6
 11038     058F  3001               	movlw	1	; select bank2/3
 11039     0590  0087               	movwf	7
 11040     0591  0181               	clrf	1
 11041     0592  0A81               	incf	1,f
 11042     0593  2E25               	goto	l5381
 11043     0594                     l5355:
 11044                           
 11045                           ;Key.c: 78:         k->press_time_ms=0;
 11046     0594  0A79               	incf	KEY_ScanAll@k,w
 11047     0595  0086               	movwf	6
 11048     0596  3001               	movlw	1	; select bank2/3
 11049     0597  0087               	movwf	7
 11050     0598  3000               	movlw	0
 11051     0599  3FC0               	movwi [0]fsr1
 11052     059A  3FC1               	movwi [1]fsr1
 11053     059B                     l5357:
 11054                           
 11055                           ;Key.c: 79:         k->release_time_ms = 0;
 11056     059B  0879               	movf	KEY_ScanAll@k,w
 11057     059C  3E05               	addlw	5
 11058     059D  0086               	movwf	6
 11059     059E  3001               	movlw	1	; select bank2/3
 11060     059F  0087               	movwf	7
 11061     05A0  3000               	movlw	0
 11062     05A1  3FC0               	movwi [0]fsr1
 11063     05A2  3FC1               	movwi [1]fsr1
 11064     05A3                     l5359:
 11065                           
 11066                           ;Key.c: 80:         k->state = KEY_RELEASE;
 11067     05A3  0879               	movf	KEY_ScanAll@k,w
 11068     05A4  0086               	movwf	6
 11069     05A5  3001               	movlw	1	; select bank2/3
 11070     05A6  0087               	movwf	7
 11071     05A7  3005               	movlw	5
 11072     05A8  0081               	movwf	1
 11073     05A9  2E25               	goto	l5381
 11074     05AA                     l5361:
 11075                           
 11076                           ;Key.c: 85:       k->release_time_ms += 10;
 11077     05AA  0879               	movf	KEY_ScanAll@k,w
 11078     05AB  3E05               	addlw	5
 11079     05AC  0086               	movwf	6
 11080     05AD  3001               	movlw	1	; select bank2/3
 11081     05AE  0087               	movwf	7
 11082     05AF  300A               	movlw	10
 11083     05B0  0781               	addwf	1,f
 11084     05B1  3141               	addfsr 1,1
 11085     05B2  1803               	skipnc
 11086     05B3  0A81               	incf	1,f
 11087                           
 11088                           ;Key.c: 86:       if (k->release_time_ms >= 10) {
 11089     05B4  0879               	movf	KEY_ScanAll@k,w
 11090     05B5  3E05               	addlw	5
 11091     05B6  0086               	movwf	6
 11092     05B7  3001               	movlw	1	; select bank2/3
 11093     05B8  0087               	movwf	7
 11094     05B9  3F40               	moviw [0]fsr1
 11095     05BA  00F6               	movwf	??_KEY_ScanAll
 11096     05BB  3F41               	moviw [1]fsr1
 11097     05BC  00F7               	movwf	??_KEY_ScanAll+1
 11098     05BD  3000               	movlw	0
 11099     05BE  0277               	subwf	??_KEY_ScanAll+1,w
 11100     05BF  300A               	movlw	10
 11101     05C0  1903               	skipnz
 11102     05C1  0276               	subwf	??_KEY_ScanAll,w
 11103     05C2  1C03               	skipc
 11104     05C3  2DC5               	goto	u3921
 11105     05C4  2DC6               	goto	u3920
 11106     05C5                     u3921:
 11107     05C5  2E25               	goto	l5381
 11108     05C6                     u3920:
 11109     05C6                     l5363:
 11110                           
 11111                           ;Key.c: 87:         if (k->press_time_ms >= 20 &&
 11112     05C6  0A79               	incf	KEY_ScanAll@k,w
 11113     05C7  0086               	movwf	6
 11114     05C8  3001               	movlw	1	; select bank2/3
 11115     05C9  0087               	movwf	7
 11116     05CA  3F40               	moviw [0]fsr1
 11117     05CB  00F6               	movwf	??_KEY_ScanAll
 11118     05CC  3F41               	moviw [1]fsr1
 11119     05CD  00F7               	movwf	??_KEY_ScanAll+1
 11120     05CE  3000               	movlw	0
 11121     05CF  0277               	subwf	??_KEY_ScanAll+1,w
 11122     05D0  3014               	movlw	20
 11123     05D1  1903               	skipnz
 11124     05D2  0276               	subwf	??_KEY_ScanAll,w
 11125     05D3  1C03               	skipc
 11126     05D4  2DD6               	goto	u3931
 11127     05D5  2DD7               	goto	u3930
 11128     05D6                     u3931:
 11129     05D6  2DF6               	goto	l5371
 11130     05D7                     u3930:
 11131     05D7                     l5365:
 11132     05D7  0A79               	incf	KEY_ScanAll@k,w
 11133     05D8  0086               	movwf	6
 11134     05D9  3001               	movlw	1	; select bank2/3
 11135     05DA  0087               	movwf	7
 11136     05DB  3F40               	moviw [0]fsr1
 11137     05DC  00F6               	movwf	??_KEY_ScanAll
 11138     05DD  3F41               	moviw [1]fsr1
 11139     05DE  00F7               	movwf	??_KEY_ScanAll+1
 11140     05DF  3001               	movlw	1
 11141     05E0  0277               	subwf	??_KEY_ScanAll+1,w
 11142     05E1  302C               	movlw	44
 11143     05E2  1903               	skipnz
 11144     05E3  0276               	subwf	??_KEY_ScanAll,w
 11145     05E4  1803               	skipnc
 11146     05E5  2DE7               	goto	u3941
 11147     05E6  2DE8               	goto	u3940
 11148     05E7                     u3941:
 11149     05E7  2DF6               	goto	l5371
 11150     05E8                     u3940:
 11151     05E8                     l5367:
 11152                           
 11153                           ;Key.c: 88:             k->press_time_ms < 300) {;Key.c: 89:               k->fShort = 1
      +                          ;
 11154     05E8  0879               	movf	KEY_ScanAll@k,w
 11155     05E9  3E09               	addlw	9
 11156     05EA  0086               	movwf	6
 11157     05EB  3001               	movlw	1	; select bank2/3
 11158     05EC  0087               	movwf	7
 11159     05ED  0181               	clrf	1
 11160     05EE  0A81               	incf	1,f
 11161     05EF                     l5369:
 11162                           
 11163                           ;Key.c: 90:               k->state = KEY_SHORT;
 11164     05EF  0879               	movf	KEY_ScanAll@k,w
 11165     05F0  0086               	movwf	6
 11166     05F1  3001               	movlw	1	; select bank2/3
 11167     05F2  0087               	movwf	7
 11168     05F3  3003               	movlw	3
 11169     05F4  0081               	movwf	1
 11170                           
 11171                           ;Key.c: 91:             } else {
 11172     05F5  2E25               	goto	l5381
 11173     05F6                     l5371:
 11174                           
 11175                           ;Key.c: 92:               k->state = KEY_IDLE;
 11176     05F6  0879               	movf	KEY_ScanAll@k,w
 11177     05F7  0086               	movwf	6
 11178     05F8  3001               	movlw	1	; select bank2/3
 11179     05F9  0087               	movwf	7
 11180     05FA  0181               	clrf	1
 11181     05FB                     l5373:
 11182                           
 11183                           ;Key.c: 93:               k->fLong = 0;
 11184     05FB  0879               	movf	KEY_ScanAll@k,w
 11185     05FC  3E07               	addlw	7
 11186     05FD  0086               	movwf	6
 11187     05FE  3001               	movlw	1	; select bank2/3
 11188     05FF  0087               	movwf	7
 11189     0600  0181               	clrf	1
 11190     0601  2E25               	goto	l5381
 11191     0602                     l5375:
 11192                           
 11193                           ;Key.c: 99:       k->state = KEY_IDLE;
 11194     0602  0879               	movf	KEY_ScanAll@k,w
 11195     0603  0086               	movwf	6
 11196     0604  3001               	movlw	1	; select bank2/3
 11197     0605  0087               	movwf	7
 11198     0606  0181               	clrf	1
 11199                           
 11200                           ;Key.c: 100:       break;
 11201     0607  2E25               	goto	l5381
 11202     0608                     l5379:
 11203     0608  0879               	movf	KEY_ScanAll@k,w
 11204     0609  0086               	movwf	6
 11205     060A  3001               	movlw	1	; select bank2/3
 11206     060B  0087               	movwf	7
 11207     060C  0801               	movf	1,w
 11208     060D  00F6               	movwf	??_KEY_ScanAll
 11209     060E  01F7               	clrf	??_KEY_ScanAll+1
 11210                           
 11211                           ; Switch on 2 bytes has been partitioned into a top level switch of size 1, and 1 sub-sw
      +                          itches
 11212                           ; Switch size 1, requested type "simple"
 11213                           ; Number of cases is 1, Range of values is 0 to 0
 11214                           ; switch strategies available:
 11215                           ; Name         Instructions Cycles
 11216                           ; simple_byte            4     3 (average)
 11217                           ; direct_byte            8     6 (fixed)
 11218                           ; jumptable            260     6 (fixed)
 11219                           ;	Chosen strategy is simple_byte
 11220     060F  0877               	movf	??_KEY_ScanAll+1,w
 11221     0610  3A00               	xorlw	0	; case 0
 11222     0611  1903               	skipnz
 11223     0612  2E14               	goto	l5843
 11224     0613  2E25               	goto	l5381
 11225     0614                     l5843:
 11226                           
 11227                           ; Switch size 1, requested type "simple"
 11228                           ; Number of cases is 5, Range of values is 0 to 5
 11229                           ; switch strategies available:
 11230                           ; Name         Instructions Cycles
 11231                           ; simple_byte           16     9 (average)
 11232                           ; direct_byte           18     6 (fixed)
 11233                           ; jumptable            260     6 (fixed)
 11234                           ;	Chosen strategy is simple_byte
 11235     0614  0876               	movf	??_KEY_ScanAll,w
 11236     0615  3A00               	xorlw	0	; case 0
 11237     0616  1903               	skipnz
 11238     0617  2CF5               	goto	l5327
 11239     0618  3A02               	xorlw	2	; case 2
 11240     0619  1903               	skipnz
 11241     061A  2D15               	goto	l5335
 11242     061B  3A01               	xorlw	1	; case 3
 11243     061C  1903               	skipnz
 11244     061D  2E02               	goto	l5375
 11245     061E  3A07               	xorlw	7	; case 4
 11246     061F  1903               	skipnz
 11247     0620  2D5E               	goto	l5349
 11248     0621  3A01               	xorlw	1	; case 5
 11249     0622  1903               	skipnz
 11250     0623  2DAA               	goto	l5361
 11251     0624  2E25               	goto	l5381
 11252     0625                     l5381:
 11253                           
 11254                           ;Key.c: 105:   }
 11255     0625  3001               	movlw	1
 11256     0626  00F6               	movwf	??_KEY_ScanAll
 11257     0627  0876               	movf	??_KEY_ScanAll,w
 11258     0628  07F8               	addwf	KEY_ScanAll@ii,f
 11259     0629                     l5383:
 11260     0629  3004               	movlw	4
 11261     062A  0278               	subwf	KEY_ScanAll@ii,w
 11262     062B  1C03               	skipc
 11263     062C  2E2E               	goto	u3951
 11264     062D  2E2F               	goto	u3950
 11265     062E                     u3951:
 11266     062E  2CEC               	goto	l5325
 11267     062F                     u3950:
 11268     062F                     l695:
 11269     062F  0008               	return
 11270     0630                     __end_of_KEY_ScanAll:
 11271                           
 11272                           	psect	text72
 11273     0CC1                     __ptext72:	
 11274 ;; *************** function _KEY_Init *****************
 11275 ;; Defined at:
 11276 ;;		line 17 in file "Key.c"
 11277 ;; Parameters:    Size  Location     Type
 11278 ;;		None
 11279 ;; Auto vars:     Size  Location     Type
 11280 ;;  i               1    7[COMMON] unsigned char 
 11281 ;; Return value:  Size  Location     Type
 11282 ;;                  1    wreg      void 
 11283 ;; Registers used:
 11284 ;;		wreg, fsr1l, fsr1h, status,2, status,0, pclath, cstack
 11285 ;; Tracked objects:
 11286 ;;		On entry : 0/0
 11287 ;;		On exit  : 0/0
 11288 ;;		Unchanged: 0/0
 11289 ;; Data sizes:     COMMON   BANK0   BANK1   BANK2   BANK3   BANK4   BANK5   BANK6
 11290 ;;      Params:         0       0       0       0       0       0       0       0
 11291 ;;      Locals:         1       0       0       0       0       0       0       0
 11292 ;;      Temps:          1       0       0       0       0       0       0       0
 11293 ;;      Totals:         2       0       0       0       0       0       0       0
 11294 ;;Total ram usage:        2 bytes
 11295 ;; Hardware stack levels used: 1
 11296 ;; Hardware stack levels required when called: 5
 11297 ;; This function calls:
 11298 ;;		___bmul
 11299 ;; This function is called by:
 11300 ;;		_main
 11301 ;; This function uses a non-reentrant model
 11302 ;;
 11303                           
 11304     0CC1                     _KEY_Init:	
 11305                           ;psect for function _KEY_Init
 11306                           
 11307     0CC1                     l5279:	
 11308                           ;incstack = 0
 11309                           ; Regs used in _KEY_Init: [wreg+fsr1l+fsr1h+status,2+status,0+pclath+cstack]
 11310                           
 11311                           
 11312                           ;Key.c: 18:   for (uint8_t i = 0; i < 4; i++) {
 11313     0CC1  01F7               	clrf	KEY_Init@i
 11314     0CC2                     l5285:
 11315                           
 11316                           ;Key.c: 19:     key[i].state = KEY_IDLE;
 11317     0CC2  300B               	movlw	11
 11318     0CC3  00F2               	movwf	___bmul@multiplicand
 11319     0CC4  0877               	movf	KEY_Init@i,w
 11320     0CC5  3196  26F1  318C   	fcall	___bmul
 11321     0CC8  3EC0               	addlw	(low (_key| (0+256)))& (0+255)
 11322     0CC9  0086               	movwf	6
 11323     0CCA  3001               	movlw	1	; select bank3/4
 11324     0CCB  0087               	movwf	7
 11325     0CCC  0181               	clrf	1
 11326                           
 11327                           ;Key.c: 20:     key[i].press_time_ms = 0;
 11328     0CCD  300B               	movlw	11
 11329     0CCE  00F2               	movwf	___bmul@multiplicand
 11330     0CCF  0877               	movf	KEY_Init@i,w
 11331     0CD0  3196  26F1  318C   	fcall	___bmul
 11332     0CD3  3EC1               	addlw	(low ((_key| (0+256)+1)))& (0+255)
 11333     0CD4  0086               	movwf	6
 11334     0CD5  3001               	movlw	1	; select bank3/4
 11335     0CD6  0087               	movwf	7
 11336     0CD7  3000               	movlw	0
 11337     0CD8  3FC0               	movwi [0]fsr1
 11338     0CD9  3FC1               	movwi [1]fsr1
 11339                           
 11340                           ;Key.c: 21:     key[i].release_time_ms = 0;
 11341     0CDA  300B               	movlw	11
 11342     0CDB  00F2               	movwf	___bmul@multiplicand
 11343     0CDC  0877               	movf	KEY_Init@i,w
 11344     0CDD  3196  26F1  318C   	fcall	___bmul
 11345     0CE0  3EC5               	addlw	(low ((_key| (0+256)+5)))& (0+255)
 11346     0CE1  0086               	movwf	6
 11347     0CE2  3001               	movlw	1	; select bank3/4
 11348     0CE3  0087               	movwf	7
 11349     0CE4  3000               	movlw	0
 11350     0CE5  3FC0               	movwi [0]fsr1
 11351     0CE6  3FC1               	movwi [1]fsr1
 11352                           
 11353                           ;Key.c: 22:     key[i].fLong = 0;
 11354     0CE7  300B               	movlw	11
 11355     0CE8  00F2               	movwf	___bmul@multiplicand
 11356     0CE9  0877               	movf	KEY_Init@i,w
 11357     0CEA  3196  26F1  318C   	fcall	___bmul
 11358     0CED  3EC7               	addlw	(low ((_key| (0+256)+7)))& (0+255)
 11359     0CEE  0086               	movwf	6
 11360     0CEF  3001               	movlw	1	; select bank3/4
 11361     0CF0  0087               	movwf	7
 11362     0CF1  0181               	clrf	1
 11363                           
 11364                           ;Key.c: 23:     key[i].fLong_100ms = 0;
 11365     0CF2  300B               	movlw	11
 11366     0CF3  00F2               	movwf	___bmul@multiplicand
 11367     0CF4  0877               	movf	KEY_Init@i,w
 11368     0CF5  3196  26F1  318C   	fcall	___bmul
 11369     0CF8  3EC8               	addlw	(low ((_key| (0+256)+8)))& (0+255)
 11370     0CF9  0086               	movwf	6
 11371     0CFA  3001               	movlw	1	; select bank3/4
 11372     0CFB  0087               	movwf	7
 11373     0CFC  0181               	clrf	1
 11374                           
 11375                           ;Key.c: 24:     key[i].fShort = 0;
 11376     0CFD  300B               	movlw	11
 11377     0CFE  00F2               	movwf	___bmul@multiplicand
 11378     0CFF  0877               	movf	KEY_Init@i,w
 11379     0D00  3196  26F1  318C   	fcall	___bmul
 11380     0D03  3EC9               	addlw	(low ((_key| (0+256)+9)))& (0+255)
 11381     0D04  0086               	movwf	6
 11382     0D05  3001               	movlw	1	; select bank3/4
 11383     0D06  0087               	movwf	7
 11384     0D07  0181               	clrf	1
 11385                           
 11386                           ;Key.c: 25:     key[i].fKeyIn = 0;
 11387     0D08  300B               	movlw	11
 11388     0D09  00F2               	movwf	___bmul@multiplicand
 11389     0D0A  0877               	movf	KEY_Init@i,w
 11390     0D0B  3196  26F1  318C   	fcall	___bmul
 11391     0D0E  3ECA               	addlw	(low ((_key| (0+256)+10)))& (0+255)
 11392     0D0F  0086               	movwf	6
 11393     0D10  3001               	movlw	1	; select bank3/4
 11394     0D11  0087               	movwf	7
 11395     0D12  0181               	clrf	1
 11396     0D13                     l5287:
 11397                           
 11398                           ;Key.c: 26:   }
 11399     0D13  3001               	movlw	1
 11400     0D14  00F6               	movwf	??_KEY_Init
 11401     0D15  0876               	movf	??_KEY_Init,w
 11402     0D16  07F7               	addwf	KEY_Init@i,f
 11403     0D17                     l5289:
 11404     0D17  3004               	movlw	4
 11405     0D18  0277               	subwf	KEY_Init@i,w
 11406     0D19  1C03               	skipc
 11407     0D1A  2D1C               	goto	u3851
 11408     0D1B  2D1D               	goto	u3850
 11409     0D1C                     u3851:
 11410     0D1C  2CC2               	goto	l5285
 11411     0D1D                     u3850:
 11412     0D1D                     l672:
 11413     0D1D  0008               	return
 11414     0D1E                     __end_of_KEY_Init:
 11415                           
 11416                           	psect	text73
 11417     16F1                     __ptext73:	
 11418 ;; *************** function ___bmul *****************
 11419 ;; Defined at:
 11420 ;;		line 4 in file "C:\Program Files\Microchip\xc8\v2.46\pic\sources\c99\common\Umul8.c"
 11421 ;; Parameters:    Size  Location     Type
 11422 ;;  multiplier      1    wreg     unsigned char 
 11423 ;;  multiplicand    1    2[COMMON] unsigned char 
 11424 ;; Auto vars:     Size  Location     Type
 11425 ;;  multiplier      1    5[COMMON] unsigned char 
 11426 ;;  product         1    4[COMMON] unsigned char 
 11427 ;; Return value:  Size  Location     Type
 11428 ;;                  1    wreg      unsigned char 
 11429 ;; Registers used:
 11430 ;;		wreg, status,2, status,0
 11431 ;; Tracked objects:
 11432 ;;		On entry : 0/0
 11433 ;;		On exit  : 0/0
 11434 ;;		Unchanged: 0/0
 11435 ;; Data sizes:     COMMON   BANK0   BANK1   BANK2   BANK3   BANK4   BANK5   BANK6
 11436 ;;      Params:         1       0       0       0       0       0       0       0
 11437 ;;      Locals:         2       0       0       0       0       0       0       0
 11438 ;;      Temps:          1       0       0       0       0       0       0       0
 11439 ;;      Totals:         4       0       0       0       0       0       0       0
 11440 ;;Total ram usage:        4 bytes
 11441 ;; Hardware stack levels used: 1
 11442 ;; Hardware stack levels required when called: 4
 11443 ;; This function calls:
 11444 ;;		Nothing
 11445 ;; This function is called by:
 11446 ;;		_KEY_Init
 11447 ;;		_KEY_ScanAll
 11448 ;; This function uses a non-reentrant model
 11449 ;;
 11450                           
 11451     16F1                     ___bmul:	
 11452                           ;psect for function ___bmul
 11453                           
 11454                           
 11455                           ;incstack = 0
 11456                           ; Regs used in ___bmul: [wreg+status,2+status,0]
 11457                           ;___bmul@multiplier stored from wreg
 11458     16F1  00F5               	movwf	___bmul@multiplier
 11459     16F2                     l5263:
 11460     16F2  01F4               	clrf	___bmul@product
 11461     16F3                     l5265:
 11462     16F3  1C75               	btfss	___bmul@multiplier,0
 11463     16F4  2EF6               	goto	u3831
 11464     16F5  2EF7               	goto	u3830
 11465     16F6                     u3831:
 11466     16F6  2EFB               	goto	l5269
 11467     16F7                     u3830:
 11468     16F7                     l5267:
 11469     16F7  0872               	movf	___bmul@multiplicand,w
 11470     16F8  00F3               	movwf	??___bmul
 11471     16F9  0873               	movf	??___bmul,w
 11472     16FA  07F4               	addwf	___bmul@product,f
 11473     16FB                     l5269:
 11474     16FB  1003               	clrc
 11475     16FC  0DF2               	rlf	___bmul@multiplicand,f
 11476     16FD                     l5271:
 11477     16FD  1003               	clrc
 11478     16FE  0CF5               	rrf	___bmul@multiplier,f
 11479     16FF  0875               	movf	___bmul@multiplier,w
 11480     1700  1D03               	btfss	3,2
 11481     1701  2F03               	goto	u3841
 11482     1702  2F04               	goto	u3840
 11483     1703                     u3841:
 11484     1703  2EF3               	goto	l5265
 11485     1704                     u3840:
 11486     1704                     l5273:
 11487     1704  0874               	movf	___bmul@product,w
 11488     1705                     l1145:
 11489     1705  0008               	return
 11490     1706                     __end_of___bmul:
 11491                           
 11492                           	psect	text74
 11493     0F88                     __ptext74:	
 11494 ;; *************** function _FunctionSet *****************
 11495 ;; Defined at:
 11496 ;;		line 279 in file "RelayControl.c"
 11497 ;; Parameters:    Size  Location     Type
 11498 ;;		None
 11499 ;; Auto vars:     Size  Location     Type
 11500 ;;		None
 11501 ;; Return value:  Size  Location     Type
 11502 ;;                  1    wreg      void 
 11503 ;; Registers used:
 11504 ;;		wreg, fsr1l, fsr1h, status,2, status,0, pclath, cstack
 11505 ;; Tracked objects:
 11506 ;;		On entry : 0/0
 11507 ;;		On exit  : 0/0
 11508 ;;		Unchanged: 0/0
 11509 ;; Data sizes:     COMMON   BANK0   BANK1   BANK2   BANK3   BANK4   BANK5   BANK6
 11510 ;;      Params:         0       0       0       0       0       0       0       0
 11511 ;;      Locals:         0       0       0       0       0       0       0       0
 11512 ;;      Temps:          0       1       0       0       0       0       0       0
 11513 ;;      Totals:         0       1       0       0       0       0       0       0
 11514 ;;Total ram usage:        1 bytes
 11515 ;; Hardware stack levels used: 1
 11516 ;; Hardware stack levels required when called: 6
 11517 ;; This function calls:
 11518 ;;		_Number2Digital
 11519 ;; This function is called by:
 11520 ;;		_main
 11521 ;; This function uses a non-reentrant model
 11522 ;;
 11523                           
 11524     0F88                     _FunctionSet:	
 11525                           ;psect for function _FunctionSet
 11526                           
 11527     0F88                     l5455:	
 11528                           ;incstack = 0
 11529                           ; Regs used in _FunctionSet: [wreg+fsr1l+fsr1h+status,2+status,0+pclath+cstack]
 11530                           
 11531                           
 11532                           ;RelayControl.c: 281:   if (key[0].fShort) {
 11533     0F88  0023               	movlb	3	; select bank3
 11534     0F89  0849               	movf	(_key^(0+384)+9),w
 11535     0F8A  1903               	btfsc	3,2
 11536     0F8B  2F8D               	goto	u3981
 11537     0F8C  2F8E               	goto	u3980
 11538     0F8D                     u3981:
 11539     0F8D  2FAB               	goto	l5469
 11540     0F8E                     u3980:
 11541     0F8E                     l5457:
 11542                           
 11543                           ;RelayControl.c: 282:     key[0].fShort = 0;
 11544     0F8E  01C9               	clrf	(_key^(0+384)+9)
 11545     0F8F                     l5459:
 11546                           
 11547                           ;RelayControl.c: 283:     fLCD_updata = 1;
 11548     0F8F  0021               	movlb	1	; select bank1
 11549     0F90  01D9               	clrf	_fLCD_updata^(0+128)
 11550     0F91  0AD9               	incf	_fLCD_updata^(0+128),f
 11551     0F92                     l5461:
 11552                           
 11553                           ;RelayControl.c: 284:     TimeMode++;
 11554     0F92  3001               	movlw	1
 11555     0F93  0020               	movlb	0	; select bank0
 11556     0F94  00A5               	movwf	??_FunctionSet
 11557     0F95  0825               	movf	??_FunctionSet,w
 11558     0F96  07ED               	addwf	_TimeMode,f
 11559     0F97                     l5463:
 11560                           
 11561                           ;RelayControl.c: 285:     if (TimeMode > 3)
 11562     0F97  3004               	movlw	4
 11563     0F98  026D               	subwf	_TimeMode,w
 11564     0F99  1C03               	skipc
 11565     0F9A  2F9C               	goto	u3991
 11566     0F9B  2F9D               	goto	u3990
 11567     0F9C                     u3991:
 11568     0F9C  2F9F               	goto	l5467
 11569     0F9D                     u3990:
 11570     0F9D                     l5465:
 11571                           
 11572                           ;RelayControl.c: 286:       TimeMode = e1_000S;
 11573     0F9D  01ED               	clrf	_TimeMode
 11574     0F9E  0AED               	incf	_TimeMode,f
 11575     0F9F                     l5467:
 11576     0F9F  1003               	clrc
 11577     0FA0  0022               	movlb	2	; select bank2
 11578     0FA1  1C0E               	btfss	14,0	;volatile
 11579     0FA2  1403               	setc
 11580     0FA3  1803               	btfsc	3,0
 11581     0FA4  2FA6               	goto	u4001
 11582     0FA5  2FA9               	goto	u4000
 11583     0FA6                     u4001:
 11584     0FA6  0022               	movlb	2	; select bank2
 11585     0FA7  140E               	bsf	14,0	;volatile
 11586     0FA8  2FAB               	goto	u4014
 11587     0FA9                     u4000:
 11588     0FA9  0022               	movlb	2	; select bank2
 11589     0FAA  100E               	bcf	14,0	;volatile
 11590     0FAB                     u4014:
 11591     0FAB                     l5469:
 11592                           
 11593                           ;RelayControl.c: 290:   if (key[1].fLong) {
 11594     0FAB  0023               	movlb	3	; select bank3
 11595     0FAC  0852               	movf	(_key^(0+384)+18),w
 11596     0FAD  1903               	btfsc	3,2
 11597     0FAE  2FB0               	goto	u4021
 11598     0FAF  2FB1               	goto	u4020
 11599     0FB0                     u4021:
 11600     0FB0  2FDF               	goto	l5487
 11601     0FB1                     u4020:
 11602     0FB1                     l5471:
 11603                           
 11604                           ;RelayControl.c: 291:     key[1].fLong = 0;
 11605     0FB1  01D2               	clrf	(_key^(0+384)+18)
 11606     0FB2                     l5473:
 11607                           
 11608                           ;RelayControl.c: 292:     fLCD_updata = 1;
 11609     0FB2  0021               	movlb	1	; select bank1
 11610     0FB3  01D9               	clrf	_fLCD_updata^(0+128)
 11611     0FB4  0AD9               	incf	_fLCD_updata^(0+128),f
 11612     0FB5                     l5475:
 11613                           
 11614                           ;RelayControl.c: 293:     LCD_DispMode = eTimeAdjustment;
 11615     0FB5  3002               	movlw	2
 11616     0FB6  0020               	movlb	0	; select bank0
 11617     0FB7  00EC               	movwf	_LCD_DispMode
 11618     0FB8                     l5477:
 11619                           
 11620                           ;RelayControl.c: 294:     AdjustMode = eADJ_T1_DIG1;
 11621     0FB8  0021               	movlb	1	; select bank1
 11622     0FB9  01D1               	clrf	_AdjustMode^(0+128)
 11623     0FBA  0AD1               	incf	_AdjustMode^(0+128),f
 11624     0FBB                     l5479:
 11625                           
 11626                           ;RelayControl.c: 295:     Cursor_pos = 3;
 11627     0FBB  3003               	movlw	3
 11628     0FBC  00DA               	movwf	_Cursor_pos^(0+128)
 11629     0FBD                     l5481:
 11630                           
 11631                           ;RelayControl.c: 296:     Number2Digital(SetTimer1_cnt, SetTimer1_digi);
 11632     0FBD  086D               	movf	(_SetTimer1_cnt+1)^(0+128),w
 11633     0FBE  0020               	movlb	0	; select bank0
 11634     0FBF  00A1               	movwf	Number2Digital@Num+1
 11635     0FC0  0021               	movlb	1	; select bank1
 11636     0FC1  086C               	movf	_SetTimer1_cnt^(0+128),w
 11637     0FC2  0020               	movlb	0	; select bank0
 11638     0FC3  00A0               	movwf	Number2Digital@Num
 11639     0FC4  30E1               	movlw	(low (_SetTimer1_digi| 0))& (0+255)
 11640     0FC5  00A2               	movwf	Number2Digital@digiNum
 11641     0FC6  318F  2711  318F   	fcall	_Number2Digital
 11642     0FC9                     l5483:
 11643                           
 11644                           ;RelayControl.c: 297:     Number2Digital(SetTimer2_cnt, SetTimer2_digi);
 11645     0FC9  0020               	movlb	0	; select bank0
 11646     0FCA  086F               	movf	_SetTimer2_cnt+1,w
 11647     0FCB  00A1               	movwf	Number2Digital@Num+1
 11648     0FCC  086E               	movf	_SetTimer2_cnt,w
 11649     0FCD  00A0               	movwf	Number2Digital@Num
 11650     0FCE  30DD               	movlw	(low (_SetTimer2_digi| 0))& (0+255)
 11651     0FCF  00A2               	movwf	Number2Digital@digiNum
 11652     0FD0  318F  2711  318F   	fcall	_Number2Digital
 11653     0FD3                     l5485:
 11654     0FD3  1003               	clrc
 11655     0FD4  0022               	movlb	2	; select bank2
 11656     0FD5  1C0E               	btfss	14,0	;volatile
 11657     0FD6  1403               	setc
 11658     0FD7  1803               	btfsc	3,0
 11659     0FD8  2FDA               	goto	u4031
 11660     0FD9  2FDD               	goto	u4030
 11661     0FDA                     u4031:
 11662     0FDA  0022               	movlb	2	; select bank2
 11663     0FDB  140E               	bsf	14,0	;volatile
 11664     0FDC  2FDF               	goto	u4044
 11665     0FDD                     u4030:
 11666     0FDD  0022               	movlb	2	; select bank2
 11667     0FDE  100E               	bcf	14,0	;volatile
 11668     0FDF                     u4044:
 11669     0FDF                     l5487:
 11670                           
 11671                           ;RelayControl.c: 301:   if (key[2].fShort) {
 11672     0FDF  0023               	movlb	3	; select bank3
 11673     0FE0  085F               	movf	(_key^(0+384)+31),w
 11674     0FE1  1903               	btfsc	3,2
 11675     0FE2  2FE4               	goto	u4051
 11676     0FE3  2FE5               	goto	u4050
 11677     0FE4                     u4051:
 11678     0FE4  2FFF               	goto	l851
 11679     0FE5                     u4050:
 11680     0FE5                     l5489:
 11681                           
 11682                           ;RelayControl.c: 302:     key[2].fShort = 0;
 11683     0FE5  01DF               	clrf	(_key^(0+384)+31)
 11684     0FE6                     l5491:
 11685                           
 11686                           ;RelayControl.c: 303:     fLCD_updata = 1;
 11687     0FE6  0021               	movlb	1	; select bank1
 11688     0FE7  01D9               	clrf	_fLCD_updata^(0+128)
 11689     0FE8  0AD9               	incf	_fLCD_updata^(0+128),f
 11690     0FE9                     l5493:
 11691                           
 11692                           ;RelayControl.c: 304:     TimeMode--;
 11693     0FE9  3001               	movlw	1
 11694     0FEA  0020               	movlb	0	; select bank0
 11695     0FEB  02ED               	subwf	_TimeMode,f
 11696     0FEC                     l5495:
 11697                           
 11698                           ;RelayControl.c: 305:     if (TimeMode < 1)
 11699     0FEC  086D               	movf	_TimeMode,w
 11700     0FED  1D03               	btfss	3,2
 11701     0FEE  2FF0               	goto	u4061
 11702     0FEF  2FF1               	goto	u4060
 11703     0FF0                     u4061:
 11704     0FF0  2FF3               	goto	l5499
 11705     0FF1                     u4060:
 11706     0FF1                     l5497:
 11707                           
 11708                           ;RelayControl.c: 306:       TimeMode = e0_010S;
 11709     0FF1  3003               	movlw	3
 11710     0FF2  00ED               	movwf	_TimeMode
 11711     0FF3                     l5499:
 11712     0FF3  1003               	clrc
 11713     0FF4  0022               	movlb	2	; select bank2
 11714     0FF5  1C0E               	btfss	14,0	;volatile
 11715     0FF6  1403               	setc
 11716     0FF7  1803               	btfsc	3,0
 11717     0FF8  2FFA               	goto	u4071
 11718     0FF9  2FFD               	goto	u4070
 11719     0FFA                     u4071:
 11720     0FFA  0022               	movlb	2	; select bank2
 11721     0FFB  140E               	bsf	14,0	;volatile
 11722     0FFC  2FFF               	goto	u4084
 11723     0FFD                     u4070:
 11724     0FFD  0022               	movlb	2	; select bank2
 11725     0FFE  100E               	bcf	14,0	;volatile
 11726     0FFF                     u4084:
 11727     0FFF                     l851:
 11728     0FFF  0008               	return
 11729     1000                     __end_of_FunctionSet:
 11730                           
 11731                           	psect	text75
 11732     0630                     __ptext75:	
 11733 ;; *************** function _DispTimeAdjustment *****************
 11734 ;; Defined at:
 11735 ;;		line 177 in file "RelayControl.c"
 11736 ;; Parameters:    Size  Location     Type
 11737 ;;  mode            1    wreg     unsigned char 
 11738 ;;  n               1   54[BANK0 ] unsigned char 
 11739 ;;  Num             2   55[BANK0 ] unsigned short 
 11740 ;;  buf             1   57[BANK0 ] PTR unsigned char 
 11741 ;;		 -> buf(17), 
 11742 ;; Auto vars:     Size  Location     Type
 11743 ;;  mode            1   68[BANK0 ] unsigned char 
 11744 ;;  digital         4   72[BANK0 ] unsigned char [4]
 11745 ;;  temp_str        3   69[BANK0 ] unsigned char [3]
 11746 ;; Return value:  Size  Location     Type
 11747 ;;                  1    wreg      void 
 11748 ;; Registers used:
 11749 ;;		wreg, fsr0l, fsr0h, fsr1l, fsr1h, status,2, status,0, pclath, cstack
 11750 ;; Tracked objects:
 11751 ;;		On entry : 0/0
 11752 ;;		On exit  : 0/0
 11753 ;;		Unchanged: 0/0
 11754 ;; Data sizes:     COMMON   BANK0   BANK1   BANK2   BANK3   BANK4   BANK5   BANK6
 11755 ;;      Params:         0       4       0       0       0       0       0       0
 11756 ;;      Locals:         0       8       0       0       0       0       0       0
 11757 ;;      Temps:          0      10       0       0       0       0       0       0
 11758 ;;      Totals:         0      22       0       0       0       0       0       0
 11759 ;;Total ram usage:       22 bytes
 11760 ;; Hardware stack levels used: 1
 11761 ;; Hardware stack levels required when called: 9
 11762 ;; This function calls:
 11763 ;;		_sprintf
 11764 ;;		_strncpy
 11765 ;; This function is called by:
 11766 ;;		_main
 11767 ;; This function uses a non-reentrant model
 11768 ;;
 11769                           
 11770     0630                     _DispTimeAdjustment:	
 11771                           ;psect for function _DispTimeAdjustment
 11772                           
 11773                           
 11774                           ;incstack = 0
 11775                           ; Regs used in _DispTimeAdjustment: [wreg-fsr1h+status,2+status,0+pclath+cstack]
 11776                           ;DispTimeAdjustment@mode stored from wreg
 11777     0630  0020               	movlb	0	; select bank0
 11778     0631  00E4               	movwf	DispTimeAdjustment@mode
 11779     0632                     l5421:
 11780                           
 11781                           ;RelayControl.c: 179:   uint8_t digital[4] = {0};
 11782     0632  3000               	movlw	0
 11783     0633  00EB               	movwf	DispTimeAdjustment@digital+3
 11784     0634  3000               	movlw	0
 11785     0635  00EA               	movwf	DispTimeAdjustment@digital+2
 11786     0636  3000               	movlw	0
 11787     0637  00E9               	movwf	DispTimeAdjustment@digital+1
 11788     0638  3000               	movlw	0
 11789     0639  00E8               	movwf	DispTimeAdjustment@digital
 11790                           
 11791                           ;RelayControl.c: 180:   char temp_str[3] = {0};
 11792     063A  3000               	movlw	0
 11793     063B  00E5               	movwf	DispTimeAdjustment@temp_str
 11794     063C  3000               	movlw	0
 11795     063D  00E6               	movwf	DispTimeAdjustment@temp_str+1
 11796     063E  3000               	movlw	0
 11797     063F  00E7               	movwf	DispTimeAdjustment@temp_str+2
 11798     0640                     l5423:
 11799                           
 11800                           ;RelayControl.c: 183:   if (n == 1) {
 11801     0640  0356               	decf	DispTimeAdjustment@n,w
 11802     0641  1D03               	btfss	3,2
 11803     0642  2E44               	goto	u3971
 11804     0643  2E45               	goto	u3970
 11805     0644                     u3971:
 11806     0644  2E62               	goto	l5435
 11807     0645                     u3970:
 11808     0645                     l5425:
 11809                           
 11810                           ;RelayControl.c: 185:     strncpy(temp_str, "   ", sizeof(RelayState_buf));
 11811     0645  306A               	movlw	low ((STR_4+13)| (0+32768))
 11812     0646  00F2               	movwf	strncpy@s
 11813     0647  3098               	movlw	high ((STR_4+13)| (0+32768))
 11814     0648  00F3               	movwf	strncpy@s+1
 11815     0649  3003               	movlw	3
 11816     064A  00F4               	movwf	strncpy@n
 11817     064B  3000               	movlw	0
 11818     064C  00F5               	movwf	strncpy@n+1
 11819     064D  3065               	movlw	(low (DispTimeAdjustment@temp_str| 0))& (0+255)
 11820     064E  318A  22C4  3186   	fcall	_strncpy
 11821     0651                     l5427:
 11822                           
 11823                           ;RelayControl.c: 186:     digital[0] = SetTimer1_digi[0];
 11824     0651  0021               	movlb	1	; select bank1
 11825     0652  0861               	movf	_SetTimer1_digi^(0+128),w
 11826     0653  0020               	movlb	0	; select bank0
 11827     0654  00E8               	movwf	DispTimeAdjustment@digital
 11828     0655                     l5429:
 11829                           
 11830                           ;RelayControl.c: 187:     digital[1] = SetTimer1_digi[1];
 11831     0655  0021               	movlb	1	; select bank1
 11832     0656  0862               	movf	(_SetTimer1_digi^(0+128)+1),w
 11833     0657  0020               	movlb	0	; select bank0
 11834     0658  00E9               	movwf	DispTimeAdjustment@digital+1
 11835     0659                     l5431:
 11836                           
 11837                           ;RelayControl.c: 188:     digital[2] = SetTimer1_digi[2];
 11838     0659  0021               	movlb	1	; select bank1
 11839     065A  0863               	movf	(_SetTimer1_digi^(0+128)+2),w
 11840     065B  0020               	movlb	0	; select bank0
 11841     065C  00EA               	movwf	DispTimeAdjustment@digital+2
 11842     065D                     l5433:
 11843                           
 11844                           ;RelayControl.c: 189:     digital[3] = SetTimer1_digi[3];
 11845     065D  0021               	movlb	1	; select bank1
 11846     065E  0864               	movf	(_SetTimer1_digi^(0+128)+3),w
 11847     065F  0020               	movlb	0	; select bank0
 11848     0660  00EB               	movwf	DispTimeAdjustment@digital+3
 11849                           
 11850                           ;RelayControl.c: 190:   } else {
 11851     0661  2F09               	goto	l5453
 11852     0662                     l5435:
 11853                           
 11854                           ;RelayControl.c: 191:     strncpy(temp_str, "   ", sizeof(RelayState_buf));
 11855     0662  306A               	movlw	low ((STR_4+13)| (0+32768))
 11856     0663  00F2               	movwf	strncpy@s
 11857     0664  3098               	movlw	high ((STR_4+13)| (0+32768))
 11858     0665  00F3               	movwf	strncpy@s+1
 11859     0666  3003               	movlw	3
 11860     0667  00F4               	movwf	strncpy@n
 11861     0668  3000               	movlw	0
 11862     0669  00F5               	movwf	strncpy@n+1
 11863     066A  3065               	movlw	(low (DispTimeAdjustment@temp_str| 0))& (0+255)
 11864     066B  318A  22C4  3186   	fcall	_strncpy
 11865     066E                     l5437:
 11866                           
 11867                           ;RelayControl.c: 192:     digital[0] = SetTimer2_digi[0];
 11868     066E  0021               	movlb	1	; select bank1
 11869     066F  085D               	movf	_SetTimer2_digi^(0+128),w
 11870     0670  0020               	movlb	0	; select bank0
 11871     0671  00E8               	movwf	DispTimeAdjustment@digital
 11872     0672                     l5439:
 11873                           
 11874                           ;RelayControl.c: 193:     digital[1] = SetTimer2_digi[1];
 11875     0672  0021               	movlb	1	; select bank1
 11876     0673  085E               	movf	(_SetTimer2_digi^(0+128)+1),w
 11877     0674  0020               	movlb	0	; select bank0
 11878     0675  00E9               	movwf	DispTimeAdjustment@digital+1
 11879     0676                     l5441:
 11880                           
 11881                           ;RelayControl.c: 194:     digital[2] = SetTimer2_digi[2];
 11882     0676  0021               	movlb	1	; select bank1
 11883     0677  085F               	movf	(_SetTimer2_digi^(0+128)+2),w
 11884     0678  0020               	movlb	0	; select bank0
 11885     0679  00EA               	movwf	DispTimeAdjustment@digital+2
 11886     067A                     l5443:
 11887                           
 11888                           ;RelayControl.c: 195:     digital[3] = SetTimer2_digi[3];
 11889     067A  0021               	movlb	1	; select bank1
 11890     067B  0860               	movf	(_SetTimer2_digi^(0+128)+3),w
 11891     067C  0020               	movlb	0	; select bank0
 11892     067D  00EB               	movwf	DispTimeAdjustment@digital+3
 11893     067E  2F09               	goto	l5453
 11894     067F                     l5445:
 11895                           
 11896                           ;RelayControl.c: 201:     sprintf(buf, "T%d:%d%d%d%d. Sec %s", n, digital[0], digital[1]
      +                          , digital[2],
 11897     067F  3020               	movlw	low (STR_8| (0+32768))
 11898     0680  00BB               	movwf	sprintf@fmt
 11899     0681  3090               	movlw	high (STR_8| (0+32768))
 11900     0682  00BC               	movwf	sprintf@fmt+1
 11901     0683  0856               	movf	DispTimeAdjustment@n,w
 11902     0684  00DA               	movwf	??_DispTimeAdjustment
 11903     0685  01DB               	clrf	??_DispTimeAdjustment+1
 11904     0686  085A               	movf	??_DispTimeAdjustment,w
 11905     0687  00BD               	movwf	?_sprintf+2
 11906     0688  085B               	movf	??_DispTimeAdjustment+1,w
 11907     0689  00BE               	movwf	?_sprintf+3
 11908     068A  0868               	movf	DispTimeAdjustment@digital,w
 11909     068B  00DC               	movwf	??_DispTimeAdjustment+2
 11910     068C  01DD               	clrf	??_DispTimeAdjustment+3
 11911     068D  085C               	movf	??_DispTimeAdjustment+2,w
 11912     068E  00BF               	movwf	?_sprintf+4
 11913     068F  085D               	movf	??_DispTimeAdjustment+3,w
 11914     0690  00C0               	movwf	?_sprintf+5
 11915     0691  0869               	movf	DispTimeAdjustment@digital+1,w
 11916     0692  00DE               	movwf	??_DispTimeAdjustment+4
 11917     0693  01DF               	clrf	??_DispTimeAdjustment+5
 11918     0694  085E               	movf	??_DispTimeAdjustment+4,w
 11919     0695  00C1               	movwf	?_sprintf+6
 11920     0696  085F               	movf	??_DispTimeAdjustment+5,w
 11921     0697  00C2               	movwf	?_sprintf+7
 11922     0698  086A               	movf	DispTimeAdjustment@digital+2,w
 11923     0699  00E0               	movwf	??_DispTimeAdjustment+6
 11924     069A  01E1               	clrf	??_DispTimeAdjustment+7
 11925     069B  0860               	movf	??_DispTimeAdjustment+6,w
 11926     069C  00C3               	movwf	?_sprintf+8
 11927     069D  0861               	movf	??_DispTimeAdjustment+7,w
 11928     069E  00C4               	movwf	?_sprintf+9
 11929     069F  086B               	movf	DispTimeAdjustment@digital+3,w
 11930     06A0  00E2               	movwf	??_DispTimeAdjustment+8
 11931     06A1  01E3               	clrf	??_DispTimeAdjustment+9
 11932     06A2  0862               	movf	??_DispTimeAdjustment+8,w
 11933     06A3  00C5               	movwf	?_sprintf+10
 11934     06A4  0863               	movf	??_DispTimeAdjustment+9,w
 11935     06A5  00C6               	movwf	?_sprintf+11
 11936     06A6  3065               	movlw	(low (DispTimeAdjustment@temp_str| 0))& (0+255)
 11937     06A7  00C7               	movwf	low ((?_sprintf| 0+12))
 11938     06A8  0859               	movf	DispTimeAdjustment@buf,w
 11939     06A9  3188  2010  3186   	fcall	_sprintf
 11940                           
 11941                           ;RelayControl.c: 203:     break;
 11942     06AC  2F14               	goto	l818
 11943     06AD                     l5447:
 11944                           
 11945                           ;RelayControl.c: 206:     sprintf(buf, "T%d:%d%d%d.%d Sec %s", n, digital[0], digital[1]
      +                          , digital[2],
 11946     06AD  3000               	movlw	low (STR_9| (0+32768))
 11947     06AE  00BB               	movwf	sprintf@fmt
 11948     06AF  3098               	movlw	high (STR_9| (0+32768))
 11949     06B0  00BC               	movwf	sprintf@fmt+1
 11950     06B1  0856               	movf	DispTimeAdjustment@n,w
 11951     06B2  00DA               	movwf	??_DispTimeAdjustment
 11952     06B3  01DB               	clrf	??_DispTimeAdjustment+1
 11953     06B4  085A               	movf	??_DispTimeAdjustment,w
 11954     06B5  00BD               	movwf	?_sprintf+2
 11955     06B6  085B               	movf	??_DispTimeAdjustment+1,w
 11956     06B7  00BE               	movwf	?_sprintf+3
 11957     06B8  0868               	movf	DispTimeAdjustment@digital,w
 11958     06B9  00DC               	movwf	??_DispTimeAdjustment+2
 11959     06BA  01DD               	clrf	??_DispTimeAdjustment+3
 11960     06BB  085C               	movf	??_DispTimeAdjustment+2,w
 11961     06BC  00BF               	movwf	?_sprintf+4
 11962     06BD  085D               	movf	??_DispTimeAdjustment+3,w
 11963     06BE  00C0               	movwf	?_sprintf+5
 11964     06BF  0869               	movf	DispTimeAdjustment@digital+1,w
 11965     06C0  00DE               	movwf	??_DispTimeAdjustment+4
 11966     06C1  01DF               	clrf	??_DispTimeAdjustment+5
 11967     06C2  085E               	movf	??_DispTimeAdjustment+4,w
 11968     06C3  00C1               	movwf	?_sprintf+6
 11969     06C4  085F               	movf	??_DispTimeAdjustment+5,w
 11970     06C5  00C2               	movwf	?_sprintf+7
 11971     06C6  086A               	movf	DispTimeAdjustment@digital+2,w
 11972     06C7  00E0               	movwf	??_DispTimeAdjustment+6
 11973     06C8  01E1               	clrf	??_DispTimeAdjustment+7
 11974     06C9  0860               	movf	??_DispTimeAdjustment+6,w
 11975     06CA  00C3               	movwf	?_sprintf+8
 11976     06CB  0861               	movf	??_DispTimeAdjustment+7,w
 11977     06CC  00C4               	movwf	?_sprintf+9
 11978     06CD  086B               	movf	DispTimeAdjustment@digital+3,w
 11979     06CE  00E2               	movwf	??_DispTimeAdjustment+8
 11980     06CF  01E3               	clrf	??_DispTimeAdjustment+9
 11981     06D0  0862               	movf	??_DispTimeAdjustment+8,w
 11982     06D1  00C5               	movwf	?_sprintf+10
 11983     06D2  0863               	movf	??_DispTimeAdjustment+9,w
 11984     06D3  00C6               	movwf	?_sprintf+11
 11985     06D4  3065               	movlw	(low (DispTimeAdjustment@temp_str| 0))& (0+255)
 11986     06D5  00C7               	movwf	low ((?_sprintf| 0+12))
 11987     06D6  0859               	movf	DispTimeAdjustment@buf,w
 11988     06D7  3188  2010  3186   	fcall	_sprintf
 11989                           
 11990                           ;RelayControl.c: 208:     break;
 11991     06DA  2F14               	goto	l818
 11992     06DB                     l5449:
 11993                           
 11994                           ;RelayControl.c: 211:     sprintf(buf, "T%d:%d%d.%d%d Sec %s", n, digital[0], digital[1]
      +                          , digital[2],
 11995     06DB  3015               	movlw	low (STR_10| (0+32768))
 11996     06DC  00BB               	movwf	sprintf@fmt
 11997     06DD  3098               	movlw	high (STR_10| (0+32768))
 11998     06DE  00BC               	movwf	sprintf@fmt+1
 11999     06DF  0856               	movf	DispTimeAdjustment@n,w
 12000     06E0  00DA               	movwf	??_DispTimeAdjustment
 12001     06E1  01DB               	clrf	??_DispTimeAdjustment+1
 12002     06E2  085A               	movf	??_DispTimeAdjustment,w
 12003     06E3  00BD               	movwf	?_sprintf+2
 12004     06E4  085B               	movf	??_DispTimeAdjustment+1,w
 12005     06E5  00BE               	movwf	?_sprintf+3
 12006     06E6  0868               	movf	DispTimeAdjustment@digital,w
 12007     06E7  00DC               	movwf	??_DispTimeAdjustment+2
 12008     06E8  01DD               	clrf	??_DispTimeAdjustment+3
 12009     06E9  085C               	movf	??_DispTimeAdjustment+2,w
 12010     06EA  00BF               	movwf	?_sprintf+4
 12011     06EB  085D               	movf	??_DispTimeAdjustment+3,w
 12012     06EC  00C0               	movwf	?_sprintf+5
 12013     06ED  0869               	movf	DispTimeAdjustment@digital+1,w
 12014     06EE  00DE               	movwf	??_DispTimeAdjustment+4
 12015     06EF  01DF               	clrf	??_DispTimeAdjustment+5
 12016     06F0  085E               	movf	??_DispTimeAdjustment+4,w
 12017     06F1  00C1               	movwf	?_sprintf+6
 12018     06F2  085F               	movf	??_DispTimeAdjustment+5,w
 12019     06F3  00C2               	movwf	?_sprintf+7
 12020     06F4  086A               	movf	DispTimeAdjustment@digital+2,w
 12021     06F5  00E0               	movwf	??_DispTimeAdjustment+6
 12022     06F6  01E1               	clrf	??_DispTimeAdjustment+7
 12023     06F7  0860               	movf	??_DispTimeAdjustment+6,w
 12024     06F8  00C3               	movwf	?_sprintf+8
 12025     06F9  0861               	movf	??_DispTimeAdjustment+7,w
 12026     06FA  00C4               	movwf	?_sprintf+9
 12027     06FB  086B               	movf	DispTimeAdjustment@digital+3,w
 12028     06FC  00E2               	movwf	??_DispTimeAdjustment+8
 12029     06FD  01E3               	clrf	??_DispTimeAdjustment+9
 12030     06FE  0862               	movf	??_DispTimeAdjustment+8,w
 12031     06FF  00C5               	movwf	?_sprintf+10
 12032     0700  0863               	movf	??_DispTimeAdjustment+9,w
 12033     0701  00C6               	movwf	?_sprintf+11
 12034     0702  3065               	movlw	(low (DispTimeAdjustment@temp_str| 0))& (0+255)
 12035     0703  00C7               	movwf	low ((?_sprintf| 0+12))
 12036     0704  0859               	movf	DispTimeAdjustment@buf,w
 12037     0705  3188  2010  3186   	fcall	_sprintf
 12038                           
 12039                           ;RelayControl.c: 213:     break;
 12040     0708  2F14               	goto	l818
 12041     0709                     l5453:
 12042     0709  0864               	movf	DispTimeAdjustment@mode,w
 12043                           
 12044                           ; Switch size 1, requested type "simple"
 12045                           ; Number of cases is 3, Range of values is 1 to 3
 12046                           ; switch strategies available:
 12047                           ; Name         Instructions Cycles
 12048                           ; simple_byte           10     6 (average)
 12049                           ; direct_byte           15     9 (fixed)
 12050                           ; jumptable            263     9 (fixed)
 12051                           ;	Chosen strategy is simple_byte
 12052     070A  3A01               	xorlw	1	; case 1
 12053     070B  1903               	skipnz
 12054     070C  2E7F               	goto	l5445
 12055     070D  3A03               	xorlw	3	; case 2
 12056     070E  1903               	skipnz
 12057     070F  2EAD               	goto	l5447
 12058     0710  3A01               	xorlw	1	; case 3
 12059     0711  1903               	skipnz
 12060     0712  2EDB               	goto	l5449
 12061     0713  2F14               	goto	l818
 12062     0714                     l818:
 12063     0714  0008               	return
 12064     0715                     __end_of_DispTimeAdjustment:
 12065                           
 12066                           	psect	text76
 12067     0715                     __ptext76:	
 12068 ;; *************** function _DispNormal *****************
 12069 ;; Defined at:
 12070 ;;		line 108 in file "RelayControl.c"
 12071 ;; Parameters:    Size  Location     Type
 12072 ;;  mode            1    wreg     unsigned char 
 12073 ;;  n               1   54[BANK0 ] unsigned char 
 12074 ;;  Num             2   55[BANK0 ] unsigned short 
 12075 ;;  buf             1   57[BANK0 ] PTR unsigned char 
 12076 ;;		 -> buf(17), 
 12077 ;; Auto vars:     Size  Location     Type
 12078 ;;  mode            1   68[BANK0 ] unsigned char 
 12079 ;;  digital         4   72[BANK0 ] unsigned char [4]
 12080 ;;  temp_str        3   69[BANK0 ] unsigned char [3]
 12081 ;; Return value:  Size  Location     Type
 12082 ;;                  1    wreg      void 
 12083 ;; Registers used:
 12084 ;;		wreg, fsr0l, fsr0h, fsr1l, fsr1h, status,2, status,0, pclath, cstack
 12085 ;; Tracked objects:
 12086 ;;		On entry : 0/0
 12087 ;;		On exit  : 0/0
 12088 ;;		Unchanged: 0/0
 12089 ;; Data sizes:     COMMON   BANK0   BANK1   BANK2   BANK3   BANK4   BANK5   BANK6
 12090 ;;      Params:         0       4       0       0       0       0       0       0
 12091 ;;      Locals:         0       8       0       0       0       0       0       0
 12092 ;;      Temps:          0      10       0       0       0       0       0       0
 12093 ;;      Totals:         0      22       0       0       0       0       0       0
 12094 ;;Total ram usage:       22 bytes
 12095 ;; Hardware stack levels used: 1
 12096 ;; Hardware stack levels required when called: 9
 12097 ;; This function calls:
 12098 ;;		_Number2Digital
 12099 ;;		_sprintf
 12100 ;;		_strncpy
 12101 ;; This function is called by:
 12102 ;;		_main
 12103 ;; This function uses a non-reentrant model
 12104 ;;
 12105                           
 12106     0715                     _DispNormal:	
 12107                           ;psect for function _DispNormal
 12108                           
 12109                           
 12110                           ;incstack = 0
 12111                           ; Regs used in _DispNormal: [wreg-fsr1h+status,2+status,0+pclath+cstack]
 12112                           ;DispNormal@mode stored from wreg
 12113     0715  0020               	movlb	0	; select bank0
 12114     0716  00E4               	movwf	DispNormal@mode
 12115     0717                     l5389:
 12116                           
 12117                           ;RelayControl.c: 110:   uint8_t digital[4] = {0};
 12118     0717  3000               	movlw	0
 12119     0718  00EB               	movwf	DispNormal@digital+3
 12120     0719  3000               	movlw	0
 12121     071A  00EA               	movwf	DispNormal@digital+2
 12122     071B  3000               	movlw	0
 12123     071C  00E9               	movwf	DispNormal@digital+1
 12124     071D  3000               	movlw	0
 12125     071E  00E8               	movwf	DispNormal@digital
 12126                           
 12127                           ;RelayControl.c: 111:   char temp_str[3] = {0};
 12128     071F  3000               	movlw	0
 12129     0720  00E5               	movwf	DispNormal@temp_str
 12130     0721  3000               	movlw	0
 12131     0722  00E6               	movwf	DispNormal@temp_str+1
 12132     0723  3000               	movlw	0
 12133     0724  00E7               	movwf	DispNormal@temp_str+2
 12134     0725                     l5391:
 12135                           
 12136                           ;RelayControl.c: 114:   Number2Digital(Num, digital);
 12137     0725  0858               	movf	DispNormal@Num+1,w
 12138     0726  00A1               	movwf	Number2Digital@Num+1
 12139     0727  0857               	movf	DispNormal@Num,w
 12140     0728  00A0               	movwf	Number2Digital@Num
 12141     0729  3068               	movlw	(low (DispNormal@digital| 0))& (0+255)
 12142     072A  00A2               	movwf	Number2Digital@digiNum
 12143     072B  318F  2711  3187   	fcall	_Number2Digital
 12144     072E                     l5393:
 12145                           
 12146                           ;RelayControl.c: 117:   if (n == 1) {
 12147     072E  0020               	movlb	0	; select bank0
 12148     072F  0356               	decf	DispNormal@n,w
 12149     0730  1D03               	btfss	3,2
 12150     0731  2F33               	goto	u3961
 12151     0732  2F34               	goto	u3960
 12152     0733                     u3961:
 12153     0733  2F41               	goto	l5397
 12154     0734                     u3960:
 12155     0734                     l5395:
 12156                           
 12157                           ;RelayControl.c: 118:     strncpy(temp_str, RelayState_buf, sizeof(RelayState_buf));
 12158     0734  30E5               	movlw	low _RelayState_buf
 12159     0735  00F2               	movwf	strncpy@s
 12160     0736  3000               	movlw	high _RelayState_buf
 12161     0737  00F3               	movwf	strncpy@s+1
 12162     0738  3003               	movlw	3
 12163     0739  00F4               	movwf	strncpy@n
 12164     073A  3000               	movlw	0
 12165     073B  00F5               	movwf	strncpy@n+1
 12166     073C  3065               	movlw	(low (DispNormal@temp_str| 0))& (0+255)
 12167     073D  318A  22C4  3187   	fcall	_strncpy
 12168                           
 12169                           ;RelayControl.c: 119:   } else {
 12170     0740  2FD8               	goto	l5407
 12171     0741                     l5397:
 12172                           
 12173                           ;RelayControl.c: 120:     strncpy(temp_str, "   ", sizeof(RelayState_buf));
 12174     0741  306A               	movlw	low ((STR_4+13)| (0+32768))
 12175     0742  00F2               	movwf	strncpy@s
 12176     0743  3098               	movlw	high ((STR_4+13)| (0+32768))
 12177     0744  00F3               	movwf	strncpy@s+1
 12178     0745  3003               	movlw	3
 12179     0746  00F4               	movwf	strncpy@n
 12180     0747  3000               	movlw	0
 12181     0748  00F5               	movwf	strncpy@n+1
 12182     0749  3065               	movlw	(low (DispNormal@temp_str| 0))& (0+255)
 12183     074A  318A  22C4  3187   	fcall	_strncpy
 12184     074D  2FD8               	goto	l5407
 12185     074E                     l5399:
 12186                           
 12187                           ;RelayControl.c: 139:     sprintf(buf, "T%d:%d%d%d%d. Sec %s", n, digital[0], digital[1]
      +                          , digital[2],
 12188     074E  3020               	movlw	low (STR_8| (0+32768))
 12189     074F  00BB               	movwf	sprintf@fmt
 12190     0750  3090               	movlw	high (STR_8| (0+32768))
 12191     0751  00BC               	movwf	sprintf@fmt+1
 12192     0752  0856               	movf	DispNormal@n,w
 12193     0753  00DA               	movwf	??_DispNormal
 12194     0754  01DB               	clrf	??_DispNormal+1
 12195     0755  085A               	movf	??_DispNormal,w
 12196     0756  00BD               	movwf	?_sprintf+2
 12197     0757  085B               	movf	??_DispNormal+1,w
 12198     0758  00BE               	movwf	?_sprintf+3
 12199     0759  0868               	movf	DispNormal@digital,w
 12200     075A  00DC               	movwf	??_DispNormal+2
 12201     075B  01DD               	clrf	??_DispNormal+3
 12202     075C  085C               	movf	??_DispNormal+2,w
 12203     075D  00BF               	movwf	?_sprintf+4
 12204     075E  085D               	movf	??_DispNormal+3,w
 12205     075F  00C0               	movwf	?_sprintf+5
 12206     0760  0869               	movf	DispNormal@digital+1,w
 12207     0761  00DE               	movwf	??_DispNormal+4
 12208     0762  01DF               	clrf	??_DispNormal+5
 12209     0763  085E               	movf	??_DispNormal+4,w
 12210     0764  00C1               	movwf	?_sprintf+6
 12211     0765  085F               	movf	??_DispNormal+5,w
 12212     0766  00C2               	movwf	?_sprintf+7
 12213     0767  086A               	movf	DispNormal@digital+2,w
 12214     0768  00E0               	movwf	??_DispNormal+6
 12215     0769  01E1               	clrf	??_DispNormal+7
 12216     076A  0860               	movf	??_DispNormal+6,w
 12217     076B  00C3               	movwf	?_sprintf+8
 12218     076C  0861               	movf	??_DispNormal+7,w
 12219     076D  00C4               	movwf	?_sprintf+9
 12220     076E  086B               	movf	DispNormal@digital+3,w
 12221     076F  00E2               	movwf	??_DispNormal+8
 12222     0770  01E3               	clrf	??_DispNormal+9
 12223     0771  0862               	movf	??_DispNormal+8,w
 12224     0772  00C5               	movwf	?_sprintf+10
 12225     0773  0863               	movf	??_DispNormal+9,w
 12226     0774  00C6               	movwf	?_sprintf+11
 12227     0775  3065               	movlw	(low (DispNormal@temp_str| 0))& (0+255)
 12228     0776  00C7               	movwf	low ((?_sprintf| 0+12))
 12229     0777  0859               	movf	DispNormal@buf,w
 12230     0778  3188  2010  3187   	fcall	_sprintf
 12231                           
 12232                           ;RelayControl.c: 141:     break;
 12233     077B  2FE4               	goto	l794
 12234     077C                     l5401:
 12235                           
 12236                           ;RelayControl.c: 144:     sprintf(buf, "T%d:%d%d%d.%d Sec %s", n, digital[0], digital[1]
      +                          , digital[2],
 12237     077C  3000               	movlw	low (STR_9| (0+32768))
 12238     077D  00BB               	movwf	sprintf@fmt
 12239     077E  3098               	movlw	high (STR_9| (0+32768))
 12240     077F  00BC               	movwf	sprintf@fmt+1
 12241     0780  0856               	movf	DispNormal@n,w
 12242     0781  00DA               	movwf	??_DispNormal
 12243     0782  01DB               	clrf	??_DispNormal+1
 12244     0783  085A               	movf	??_DispNormal,w
 12245     0784  00BD               	movwf	?_sprintf+2
 12246     0785  085B               	movf	??_DispNormal+1,w
 12247     0786  00BE               	movwf	?_sprintf+3
 12248     0787  0868               	movf	DispNormal@digital,w
 12249     0788  00DC               	movwf	??_DispNormal+2
 12250     0789  01DD               	clrf	??_DispNormal+3
 12251     078A  085C               	movf	??_DispNormal+2,w
 12252     078B  00BF               	movwf	?_sprintf+4
 12253     078C  085D               	movf	??_DispNormal+3,w
 12254     078D  00C0               	movwf	?_sprintf+5
 12255     078E  0869               	movf	DispNormal@digital+1,w
 12256     078F  00DE               	movwf	??_DispNormal+4
 12257     0790  01DF               	clrf	??_DispNormal+5
 12258     0791  085E               	movf	??_DispNormal+4,w
 12259     0792  00C1               	movwf	?_sprintf+6
 12260     0793  085F               	movf	??_DispNormal+5,w
 12261     0794  00C2               	movwf	?_sprintf+7
 12262     0795  086A               	movf	DispNormal@digital+2,w
 12263     0796  00E0               	movwf	??_DispNormal+6
 12264     0797  01E1               	clrf	??_DispNormal+7
 12265     0798  0860               	movf	??_DispNormal+6,w
 12266     0799  00C3               	movwf	?_sprintf+8
 12267     079A  0861               	movf	??_DispNormal+7,w
 12268     079B  00C4               	movwf	?_sprintf+9
 12269     079C  086B               	movf	DispNormal@digital+3,w
 12270     079D  00E2               	movwf	??_DispNormal+8
 12271     079E  01E3               	clrf	??_DispNormal+9
 12272     079F  0862               	movf	??_DispNormal+8,w
 12273     07A0  00C5               	movwf	?_sprintf+10
 12274     07A1  0863               	movf	??_DispNormal+9,w
 12275     07A2  00C6               	movwf	?_sprintf+11
 12276     07A3  3065               	movlw	(low (DispNormal@temp_str| 0))& (0+255)
 12277     07A4  00C7               	movwf	low ((?_sprintf| 0+12))
 12278     07A5  0859               	movf	DispNormal@buf,w
 12279     07A6  3188  2010  3187   	fcall	_sprintf
 12280                           
 12281                           ;RelayControl.c: 146:     break;
 12282     07A9  2FE4               	goto	l794
 12283     07AA                     l5403:
 12284                           
 12285                           ;RelayControl.c: 149:     sprintf(buf, "T%d:%d%d.%d%d Sec %s", n, digital[0], digital[1]
      +                          , digital[2],
 12286     07AA  3015               	movlw	low (STR_10| (0+32768))
 12287     07AB  00BB               	movwf	sprintf@fmt
 12288     07AC  3098               	movlw	high (STR_10| (0+32768))
 12289     07AD  00BC               	movwf	sprintf@fmt+1
 12290     07AE  0856               	movf	DispNormal@n,w
 12291     07AF  00DA               	movwf	??_DispNormal
 12292     07B0  01DB               	clrf	??_DispNormal+1
 12293     07B1  085A               	movf	??_DispNormal,w
 12294     07B2  00BD               	movwf	?_sprintf+2
 12295     07B3  085B               	movf	??_DispNormal+1,w
 12296     07B4  00BE               	movwf	?_sprintf+3
 12297     07B5  0868               	movf	DispNormal@digital,w
 12298     07B6  00DC               	movwf	??_DispNormal+2
 12299     07B7  01DD               	clrf	??_DispNormal+3
 12300     07B8  085C               	movf	??_DispNormal+2,w
 12301     07B9  00BF               	movwf	?_sprintf+4
 12302     07BA  085D               	movf	??_DispNormal+3,w
 12303     07BB  00C0               	movwf	?_sprintf+5
 12304     07BC  0869               	movf	DispNormal@digital+1,w
 12305     07BD  00DE               	movwf	??_DispNormal+4
 12306     07BE  01DF               	clrf	??_DispNormal+5
 12307     07BF  085E               	movf	??_DispNormal+4,w
 12308     07C0  00C1               	movwf	?_sprintf+6
 12309     07C1  085F               	movf	??_DispNormal+5,w
 12310     07C2  00C2               	movwf	?_sprintf+7
 12311     07C3  086A               	movf	DispNormal@digital+2,w
 12312     07C4  00E0               	movwf	??_DispNormal+6
 12313     07C5  01E1               	clrf	??_DispNormal+7
 12314     07C6  0860               	movf	??_DispNormal+6,w
 12315     07C7  00C3               	movwf	?_sprintf+8
 12316     07C8  0861               	movf	??_DispNormal+7,w
 12317     07C9  00C4               	movwf	?_sprintf+9
 12318     07CA  086B               	movf	DispNormal@digital+3,w
 12319     07CB  00E2               	movwf	??_DispNormal+8
 12320     07CC  01E3               	clrf	??_DispNormal+9
 12321     07CD  0862               	movf	??_DispNormal+8,w
 12322     07CE  00C5               	movwf	?_sprintf+10
 12323     07CF  0863               	movf	??_DispNormal+9,w
 12324     07D0  00C6               	movwf	?_sprintf+11
 12325     07D1  3065               	movlw	(low (DispNormal@temp_str| 0))& (0+255)
 12326     07D2  00C7               	movwf	low ((?_sprintf| 0+12))
 12327     07D3  0859               	movf	DispNormal@buf,w
 12328     07D4  3188  2010  3187   	fcall	_sprintf
 12329                           
 12330                           ;RelayControl.c: 151:     break;
 12331     07D7  2FE4               	goto	l794
 12332     07D8                     l5407:
 12333     07D8  0020               	movlb	0	; select bank0
 12334     07D9  0864               	movf	DispNormal@mode,w
 12335                           
 12336                           ; Switch size 1, requested type "simple"
 12337                           ; Number of cases is 3, Range of values is 1 to 3
 12338                           ; switch strategies available:
 12339                           ; Name         Instructions Cycles
 12340                           ; simple_byte           10     6 (average)
 12341                           ; direct_byte           15     9 (fixed)
 12342                           ; jumptable            263     9 (fixed)
 12343                           ;	Chosen strategy is simple_byte
 12344     07DA  3A01               	xorlw	1	; case 1
 12345     07DB  1903               	skipnz
 12346     07DC  2F4E               	goto	l5399
 12347     07DD  3A03               	xorlw	3	; case 2
 12348     07DE  1903               	skipnz
 12349     07DF  2F7C               	goto	l5401
 12350     07E0  3A01               	xorlw	1	; case 3
 12351     07E1  1903               	skipnz
 12352     07E2  2FAA               	goto	l5403
 12353     07E3  2FE4               	goto	l794
 12354     07E4                     l794:
 12355     07E4  0008               	return
 12356     07E5                     __end_of_DispNormal:
 12357                           
 12358                           	psect	text77
 12359     0AC4                     __ptext77:	
 12360 ;; *************** function _strncpy *****************
 12361 ;; Defined at:
 12362 ;;		line 3 in file "C:\Program Files\Microchip\xc8\v2.46\pic\sources\c99\common\strncpy.c"
 12363 ;; Parameters:    Size  Location     Type
 12364 ;;  d               1    wreg     PTR unsigned char 
 12365 ;;		 -> DispTimeAdjustment@temp_str(3), DispNormal@temp_str(3), RelayState_buf(3), 
 12366 ;;  s               2    2[COMMON] PTR const unsigned char 
 12367 ;;		 -> STR_21(4), STR_20(4), STR_19(4), STR_15(4), 
 12368 ;;		 -> STR_14(4), STR_7(4), STR_6(4), RelayState_buf(3), 
 12369 ;;  n               2    4[COMMON] unsigned int 
 12370 ;; Auto vars:     Size  Location     Type
 12371 ;;  d               1    9[COMMON] PTR unsigned char 
 12372 ;;		 -> DispTimeAdjustment@temp_str(3), DispNormal@temp_str(3), RelayState_buf(3), 
 12373 ;;  cp              1    8[COMMON] PTR unsigned char 
 12374 ;;		 -> DispTimeAdjustment@temp_str(3), DispNormal@temp_str(3), RelayState_buf(3), 
 12375 ;; Return value:  Size  Location     Type
 12376 ;;                  1    wreg      PTR unsigned char 
 12377 ;; Registers used:
 12378 ;;		wreg, fsr0l, fsr0h, fsr1l, fsr1h, status,2, status,0, pclath
 12379 ;; Tracked objects:
 12380 ;;		On entry : 0/0
 12381 ;;		On exit  : 0/0
 12382 ;;		Unchanged: 0/0
 12383 ;; Data sizes:     COMMON   BANK0   BANK1   BANK2   BANK3   BANK4   BANK5   BANK6
 12384 ;;      Params:         4       0       0       0       0       0       0       0
 12385 ;;      Locals:         2       0       0       0       0       0       0       0
 12386 ;;      Temps:          2       0       0       0       0       0       0       0
 12387 ;;      Totals:         8       0       0       0       0       0       0       0
 12388 ;;Total ram usage:        8 bytes
 12389 ;; Hardware stack levels used: 1
 12390 ;; Hardware stack levels required when called: 4
 12391 ;; This function calls:
 12392 ;;		Nothing
 12393 ;; This function is called by:
 12394 ;;		_RelayControl_Init
 12395 ;;		_DispNormal
 12396 ;;		_DispTimeAdjustment
 12397 ;;		_Normal
 12398 ;; This function uses a non-reentrant model
 12399 ;;
 12400                           
 12401     0AC4                     _strncpy:	
 12402                           ;psect for function _strncpy
 12403                           
 12404                           
 12405                           ;incstack = 0
 12406                           ; Regs used in _strncpy: [wreg-fsr1h+status,2+status,0+pclath]
 12407                           ;strncpy@d stored from wreg
 12408     0AC4  00F9               	movwf	strncpy@d
 12409     0AC5                     l4077:
 12410     0AC5  0879               	movf	strncpy@d,w
 12411     0AC6  00F8               	movwf	strncpy@cp
 12412     0AC7  2AE3               	goto	l4085
 12413     0AC8                     l4079:
 12414     0AC8  3001               	movlw	1
 12415     0AC9  02F4               	subwf	strncpy@n,f
 12416     0ACA  3000               	movlw	0
 12417     0ACB  3BF5               	subwfb	strncpy@n+1,f
 12418     0ACC                     l4081:
 12419     0ACC  0878               	movf	strncpy@cp,w
 12420     0ACD  0086               	movwf	6
 12421     0ACE  0187               	clrf	7
 12422     0ACF  0AF8               	incf	strncpy@cp,f
 12423     0AD0  0873               	movf	strncpy@s+1,w
 12424     0AD1  00F7               	movwf	??_strncpy+1
 12425     0AD2  0872               	movf	strncpy@s,w
 12426     0AD3  00F6               	movwf	??_strncpy
 12427     0AD4  0AF2               	incf	strncpy@s,f
 12428     0AD5  1903               	skipnz
 12429     0AD6  0AF3               	incf	strncpy@s+1,f
 12430     0AD7  0876               	movf	??_strncpy,w
 12431     0AD8  0084               	movwf	4
 12432     0AD9  0877               	movf	??_strncpy+1,w
 12433     0ADA  0085               	movwf	5
 12434     0ADB  0800               	movf	0,w	;code access
 12435     0ADC  3FC0               	movwi [0]fsr1
 12436     0ADD  0889               	movf	9,f
 12437     0ADE  1D03               	btfss	3,2
 12438     0ADF  2AE1               	goto	u2461
 12439     0AE0  2AE2               	goto	u2460
 12440     0AE1                     u2461:
 12441     0AE1  2AE3               	goto	l4085
 12442     0AE2                     u2460:
 12443     0AE2  2AF2               	goto	l4091
 12444     0AE3                     l4085:
 12445     0AE3  0874               	movf	strncpy@n,w
 12446     0AE4  0475               	iorwf	strncpy@n+1,w
 12447     0AE5  1D03               	btfss	3,2
 12448     0AE6  2AE8               	goto	u2471
 12449     0AE7  2AE9               	goto	u2470
 12450     0AE8                     u2471:
 12451     0AE8  2AC8               	goto	l4079
 12452     0AE9                     u2470:
 12453     0AE9  2AF2               	goto	l4091
 12454     0AEA                     l4087:
 12455     0AEA  0878               	movf	strncpy@cp,w
 12456     0AEB  0086               	movwf	6
 12457     0AEC  0187               	clrf	7
 12458     0AED  0181               	clrf	1
 12459     0AEE                     l4089:
 12460     0AEE  3001               	movlw	1
 12461     0AEF  00F6               	movwf	??_strncpy
 12462     0AF0  0876               	movf	??_strncpy,w
 12463     0AF1  07F8               	addwf	strncpy@cp,f
 12464     0AF2                     l4091:
 12465     0AF2  3001               	movlw	1
 12466     0AF3  02F4               	subwf	strncpy@n,f
 12467     0AF4  3000               	movlw	0
 12468     0AF5  3BF5               	subwfb	strncpy@n+1,f
 12469     0AF6  0A74               	incf	strncpy@n,w
 12470     0AF7  1D03               	skipz
 12471     0AF8  2AFD               	goto	u2481
 12472     0AF9  0A75               	incf	strncpy@n+1,w
 12473     0AFA  1D03               	btfss	3,2
 12474     0AFB  2AFD               	goto	u2481
 12475     0AFC  2AFE               	goto	u2480
 12476     0AFD                     u2481:
 12477     0AFD  2AEA               	goto	l4087
 12478     0AFE                     u2480:
 12479     0AFE                     l1673:
 12480     0AFE  0008               	return
 12481     0AFF                     __end_of_strncpy:
 12482                           
 12483                           	psect	text78
 12484     0F11                     __ptext78:	
 12485 ;; *************** function _Number2Digital *****************
 12486 ;; Defined at:
 12487 ;;		line 82 in file "RelayControl.c"
 12488 ;; Parameters:    Size  Location     Type
 12489 ;;  Num             2    0[BANK0 ] unsigned short 
 12490 ;;  digiNum         1    2[BANK0 ] PTR unsigned char 
 12491 ;;		 -> SetTimer2_digi(4), SetTimer1_digi(4), DispNormal@digital(4), 
 12492 ;; Auto vars:     Size  Location     Type
 12493 ;;  temp            2    3[BANK0 ] unsigned short 
 12494 ;; Return value:  Size  Location     Type
 12495 ;;                  1    wreg      void 
 12496 ;; Registers used:
 12497 ;;		wreg, fsr1l, fsr1h, status,2, status,0, pclath, cstack
 12498 ;; Tracked objects:
 12499 ;;		On entry : 0/0
 12500 ;;		On exit  : 0/0
 12501 ;;		Unchanged: 0/0
 12502 ;; Data sizes:     COMMON   BANK0   BANK1   BANK2   BANK3   BANK4   BANK5   BANK6
 12503 ;;      Params:         0       3       0       0       0       0       0       0
 12504 ;;      Locals:         0       2       0       0       0       0       0       0
 12505 ;;      Temps:          0       0       0       0       0       0       0       0
 12506 ;;      Totals:         0       5       0       0       0       0       0       0
 12507 ;;Total ram usage:        5 bytes
 12508 ;; Hardware stack levels used: 1
 12509 ;; Hardware stack levels required when called: 5
 12510 ;; This function calls:
 12511 ;;		___lwdiv
 12512 ;;		___lwmod
 12513 ;;		___wmul
 12514 ;; This function is called by:
 12515 ;;		_DispNormal
 12516 ;;		_FunctionSet
 12517 ;; This function uses a non-reentrant model
 12518 ;;
 12519                           
 12520     0F11                     _Number2Digital:	
 12521                           ;psect for function _Number2Digital
 12522                           
 12523     0F11                     l5223:	
 12524                           ;incstack = 0
 12525                           ; Regs used in _Number2Digital: [wreg+fsr1l+fsr1h+status,2+status,0+pclath+cstack]
 12526                           
 12527     0F11                     l5225:
 12528                           
 12529                           ;RelayControl.c: 84:   temp = Num / 1000;
 12530     0F11  30E8               	movlw	232
 12531     0F12  00F2               	movwf	___lwdiv@divisor
 12532     0F13  3003               	movlw	3
 12533     0F14  00F3               	movwf	___lwdiv@divisor+1
 12534     0F15  0020               	movlb	0	; select bank0
 12535     0F16  0821               	movf	Number2Digital@Num+1,w
 12536     0F17  00F5               	movwf	___lwdiv@dividend+1
 12537     0F18  0820               	movf	Number2Digital@Num,w
 12538     0F19  00F4               	movwf	___lwdiv@dividend
 12539     0F1A  318A  22FF  318F   	fcall	___lwdiv
 12540     0F1D  0873               	movf	?___lwdiv+1,w
 12541     0F1E  0020               	movlb	0	; select bank0
 12542     0F1F  00A4               	movwf	Number2Digital@temp+1
 12543     0F20  0872               	movf	?___lwdiv,w
 12544     0F21  00A3               	movwf	Number2Digital@temp
 12545     0F22                     l5227:
 12546                           
 12547                           ;RelayControl.c: 85:   digiNum[0] = (uint8_t)temp;
 12548     0F22  0822               	movf	Number2Digital@digiNum,w
 12549     0F23  0086               	movwf	6
 12550     0F24  0187               	clrf	7
 12551     0F25  0823               	movf	Number2Digital@temp,w
 12552     0F26  0081               	movwf	1
 12553     0F27                     l5229:
 12554                           
 12555                           ;RelayControl.c: 86:   Num = Num - (temp * 1000);
 12556     0F27  0824               	movf	Number2Digital@temp+1,w
 12557     0F28  00F3               	movwf	___wmul@multiplier+1
 12558     0F29  0823               	movf	Number2Digital@temp,w
 12559     0F2A  00F2               	movwf	___wmul@multiplier
 12560     0F2B  3018               	movlw	24
 12561     0F2C  00F4               	movwf	___wmul@multiplicand
 12562     0F2D  30FC               	movlw	252
 12563     0F2E  00F5               	movwf	___wmul@multiplicand+1
 12564     0F2F  3188  204C  318F   	fcall	___wmul
 12565     0F32  0020               	movlb	0	; select bank0
 12566     0F33  0820               	movf	Number2Digital@Num,w
 12567     0F34  0772               	addwf	?___wmul,w
 12568     0F35  00A0               	movwf	Number2Digital@Num
 12569     0F36  0821               	movf	Number2Digital@Num+1,w
 12570     0F37  3D73               	addwfc	?___wmul+1,w
 12571     0F38  00A1               	movwf	Number2Digital@Num+1
 12572     0F39                     l5231:
 12573                           
 12574                           ;RelayControl.c: 88:   temp = Num / 100;
 12575     0F39  3064               	movlw	100
 12576     0F3A  00F2               	movwf	___lwdiv@divisor
 12577     0F3B  3000               	movlw	0
 12578     0F3C  00F3               	movwf	___lwdiv@divisor+1
 12579     0F3D  0821               	movf	Number2Digital@Num+1,w
 12580     0F3E  00F5               	movwf	___lwdiv@dividend+1
 12581     0F3F  0820               	movf	Number2Digital@Num,w
 12582     0F40  00F4               	movwf	___lwdiv@dividend
 12583     0F41  318A  22FF  318F   	fcall	___lwdiv
 12584     0F44  0873               	movf	?___lwdiv+1,w
 12585     0F45  0020               	movlb	0	; select bank0
 12586     0F46  00A4               	movwf	Number2Digital@temp+1
 12587     0F47  0872               	movf	?___lwdiv,w
 12588     0F48  00A3               	movwf	Number2Digital@temp
 12589     0F49                     l5233:
 12590                           
 12591                           ;RelayControl.c: 89:   digiNum[1] = (uint8_t)temp;
 12592     0F49  0A22               	incf	Number2Digital@digiNum,w
 12593     0F4A  0086               	movwf	6
 12594     0F4B  0187               	clrf	7
 12595     0F4C  0823               	movf	Number2Digital@temp,w
 12596     0F4D  0081               	movwf	1
 12597     0F4E                     l5235:
 12598                           
 12599                           ;RelayControl.c: 91:   Num = Num - (temp * 100);
 12600     0F4E  0824               	movf	Number2Digital@temp+1,w
 12601     0F4F  00F3               	movwf	___wmul@multiplier+1
 12602     0F50  0823               	movf	Number2Digital@temp,w
 12603     0F51  00F2               	movwf	___wmul@multiplier
 12604     0F52  309C               	movlw	156
 12605     0F53  00F4               	movwf	___wmul@multiplicand
 12606     0F54  30FF               	movlw	255
 12607     0F55  00F5               	movwf	___wmul@multiplicand+1
 12608     0F56  3188  204C  318F   	fcall	___wmul
 12609     0F59  0020               	movlb	0	; select bank0
 12610     0F5A  0820               	movf	Number2Digital@Num,w
 12611     0F5B  0772               	addwf	?___wmul,w
 12612     0F5C  00A0               	movwf	Number2Digital@Num
 12613     0F5D  0821               	movf	Number2Digital@Num+1,w
 12614     0F5E  3D73               	addwfc	?___wmul+1,w
 12615     0F5F  00A1               	movwf	Number2Digital@Num+1
 12616     0F60                     l5237:
 12617                           
 12618                           ;RelayControl.c: 93:   temp = Num / 10;
 12619     0F60  300A               	movlw	10
 12620     0F61  00F2               	movwf	___lwdiv@divisor
 12621     0F62  3000               	movlw	0
 12622     0F63  00F3               	movwf	___lwdiv@divisor+1
 12623     0F64  0821               	movf	Number2Digital@Num+1,w
 12624     0F65  00F5               	movwf	___lwdiv@dividend+1
 12625     0F66  0820               	movf	Number2Digital@Num,w
 12626     0F67  00F4               	movwf	___lwdiv@dividend
 12627     0F68  318A  22FF  318F   	fcall	___lwdiv
 12628     0F6B  0873               	movf	?___lwdiv+1,w
 12629     0F6C  0020               	movlb	0	; select bank0
 12630     0F6D  00A4               	movwf	Number2Digital@temp+1
 12631     0F6E  0872               	movf	?___lwdiv,w
 12632     0F6F  00A3               	movwf	Number2Digital@temp
 12633     0F70                     l5239:
 12634                           
 12635                           ;RelayControl.c: 94:   digiNum[2] = (uint8_t)temp;
 12636     0F70  0822               	movf	Number2Digital@digiNum,w
 12637     0F71  3E02               	addlw	2
 12638     0F72  0086               	movwf	6
 12639     0F73  0187               	clrf	7
 12640     0F74  0823               	movf	Number2Digital@temp,w
 12641     0F75  0081               	movwf	1
 12642     0F76                     l5241:
 12643                           
 12644                           ;RelayControl.c: 96:   digiNum[3] = (uint8_t)(Num % 10);
 12645     0F76  0822               	movf	Number2Digital@digiNum,w
 12646     0F77  3E03               	addlw	3
 12647     0F78  0086               	movwf	6
 12648     0F79  0187               	clrf	7
 12649     0F7A  300A               	movlw	10
 12650     0F7B  00F2               	movwf	___lwmod@divisor
 12651     0F7C  3000               	movlw	0
 12652     0F7D  00F3               	movwf	___lwmod@divisor+1
 12653     0F7E  0821               	movf	Number2Digital@Num+1,w
 12654     0F7F  00F5               	movwf	___lwmod@dividend+1
 12655     0F80  0820               	movf	Number2Digital@Num,w
 12656     0F81  00F4               	movwf	___lwmod@dividend
 12657     0F82  318A  225A  318F   	fcall	___lwmod
 12658     0F85  0872               	movf	?___lwmod,w
 12659     0F86  0081               	movwf	1
 12660     0F87                     l776:
 12661     0F87  0008               	return
 12662     0F88                     __end_of_Number2Digital:
 12663                           
 12664                           	psect	text79
 12665     084C                     __ptext79:	
 12666 ;; *************** function ___wmul *****************
 12667 ;; Defined at:
 12668 ;;		line 15 in file "C:\Program Files\Microchip\xc8\v2.46\pic\sources\c99\common\Umul16.c"
 12669 ;; Parameters:    Size  Location     Type
 12670 ;;  multiplier      2    2[COMMON] unsigned int 
 12671 ;;  multiplicand    2    4[COMMON] unsigned int 
 12672 ;; Auto vars:     Size  Location     Type
 12673 ;;  product         2    6[COMMON] unsigned int 
 12674 ;; Return value:  Size  Location     Type
 12675 ;;                  2    2[COMMON] unsigned int 
 12676 ;; Registers used:
 12677 ;;		wreg, status,2, status,0
 12678 ;; Tracked objects:
 12679 ;;		On entry : 0/0
 12680 ;;		On exit  : 0/0
 12681 ;;		Unchanged: 0/0
 12682 ;; Data sizes:     COMMON   BANK0   BANK1   BANK2   BANK3   BANK4   BANK5   BANK6
 12683 ;;      Params:         4       0       0       0       0       0       0       0
 12684 ;;      Locals:         2       0       0       0       0       0       0       0
 12685 ;;      Temps:          0       0       0       0       0       0       0       0
 12686 ;;      Totals:         6       0       0       0       0       0       0       0
 12687 ;;Total ram usage:        6 bytes
 12688 ;; Hardware stack levels used: 1
 12689 ;; Hardware stack levels required when called: 4
 12690 ;; This function calls:
 12691 ;;		Nothing
 12692 ;; This function is called by:
 12693 ;;		_KEY_Init
 12694 ;;		_KEY_ScanAll
 12695 ;;		_Number2Digital
 12696 ;;		_Digital2Number
 12697 ;; This function uses a non-reentrant model
 12698 ;;
 12699                           
 12700     084C                     ___wmul:	
 12701                           ;psect for function ___wmul
 12702                           
 12703     084C                     l5131:	
 12704                           ;incstack = 0
 12705                           ; Regs used in ___wmul: [wreg+status,2+status,0]
 12706                           
 12707     084C  01F6               	clrf	___wmul@product
 12708     084D  01F7               	clrf	___wmul@product+1
 12709     084E                     l5133:
 12710     084E  1C72               	btfss	___wmul@multiplier,0
 12711     084F  2851               	goto	u3631
 12712     0850  2852               	goto	u3630
 12713     0851                     u3631:
 12714     0851  2856               	goto	l1119
 12715     0852                     u3630:
 12716     0852                     l5135:
 12717     0852  0874               	movf	___wmul@multiplicand,w
 12718     0853  07F6               	addwf	___wmul@product,f
 12719     0854  0875               	movf	___wmul@multiplicand+1,w
 12720     0855  3DF7               	addwfc	___wmul@product+1,f
 12721     0856                     l1119:
 12722     0856  3001               	movlw	1
 12723     0857                     u3645:
 12724     0857  35F4               	lslf	___wmul@multiplicand,f
 12725     0858  0DF5               	rlf	___wmul@multiplicand+1,f
 12726     0859  0B89               	decfsz	9,f
 12727     085A  2857               	goto	u3645
 12728     085B                     l5137:
 12729     085B  3001               	movlw	1
 12730     085C                     u3655:
 12731     085C  36F3               	lsrf	___wmul@multiplier+1,f
 12732     085D  0CF2               	rrf	___wmul@multiplier,f
 12733     085E  0B89               	decfsz	9,f
 12734     085F  285C               	goto	u3655
 12735     0860                     l5139:
 12736     0860  0872               	movf	___wmul@multiplier,w
 12737     0861  0473               	iorwf	___wmul@multiplier+1,w
 12738     0862  1D03               	btfss	3,2
 12739     0863  2865               	goto	u3661
 12740     0864  2866               	goto	u3660
 12741     0865                     u3661:
 12742     0865  284E               	goto	l5133
 12743     0866                     u3660:
 12744     0866                     l5141:
 12745     0866  0877               	movf	___wmul@product+1,w
 12746     0867  00F3               	movwf	?___wmul+1
 12747     0868  0876               	movf	___wmul@product,w
 12748     0869  00F2               	movwf	?___wmul
 12749     086A                     l1121:
 12750     086A  0008               	return
 12751     086B                     __end_of___wmul:
 12752                           
 12753                           	psect	text80
 12754     0A5A                     __ptext80:	
 12755 ;; *************** function ___lwmod *****************
 12756 ;; Defined at:
 12757 ;;		line 5 in file "C:\Program Files\Microchip\xc8\v2.46\pic\sources\c99\common\lwmod.c"
 12758 ;; Parameters:    Size  Location     Type
 12759 ;;  divisor         2    2[COMMON] unsigned int 
 12760 ;;  dividend        2    4[COMMON] unsigned int 
 12761 ;; Auto vars:     Size  Location     Type
 12762 ;;  counter         1    7[COMMON] unsigned char 
 12763 ;; Return value:  Size  Location     Type
 12764 ;;                  2    2[COMMON] unsigned int 
 12765 ;; Registers used:
 12766 ;;		wreg, status,2, status,0
 12767 ;; Tracked objects:
 12768 ;;		On entry : 0/0
 12769 ;;		On exit  : 0/0
 12770 ;;		Unchanged: 0/0
 12771 ;; Data sizes:     COMMON   BANK0   BANK1   BANK2   BANK3   BANK4   BANK5   BANK6
 12772 ;;      Params:         4       0       0       0       0       0       0       0
 12773 ;;      Locals:         1       0       0       0       0       0       0       0
 12774 ;;      Temps:          1       0       0       0       0       0       0       0
 12775 ;;      Totals:         6       0       0       0       0       0       0       0
 12776 ;;Total ram usage:        6 bytes
 12777 ;; Hardware stack levels used: 1
 12778 ;; Hardware stack levels required when called: 4
 12779 ;; This function calls:
 12780 ;;		Nothing
 12781 ;; This function is called by:
 12782 ;;		_Number2Digital
 12783 ;; This function uses a non-reentrant model
 12784 ;;
 12785                           
 12786     0A5A                     ___lwmod:	
 12787                           ;psect for function ___lwmod
 12788                           
 12789     0A5A                     l5171:	
 12790                           ;incstack = 0
 12791                           ; Regs used in ___lwmod: [wreg+status,2+status,0]
 12792                           
 12793     0A5A  0872               	movf	___lwmod@divisor,w
 12794     0A5B  0473               	iorwf	___lwmod@divisor+1,w
 12795     0A5C  1903               	btfsc	3,2
 12796     0A5D  2A5F               	goto	u3741
 12797     0A5E  2A60               	goto	u3740
 12798     0A5F                     u3741:
 12799     0A5F  2A89               	goto	l5189
 12800     0A60                     u3740:
 12801     0A60                     l5173:
 12802     0A60  01F7               	clrf	___lwmod@counter
 12803     0A61  0AF7               	incf	___lwmod@counter,f
 12804     0A62  2A6C               	goto	l5179
 12805     0A63                     l5175:
 12806     0A63  3001               	movlw	1
 12807     0A64                     u3755:
 12808     0A64  35F2               	lslf	___lwmod@divisor,f
 12809     0A65  0DF3               	rlf	___lwmod@divisor+1,f
 12810     0A66  0B89               	decfsz	9,f
 12811     0A67  2A64               	goto	u3755
 12812     0A68                     l5177:
 12813     0A68  3001               	movlw	1
 12814     0A69  00F6               	movwf	??___lwmod
 12815     0A6A  0876               	movf	??___lwmod,w
 12816     0A6B  07F7               	addwf	___lwmod@counter,f
 12817     0A6C                     l5179:
 12818     0A6C  1FF3               	btfss	___lwmod@divisor+1,7
 12819     0A6D  2A6F               	goto	u3761
 12820     0A6E  2A70               	goto	u3760
 12821     0A6F                     u3761:
 12822     0A6F  2A63               	goto	l5175
 12823     0A70                     u3760:
 12824     0A70                     l5181:
 12825     0A70  0873               	movf	___lwmod@divisor+1,w
 12826     0A71  0275               	subwf	___lwmod@dividend+1,w
 12827     0A72  1D03               	skipz
 12828     0A73  2A76               	goto	u3775
 12829     0A74  0872               	movf	___lwmod@divisor,w
 12830     0A75  0274               	subwf	___lwmod@dividend,w
 12831     0A76                     u3775:
 12832     0A76  1C03               	skipc
 12833     0A77  2A79               	goto	u3771
 12834     0A78  2A7A               	goto	u3770
 12835     0A79                     u3771:
 12836     0A79  2A7E               	goto	l5185
 12837     0A7A                     u3770:
 12838     0A7A                     l5183:
 12839     0A7A  0872               	movf	___lwmod@divisor,w
 12840     0A7B  02F4               	subwf	___lwmod@dividend,f
 12841     0A7C  0873               	movf	___lwmod@divisor+1,w
 12842     0A7D  3BF5               	subwfb	___lwmod@dividend+1,f
 12843     0A7E                     l5185:
 12844     0A7E  3001               	movlw	1
 12845     0A7F                     u3785:
 12846     0A7F  36F3               	lsrf	___lwmod@divisor+1,f
 12847     0A80  0CF2               	rrf	___lwmod@divisor,f
 12848     0A81  0B89               	decfsz	9,f
 12849     0A82  2A7F               	goto	u3785
 12850     0A83                     l5187:
 12851     0A83  3001               	movlw	1
 12852     0A84  02F7               	subwf	___lwmod@counter,f
 12853     0A85  1D03               	btfss	3,2
 12854     0A86  2A88               	goto	u3791
 12855     0A87  2A89               	goto	u3790
 12856     0A88                     u3791:
 12857     0A88  2A70               	goto	l5181
 12858     0A89                     u3790:
 12859     0A89                     l5189:
 12860     0A89  0875               	movf	___lwmod@dividend+1,w
 12861     0A8A  00F3               	movwf	?___lwmod+1
 12862     0A8B  0874               	movf	___lwmod@dividend,w
 12863     0A8C  00F2               	movwf	?___lwmod
 12864     0A8D                     l1409:
 12865     0A8D  0008               	return
 12866     0A8E                     __end_of___lwmod:
 12867                           
 12868                           	psect	text81
 12869     0AFF                     __ptext81:	
 12870 ;; *************** function ___lwdiv *****************
 12871 ;; Defined at:
 12872 ;;		line 5 in file "C:\Program Files\Microchip\xc8\v2.46\pic\sources\c99\common\lwdiv.c"
 12873 ;; Parameters:    Size  Location     Type
 12874 ;;  divisor         2    2[COMMON] unsigned int 
 12875 ;;  dividend        2    4[COMMON] unsigned int 
 12876 ;; Auto vars:     Size  Location     Type
 12877 ;;  quotient        2    8[COMMON] unsigned int 
 12878 ;;  counter         1    7[COMMON] unsigned char 
 12879 ;; Return value:  Size  Location     Type
 12880 ;;                  2    2[COMMON] unsigned int 
 12881 ;; Registers used:
 12882 ;;		wreg, status,2, status,0
 12883 ;; Tracked objects:
 12884 ;;		On entry : 0/0
 12885 ;;		On exit  : 0/0
 12886 ;;		Unchanged: 0/0
 12887 ;; Data sizes:     COMMON   BANK0   BANK1   BANK2   BANK3   BANK4   BANK5   BANK6
 12888 ;;      Params:         4       0       0       0       0       0       0       0
 12889 ;;      Locals:         3       0       0       0       0       0       0       0
 12890 ;;      Temps:          1       0       0       0       0       0       0       0
 12891 ;;      Totals:         8       0       0       0       0       0       0       0
 12892 ;;Total ram usage:        8 bytes
 12893 ;; Hardware stack levels used: 1
 12894 ;; Hardware stack levels required when called: 4
 12895 ;; This function calls:
 12896 ;;		Nothing
 12897 ;; This function is called by:
 12898 ;;		_Number2Digital
 12899 ;; This function uses a non-reentrant model
 12900 ;;
 12901                           
 12902     0AFF                     ___lwdiv:	
 12903                           ;psect for function ___lwdiv
 12904                           
 12905     0AFF                     l5145:	
 12906                           ;incstack = 0
 12907                           ; Regs used in ___lwdiv: [wreg+status,2+status,0]
 12908                           
 12909     0AFF  01F8               	clrf	___lwdiv@quotient
 12910     0B00  01F9               	clrf	___lwdiv@quotient+1
 12911     0B01                     l5147:
 12912     0B01  0872               	movf	___lwdiv@divisor,w
 12913     0B02  0473               	iorwf	___lwdiv@divisor+1,w
 12914     0B03  1903               	btfsc	3,2
 12915     0B04  2B06               	goto	u3671
 12916     0B05  2B07               	goto	u3670
 12917     0B06                     u3671:
 12918     0B06  2B36               	goto	l5167
 12919     0B07                     u3670:
 12920     0B07                     l5149:
 12921     0B07  01F7               	clrf	___lwdiv@counter
 12922     0B08  0AF7               	incf	___lwdiv@counter,f
 12923     0B09  2B13               	goto	l5155
 12924     0B0A                     l5151:
 12925     0B0A  3001               	movlw	1
 12926     0B0B                     u3685:
 12927     0B0B  35F2               	lslf	___lwdiv@divisor,f
 12928     0B0C  0DF3               	rlf	___lwdiv@divisor+1,f
 12929     0B0D  0B89               	decfsz	9,f
 12930     0B0E  2B0B               	goto	u3685
 12931     0B0F                     l5153:
 12932     0B0F  3001               	movlw	1
 12933     0B10  00F6               	movwf	??___lwdiv
 12934     0B11  0876               	movf	??___lwdiv,w
 12935     0B12  07F7               	addwf	___lwdiv@counter,f
 12936     0B13                     l5155:
 12937     0B13  1FF3               	btfss	___lwdiv@divisor+1,7
 12938     0B14  2B16               	goto	u3691
 12939     0B15  2B17               	goto	u3690
 12940     0B16                     u3691:
 12941     0B16  2B0A               	goto	l5151
 12942     0B17                     u3690:
 12943     0B17                     l5157:
 12944     0B17  3001               	movlw	1
 12945     0B18                     u3705:
 12946     0B18  35F8               	lslf	___lwdiv@quotient,f
 12947     0B19  0DF9               	rlf	___lwdiv@quotient+1,f
 12948     0B1A  0B89               	decfsz	9,f
 12949     0B1B  2B18               	goto	u3705
 12950     0B1C  0873               	movf	___lwdiv@divisor+1,w
 12951     0B1D  0275               	subwf	___lwdiv@dividend+1,w
 12952     0B1E  1D03               	skipz
 12953     0B1F  2B22               	goto	u3715
 12954     0B20  0872               	movf	___lwdiv@divisor,w
 12955     0B21  0274               	subwf	___lwdiv@dividend,w
 12956     0B22                     u3715:
 12957     0B22  1C03               	skipc
 12958     0B23  2B25               	goto	u3711
 12959     0B24  2B26               	goto	u3710
 12960     0B25                     u3711:
 12961     0B25  2B2B               	goto	l5163
 12962     0B26                     u3710:
 12963     0B26                     l5159:
 12964     0B26  0872               	movf	___lwdiv@divisor,w
 12965     0B27  02F4               	subwf	___lwdiv@dividend,f
 12966     0B28  0873               	movf	___lwdiv@divisor+1,w
 12967     0B29  3BF5               	subwfb	___lwdiv@dividend+1,f
 12968     0B2A                     l5161:
 12969     0B2A  1478               	bsf	___lwdiv@quotient,0
 12970     0B2B                     l5163:
 12971     0B2B  3001               	movlw	1
 12972     0B2C                     u3725:
 12973     0B2C  36F3               	lsrf	___lwdiv@divisor+1,f
 12974     0B2D  0CF2               	rrf	___lwdiv@divisor,f
 12975     0B2E  0B89               	decfsz	9,f
 12976     0B2F  2B2C               	goto	u3725
 12977     0B30                     l5165:
 12978     0B30  3001               	movlw	1
 12979     0B31  02F7               	subwf	___lwdiv@counter,f
 12980     0B32  1D03               	btfss	3,2
 12981     0B33  2B35               	goto	u3731
 12982     0B34  2B36               	goto	u3730
 12983     0B35                     u3731:
 12984     0B35  2B17               	goto	l5157
 12985     0B36                     u3730:
 12986     0B36                     l5167:
 12987     0B36  0879               	movf	___lwdiv@quotient+1,w
 12988     0B37  00F3               	movwf	?___lwdiv+1
 12989     0B38  0878               	movf	___lwdiv@quotient,w
 12990     0B39  00F2               	movwf	?___lwdiv
 12991     0B3A                     l1399:
 12992     0B3A  0008               	return
 12993     0B3B                     __end_of___lwdiv:
 12994                           
 12995                           	psect	text82
 12996     091C                     __ptext82:	
 12997 ;; *************** function _DispFunctionSet *****************
 12998 ;; Defined at:
 12999 ;;		line 157 in file "RelayControl.c"
 13000 ;; Parameters:    Size  Location     Type
 13001 ;;  mode            1    wreg     unsigned char 
 13002 ;;  n               1   54[BANK0 ] unsigned char 
 13003 ;;  Num             2   55[BANK0 ] unsigned short 
 13004 ;;  buf             1   57[BANK0 ] PTR unsigned char 
 13005 ;;		 -> buf(17), 
 13006 ;; Auto vars:     Size  Location     Type
 13007 ;;  mode            1   58[BANK0 ] unsigned char 
 13008 ;; Return value:  Size  Location     Type
 13009 ;;                  1    wreg      void 
 13010 ;; Registers used:
 13011 ;;		wreg, fsr0l, fsr0h, fsr1l, fsr1h, status,2, status,0, pclath, cstack
 13012 ;; Tracked objects:
 13013 ;;		On entry : 0/0
 13014 ;;		On exit  : 0/0
 13015 ;;		Unchanged: 0/0
 13016 ;; Data sizes:     COMMON   BANK0   BANK1   BANK2   BANK3   BANK4   BANK5   BANK6
 13017 ;;      Params:         0       4       0       0       0       0       0       0
 13018 ;;      Locals:         0       1       0       0       0       0       0       0
 13019 ;;      Temps:          0       0       0       0       0       0       0       0
 13020 ;;      Totals:         0       5       0       0       0       0       0       0
 13021 ;;Total ram usage:        5 bytes
 13022 ;; Hardware stack levels used: 1
 13023 ;; Hardware stack levels required when called: 9
 13024 ;; This function calls:
 13025 ;;		_sprintf
 13026 ;; This function is called by:
 13027 ;;		_main
 13028 ;; This function uses a non-reentrant model
 13029 ;;
 13030                           
 13031     091C                     _DispFunctionSet:	
 13032                           ;psect for function _DispFunctionSet
 13033                           
 13034                           
 13035                           ;incstack = 0
 13036                           ; Regs used in _DispFunctionSet: [wreg-fsr1h+status,2+status,0+pclath+cstack]
 13037                           ;DispFunctionSet@mode stored from wreg
 13038     091C  0020               	movlb	0	; select bank0
 13039     091D  00DA               	movwf	DispFunctionSet@mode
 13040     091E                     l5409:
 13041                           
 13042                           ;RelayControl.c: 159:   switch (mode) {
 13043     091E  293A               	goto	l5419
 13044     091F                     l5411:
 13045                           
 13046                           ;RelayControl.c: 162:     sprintf(buf, "Unit:1.00 Sec   ");
 13047     091F  302A               	movlw	low (STR_11| (0+32768))
 13048     0920  00BB               	movwf	sprintf@fmt
 13049     0921  3098               	movlw	high (STR_11| (0+32768))
 13050     0922  00BC               	movwf	sprintf@fmt+1
 13051     0923  0859               	movf	DispFunctionSet@buf,w
 13052     0924  3188  2010  3189   	fcall	_sprintf
 13053                           
 13054                           ;RelayControl.c: 163:     break;
 13055     0927  2945               	goto	l803
 13056     0928                     l5413:
 13057                           
 13058                           ;RelayControl.c: 166:     sprintf(buf, "Unit:0.10 Sec   ");
 13059     0928  303B               	movlw	low (STR_12| (0+32768))
 13060     0929  00BB               	movwf	sprintf@fmt
 13061     092A  3098               	movlw	high (STR_12| (0+32768))
 13062     092B  00BC               	movwf	sprintf@fmt+1
 13063     092C  0859               	movf	DispFunctionSet@buf,w
 13064     092D  3188  2010  3189   	fcall	_sprintf
 13065                           
 13066                           ;RelayControl.c: 167:     break;
 13067     0930  2945               	goto	l803
 13068     0931                     l5415:
 13069                           
 13070                           ;RelayControl.c: 170:     sprintf(buf, "Unit:0.01 Sec   ");
 13071     0931  304C               	movlw	low (STR_13| (0+32768))
 13072     0932  00BB               	movwf	sprintf@fmt
 13073     0933  3098               	movlw	high (STR_13| (0+32768))
 13074     0934  00BC               	movwf	sprintf@fmt+1
 13075     0935  0859               	movf	DispFunctionSet@buf,w
 13076     0936  3188  2010  3189   	fcall	_sprintf
 13077                           
 13078                           ;RelayControl.c: 171:     break;
 13079     0939  2945               	goto	l803
 13080     093A                     l5419:
 13081     093A  085A               	movf	DispFunctionSet@mode,w
 13082                           
 13083                           ; Switch size 1, requested type "simple"
 13084                           ; Number of cases is 3, Range of values is 1 to 3
 13085                           ; switch strategies available:
 13086                           ; Name         Instructions Cycles
 13087                           ; simple_byte           10     6 (average)
 13088                           ; direct_byte           15     9 (fixed)
 13089                           ; jumptable            263     9 (fixed)
 13090                           ;	Chosen strategy is simple_byte
 13091     093B  3A01               	xorlw	1	; case 1
 13092     093C  1903               	skipnz
 13093     093D  291F               	goto	l5411
 13094     093E  3A03               	xorlw	3	; case 2
 13095     093F  1903               	skipnz
 13096     0940  2928               	goto	l5413
 13097     0941  3A01               	xorlw	1	; case 3
 13098     0942  1903               	skipnz
 13099     0943  2931               	goto	l5415
 13100     0944  2945               	goto	l803
 13101     0945                     l803:
 13102     0945  0008               	return
 13103     0946                     __end_of_DispFunctionSet:
 13104                           
 13105                           	psect	text83
 13106     0810                     __ptext83:	
 13107 ;; *************** function _sprintf *****************
 13108 ;; Defined at:
 13109 ;;		line 9 in file "C:\Program Files\Microchip\xc8\v2.46\pic\sources\c99\common\nf_sprintf.c"
 13110 ;; Parameters:    Size  Location     Type
 13111 ;;  s               1    wreg     PTR unsigned char 
 13112 ;;		 -> buf(17), 
 13113 ;;  fmt             2   27[BANK0 ] PTR const unsigned char 
 13114 ;;		 -> STR_18(21), STR_17(21), STR_16(21), STR_13(17), 
 13115 ;;		 -> STR_12(17), STR_11(17), STR_10(21), STR_9(21), 
 13116 ;;		 -> STR_8(21), STR_5(17), STR_4(17), STR_3(17), 
 13117 ;;		 -> STR_2(17), STR_1(17), 
 13118 ;; Auto vars:     Size  Location     Type
 13119 ;;  s               1   53[BANK0 ] PTR unsigned char 
 13120 ;;		 -> buf(17), 
 13121 ;;  f              11   42[BANK0 ] struct _IO_FILE
 13122 ;;  ret             2    0        int 
 13123 ;;  ap              1   41[BANK0 ] PTR void [1]
 13124 ;;		 -> ?_sprintf(2), 
 13125 ;; Return value:  Size  Location     Type
 13126 ;;                  2   27[BANK0 ] int 
 13127 ;; Registers used:
 13128 ;;		wreg, fsr0l, fsr0h, fsr1l, fsr1h, status,2, status,0, pclath, cstack
 13129 ;; Tracked objects:
 13130 ;;		On entry : 0/0
 13131 ;;		On exit  : 0/0
 13132 ;;		Unchanged: 0/0
 13133 ;; Data sizes:     COMMON   BANK0   BANK1   BANK2   BANK3   BANK4   BANK5   BANK6
 13134 ;;      Params:         0      13       0       0       0       0       0       0
 13135 ;;      Locals:         0      13       0       0       0       0       0       0
 13136 ;;      Temps:          0       1       0       0       0       0       0       0
 13137 ;;      Totals:         0      27       0       0       0       0       0       0
 13138 ;;Total ram usage:       27 bytes
 13139 ;; Hardware stack levels used: 1
 13140 ;; Hardware stack levels required when called: 8
 13141 ;; This function calls:
 13142 ;;		_vfprintf
 13143 ;; This function is called by:
 13144 ;;		_main
 13145 ;;		_DispNormal
 13146 ;;		_DispFunctionSet
 13147 ;;		_DispTimeAdjustment
 13148 ;; This function uses a non-reentrant model
 13149 ;;
 13150                           
 13151     0810                     _sprintf:	
 13152                           ;psect for function _sprintf
 13153                           
 13154                           
 13155                           ;incstack = 0
 13156                           ; Regs used in _sprintf: [wreg-fsr1h+status,2+status,0+pclath+cstack]
 13157                           ;sprintf@s stored from wreg
 13158     0810  0020               	movlb	0	; select bank0
 13159     0811  00D5               	movwf	sprintf@s
 13160     0812                     l5203:
 13161     0812  303D               	movlw	(low ((?_sprintf| 0+2)))& (0+255)
 13162     0813  00C9               	movwf	sprintf@ap
 13163     0814  0855               	movf	sprintf@s,w
 13164     0815  00CA               	movwf	sprintf@f
 13165     0816                     l5205:
 13166     0816  01CC               	clrf	sprintf@f+2
 13167     0817  01CD               	clrf	sprintf@f+3
 13168     0818                     l5207:
 13169     0818  01D3               	clrf	sprintf@f+9
 13170     0819  01D4               	clrf	sprintf@f+10
 13171     081A                     l5209:
 13172     081A  083C               	movf	sprintf@fmt+1,w
 13173     081B  00B5               	movwf	vfprintf@fmt+1
 13174     081C  083B               	movf	sprintf@fmt,w
 13175     081D  00B4               	movwf	vfprintf@fmt
 13176     081E  3049               	movlw	(low (sprintf@ap| 0))& (0+255)
 13177     081F  00B6               	movwf	vfprintf@ap
 13178     0820  304A               	movlw	(low (sprintf@f| 0))& (0+255)
 13179     0821  3197  27C7  3188   	fcall	_vfprintf
 13180     0824                     l5211:
 13181     0824  0020               	movlb	0	; select bank0
 13182     0825  084C               	movf	sprintf@f+2,w
 13183     0826  0755               	addwf	sprintf@s,w
 13184     0827  00C8               	movwf	??_sprintf
 13185     0828  0848               	movf	??_sprintf,w
 13186     0829  0086               	movwf	6
 13187     082A  3001               	movlw	1	; select bank2/3
 13188     082B  0087               	movwf	7
 13189     082C  0181               	clrf	1
 13190     082D                     l1582:
 13191     082D  0008               	return
 13192     082E                     __end_of_sprintf:
 13193                           
 13194                           	psect	text84
 13195     17C7                     __ptext84:	
 13196 ;; *************** function _vfprintf *****************
 13197 ;; Defined at:
 13198 ;;		line 1817 in file "C:\Program Files\Microchip\xc8\v2.46\pic\sources\c99\common\doprnt.c"
 13199 ;; Parameters:    Size  Location     Type
 13200 ;;  fp              1    wreg     PTR struct _IO_FILE
 13201 ;;		 -> sprintf@f(11), 
 13202 ;;  fmt             2   20[BANK0 ] PTR const unsigned char 
 13203 ;;		 -> STR_18(21), STR_17(21), STR_16(21), STR_13(17), 
 13204 ;;		 -> STR_12(17), STR_11(17), STR_10(21), STR_9(21), 
 13205 ;;		 -> STR_8(21), STR_5(17), STR_4(17), STR_3(17), 
 13206 ;;		 -> STR_2(17), STR_1(17), 
 13207 ;;  ap              1   22[BANK0 ] PTR PTR void 
 13208 ;;		 -> sprintf@ap(1), 
 13209 ;; Auto vars:     Size  Location     Type
 13210 ;;  fp              1   24[BANK0 ] PTR struct _IO_FILE
 13211 ;;		 -> sprintf@f(11), 
 13212 ;;  cfmt            2   25[BANK0 ] PTR unsigned char 
 13213 ;;		 -> STR_18(21), STR_17(21), STR_16(21), STR_13(17), 
 13214 ;;		 -> STR_12(17), STR_11(17), STR_10(21), STR_9(21), 
 13215 ;;		 -> STR_8(21), STR_5(17), STR_4(17), STR_3(17), 
 13216 ;;		 -> STR_2(17), STR_1(17), 
 13217 ;; Return value:  Size  Location     Type
 13218 ;;                  2   20[BANK0 ] int 
 13219 ;; Registers used:
 13220 ;;		wreg, fsr0l, fsr0h, fsr1l, fsr1h, status,2, status,0, pclath, cstack
 13221 ;; Tracked objects:
 13222 ;;		On entry : 0/0
 13223 ;;		On exit  : 0/0
 13224 ;;		Unchanged: 0/0
 13225 ;; Data sizes:     COMMON   BANK0   BANK1   BANK2   BANK3   BANK4   BANK5   BANK6
 13226 ;;      Params:         0       3       0       0       0       0       0       0
 13227 ;;      Locals:         0       3       0       0       0       0       0       0
 13228 ;;      Temps:          0       1       0       0       0       0       0       0
 13229 ;;      Totals:         0       7       0       0       0       0       0       0
 13230 ;;Total ram usage:        7 bytes
 13231 ;; Hardware stack levels used: 1
 13232 ;; Hardware stack levels required when called: 7
 13233 ;; This function calls:
 13234 ;;		_vfpfcnvrt
 13235 ;; This function is called by:
 13236 ;;		_sprintf
 13237 ;; This function uses a non-reentrant model
 13238 ;;
 13239                           
 13240     17C7                     _vfprintf:	
 13241                           ;psect for function _vfprintf
 13242                           
 13243                           
 13244                           ;incstack = 0
 13245                           ; Regs used in _vfprintf: [wreg-fsr1h+status,2+status,0+pclath+cstack]
 13246                           ;vfprintf@fp stored from wreg
 13247     17C7  0020               	movlb	0	; select bank0
 13248     17C8  00B8               	movwf	vfprintf@fp
 13249     17C9                     l5193:
 13250                           
 13251                           ;C:\Program Files\Microchip\xc8\v2.46\pic\sources\c99\common\doprnt.c: 1817: int vfprint
      +                          f(FILE *fp, const char *fmt, va_list ap);C:\Program Files\Microchip\xc8\v2.46\pic\source
      +                          s\c99\common\doprnt.c: 1818: {;C:\Program Files\Microchip\xc8\v2.46\pic\sources\c99\comm
      +                          on\doprnt.c: 1820:     char *cfmt;;C:\Program Files\Microchip\xc8\v2.46\pic\sources\c99\
      +                          common\doprnt.c: 1822:     cfmt = (char *)fmt;
 13252     17C9  0835               	movf	vfprintf@fmt+1,w
 13253     17CA  00BA               	movwf	vfprintf@cfmt+1
 13254     17CB  0834               	movf	vfprintf@fmt,w
 13255     17CC  00B9               	movwf	vfprintf@cfmt
 13256                           
 13257                           ;C:\Program Files\Microchip\xc8\v2.46\pic\sources\c99\common\doprnt.c: 1826:     while (
      +                          *cfmt) {
 13258     17CD  2FD6               	goto	l5197
 13259     17CE                     l5195:
 13260                           
 13261                           ;C:\Program Files\Microchip\xc8\v2.46\pic\sources\c99\common\doprnt.c: 1830:    vfpfcnvr
      +                          t(fp, &cfmt, ap);
 13262     17CE  3039               	movlw	(low (vfprintf@cfmt| 0))& (0+255)
 13263     17CF  00A4               	movwf	vfpfcnvrt@fmt
 13264     17D0  0836               	movf	vfprintf@ap,w
 13265     17D1  00A5               	movwf	vfpfcnvrt@ap
 13266     17D2  0838               	movf	vfprintf@fp,w
 13267     17D3  3182  2201  3197   	fcall	_vfpfcnvrt
 13268     17D6                     l5197:
 13269                           
 13270                           ;C:\Program Files\Microchip\xc8\v2.46\pic\sources\c99\common\doprnt.c: 1826:     while (
      +                          *cfmt) {
 13271     17D6  0020               	movlb	0	; select bank0
 13272     17D7  0839               	movf	vfprintf@cfmt,w
 13273     17D8  0084               	movwf	4
 13274     17D9  083A               	movf	vfprintf@cfmt+1,w
 13275     17DA  0085               	movwf	5
 13276     17DB  0012               	moviw fsr0++
 13277     17DC  1D03               	btfss	3,2
 13278     17DD  2FDF               	goto	u3801
 13279     17DE  2FE0               	goto	u3800
 13280     17DF                     u3801:
 13281     17DF  2FCE               	goto	l5195
 13282     17E0                     u3800:
 13283     17E0                     l5199:
 13284                           
 13285                           ;C:\Program Files\Microchip\xc8\v2.46\pic\sources\c99\common\doprnt.c: 1835:  return 0;
 13286     17E0  01B4               	clrf	?_vfprintf
 13287     17E1  01B5               	clrf	?_vfprintf+1
 13288     17E2                     l1633:
 13289     17E2  0008               	return
 13290     17E3                     __end_of_vfprintf:
 13291                           
 13292                           	psect	text85
 13293     0201                     __ptext85:	
 13294 ;; *************** function _vfpfcnvrt *****************
 13295 ;; Defined at:
 13296 ;;		line 1177 in file "C:\Program Files\Microchip\xc8\v2.46\pic\sources\c99\common\doprnt.c"
 13297 ;; Parameters:    Size  Location     Type
 13298 ;;  fp              1    wreg     PTR struct _IO_FILE
 13299 ;;		 -> sprintf@f(11), 
 13300 ;;  fmt             1    4[BANK0 ] PTR PTR unsigned char 
 13301 ;;		 -> vfprintf@cfmt(2), 
 13302 ;;  ap              1    5[BANK0 ] PTR PTR void 
 13303 ;;		 -> sprintf@ap(1), 
 13304 ;; Auto vars:     Size  Location     Type
 13305 ;;  fp              1   14[BANK0 ] PTR struct _IO_FILE
 13306 ;;		 -> sprintf@f(11), 
 13307 ;;  cp              1   10[BANK0 ] PTR unsigned char 
 13308 ;;		 -> ?_sprintf(2), DispTimeAdjustment@temp_str(3), DispNormal@temp_str(3), 
 13309 ;;  convarg         4   15[BANK0 ] struct .
 13310 ;;  cp              2   11[BANK0 ] PTR unsigned char 
 13311 ;;		 -> STR_18(21), STR_17(21), STR_16(21), STR_13(17), 
 13312 ;;		 -> STR_12(17), STR_11(17), STR_10(21), STR_9(21), 
 13313 ;;		 -> STR_8(21), STR_5(17), STR_4(17), STR_3(17), 
 13314 ;;		 -> STR_2(17), STR_1(17), 
 13315 ;;  c               1   19[BANK0 ] unsigned char 
 13316 ;;  done            1   13[BANK0 ] _Bool 
 13317 ;; Return value:  Size  Location     Type
 13318 ;;                  1    wreg      void 
 13319 ;; Registers used:
 13320 ;;		wreg, fsr0l, fsr0h, fsr1l, fsr1h, status,2, status,0, pclath, cstack
 13321 ;; Tracked objects:
 13322 ;;		On entry : 0/0
 13323 ;;		On exit  : 0/0
 13324 ;;		Unchanged: 0/0
 13325 ;; Data sizes:     COMMON   BANK0   BANK1   BANK2   BANK3   BANK4   BANK5   BANK6
 13326 ;;      Params:         0       2       0       0       0       0       0       0
 13327 ;;      Locals:         0      10       0       0       0       0       0       0
 13328 ;;      Temps:          0       4       0       0       0       0       0       0
 13329 ;;      Totals:         0      16       0       0       0       0       0       0
 13330 ;;Total ram usage:       16 bytes
 13331 ;; Hardware stack levels used: 1
 13332 ;; Hardware stack levels required when called: 6
 13333 ;; This function calls:
 13334 ;;		___awdiv
 13335 ;;		___awmod
 13336 ;;		_abs
 13337 ;;		_fputc
 13338 ;; This function is called by:
 13339 ;;		_vfprintf
 13340 ;; This function uses a non-reentrant model
 13341 ;;
 13342                           
 13343     0201                     _vfpfcnvrt:	
 13344                           ;psect for function _vfpfcnvrt
 13345                           
 13346                           
 13347                           ;incstack = 0
 13348                           ; Regs used in _vfpfcnvrt: [wreg-fsr1h+status,2+status,0+pclath+cstack]
 13349                           ;vfpfcnvrt@fp stored from wreg
 13350     0201  0020               	movlb	0	; select bank0
 13351     0202  00AE               	movwf	vfpfcnvrt@fp
 13352     0203                     l5017:
 13353                           
 13354                           ;C:\Program Files\Microchip\xc8\v2.46\pic\sources\c99\common\doprnt.c: 1177: vfpfcnvrt(F
      +                          ILE *fp, char *fmt[], va_list ap);C:\Program Files\Microchip\xc8\v2.46\pic\sources\c99\c
      +                          ommon\doprnt.c: 1178: {;C:\Program Files\Microchip\xc8\v2.46\pic\sources\c99\common\dopr
      +                          nt.c: 1179:     char c, *cp;;C:\Program Files\Microchip\xc8\v2.46\pic\sources\c99\common
      +                          \doprnt.c: 1180:     _Bool done;;C:\Program Files\Microchip\xc8\v2.46\pic\sources\c99\co
      +                          mmon\doprnt.c: 1188:  } convarg;;C:\Program Files\Microchip\xc8\v2.46\pic\sources\c99\co
      +                          mmon\doprnt.c: 1201:     if ((*fmt)[0] == '%') {
 13355     0203  0824               	movf	vfpfcnvrt@fmt,w
 13356     0204  0086               	movwf	6
 13357     0205  0187               	clrf	7
 13358     0206  3F40               	moviw [0]fsr1
 13359     0207  00A6               	movwf	??_vfpfcnvrt
 13360     0208  3F41               	moviw [1]fsr1
 13361     0209  00A7               	movwf	??_vfpfcnvrt+1
 13362     020A  0826               	movf	??_vfpfcnvrt,w
 13363     020B  0084               	movwf	4
 13364     020C  0827               	movf	??_vfpfcnvrt+1,w
 13365     020D  0085               	movwf	5
 13366     020E  0012               	moviw fsr0++
 13367     020F  3A25               	xorlw	37
 13368     0210  1D03               	btfss	3,2
 13369     0211  2A13               	goto	u3411
 13370     0212  2A14               	goto	u3410
 13371     0213                     u3411:
 13372     0213  2B65               	goto	l5091
 13373     0214                     u3410:
 13374     0214                     l5019:
 13375                           
 13376                           ;C:\Program Files\Microchip\xc8\v2.46\pic\sources\c99\common\doprnt.c: 1202:         ++*
      +                          fmt;
 13377     0214  0824               	movf	vfpfcnvrt@fmt,w
 13378     0215  0086               	movwf	6
 13379     0216  0187               	clrf	7
 13380     0217  3001               	movlw	1
 13381     0218  0781               	addwf	1,f
 13382     0219  3141               	addfsr 1,1
 13383     021A  1803               	skipnc
 13384     021B  0A81               	incf	1,f
 13385     021C                     l5021:
 13386                           
 13387                           ;C:\Program Files\Microchip\xc8\v2.46\pic\sources\c99\common\doprnt.c: 1204:         fla
      +                          gs = width = 0;
 13388     021C  0021               	movlb	1	; select bank1
 13389     021D  01B2               	clrf	_width^(0+128)
 13390     021E  01B3               	clrf	(_width+1)^(0+128)
 13391     021F  1003               	clrc
 13392     0220  3000               	movlw	0
 13393     0221  1803               	btfsc	3,0
 13394     0222  3001               	movlw	1
 13395     0223  00CE               	movwf	_flags^(0+128)
 13396     0224                     l5023:
 13397                           
 13398                           ;C:\Program Files\Microchip\xc8\v2.46\pic\sources\c99\common\doprnt.c: 1205:         pre
      +                          c = -1;
 13399     0224  30FF               	movlw	255
 13400     0225  00B4               	movwf	_prec^(0+128)
 13401     0226  30FF               	movlw	255
 13402     0227  00B5               	movwf	(_prec^(0+128)+1)
 13403     0228                     l5025:
 13404                           
 13405                           ;C:\Program Files\Microchip\xc8\v2.46\pic\sources\c99\common\doprnt.c: 1291:   cp = *fmt
      +                          ;
 13406     0228  0020               	movlb	0	; select bank0
 13407     0229  0824               	movf	vfpfcnvrt@fmt,w
 13408     022A  0086               	movwf	6
 13409     022B  0187               	clrf	7
 13410     022C  3F40               	moviw [0]fsr1
 13411     022D  00AB               	movwf	vfpfcnvrt@cp
 13412     022E  3F41               	moviw [1]fsr1
 13413     022F  00AC               	movwf	vfpfcnvrt@cp+1
 13414     0230                     l5027:
 13415                           
 13416                           ;C:\Program Files\Microchip\xc8\v2.46\pic\sources\c99\common\doprnt.c: 1361:   if (*cp =
      +                          = 'd' || *cp == 'i') {
 13417     0230  082B               	movf	vfpfcnvrt@cp,w
 13418     0231  0084               	movwf	4
 13419     0232  082C               	movf	vfpfcnvrt@cp+1,w
 13420     0233  0085               	movwf	5
 13421     0234  0012               	moviw fsr0++
 13422     0235  3A64               	xorlw	100
 13423     0236  1903               	btfsc	3,2
 13424     0237  2A39               	goto	u3421
 13425     0238  2A3A               	goto	u3420
 13426     0239                     u3421:
 13427     0239  2A44               	goto	l5031
 13428     023A                     u3420:
 13429     023A                     l5029:
 13430     023A  082B               	movf	vfpfcnvrt@cp,w
 13431     023B  0084               	movwf	4
 13432     023C  082C               	movf	vfpfcnvrt@cp+1,w
 13433     023D  0085               	movwf	5
 13434     023E  0012               	moviw fsr0++
 13435     023F  3A69               	xorlw	105
 13436     0240  1D03               	btfss	3,2
 13437     0241  2A43               	goto	u3431
 13438     0242  2A44               	goto	u3430
 13439     0243                     u3431:
 13440     0243  2AD0               	goto	l5059
 13441     0244                     u3430:
 13442     0244                     l5031:
 13443                           
 13444                           ;C:\Program Files\Microchip\xc8\v2.46\pic\sources\c99\common\doprnt.c: 1404:    convarg.
      +                          sint = (vfpf_sint_t)(int)(*(int *)__va_arg(*(int **)ap, (int)0));
 13445     0244  0825               	movf	vfpfcnvrt@ap,w
 13446     0245  0086               	movwf	6
 13447     0246  0187               	clrf	7
 13448     0247  0801               	movf	1,w
 13449     0248  0084               	movwf	4
 13450     0249  0185               	clrf	5
 13451     024A  3002               	movlw	2
 13452     024B  0781               	addwf	1,f
 13453     024C  3F00               	moviw [0]fsr0
 13454     024D  00AF               	movwf	vfpfcnvrt@convarg
 13455     024E  3F01               	moviw [1]fsr0
 13456     024F  00B0               	movwf	vfpfcnvrt@convarg+1
 13457     0250                     l5033:
 13458                           
 13459                           ;C:\Program Files\Microchip\xc8\v2.46\pic\sources\c99\common\doprnt.c: 1406:    *fmt = c
      +                          p+1;
 13460     0250  082B               	movf	vfpfcnvrt@cp,w
 13461     0251  3E01               	addlw	1
 13462     0252  00A6               	movwf	??_vfpfcnvrt
 13463     0253  3000               	movlw	0
 13464     0254  3D2C               	addwfc	vfpfcnvrt@cp+1,w
 13465     0255  00A7               	movwf	??_vfpfcnvrt+1
 13466     0256  0824               	movf	vfpfcnvrt@fmt,w
 13467     0257  0086               	movwf	6
 13468     0258  0187               	clrf	7
 13469     0259  0826               	movf	??_vfpfcnvrt,w
 13470     025A  3FC0               	movwi [0]fsr1
 13471     025B  0827               	movf	??_vfpfcnvrt+1,w
 13472     025C  3FC1               	movwi [1]fsr1
 13473     025D                     l5035:
 13474                           
 13475                           ;C:\Program Files\Microchip\xc8\v2.46\pic\sources\c99\common\doprnt.c: 1408:    c = size
      +                          of(dbuf);
 13476     025D  3020               	movlw	32
 13477     025E  00B3               	movwf	vfpfcnvrt@c
 13478     025F                     l5037:
 13479                           
 13480                           ;C:\Program Files\Microchip\xc8\v2.46\pic\sources\c99\common\doprnt.c: 1409:    done = c
      +                          onvarg.sint < 0;
 13481     025F  1BB0               	btfsc	vfpfcnvrt@convarg+1,7
 13482     0260  2A62               	goto	u3441
 13483     0261  2A64               	goto	u3440
 13484     0262                     u3441:
 13485     0262  3001               	movlw	1
 13486     0263  2A65               	goto	u3450
 13487     0264                     u3440:
 13488     0264  3000               	movlw	0
 13489     0265                     u3450:
 13490     0265  00AD               	movwf	vfpfcnvrt@done
 13491     0266                     l5039:
 13492                           
 13493                           ;C:\Program Files\Microchip\xc8\v2.46\pic\sources\c99\common\doprnt.c: 1411:     dbuf[--
      +                          c] = abs(convarg.sint % 10) + '0';
 13494     0266  3001               	movlw	1
 13495     0267  02B3               	subwf	vfpfcnvrt@c,f
 13496     0268  0833               	movf	vfpfcnvrt@c,w
 13497     0269  3EA0               	addlw	(low (_dbuf| (0+256)))& (0+255)
 13498     026A  0086               	movwf	6
 13499     026B  3001               	movlw	1	; select bank3/4
 13500     026C  0087               	movwf	7
 13501     026D  300A               	movlw	10
 13502     026E  00F2               	movwf	___awmod@divisor
 13503     026F  3000               	movlw	0
 13504     0270  00F3               	movwf	___awmod@divisor+1
 13505     0271  0830               	movf	vfpfcnvrt@convarg+1,w
 13506     0272  00F5               	movwf	___awmod@dividend+1
 13507     0273  082F               	movf	vfpfcnvrt@convarg,w
 13508     0274  00F4               	movwf	___awmod@dividend
 13509     0275  318C  2418  3182   	fcall	___awmod
 13510     0278  0873               	movf	?___awmod+1,w
 13511     0279  0020               	movlb	0	; select bank0
 13512     027A  00A1               	movwf	abs@a+1
 13513     027B  0872               	movf	?___awmod,w
 13514     027C  00A0               	movwf	abs@a
 13515     027D  3196  26A4  3182   	fcall	_abs
 13516     0280  0020               	movlb	0	; select bank0
 13517     0281  0820               	movf	?_abs,w
 13518     0282  3E30               	addlw	48
 13519     0283  0081               	movwf	1
 13520     0284                     l5041:
 13521                           
 13522                           ;C:\Program Files\Microchip\xc8\v2.46\pic\sources\c99\common\doprnt.c: 1412:     convarg
      +                          .sint /= 10;
 13523     0284  300A               	movlw	10
 13524     0285  00F2               	movwf	___awdiv@divisor
 13525     0286  3000               	movlw	0
 13526     0287  00F3               	movwf	___awdiv@divisor+1
 13527     0288  0830               	movf	vfpfcnvrt@convarg+1,w
 13528     0289  00F5               	movwf	___awdiv@dividend+1
 13529     028A  082F               	movf	vfpfcnvrt@convarg,w
 13530     028B  00F4               	movwf	___awdiv@dividend
 13531     028C  318D  257D  3182   	fcall	___awdiv
 13532     028F  0873               	movf	?___awdiv+1,w
 13533     0290  0020               	movlb	0	; select bank0
 13534     0291  00B0               	movwf	vfpfcnvrt@convarg+1
 13535     0292  0872               	movf	?___awdiv,w
 13536     0293  00AF               	movwf	vfpfcnvrt@convarg
 13537     0294                     l5043:
 13538                           
 13539                           ;C:\Program Files\Microchip\xc8\v2.46\pic\sources\c99\common\doprnt.c: 1416:    } while 
      +                          (convarg.sint != 0 && c != 0);
 13540     0294  082F               	movf	vfpfcnvrt@convarg,w
 13541     0295  0430               	iorwf	vfpfcnvrt@convarg+1,w
 13542     0296  1903               	btfsc	3,2
 13543     0297  2A99               	goto	u3461
 13544     0298  2A9A               	goto	u3460
 13545     0299                     u3461:
 13546     0299  2A9F               	goto	l5047
 13547     029A                     u3460:
 13548     029A                     l5045:
 13549     029A  0833               	movf	vfpfcnvrt@c,w
 13550     029B  1D03               	btfss	3,2
 13551     029C  2A9E               	goto	u3471
 13552     029D  2A9F               	goto	u3470
 13553     029E                     u3471:
 13554     029E  2A66               	goto	l5039
 13555     029F                     u3470:
 13556     029F                     l5047:
 13557                           
 13558                           ;C:\Program Files\Microchip\xc8\v2.46\pic\sources\c99\common\doprnt.c: 1417:    if (c !=
      +                           0 && done) {
 13559     029F  0833               	movf	vfpfcnvrt@c,w
 13560     02A0  1903               	btfsc	3,2
 13561     02A1  2AA3               	goto	u3481
 13562     02A2  2AA4               	goto	u3480
 13563     02A3                     u3481:
 13564     02A3  2AC9               	goto	l5057
 13565     02A4                     u3480:
 13566     02A4                     l5049:
 13567     02A4  082D               	movf	vfpfcnvrt@done,w
 13568     02A5  1903               	btfsc	3,2
 13569     02A6  2AA8               	goto	u3491
 13570     02A7  2AA9               	goto	u3490
 13571     02A8                     u3491:
 13572     02A8  2AC9               	goto	l5057
 13573     02A9                     u3490:
 13574     02A9                     l5051:
 13575                           
 13576                           ;C:\Program Files\Microchip\xc8\v2.46\pic\sources\c99\common\doprnt.c: 1418:     dbuf[--
      +                          c] = '-';
 13577     02A9  3001               	movlw	1
 13578     02AA  02B3               	subwf	vfpfcnvrt@c,f
 13579     02AB  0833               	movf	vfpfcnvrt@c,w
 13580     02AC  3EA0               	addlw	(low (_dbuf| (0+256)))& (0+255)
 13581     02AD  0086               	movwf	6
 13582     02AE  3001               	movlw	1	; select bank3/4
 13583     02AF  0087               	movwf	7
 13584     02B0  302D               	movlw	45
 13585     02B1  0081               	movwf	1
 13586     02B2  2AC9               	goto	l5057
 13587     02B3                     l5053:
 13588                           
 13589                           ;C:\Program Files\Microchip\xc8\v2.46\pic\sources\c99\common\doprnt.c: 1424:     fputc(d
      +                          buf[c++], fp);
 13590     02B3  0833               	movf	vfpfcnvrt@c,w
 13591     02B4  3EA0               	addlw	(low (_dbuf| (0+256)))& (0+255)
 13592     02B5  0086               	movwf	6
 13593     02B6  3001               	movlw	1	; select bank3/4
 13594     02B7  0087               	movwf	7
 13595     02B8  0801               	movf	1,w
 13596     02B9  00A6               	movwf	??_vfpfcnvrt
 13597     02BA  01A7               	clrf	??_vfpfcnvrt+1
 13598     02BB  0826               	movf	??_vfpfcnvrt,w
 13599     02BC  00F2               	movwf	fputc@c
 13600     02BD  0827               	movf	??_vfpfcnvrt+1,w
 13601     02BE  00F3               	movwf	fputc@c+1
 13602     02BF  082E               	movf	vfpfcnvrt@fp,w
 13603     02C0  00F4               	movwf	fputc@fp
 13604     02C1  318B  23C7  3182   	fcall	_fputc
 13605     02C4                     l5055:
 13606     02C4  3001               	movlw	1
 13607     02C5  0020               	movlb	0	; select bank0
 13608     02C6  00A6               	movwf	??_vfpfcnvrt
 13609     02C7  0826               	movf	??_vfpfcnvrt,w
 13610     02C8  07B3               	addwf	vfpfcnvrt@c,f
 13611     02C9                     l5057:
 13612                           
 13613                           ;C:\Program Files\Microchip\xc8\v2.46\pic\sources\c99\common\doprnt.c: 1423:    while (c
      +                           != sizeof(dbuf)) {
 13614     02C9  3020               	movlw	32
 13615     02CA  0633               	xorwf	vfpfcnvrt@c,w
 13616     02CB  1D03               	btfss	3,2
 13617     02CC  2ACE               	goto	u3501
 13618     02CD  2ACF               	goto	u3500
 13619     02CE                     u3501:
 13620     02CE  2AB3               	goto	l5053
 13621     02CF                     u3500:
 13622     02CF  2B7D               	goto	l1620
 13623     02D0                     l5059:
 13624                           
 13625                           ;C:\Program Files\Microchip\xc8\v2.46\pic\sources\c99\common\doprnt.c: 1656:   done = 0;
 13626     02D0  01AD               	clrf	vfpfcnvrt@done
 13627     02D1                     l5061:
 13628                           
 13629                           ;C:\Program Files\Microchip\xc8\v2.46\pic\sources\c99\common\doprnt.c: 1657:   if ((*fmt
      +                          )[0] == 's') {
 13630     02D1  0824               	movf	vfpfcnvrt@fmt,w
 13631     02D2  0086               	movwf	6
 13632     02D3  0187               	clrf	7
 13633     02D4  3F40               	moviw [0]fsr1
 13634     02D5  00A6               	movwf	??_vfpfcnvrt
 13635     02D6  3F41               	moviw [1]fsr1
 13636     02D7  00A7               	movwf	??_vfpfcnvrt+1
 13637     02D8  0826               	movf	??_vfpfcnvrt,w
 13638     02D9  0084               	movwf	4
 13639     02DA  0827               	movf	??_vfpfcnvrt+1,w
 13640     02DB  0085               	movwf	5
 13641     02DC  0012               	moviw fsr0++
 13642     02DD  3A73               	xorlw	115
 13643     02DE  1D03               	btfss	3,2
 13644     02DF  2AE1               	goto	u3511
 13645     02E0  2AE2               	goto	u3510
 13646     02E1                     u3511:
 13647     02E1  2AED               	goto	l5067
 13648     02E2                     u3510:
 13649     02E2                     l5063:
 13650                           
 13651                           ;C:\Program Files\Microchip\xc8\v2.46\pic\sources\c99\common\doprnt.c: 1658:    ++*fmt;
 13652     02E2  0824               	movf	vfpfcnvrt@fmt,w
 13653     02E3  0086               	movwf	6
 13654     02E4  0187               	clrf	7
 13655     02E5  3001               	movlw	1
 13656     02E6  0781               	addwf	1,f
 13657     02E7  3141               	addfsr 1,1
 13658     02E8  1803               	skipnc
 13659     02E9  0A81               	incf	1,f
 13660     02EA                     l5065:
 13661                           
 13662                           ;C:\Program Files\Microchip\xc8\v2.46\pic\sources\c99\common\doprnt.c: 1659:    done = 1
      +                          ;
 13663     02EA  01AD               	clrf	vfpfcnvrt@done
 13664     02EB  0AAD               	incf	vfpfcnvrt@done,f
 13665                           
 13666                           ;C:\Program Files\Microchip\xc8\v2.46\pic\sources\c99\common\doprnt.c: 1660:   }
 13667     02EC  2B2F               	goto	l5077
 13668     02ED                     l5067:
 13669     02ED  0824               	movf	vfpfcnvrt@fmt,w
 13670     02EE  0086               	movwf	6
 13671     02EF  0187               	clrf	7
 13672     02F0  3F40               	moviw [0]fsr1
 13673     02F1  00A6               	movwf	??_vfpfcnvrt
 13674     02F2  3F41               	moviw [1]fsr1
 13675     02F3  00A7               	movwf	??_vfpfcnvrt+1
 13676     02F4  0826               	movf	??_vfpfcnvrt,w
 13677     02F5  0084               	movwf	4
 13678     02F6  0827               	movf	??_vfpfcnvrt+1,w
 13679     02F7  0085               	movwf	5
 13680     02F8  0012               	moviw fsr0++
 13681     02F9  3A6C               	xorlw	108
 13682     02FA  1D03               	btfss	3,2
 13683     02FB  2AFD               	goto	u3521
 13684     02FC  2AFE               	goto	u3520
 13685     02FD                     u3521:
 13686     02FD  2B2F               	goto	l5077
 13687     02FE                     u3520:
 13688     02FE                     l5069:
 13689     02FE  0824               	movf	vfpfcnvrt@fmt,w
 13690     02FF  0086               	movwf	6
 13691     0300  0187               	clrf	7
 13692     0301  3F40               	moviw [0]fsr1
 13693     0302  00A6               	movwf	??_vfpfcnvrt
 13694     0303  3F41               	moviw [1]fsr1
 13695     0304  00A7               	movwf	??_vfpfcnvrt+1
 13696     0305  3001               	movlw	1
 13697     0306  0726               	addwf	??_vfpfcnvrt,w
 13698     0307  0084               	movwf	4
 13699     0308  0827               	movf	??_vfpfcnvrt+1,w
 13700     0309  1803               	skipnc
 13701     030A  0A27               	incf	??_vfpfcnvrt+1,w
 13702     030B  0085               	movwf	5
 13703     030C  0012               	moviw fsr0++
 13704     030D  3A6C               	xorlw	108
 13705     030E  1D03               	btfss	3,2
 13706     030F  2B11               	goto	u3531
 13707     0310  2B12               	goto	u3530
 13708     0311                     u3531:
 13709     0311  2B2F               	goto	l5077
 13710     0312                     u3530:
 13711     0312                     l5071:
 13712     0312  0824               	movf	vfpfcnvrt@fmt,w
 13713     0313  0086               	movwf	6
 13714     0314  0187               	clrf	7
 13715     0315  3F40               	moviw [0]fsr1
 13716     0316  00A6               	movwf	??_vfpfcnvrt
 13717     0317  3F41               	moviw [1]fsr1
 13718     0318  00A7               	movwf	??_vfpfcnvrt+1
 13719     0319  3002               	movlw	2
 13720     031A  0726               	addwf	??_vfpfcnvrt,w
 13721     031B  0084               	movwf	4
 13722     031C  0827               	movf	??_vfpfcnvrt+1,w
 13723     031D  1803               	skipnc
 13724     031E  0A27               	incf	??_vfpfcnvrt+1,w
 13725     031F  0085               	movwf	5
 13726     0320  0012               	moviw fsr0++
 13727     0321  3A73               	xorlw	115
 13728     0322  1D03               	btfss	3,2
 13729     0323  2B25               	goto	u3541
 13730     0324  2B26               	goto	u3540
 13731     0325                     u3541:
 13732     0325  2B2F               	goto	l5077
 13733     0326                     u3540:
 13734     0326                     l5073:
 13735                           
 13736                           ;C:\Program Files\Microchip\xc8\v2.46\pic\sources\c99\common\doprnt.c: 1662:    *fmt += 
      +                          3;
 13737     0326  0824               	movf	vfpfcnvrt@fmt,w
 13738     0327  0086               	movwf	6
 13739     0328  0187               	clrf	7
 13740     0329  3003               	movlw	3
 13741     032A  0781               	addwf	1,f
 13742     032B  3141               	addfsr 1,1
 13743     032C  1803               	skipnc
 13744     032D  0A81               	incf	1,f
 13745     032E  2AEA               	goto	l5065
 13746     032F                     l5077:
 13747                           
 13748                           ;C:\Program Files\Microchip\xc8\v2.46\pic\sources\c99\common\doprnt.c: 1665:   if (done)
      +                           {
 13749     032F  082D               	movf	vfpfcnvrt@done,w
 13750     0330  1903               	btfsc	3,2
 13751     0331  2B33               	goto	u3551
 13752     0332  2B34               	goto	u3550
 13753     0333                     u3551:
 13754     0333  2B5B               	goto	l5087
 13755     0334                     u3550:
 13756     0334                     l5079:
 13757                           
 13758                           ;C:\Program Files\Microchip\xc8\v2.46\pic\sources\c99\common\doprnt.c: 1669:    for (cha
      +                          r * cp = (*(char * *)__va_arg(*(char * **)ap, (char *)0)); *cp != '\0'; cp++) {
 13759     0334  0825               	movf	vfpfcnvrt@ap,w
 13760     0335  0086               	movwf	6
 13761     0336  0187               	clrf	7
 13762     0337  3F40               	moviw [0]fsr1
 13763     0338  0084               	movwf	4
 13764     0339  0185               	clrf	5
 13765     033A  0A81               	incf	1,f
 13766     033B  0800               	movf	0,w
 13767     033C  00AA               	movwf	vfpfcnvrt@cp_1944
 13768     033D  2B52               	goto	l5085
 13769     033E                     l5081:
 13770                           
 13771                           ;C:\Program Files\Microchip\xc8\v2.46\pic\sources\c99\common\doprnt.c: 1670:     fputc(*
      +                          cp, fp);
 13772     033E  082A               	movf	vfpfcnvrt@cp_1944,w
 13773     033F  0086               	movwf	6
 13774     0340  0187               	clrf	7
 13775     0341  0801               	movf	1,w
 13776     0342  00A6               	movwf	??_vfpfcnvrt
 13777     0343  01A7               	clrf	??_vfpfcnvrt+1
 13778     0344  0826               	movf	??_vfpfcnvrt,w
 13779     0345  00F2               	movwf	fputc@c
 13780     0346  0827               	movf	??_vfpfcnvrt+1,w
 13781     0347  00F3               	movwf	fputc@c+1
 13782     0348  082E               	movf	vfpfcnvrt@fp,w
 13783     0349  00F4               	movwf	fputc@fp
 13784     034A  318B  23C7  3182   	fcall	_fputc
 13785     034D                     l5083:
 13786                           
 13787                           ;C:\Program Files\Microchip\xc8\v2.46\pic\sources\c99\common\doprnt.c: 1674:    }
 13788     034D  3001               	movlw	1
 13789     034E  0020               	movlb	0	; select bank0
 13790     034F  00A6               	movwf	??_vfpfcnvrt
 13791     0350  0826               	movf	??_vfpfcnvrt,w
 13792     0351  07AA               	addwf	vfpfcnvrt@cp_1944,f
 13793     0352                     l5085:
 13794     0352  082A               	movf	vfpfcnvrt@cp_1944,w
 13795     0353  0086               	movwf	6
 13796     0354  0187               	clrf	7
 13797     0355  0801               	movf	1,w
 13798     0356  1D03               	btfss	3,2
 13799     0357  2B59               	goto	u3561
 13800     0358  2B5A               	goto	u3560
 13801     0359                     u3561:
 13802     0359  2B3E               	goto	l5081
 13803     035A                     u3560:
 13804     035A  2B7D               	goto	l1620
 13805     035B                     l5087:
 13806                           
 13807                           ;C:\Program Files\Microchip\xc8\v2.46\pic\sources\c99\common\doprnt.c: 1806:         ++*
      +                          fmt;
 13808     035B  0020               	movlb	0	; select bank0
 13809     035C  0824               	movf	vfpfcnvrt@fmt,w
 13810     035D  0086               	movwf	6
 13811     035E  0187               	clrf	7
 13812     035F  3001               	movlw	1
 13813     0360  0781               	addwf	1,f
 13814     0361  3141               	addfsr 1,1
 13815     0362  1803               	skipnc
 13816     0363  0A81               	incf	1,f
 13817     0364  2B7D               	goto	l1620
 13818     0365                     l5091:
 13819                           
 13820                           ;C:\Program Files\Microchip\xc8\v2.46\pic\sources\c99\common\doprnt.c: 1811:     fputc((
      +                          int)(*fmt)[0], fp);
 13821     0365  0824               	movf	vfpfcnvrt@fmt,w
 13822     0366  0086               	movwf	6
 13823     0367  0187               	clrf	7
 13824     0368  3F40               	moviw [0]fsr1
 13825     0369  00A6               	movwf	??_vfpfcnvrt
 13826     036A  3F41               	moviw [1]fsr1
 13827     036B  00A7               	movwf	??_vfpfcnvrt+1
 13828     036C  0826               	movf	??_vfpfcnvrt,w
 13829     036D  0084               	movwf	4
 13830     036E  0827               	movf	??_vfpfcnvrt+1,w
 13831     036F  0085               	movwf	5
 13832     0370  0800               	movf	0,w	;code access
 13833     0371  00A8               	movwf	??_vfpfcnvrt+2
 13834     0372  01A9               	clrf	??_vfpfcnvrt+3
 13835     0373  0828               	movf	??_vfpfcnvrt+2,w
 13836     0374  00F2               	movwf	fputc@c
 13837     0375  0829               	movf	??_vfpfcnvrt+3,w
 13838     0376  00F3               	movwf	fputc@c+1
 13839     0377  082E               	movf	vfpfcnvrt@fp,w
 13840     0378  00F4               	movwf	fputc@fp
 13841     0379  318B  23C7  3182   	fcall	_fputc
 13842     037C  2B5B               	goto	l5087
 13843     037D                     l1620:
 13844     037D  0008               	return
 13845     037E                     __end_of_vfpfcnvrt:
 13846                           
 13847                           	psect	text86
 13848     0BC7                     __ptext86:	
 13849 ;; *************** function _fputc *****************
 13850 ;; Defined at:
 13851 ;;		line 8 in file "C:\Program Files\Microchip\xc8\v2.46\pic\sources\c99\common\nf_fputc.c"
 13852 ;; Parameters:    Size  Location     Type
 13853 ;;  c               2    2[COMMON] int 
 13854 ;;  fp              1    4[COMMON] PTR struct _IO_FILE
 13855 ;;		 -> sprintf@f(11), 
 13856 ;; Auto vars:     Size  Location     Type
 13857 ;;		None
 13858 ;; Return value:  Size  Location     Type
 13859 ;;                  2    2[COMMON] int 
 13860 ;; Registers used:
 13861 ;;		wreg, fsr0l, fsr0h, fsr1l, fsr1h, status,2, status,0, pclath, cstack
 13862 ;; Tracked objects:
 13863 ;;		On entry : 0/0
 13864 ;;		On exit  : 0/0
 13865 ;;		Unchanged: 0/0
 13866 ;; Data sizes:     COMMON   BANK0   BANK1   BANK2   BANK3   BANK4   BANK5   BANK6
 13867 ;;      Params:         3       0       0       0       0       0       0       0
 13868 ;;      Locals:         0       0       0       0       0       0       0       0
 13869 ;;      Temps:          5       0       0       0       0       0       0       0
 13870 ;;      Totals:         8       0       0       0       0       0       0       0
 13871 ;;Total ram usage:        8 bytes
 13872 ;; Hardware stack levels used: 1
 13873 ;; Hardware stack levels required when called: 5
 13874 ;; This function calls:
 13875 ;;		_putch
 13876 ;; This function is called by:
 13877 ;;		_vfpfcnvrt
 13878 ;; This function uses a non-reentrant model
 13879 ;;
 13880                           
 13881     0BC7                     _fputc:	
 13882                           ;psect for function _fputc
 13883                           
 13884     0BC7                     l3669:	
 13885                           ;incstack = 0
 13886                           ; Regs used in _fputc: [wreg-fsr1h+status,2+status,0+pclath+cstack]
 13887                           
 13888     0BC7  0874               	movf	fputc@fp,w
 13889     0BC8  1903               	btfsc	3,2
 13890     0BC9  2BCB               	goto	u1831
 13891     0BCA  2BCC               	goto	u1830
 13892     0BCB                     u1831:
 13893     0BCB  2BD1               	goto	l3673
 13894     0BCC                     u1830:
 13895     0BCC                     l3671:
 13896     0BCC  0874               	movf	fputc@fp,w
 13897     0BCD  1D03               	btfss	3,2
 13898     0BCE  2BD0               	goto	u1841
 13899     0BCF  2BD1               	goto	u1840
 13900     0BD0                     u1841:
 13901     0BD0  2BD6               	goto	l3675
 13902     0BD1                     u1840:
 13903     0BD1                     l3673:
 13904     0BD1  0872               	movf	fputc@c,w
 13905     0BD2  3195  2586  318B   	fcall	_putch
 13906     0BD5  2C17               	goto	l1652
 13907     0BD6                     l3675:
 13908     0BD6  0874               	movf	fputc@fp,w
 13909     0BD7  3E09               	addlw	9
 13910     0BD8  0086               	movwf	6
 13911     0BD9  0187               	clrf	7
 13912     0BDA  0016               	moviw fsr1++
 13913     0BDB  0401               	iorwf	1,w
 13914     0BDC  1903               	btfsc	3,2
 13915     0BDD  2BDF               	goto	u1851
 13916     0BDE  2BE0               	goto	u1850
 13917     0BDF                     u1851:
 13918     0BDF  2BFE               	goto	l3679
 13919     0BE0                     u1850:
 13920     0BE0                     l3677:
 13921     0BE0  0874               	movf	fputc@fp,w
 13922     0BE1  3E09               	addlw	9
 13923     0BE2  0086               	movwf	6
 13924     0BE3  0187               	clrf	7
 13925     0BE4  3F40               	moviw [0]fsr1
 13926     0BE5  00F5               	movwf	??_fputc
 13927     0BE6  3F41               	moviw [1]fsr1
 13928     0BE7  00F6               	movwf	??_fputc+1
 13929     0BE8  0874               	movf	fputc@fp,w
 13930     0BE9  3E02               	addlw	2
 13931     0BEA  0086               	movwf	6
 13932     0BEB  0187               	clrf	7
 13933     0BEC  3F40               	moviw [0]fsr1
 13934     0BED  00F7               	movwf	??_fputc+2
 13935     0BEE  3F41               	moviw [1]fsr1
 13936     0BEF  00F8               	movwf	??_fputc+3
 13937     0BF0  0878               	movf	??_fputc+3,w
 13938     0BF1  3A80               	xorlw	128
 13939     0BF2  00F9               	movwf	??_fputc+4
 13940     0BF3  0876               	movf	??_fputc+1,w
 13941     0BF4  3A80               	xorlw	128
 13942     0BF5  0279               	subwf	??_fputc+4,w
 13943     0BF6  1D03               	skipz
 13944     0BF7  2BFA               	goto	u1865
 13945     0BF8  0875               	movf	??_fputc,w
 13946     0BF9  0277               	subwf	??_fputc+2,w
 13947     0BFA                     u1865:
 13948     0BFA  1803               	skipnc
 13949     0BFB  2BFD               	goto	u1861
 13950     0BFC  2BFE               	goto	u1860
 13951     0BFD                     u1861:
 13952     0BFD  2C17               	goto	l1652
 13953     0BFE                     u1860:
 13954     0BFE                     l3679:
 13955     0BFE  0874               	movf	fputc@fp,w
 13956     0BFF  0086               	movwf	6
 13957     0C00  0187               	clrf	7
 13958     0C01  0874               	movf	fputc@fp,w
 13959     0C02  3E02               	addlw	2
 13960     0C03  0084               	movwf	4
 13961     0C04  0185               	clrf	5
 13962     0C05  0800               	movf	0,w
 13963     0C06  0701               	addwf	1,w
 13964     0C07  00F5               	movwf	??_fputc
 13965     0C08  0875               	movf	??_fputc,w
 13966     0C09  0086               	movwf	6
 13967     0C0A  3001               	movlw	1	; select bank2/3
 13968     0C0B  0087               	movwf	7
 13969     0C0C  0872               	movf	fputc@c,w
 13970     0C0D  0081               	movwf	1
 13971     0C0E                     l3681:
 13972     0C0E  0874               	movf	fputc@fp,w
 13973     0C0F  3E02               	addlw	2
 13974     0C10  0086               	movwf	6
 13975     0C11  0187               	clrf	7
 13976     0C12  3001               	movlw	1
 13977     0C13  0781               	addwf	1,f
 13978     0C14  3141               	addfsr 1,1
 13979     0C15  1803               	skipnc
 13980     0C16  0A81               	incf	1,f
 13981     0C17                     l1652:
 13982     0C17  0008               	return
 13983     0C18                     __end_of_fputc:
 13984                           
 13985                           	psect	text87
 13986     1586                     __ptext87:	
 13987 ;; *************** function _putch *****************
 13988 ;; Defined at:
 13989 ;;		line 7 in file "C:\Program Files\Microchip\xc8\v2.46\pic\sources\c99\common\putch.c"
 13990 ;; Parameters:    Size  Location     Type
 13991 ;;  c               1    wreg     unsigned char 
 13992 ;; Auto vars:     Size  Location     Type
 13993 ;;  c               1    0[COMMON] unsigned char 
 13994 ;; Return value:  Size  Location     Type
 13995 ;;                  1    wreg      void 
 13996 ;; Registers used:
 13997 ;;		wreg
 13998 ;; Tracked objects:
 13999 ;;		On entry : 0/0
 14000 ;;		On exit  : 0/0
 14001 ;;		Unchanged: 0/0
 14002 ;; Data sizes:     COMMON   BANK0   BANK1   BANK2   BANK3   BANK4   BANK5   BANK6
 14003 ;;      Params:         0       0       0       0       0       0       0       0
 14004 ;;      Locals:         0       0       0       0       0       0       0       0
 14005 ;;      Temps:          0       0       0       0       0       0       0       0
 14006 ;;      Totals:         0       0       0       0       0       0       0       0
 14007 ;;Total ram usage:        0 bytes
 14008 ;; Hardware stack levels used: 1
 14009 ;; Hardware stack levels required when called: 4
 14010 ;; This function calls:
 14011 ;;		Nothing
 14012 ;; This function is called by:
 14013 ;;		_fputc
 14014 ;; This function uses a non-reentrant model
 14015 ;;
 14016                           
 14017     1586                     _putch:	
 14018                           ;psect for function _putch
 14019                           
 14020     1586                     l1663:	
 14021                           ;incstack = 0
 14022                           ; Regs used in _putch: [wreg]
 14023                           
 14024     1586  0008               	return
 14025     1587                     __end_of_putch:
 14026                           
 14027                           	psect	text88
 14028     16A4                     __ptext88:	
 14029 ;; *************** function _abs *****************
 14030 ;; Defined at:
 14031 ;;		line 1 in file "C:\Program Files\Microchip\xc8\v2.46\pic\sources\c99\common\abs.c"
 14032 ;; Parameters:    Size  Location     Type
 14033 ;;  a               2    0[BANK0 ] int 
 14034 ;; Auto vars:     Size  Location     Type
 14035 ;;		None
 14036 ;; Return value:  Size  Location     Type
 14037 ;;                  2    0[BANK0 ] int 
 14038 ;; Registers used:
 14039 ;;		wreg, status,2, status,0
 14040 ;; Tracked objects:
 14041 ;;		On entry : 0/0
 14042 ;;		On exit  : 0/0
 14043 ;;		Unchanged: 0/0
 14044 ;; Data sizes:     COMMON   BANK0   BANK1   BANK2   BANK3   BANK4   BANK5   BANK6
 14045 ;;      Params:         0       2       0       0       0       0       0       0
 14046 ;;      Locals:         0       0       0       0       0       0       0       0
 14047 ;;      Temps:          0       2       0       0       0       0       0       0
 14048 ;;      Totals:         0       4       0       0       0       0       0       0
 14049 ;;Total ram usage:        4 bytes
 14050 ;; Hardware stack levels used: 1
 14051 ;; Hardware stack levels required when called: 4
 14052 ;; This function calls:
 14053 ;;		Nothing
 14054 ;; This function is called by:
 14055 ;;		_vfpfcnvrt
 14056 ;; This function uses a non-reentrant model
 14057 ;;
 14058                           
 14059     16A4                     _abs:	
 14060                           ;psect for function _abs
 14061                           
 14062     16A4                     l4995:	
 14063                           ;incstack = 0
 14064                           ; Regs used in _abs: [wreg+status,2+status,0]
 14065                           
 14066     16A4  0020               	movlb	0	; select bank0
 14067     16A5  1BA1               	btfsc	abs@a+1,7
 14068     16A6  2EA8               	goto	u3381
 14069     16A7  2EA9               	goto	u3380
 14070     16A8                     u3381:
 14071     16A8  2EAA               	goto	l4999
 14072     16A9                     u3380:
 14073     16A9                     l4997:
 14074     16A9  2EB5               	goto	l1640
 14075     16AA                     l4999:
 14076     16AA  0920               	comf	abs@a,w
 14077     16AB  00A2               	movwf	??_abs
 14078     16AC  0921               	comf	abs@a+1,w
 14079     16AD  00A3               	movwf	??_abs+1
 14080     16AE  0AA2               	incf	??_abs,f
 14081     16AF  1903               	skipnz
 14082     16B0  0AA3               	incf	??_abs+1,f
 14083     16B1  0822               	movf	??_abs,w
 14084     16B2  00A0               	movwf	?_abs
 14085     16B3  0823               	movf	??_abs+1,w
 14086     16B4  00A1               	movwf	?_abs+1
 14087     16B5                     l1640:
 14088     16B5  0008               	return
 14089     16B6                     __end_of_abs:
 14090                           
 14091                           	psect	text89
 14092     0C18                     __ptext89:	
 14093 ;; *************** function ___awmod *****************
 14094 ;; Defined at:
 14095 ;;		line 5 in file "C:\Program Files\Microchip\xc8\v2.46\pic\sources\c99\common\awmod.c"
 14096 ;; Parameters:    Size  Location     Type
 14097 ;;  divisor         2    2[COMMON] int 
 14098 ;;  dividend        2    4[COMMON] int 
 14099 ;; Auto vars:     Size  Location     Type
 14100 ;;  sign            1    8[COMMON] unsigned char 
 14101 ;;  counter         1    7[COMMON] unsigned char 
 14102 ;; Return value:  Size  Location     Type
 14103 ;;                  2    2[COMMON] int 
 14104 ;; Registers used:
 14105 ;;		wreg, status,2, status,0
 14106 ;; Tracked objects:
 14107 ;;		On entry : 0/0
 14108 ;;		On exit  : 0/0
 14109 ;;		Unchanged: 0/0
 14110 ;; Data sizes:     COMMON   BANK0   BANK1   BANK2   BANK3   BANK4   BANK5   BANK6
 14111 ;;      Params:         4       0       0       0       0       0       0       0
 14112 ;;      Locals:         2       0       0       0       0       0       0       0
 14113 ;;      Temps:          1       0       0       0       0       0       0       0
 14114 ;;      Totals:         7       0       0       0       0       0       0       0
 14115 ;;Total ram usage:        7 bytes
 14116 ;; Hardware stack levels used: 1
 14117 ;; Hardware stack levels required when called: 4
 14118 ;; This function calls:
 14119 ;;		Nothing
 14120 ;; This function is called by:
 14121 ;;		_vfpfcnvrt
 14122 ;; This function uses a non-reentrant model
 14123 ;;
 14124                           
 14125     0C18                     ___awmod:	
 14126                           ;psect for function ___awmod
 14127                           
 14128     0C18                     l3631:	
 14129                           ;incstack = 0
 14130                           ; Regs used in ___awmod: [wreg+status,2+status,0]
 14131                           
 14132     0C18  01F8               	clrf	___awmod@sign
 14133     0C19                     l3633:
 14134     0C19  1FF5               	btfss	___awmod@dividend+1,7
 14135     0C1A  2C1C               	goto	u1741
 14136     0C1B  2C1D               	goto	u1740
 14137     0C1C                     u1741:
 14138     0C1C  2C24               	goto	l3639
 14139     0C1D                     u1740:
 14140     0C1D                     l3635:
 14141     0C1D  09F4               	comf	___awmod@dividend,f
 14142     0C1E  09F5               	comf	___awmod@dividend+1,f
 14143     0C1F  0AF4               	incf	___awmod@dividend,f
 14144     0C20  1903               	skipnz
 14145     0C21  0AF5               	incf	___awmod@dividend+1,f
 14146     0C22                     l3637:
 14147     0C22  01F8               	clrf	___awmod@sign
 14148     0C23  0AF8               	incf	___awmod@sign,f
 14149     0C24                     l3639:
 14150     0C24  1FF3               	btfss	___awmod@divisor+1,7
 14151     0C25  2C27               	goto	u1751
 14152     0C26  2C28               	goto	u1750
 14153     0C27                     u1751:
 14154     0C27  2C2D               	goto	l3643
 14155     0C28                     u1750:
 14156     0C28                     l3641:
 14157     0C28  09F2               	comf	___awmod@divisor,f
 14158     0C29  09F3               	comf	___awmod@divisor+1,f
 14159     0C2A  0AF2               	incf	___awmod@divisor,f
 14160     0C2B  1903               	skipnz
 14161     0C2C  0AF3               	incf	___awmod@divisor+1,f
 14162     0C2D                     l3643:
 14163     0C2D  0872               	movf	___awmod@divisor,w
 14164     0C2E  0473               	iorwf	___awmod@divisor+1,w
 14165     0C2F  1903               	btfsc	3,2
 14166     0C30  2C32               	goto	u1761
 14167     0C31  2C33               	goto	u1760
 14168     0C32                     u1761:
 14169     0C32  2C5C               	goto	l3661
 14170     0C33                     u1760:
 14171     0C33                     l3645:
 14172     0C33  01F7               	clrf	___awmod@counter
 14173     0C34  0AF7               	incf	___awmod@counter,f
 14174     0C35  2C3F               	goto	l3651
 14175     0C36                     l3647:
 14176     0C36  3001               	movlw	1
 14177     0C37                     u1775:
 14178     0C37  35F2               	lslf	___awmod@divisor,f
 14179     0C38  0DF3               	rlf	___awmod@divisor+1,f
 14180     0C39  0B89               	decfsz	9,f
 14181     0C3A  2C37               	goto	u1775
 14182     0C3B                     l3649:
 14183     0C3B  3001               	movlw	1
 14184     0C3C  00F6               	movwf	??___awmod
 14185     0C3D  0876               	movf	??___awmod,w
 14186     0C3E  07F7               	addwf	___awmod@counter,f
 14187     0C3F                     l3651:
 14188     0C3F  1FF3               	btfss	___awmod@divisor+1,7
 14189     0C40  2C42               	goto	u1781
 14190     0C41  2C43               	goto	u1780
 14191     0C42                     u1781:
 14192     0C42  2C36               	goto	l3647
 14193     0C43                     u1780:
 14194     0C43                     l3653:
 14195     0C43  0873               	movf	___awmod@divisor+1,w
 14196     0C44  0275               	subwf	___awmod@dividend+1,w
 14197     0C45  1D03               	skipz
 14198     0C46  2C49               	goto	u1795
 14199     0C47  0872               	movf	___awmod@divisor,w
 14200     0C48  0274               	subwf	___awmod@dividend,w
 14201     0C49                     u1795:
 14202     0C49  1C03               	skipc
 14203     0C4A  2C4C               	goto	u1791
 14204     0C4B  2C4D               	goto	u1790
 14205     0C4C                     u1791:
 14206     0C4C  2C51               	goto	l3657
 14207     0C4D                     u1790:
 14208     0C4D                     l3655:
 14209     0C4D  0872               	movf	___awmod@divisor,w
 14210     0C4E  02F4               	subwf	___awmod@dividend,f
 14211     0C4F  0873               	movf	___awmod@divisor+1,w
 14212     0C50  3BF5               	subwfb	___awmod@dividend+1,f
 14213     0C51                     l3657:
 14214     0C51  3001               	movlw	1
 14215     0C52                     u1805:
 14216     0C52  36F3               	lsrf	___awmod@divisor+1,f
 14217     0C53  0CF2               	rrf	___awmod@divisor,f
 14218     0C54  0B89               	decfsz	9,f
 14219     0C55  2C52               	goto	u1805
 14220     0C56                     l3659:
 14221     0C56  3001               	movlw	1
 14222     0C57  02F7               	subwf	___awmod@counter,f
 14223     0C58  1D03               	btfss	3,2
 14224     0C59  2C5B               	goto	u1811
 14225     0C5A  2C5C               	goto	u1810
 14226     0C5B                     u1811:
 14227     0C5B  2C43               	goto	l3653
 14228     0C5C                     u1810:
 14229     0C5C                     l3661:
 14230     0C5C  0878               	movf	___awmod@sign,w
 14231     0C5D  1903               	btfsc	3,2
 14232     0C5E  2C60               	goto	u1821
 14233     0C5F  2C61               	goto	u1820
 14234     0C60                     u1821:
 14235     0C60  2C66               	goto	l3665
 14236     0C61                     u1820:
 14237     0C61                     l3663:
 14238     0C61  09F4               	comf	___awmod@dividend,f
 14239     0C62  09F5               	comf	___awmod@dividend+1,f
 14240     0C63  0AF4               	incf	___awmod@dividend,f
 14241     0C64  1903               	skipnz
 14242     0C65  0AF5               	incf	___awmod@dividend+1,f
 14243     0C66                     l3665:
 14244     0C66  0875               	movf	___awmod@dividend+1,w
 14245     0C67  00F3               	movwf	?___awmod+1
 14246     0C68  0874               	movf	___awmod@dividend,w
 14247     0C69  00F2               	movwf	?___awmod
 14248     0C6A                     l1285:
 14249     0C6A  0008               	return
 14250     0C6B                     __end_of___awmod:
 14251                           
 14252                           	psect	text90
 14253     0D7D                     __ptext90:	
 14254 ;; *************** function ___awdiv *****************
 14255 ;; Defined at:
 14256 ;;		line 5 in file "C:\Program Files\Microchip\xc8\v2.46\pic\sources\c99\common\awdiv.c"
 14257 ;; Parameters:    Size  Location     Type
 14258 ;;  divisor         2    2[COMMON] int 
 14259 ;;  dividend        2    4[COMMON] int 
 14260 ;; Auto vars:     Size  Location     Type
 14261 ;;  quotient        2    2[BANK0 ] int 
 14262 ;;  sign            1    1[BANK0 ] unsigned char 
 14263 ;;  counter         1    0[BANK0 ] unsigned char 
 14264 ;; Return value:  Size  Location     Type
 14265 ;;                  2    2[COMMON] int 
 14266 ;; Registers used:
 14267 ;;		wreg, status,2, status,0
 14268 ;; Tracked objects:
 14269 ;;		On entry : 0/0
 14270 ;;		On exit  : 0/0
 14271 ;;		Unchanged: 0/0
 14272 ;; Data sizes:     COMMON   BANK0   BANK1   BANK2   BANK3   BANK4   BANK5   BANK6
 14273 ;;      Params:         4       0       0       0       0       0       0       0
 14274 ;;      Locals:         0       4       0       0       0       0       0       0
 14275 ;;      Temps:          1       0       0       0       0       0       0       0
 14276 ;;      Totals:         5       4       0       0       0       0       0       0
 14277 ;;Total ram usage:        9 bytes
 14278 ;; Hardware stack levels used: 1
 14279 ;; Hardware stack levels required when called: 4
 14280 ;; This function calls:
 14281 ;;		Nothing
 14282 ;; This function is called by:
 14283 ;;		_vfpfcnvrt
 14284 ;; This function uses a non-reentrant model
 14285 ;;
 14286                           
 14287     0D7D                     ___awdiv:	
 14288                           ;psect for function ___awdiv
 14289                           
 14290     0D7D                     l4951:	
 14291                           ;incstack = 0
 14292                           ; Regs used in ___awdiv: [wreg+status,2+status,0]
 14293                           
 14294     0D7D  0020               	movlb	0	; select bank0
 14295     0D7E  01A1               	clrf	___awdiv@sign
 14296     0D7F                     l4953:
 14297     0D7F  1FF3               	btfss	___awdiv@divisor+1,7
 14298     0D80  2D82               	goto	u3281
 14299     0D81  2D83               	goto	u3280
 14300     0D82                     u3281:
 14301     0D82  2D8A               	goto	l4959
 14302     0D83                     u3280:
 14303     0D83                     l4955:
 14304     0D83  09F2               	comf	___awdiv@divisor,f
 14305     0D84  09F3               	comf	___awdiv@divisor+1,f
 14306     0D85  0AF2               	incf	___awdiv@divisor,f
 14307     0D86  1903               	skipnz
 14308     0D87  0AF3               	incf	___awdiv@divisor+1,f
 14309     0D88                     l4957:
 14310     0D88  01A1               	clrf	___awdiv@sign
 14311     0D89  0AA1               	incf	___awdiv@sign,f
 14312     0D8A                     l4959:
 14313     0D8A  1FF5               	btfss	___awdiv@dividend+1,7
 14314     0D8B  2D8D               	goto	u3291
 14315     0D8C  2D8E               	goto	u3290
 14316     0D8D                     u3291:
 14317     0D8D  2D97               	goto	l4965
 14318     0D8E                     u3290:
 14319     0D8E                     l4961:
 14320     0D8E  09F4               	comf	___awdiv@dividend,f
 14321     0D8F  09F5               	comf	___awdiv@dividend+1,f
 14322     0D90  0AF4               	incf	___awdiv@dividend,f
 14323     0D91  1903               	skipnz
 14324     0D92  0AF5               	incf	___awdiv@dividend+1,f
 14325     0D93                     l4963:
 14326     0D93  3001               	movlw	1
 14327     0D94  00F6               	movwf	??___awdiv
 14328     0D95  0876               	movf	??___awdiv,w
 14329     0D96  06A1               	xorwf	___awdiv@sign,f
 14330     0D97                     l4965:
 14331     0D97  01A2               	clrf	___awdiv@quotient
 14332     0D98  01A3               	clrf	___awdiv@quotient+1
 14333     0D99                     l4967:
 14334     0D99  0872               	movf	___awdiv@divisor,w
 14335     0D9A  0473               	iorwf	___awdiv@divisor+1,w
 14336     0D9B  1903               	btfsc	3,2
 14337     0D9C  2D9E               	goto	u3301
 14338     0D9D  2D9F               	goto	u3300
 14339     0D9E                     u3301:
 14340     0D9E  2DCE               	goto	l4987
 14341     0D9F                     u3300:
 14342     0D9F                     l4969:
 14343     0D9F  01A0               	clrf	___awdiv@counter
 14344     0DA0  0AA0               	incf	___awdiv@counter,f
 14345     0DA1  2DAB               	goto	l4975
 14346     0DA2                     l4971:
 14347     0DA2  3001               	movlw	1
 14348     0DA3                     u3315:
 14349     0DA3  35F2               	lslf	___awdiv@divisor,f
 14350     0DA4  0DF3               	rlf	___awdiv@divisor+1,f
 14351     0DA5  0B89               	decfsz	9,f
 14352     0DA6  2DA3               	goto	u3315
 14353     0DA7                     l4973:
 14354     0DA7  3001               	movlw	1
 14355     0DA8  00F6               	movwf	??___awdiv
 14356     0DA9  0876               	movf	??___awdiv,w
 14357     0DAA  07A0               	addwf	___awdiv@counter,f
 14358     0DAB                     l4975:
 14359     0DAB  1FF3               	btfss	___awdiv@divisor+1,7
 14360     0DAC  2DAE               	goto	u3321
 14361     0DAD  2DAF               	goto	u3320
 14362     0DAE                     u3321:
 14363     0DAE  2DA2               	goto	l4971
 14364     0DAF                     u3320:
 14365     0DAF                     l4977:
 14366     0DAF  3001               	movlw	1
 14367     0DB0                     u3335:
 14368     0DB0  35A2               	lslf	___awdiv@quotient,f
 14369     0DB1  0DA3               	rlf	___awdiv@quotient+1,f
 14370     0DB2  0B89               	decfsz	9,f
 14371     0DB3  2DB0               	goto	u3335
 14372     0DB4  0873               	movf	___awdiv@divisor+1,w
 14373     0DB5  0275               	subwf	___awdiv@dividend+1,w
 14374     0DB6  1D03               	skipz
 14375     0DB7  2DBA               	goto	u3345
 14376     0DB8  0872               	movf	___awdiv@divisor,w
 14377     0DB9  0274               	subwf	___awdiv@dividend,w
 14378     0DBA                     u3345:
 14379     0DBA  1C03               	skipc
 14380     0DBB  2DBD               	goto	u3341
 14381     0DBC  2DBE               	goto	u3340
 14382     0DBD                     u3341:
 14383     0DBD  2DC3               	goto	l4983
 14384     0DBE                     u3340:
 14385     0DBE                     l4979:
 14386     0DBE  0872               	movf	___awdiv@divisor,w
 14387     0DBF  02F4               	subwf	___awdiv@dividend,f
 14388     0DC0  0873               	movf	___awdiv@divisor+1,w
 14389     0DC1  3BF5               	subwfb	___awdiv@dividend+1,f
 14390     0DC2                     l4981:
 14391     0DC2  1422               	bsf	___awdiv@quotient,0
 14392     0DC3                     l4983:
 14393     0DC3  3001               	movlw	1
 14394     0DC4                     u3355:
 14395     0DC4  36F3               	lsrf	___awdiv@divisor+1,f
 14396     0DC5  0CF2               	rrf	___awdiv@divisor,f
 14397     0DC6  0B89               	decfsz	9,f
 14398     0DC7  2DC4               	goto	u3355
 14399     0DC8                     l4985:
 14400     0DC8  3001               	movlw	1
 14401     0DC9  02A0               	subwf	___awdiv@counter,f
 14402     0DCA  1D03               	btfss	3,2
 14403     0DCB  2DCD               	goto	u3361
 14404     0DCC  2DCE               	goto	u3360
 14405     0DCD                     u3361:
 14406     0DCD  2DAF               	goto	l4977
 14407     0DCE                     u3360:
 14408     0DCE                     l4987:
 14409     0DCE  0821               	movf	___awdiv@sign,w
 14410     0DCF  1903               	btfsc	3,2
 14411     0DD0  2DD2               	goto	u3371
 14412     0DD1  2DD3               	goto	u3370
 14413     0DD2                     u3371:
 14414     0DD2  2DD8               	goto	l4991
 14415     0DD3                     u3370:
 14416     0DD3                     l4989:
 14417     0DD3  09A2               	comf	___awdiv@quotient,f
 14418     0DD4  09A3               	comf	___awdiv@quotient+1,f
 14419     0DD5  0AA2               	incf	___awdiv@quotient,f
 14420     0DD6  1903               	skipnz
 14421     0DD7  0AA3               	incf	___awdiv@quotient+1,f
 14422     0DD8                     l4991:
 14423     0DD8  0823               	movf	___awdiv@quotient+1,w
 14424     0DD9  00F3               	movwf	?___awdiv+1
 14425     0DDA  0822               	movf	___awdiv@quotient,w
 14426     0DDB  00F2               	movwf	?___awdiv
 14427     0DDC                     l1272:
 14428     0DDC  0008               	return
 14429     0DDD                     __end_of___awdiv:
 14430                           
 14431                           	psect	intentry
 14432     0004                     __pintentry:	
 14433 ;; *************** function _INTERRUPT_InterruptManager *****************
 14434 ;; Defined at:
 14435 ;;		line 52 in file "mcc_generated_files/interrupt_manager.c"
 14436 ;; Parameters:    Size  Location     Type
 14437 ;;		None
 14438 ;; Auto vars:     Size  Location     Type
 14439 ;;		None
 14440 ;; Return value:  Size  Location     Type
 14441 ;;                  1    wreg      void 
 14442 ;; Registers used:
 14443 ;;		wreg, status,2, status,0, pclath, cstack
 14444 ;; Tracked objects:
 14445 ;;		On entry : 0/0
 14446 ;;		On exit  : 0/0
 14447 ;;		Unchanged: 0/0
 14448 ;; Data sizes:     COMMON   BANK0   BANK1   BANK2   BANK3   BANK4   BANK5   BANK6
 14449 ;;      Params:         0       0       0       0       0       0       0       0
 14450 ;;      Locals:         0       0       0       0       0       0       0       0
 14451 ;;      Temps:          0       0       0       0       0       0       0       0
 14452 ;;      Totals:         0       0       0       0       0       0       0       0
 14453 ;;Total ram usage:        0 bytes
 14454 ;; Hardware stack levels used: 1
 14455 ;; Hardware stack levels required when called: 3
 14456 ;; This function calls:
 14457 ;;		_TMR0_ISR
 14458 ;;		_TMR1_ISR
 14459 ;; This function is called by:
 14460 ;;		Interrupt level 1
 14461 ;; This function uses a non-reentrant model
 14462 ;;
 14463                           
 14464     0004                     _INTERRUPT_InterruptManager:
 14465                           
 14466                           ;incstack = 0
 14467     0004  147E               	bsf	int$flags,0	;set compiler interrupt flag (level 1)
 14468                           
 14469                           ; Regs used in _INTERRUPT_InterruptManager: [wreg+status,2+status,0+pclath+cstack]
 14470     0005  3180               	pagesel	$
 14471     0006                     i1l4561:
 14472                           
 14473                           ;mcc_generated_files/interrupt_manager.c: 55:     if(INTCONbits.TMR0IE == 1 && INTCONbit
      +                          s.TMR0IF == 1)
 14474     0006  1E8B               	btfss	11,5	;volatile
 14475     0007  2809               	goto	u311_21
 14476     0008  280A               	goto	u311_20
 14477     0009                     u311_21:
 14478     0009  2812               	goto	i1l439
 14479     000A                     u311_20:
 14480     000A                     i1l4563:
 14481     000A  1D0B               	btfss	11,2	;volatile
 14482     000B  280D               	goto	u312_21
 14483     000C  280E               	goto	u312_20
 14484     000D                     u312_21:
 14485     000D  2812               	goto	i1l439
 14486     000E                     u312_20:
 14487     000E                     i1l4565:
 14488                           
 14489                           ;mcc_generated_files/interrupt_manager.c: 56:     {;mcc_generated_files/interrupt_manage
      +                          r.c: 57:         TMR0_ISR();
 14490     000E  3197  2760  3180   	fcall	_TMR0_ISR
 14491                           
 14492                           ;mcc_generated_files/interrupt_manager.c: 58:     }
 14493     0011  2824               	goto	i1l445
 14494     0012                     i1l439:	
 14495                           ;mcc_generated_files/interrupt_manager.c: 59:     else if(INTCONbits.PEIE == 1)
 14496                           
 14497     0012  1F0B               	btfss	11,6	;volatile
 14498     0013  2815               	goto	u313_21
 14499     0014  2816               	goto	u313_20
 14500     0015                     u313_21:
 14501     0015  2824               	goto	i1l445
 14502     0016                     u313_20:
 14503     0016                     i1l4567:
 14504                           
 14505                           ;mcc_generated_files/interrupt_manager.c: 60:     {;mcc_generated_files/interrupt_manage
      +                          r.c: 61:         if(PIE1bits.TMR1IE == 1 && PIR1bits.TMR1IF == 1)
 14506     0016  0021               	movlb	1	; select bank1
 14507     0017  1C11               	btfss	17,0	;volatile
 14508     0018  281A               	goto	u314_21
 14509     0019  281B               	goto	u314_20
 14510     001A                     u314_21:
 14511     001A  2824               	goto	i1l444
 14512     001B                     u314_20:
 14513     001B                     i1l4569:
 14514     001B  0020               	movlb	0	; select bank0
 14515     001C  1C11               	btfss	17,0	;volatile
 14516     001D  281F               	goto	u315_21
 14517     001E  2820               	goto	u315_20
 14518     001F                     u315_21:
 14519     001F  2824               	goto	i1l444
 14520     0020                     u315_20:
 14521     0020                     i1l4571:
 14522                           
 14523                           ;mcc_generated_files/interrupt_manager.c: 62:         {;mcc_generated_files/interrupt_ma
      +                          nager.c: 63:             TMR1_ISR();
 14524     0020  3197  2731  3180   	fcall	_TMR1_ISR
 14525                           
 14526                           ;mcc_generated_files/interrupt_manager.c: 64:         }
 14527     0023  2824               	goto	i1l445
 14528     0024                     i1l444:	
 14529                           ;mcc_generated_files/interrupt_manager.c: 71:     {;mcc_generated_files/interrupt_manage
      +                          r.c: 73:     }
 14530                           
 14531     0024                     i1l445:
 14532     0024  107E               	bcf	int$flags,0	;clear compiler interrupt flag (level 1)
 14533     0025  0009               	retfie
 14534     0026                     __end_of_INTERRUPT_InterruptManager:
 14535                           
 14536                           	psect	text92
 14537     1731                     __ptext92:	
 14538 ;; *************** function _TMR1_ISR *****************
 14539 ;; Defined at:
 14540 ;;		line 157 in file "mcc_generated_files/tmr1.c"
 14541 ;; Parameters:    Size  Location     Type
 14542 ;;		None
 14543 ;; Auto vars:     Size  Location     Type
 14544 ;;		None
 14545 ;; Return value:  Size  Location     Type
 14546 ;;                  1    wreg      void 
 14547 ;; Registers used:
 14548 ;;		wreg, status,2, status,0, pclath, cstack
 14549 ;; Tracked objects:
 14550 ;;		On entry : 0/0
 14551 ;;		On exit  : 0/0
 14552 ;;		Unchanged: 0/0
 14553 ;; Data sizes:     COMMON   BANK0   BANK1   BANK2   BANK3   BANK4   BANK5   BANK6
 14554 ;;      Params:         0       0       0       0       0       0       0       0
 14555 ;;      Locals:         0       0       0       0       0       0       0       0
 14556 ;;      Temps:          0       0       0       0       0       0       0       0
 14557 ;;      Totals:         0       0       0       0       0       0       0       0
 14558 ;;Total ram usage:        0 bytes
 14559 ;; Hardware stack levels used: 1
 14560 ;; Hardware stack levels required when called: 2
 14561 ;; This function calls:
 14562 ;;		NULL
 14563 ;;		_TMR1_10msEven
 14564 ;;		_TMR1_WriteTimer
 14565 ;; This function is called by:
 14566 ;;		_INTERRUPT_InterruptManager
 14567 ;; This function uses a non-reentrant model
 14568 ;;
 14569                           
 14570     1731                     _TMR1_ISR:	
 14571                           ;psect for function _TMR1_ISR
 14572                           
 14573     1731                     i1l4135:	
 14574                           ;incstack = 0
 14575                           ; Regs used in _TMR1_ISR: [wreg+status,2+status,0+pclath+cstack]
 14576                           
 14577                           
 14578                           ;mcc_generated_files/tmr1.c: 161:     PIR1bits.TMR1IF = 0;
 14579     1731  0020               	movlb	0	; select bank0
 14580     1732  1011               	bcf	17,0	;volatile
 14581     1733                     i1l4137:
 14582                           
 14583                           ;mcc_generated_files/tmr1.c: 162:     TMR1_WriteTimer(timer1ReloadVal);
 14584     1733  0021               	movlb	1	; select bank1
 14585     1734  084D               	movf	(_timer1ReloadVal+1)^(0+128),w	;volatile
 14586     1735  00F1               	movwf	TMR1_WriteTimer@timerVal+1
 14587     1736  084C               	movf	_timer1ReloadVal^(0+128),w	;volatile
 14588     1737  00F0               	movwf	TMR1_WriteTimer@timerVal
 14589     1738  3196  2682  3197   	fcall	_TMR1_WriteTimer
 14590     173B                     i1l4139:
 14591                           
 14592                           ;mcc_generated_files/tmr1.c: 164:     if(TMR1_InterruptHandler)
 14593     173B  0021               	movlb	1	; select bank1
 14594     173C  084A               	movf	_TMR1_InterruptHandler^(0+128),w
 14595     173D  044B               	iorwf	(_TMR1_InterruptHandler+1)^(0+128),w
 14596     173E  1903               	btfsc	3,2
 14597     173F  2F41               	goto	u249_21
 14598     1740  2F42               	goto	u249_20
 14599     1741                     u249_21:
 14600     1741  2F47               	goto	i1l418
 14601     1742                     u249_20:
 14602     1742                     i1l4141:
 14603                           
 14604                           ;mcc_generated_files/tmr1.c: 165:     {;mcc_generated_files/tmr1.c: 166:         TMR1_In
      +                          terruptHandler();
 14605     1742  084B               	movf	(_TMR1_InterruptHandler+1)^(0+128),w
 14606     1743  008A               	movwf	10
 14607     1744  084A               	movf	_TMR1_InterruptHandler^(0+128),w
 14608     1745  000A               	callw
 14609     1746  3197               	pagesel	$
 14610     1747                     i1l418:
 14611     1747  0008               	return
 14612     1748                     __end_of_TMR1_ISR:
 14613                           
 14614                           	psect	text93
 14615     1682                     __ptext93:	
 14616 ;; *************** function _TMR1_WriteTimer *****************
 14617 ;; Defined at:
 14618 ;;		line 120 in file "mcc_generated_files/tmr1.c"
 14619 ;; Parameters:    Size  Location     Type
 14620 ;;  timerVal        2    0[COMMON] unsigned short 
 14621 ;; Auto vars:     Size  Location     Type
 14622 ;;		None
 14623 ;; Return value:  Size  Location     Type
 14624 ;;                  1    wreg      void 
 14625 ;; Registers used:
 14626 ;;		wreg, status,2
 14627 ;; Tracked objects:
 14628 ;;		On entry : 0/0
 14629 ;;		On exit  : 0/0
 14630 ;;		Unchanged: 0/0
 14631 ;; Data sizes:     COMMON   BANK0   BANK1   BANK2   BANK3   BANK4   BANK5   BANK6
 14632 ;;      Params:         2       0       0       0       0       0       0       0
 14633 ;;      Locals:         0       0       0       0       0       0       0       0
 14634 ;;      Temps:          0       0       0       0       0       0       0       0
 14635 ;;      Totals:         2       0       0       0       0       0       0       0
 14636 ;;Total ram usage:        2 bytes
 14637 ;; Hardware stack levels used: 1
 14638 ;; This function calls:
 14639 ;;		Nothing
 14640 ;; This function is called by:
 14641 ;;		_TMR1_ISR
 14642 ;; This function uses a non-reentrant model
 14643 ;;
 14644                           
 14645     1682                     _TMR1_WriteTimer:	
 14646                           ;psect for function _TMR1_WriteTimer
 14647                           
 14648     1682                     i1l3987:	
 14649                           ;incstack = 0
 14650                           ; Regs used in _TMR1_WriteTimer: [wreg+status,2]
 14651                           
 14652                           
 14653                           ;mcc_generated_files/tmr1.c: 120: void TMR1_WriteTimer(uint16_t timerVal);mcc_generated_
      +                          files/tmr1.c: 121: {;mcc_generated_files/tmr1.c: 122:     if (T1CONbits.nT1SYNC == 1)
 14654     1682  0020               	movlb	0	; select bank0
 14655     1683  1D18               	btfss	24,2	;volatile
 14656     1684  2E86               	goto	u237_21
 14657     1685  2E87               	goto	u237_20
 14658     1686                     u237_21:
 14659     1686  2E8E               	goto	i1l3997
 14660     1687                     u237_20:
 14661     1687                     i1l3989:
 14662                           
 14663                           ;mcc_generated_files/tmr1.c: 123:     {;mcc_generated_files/tmr1.c: 125:         T1CONbi
      +                          ts.TMR1ON = 0;
 14664     1687  1018               	bcf	24,0	;volatile
 14665     1688                     i1l3991:
 14666                           
 14667                           ;mcc_generated_files/tmr1.c: 128:         TMR1H = (uint8_t)(timerVal >> 8);
 14668     1688  0871               	movf	TMR1_WriteTimer@timerVal+1,w
 14669     1689  0097               	movwf	23	;volatile
 14670     168A                     i1l3993:
 14671                           
 14672                           ;mcc_generated_files/tmr1.c: 129:         TMR1L = (uint8_t)timerVal;
 14673     168A  0870               	movf	TMR1_WriteTimer@timerVal,w
 14674     168B  0096               	movwf	22	;volatile
 14675     168C                     i1l3995:
 14676                           
 14677                           ;mcc_generated_files/tmr1.c: 132:         T1CONbits.TMR1ON =1;
 14678     168C  1418               	bsf	24,0	;volatile
 14679                           
 14680                           ;mcc_generated_files/tmr1.c: 133:     }
 14681     168D  2E92               	goto	i1l408
 14682     168E                     i1l3997:
 14683                           
 14684                           ;mcc_generated_files/tmr1.c: 135:     {;mcc_generated_files/tmr1.c: 137:         TMR1H =
      +                           (uint8_t)(timerVal >> 8);
 14685     168E  0871               	movf	TMR1_WriteTimer@timerVal+1,w
 14686     168F  0097               	movwf	23	;volatile
 14687     1690                     i1l3999:
 14688                           
 14689                           ;mcc_generated_files/tmr1.c: 138:         TMR1L = (uint8_t)timerVal;
 14690     1690  0870               	movf	TMR1_WriteTimer@timerVal,w
 14691     1691  0096               	movwf	22	;volatile
 14692     1692                     i1l408:
 14693     1692  0008               	return
 14694     1693                     __end_of_TMR1_WriteTimer:
 14695                           
 14696                           	psect	text94
 14697     0E3F                     __ptext94:	
 14698 ;; *************** function _TMR1_10msEven *****************
 14699 ;; Defined at:
 14700 ;;		line 40 in file "TimerEven.c"
 14701 ;; Parameters:    Size  Location     Type
 14702 ;;		None
 14703 ;; Auto vars:     Size  Location     Type
 14704 ;;		None
 14705 ;; Return value:  Size  Location     Type
 14706 ;;                  1    wreg      void 
 14707 ;; Registers used:
 14708 ;;		wreg, status,2, status,0, pclath, cstack
 14709 ;; Tracked objects:
 14710 ;;		On entry : 0/0
 14711 ;;		On exit  : 0/0
 14712 ;;		Unchanged: 0/0
 14713 ;; Data sizes:     COMMON   BANK0   BANK1   BANK2   BANK3   BANK4   BANK5   BANK6
 14714 ;;      Params:         0       0       0       0       0       0       0       0
 14715 ;;      Locals:         0       0       0       0       0       0       0       0
 14716 ;;      Temps:          0       0       0       0       0       0       0       0
 14717 ;;      Totals:         0       0       0       0       0       0       0       0
 14718 ;;Total ram usage:        0 bytes
 14719 ;; Hardware stack levels used: 1
 14720 ;; Hardware stack levels required when called: 1
 14721 ;; This function calls:
 14722 ;;		_KeepTimerCounter
 14723 ;; This function is called by:
 14724 ;;		_main
 14725 ;;		_TMR1_ISR
 14726 ;; This function uses a non-reentrant model
 14727 ;;
 14728                           
 14729     0E3F                     _TMR1_10msEven:	
 14730                           ;psect for function _TMR1_10msEven
 14731                           
 14732     0E3F                     i1l4041:	
 14733                           ;incstack = 0
 14734                           ; Regs used in _TMR1_10msEven: [wreg+status,2+status,0+pclath+cstack]
 14735                           
 14736                           
 14737                           ;TimerEven.c: 41:   T1_10ms_cnt++;
 14738     0E3F  3001               	movlw	1
 14739     0E40  0021               	movlb	1	; select bank1
 14740     0E41  07C4               	addwf	_T1_10ms_cnt^(0+128),f
 14741     0E42  3000               	movlw	0
 14742     0E43  3DC5               	addwfc	(_T1_10ms_cnt+1)^(0+128),f
 14743                           
 14744                           ;TimerEven.c: 42:   T1_100ms_cnt++;
 14745     0E44  3001               	movlw	1
 14746     0E45  07C2               	addwf	_T1_100ms_cnt^(0+128),f
 14747     0E46  3000               	movlw	0
 14748     0E47  3DC3               	addwfc	(_T1_100ms_cnt+1)^(0+128),f
 14749                           
 14750                           ;TimerEven.c: 43:   T1_1000ms_cnt++;
 14751     0E48  3001               	movlw	1
 14752     0E49  07C0               	addwf	_T1_1000ms_cnt^(0+128),f
 14753     0E4A  3000               	movlw	0
 14754     0E4B  3DC1               	addwfc	(_T1_1000ms_cnt+1)^(0+128),f
 14755                           
 14756                           ;TimerEven.c: 45:   x1T_cnt++;
 14757     0E4C  3001               	movlw	1
 14758     0E4D  07BE               	addwf	_x1T_cnt^(0+128),f
 14759     0E4E  3000               	movlw	0
 14760     0E4F  3DBF               	addwfc	(_x1T_cnt+1)^(0+128),f
 14761     0E50                     i1l4043:
 14762                           
 14763                           ;TimerEven.c: 46:   fT1_10ms = 1;
 14764     0E50  01D5               	clrf	_fT1_10ms^(0+128)
 14765     0E51  0AD5               	incf	_fT1_10ms^(0+128),f
 14766     0E52                     i1l4045:
 14767                           
 14768                           ;TimerEven.c: 47:   if (TimeMode == e0_010S) {
 14769     0E52  3003               	movlw	3
 14770     0E53  0020               	movlb	0	; select bank0
 14771     0E54  066D               	xorwf	_TimeMode,w
 14772     0E55  1D03               	btfss	3,2
 14773     0E56  2E58               	goto	u241_21
 14774     0E57  2E59               	goto	u241_20
 14775     0E58                     u241_21:
 14776     0E58  2E60               	goto	i1l654
 14777     0E59                     u241_20:
 14778     0E59                     i1l4047:
 14779                           
 14780                           ;TimerEven.c: 48:     fT1_TimerUp = 1;
 14781     0E59  0021               	movlb	1	; select bank1
 14782     0E5A  01D2               	clrf	_fT1_TimerUp^(0+128)
 14783     0E5B  0AD2               	incf	_fT1_TimerUp^(0+128),f
 14784     0E5C                     i1l4049:
 14785                           
 14786                           ;TimerEven.c: 49:     xComm_cnt = x1T_cnt;
 14787     0E5C  083F               	movf	(_x1T_cnt+1)^(0+128),w
 14788     0E5D  00B9               	movwf	(_xComm_cnt+1)^(0+128)
 14789     0E5E  083E               	movf	_x1T_cnt^(0+128),w
 14790     0E5F  00B8               	movwf	_xComm_cnt^(0+128)
 14791     0E60                     i1l654:	
 14792                           ;TimerEven.c: 50:   }
 14793                           
 14794                           
 14795                           ;TimerEven.c: 52:   if (T1_100ms_cnt >= 10) {
 14796     0E60  3000               	movlw	0
 14797     0E61  0021               	movlb	1	; select bank1
 14798     0E62  0243               	subwf	(_T1_100ms_cnt+1)^(0+128),w
 14799     0E63  300A               	movlw	10
 14800     0E64  1903               	skipnz
 14801     0E65  0242               	subwf	_T1_100ms_cnt^(0+128),w
 14802     0E66  1C03               	skipc
 14803     0E67  2E69               	goto	u242_21
 14804     0E68  2E6A               	goto	u242_20
 14805     0E69                     u242_21:
 14806     0E69  2E80               	goto	i1l655
 14807     0E6A                     u242_20:
 14808     0E6A                     i1l4051:
 14809                           
 14810                           ;TimerEven.c: 53:     T1_100ms_cnt = 0;
 14811     0E6A  01C2               	clrf	_T1_100ms_cnt^(0+128)
 14812     0E6B  01C3               	clrf	(_T1_100ms_cnt+1)^(0+128)
 14813     0E6C                     i1l4053:
 14814                           
 14815                           ;TimerEven.c: 54:     x10T_cnt++;
 14816     0E6C  3001               	movlw	1
 14817     0E6D  07BC               	addwf	_x10T_cnt^(0+128),f
 14818     0E6E  3000               	movlw	0
 14819     0E6F  3DBD               	addwfc	(_x10T_cnt+1)^(0+128),f
 14820     0E70                     i1l4055:
 14821                           
 14822                           ;TimerEven.c: 55:     fT1_100ms = 1;
 14823     0E70  01D4               	clrf	_fT1_100ms^(0+128)
 14824     0E71  0AD4               	incf	_fT1_100ms^(0+128),f
 14825     0E72                     i1l4057:
 14826                           
 14827                           ;TimerEven.c: 56:     if (TimeMode == e0_100S) {
 14828     0E72  3002               	movlw	2
 14829     0E73  0020               	movlb	0	; select bank0
 14830     0E74  066D               	xorwf	_TimeMode,w
 14831     0E75  1D03               	btfss	3,2
 14832     0E76  2E78               	goto	u243_21
 14833     0E77  2E79               	goto	u243_20
 14834     0E78                     u243_21:
 14835     0E78  2E80               	goto	i1l655
 14836     0E79                     u243_20:
 14837     0E79                     i1l4059:
 14838                           
 14839                           ;TimerEven.c: 57:       fT1_TimerUp = 1;
 14840     0E79  0021               	movlb	1	; select bank1
 14841     0E7A  01D2               	clrf	_fT1_TimerUp^(0+128)
 14842     0E7B  0AD2               	incf	_fT1_TimerUp^(0+128),f
 14843     0E7C                     i1l4061:
 14844                           
 14845                           ;TimerEven.c: 58:       xComm_cnt = x10T_cnt;
 14846     0E7C  083D               	movf	(_x10T_cnt+1)^(0+128),w
 14847     0E7D  00B9               	movwf	(_xComm_cnt+1)^(0+128)
 14848     0E7E  083C               	movf	_x10T_cnt^(0+128),w
 14849     0E7F  00B8               	movwf	_xComm_cnt^(0+128)
 14850     0E80                     i1l655:	
 14851                           ;TimerEven.c: 60:   }
 14852                           
 14853                           
 14854                           ;TimerEven.c: 62:   if (T1_1000ms_cnt >= 100) {
 14855     0E80  3000               	movlw	0
 14856     0E81  0021               	movlb	1	; select bank1
 14857     0E82  0241               	subwf	(_T1_1000ms_cnt+1)^(0+128),w
 14858     0E83  3064               	movlw	100
 14859     0E84  1903               	skipnz
 14860     0E85  0240               	subwf	_T1_1000ms_cnt^(0+128),w
 14861     0E86  1C03               	skipc
 14862     0E87  2E89               	goto	u244_21
 14863     0E88  2E8A               	goto	u244_20
 14864     0E89                     u244_21:
 14865     0E89  2E9F               	goto	i1l4075
 14866     0E8A                     u244_20:
 14867     0E8A                     i1l4063:
 14868                           
 14869                           ;TimerEven.c: 63:     T1_1000ms_cnt = 0;
 14870     0E8A  01C0               	clrf	_T1_1000ms_cnt^(0+128)
 14871     0E8B  01C1               	clrf	(_T1_1000ms_cnt+1)^(0+128)
 14872     0E8C                     i1l4065:
 14873                           
 14874                           ;TimerEven.c: 64:     x100T_cnt++;
 14875     0E8C  3001               	movlw	1
 14876     0E8D  07BA               	addwf	_x100T_cnt^(0+128),f
 14877     0E8E  3000               	movlw	0
 14878     0E8F  3DBB               	addwfc	(_x100T_cnt+1)^(0+128),f
 14879     0E90                     i1l4067:
 14880                           
 14881                           ;TimerEven.c: 65:     fT1_1second = 1;
 14882     0E90  01D3               	clrf	_fT1_1second^(0+128)
 14883     0E91  0AD3               	incf	_fT1_1second^(0+128),f
 14884     0E92                     i1l4069:
 14885                           
 14886                           ;TimerEven.c: 66:     if (TimeMode == e1_000S) {
 14887     0E92  0020               	movlb	0	; select bank0
 14888     0E93  036D               	decf	_TimeMode,w
 14889     0E94  1D03               	btfss	3,2
 14890     0E95  2E97               	goto	u245_21
 14891     0E96  2E98               	goto	u245_20
 14892     0E97                     u245_21:
 14893     0E97  2E9F               	goto	i1l4075
 14894     0E98                     u245_20:
 14895     0E98                     i1l4071:
 14896                           
 14897                           ;TimerEven.c: 67:       fT1_TimerUp = 1;
 14898     0E98  0021               	movlb	1	; select bank1
 14899     0E99  01D2               	clrf	_fT1_TimerUp^(0+128)
 14900     0E9A  0AD2               	incf	_fT1_TimerUp^(0+128),f
 14901     0E9B                     i1l4073:
 14902                           
 14903                           ;TimerEven.c: 68:       xComm_cnt = x100T_cnt;
 14904     0E9B  083B               	movf	(_x100T_cnt+1)^(0+128),w
 14905     0E9C  00B9               	movwf	(_xComm_cnt+1)^(0+128)
 14906     0E9D  083A               	movf	_x100T_cnt^(0+128),w
 14907     0E9E  00B8               	movwf	_xComm_cnt^(0+128)
 14908     0E9F                     i1l4075:
 14909                           
 14910                           ;TimerEven.c: 72:   KeepTimerCounter();
 14911     0E9F  318B  2380  318E   	fcall	_KeepTimerCounter
 14912     0EA2                     i1l659:
 14913     0EA2  0008               	return
 14914     0EA3                     __end_of_TMR1_10msEven:
 14915                           
 14916                           	psect	text95
 14917     0B80                     __ptext95:	
 14918 ;; *************** function _KeepTimerCounter *****************
 14919 ;; Defined at:
 14920 ;;		line 219 in file "RelayControl.c"
 14921 ;; Parameters:    Size  Location     Type
 14922 ;;		None
 14923 ;; Auto vars:     Size  Location     Type
 14924 ;;		None
 14925 ;; Return value:  Size  Location     Type
 14926 ;;                  1    wreg      void 
 14927 ;; Registers used:
 14928 ;;		wreg, status,2, status,0
 14929 ;; Tracked objects:
 14930 ;;		On entry : 0/0
 14931 ;;		On exit  : 0/0
 14932 ;;		Unchanged: 0/0
 14933 ;; Data sizes:     COMMON   BANK0   BANK1   BANK2   BANK3   BANK4   BANK5   BANK6
 14934 ;;      Params:         0       0       0       0       0       0       0       0
 14935 ;;      Locals:         0       0       0       0       0       0       0       0
 14936 ;;      Temps:          0       0       0       0       0       0       0       0
 14937 ;;      Totals:         0       0       0       0       0       0       0       0
 14938 ;;Total ram usage:        0 bytes
 14939 ;; Hardware stack levels used: 1
 14940 ;; This function calls:
 14941 ;;		Nothing
 14942 ;; This function is called by:
 14943 ;;		_TMR1_10msEven
 14944 ;; This function uses a non-reentrant model
 14945 ;;
 14946                           
 14947     0B80                     _KeepTimerCounter:	
 14948                           ;psect for function _KeepTimerCounter
 14949                           
 14950     0B80                     i1l3807:	
 14951                           ;incstack = 0
 14952                           ; Regs used in _KeepTimerCounter: [wreg+status,2+status,0]
 14953                           
 14954                           
 14955                           ;RelayControl.c: 220:   if (OutState == 0) {
 14956     0B80  087A               	movf	_OutState,w
 14957     0B81  1D03               	btfss	3,2
 14958     0B82  2B84               	goto	u209_21
 14959     0B83  2B85               	goto	u209_20
 14960     0B84                     u209_21:
 14961     0B84  2B88               	goto	i1l3811
 14962     0B85                     u209_20:
 14963     0B85                     i1l3809:
 14964                           
 14965                           ;RelayControl.c: 222:     LATCbits.LATC2 = 0;;
 14966     0B85  0022               	movlb	2	; select bank2
 14967     0B86  110E               	bcf	14,2	;volatile
 14968                           
 14969                           ;RelayControl.c: 223:   } else {
 14970     0B87  2BC6               	goto	i1l828
 14971     0B88                     i1l3811:
 14972                           
 14973                           ;RelayControl.c: 225:     if (fT1_TimerUp) {
 14974     0B88  0021               	movlb	1	; select bank1
 14975     0B89  0852               	movf	_fT1_TimerUp^(0+128),w
 14976     0B8A  1903               	btfsc	3,2
 14977     0B8B  2B8D               	goto	u210_21
 14978     0B8C  2B8E               	goto	u210_20
 14979     0B8D                     u210_21:
 14980     0B8D  2BC6               	goto	i1l828
 14981     0B8E                     u210_20:
 14982     0B8E                     i1l3813:
 14983                           
 14984                           ;RelayControl.c: 226:       fT1_TimerUp = 0;
 14985     0B8E  01D2               	clrf	_fT1_TimerUp^(0+128)
 14986     0B8F                     i1l3815:
 14987                           
 14988                           ;RelayControl.c: 227:       if (TimerState == 0) {
 14989     0B8F  0850               	movf	_TimerState^(0+128),w
 14990     0B90  1D03               	btfss	3,2
 14991     0B91  2B93               	goto	u211_21
 14992     0B92  2B94               	goto	u211_20
 14993     0B93                     u211_21:
 14994     0B93  2BAB               	goto	i1l3825
 14995     0B94                     u211_20:
 14996     0B94                     i1l3817:
 14997                           
 14998                           ;RelayControl.c: 228:         if (xComm_cnt >= SetTimer1_cnt) {
 14999     0B94  086D               	movf	(_SetTimer1_cnt+1)^(0+128),w
 15000     0B95  0239               	subwf	(_xComm_cnt+1)^(0+128),w
 15001     0B96  1D03               	skipz
 15002     0B97  2B9A               	goto	u212_25
 15003     0B98  086C               	movf	_SetTimer1_cnt^(0+128),w
 15004     0B99  0238               	subwf	_xComm_cnt^(0+128),w
 15005     0B9A                     u212_25:
 15006     0B9A  1C03               	skipc
 15007     0B9B  2B9D               	goto	u212_21
 15008     0B9C  2B9E               	goto	u212_20
 15009     0B9D                     u212_21:
 15010     0B9D  2BC6               	goto	i1l823
 15011     0B9E                     u212_20:
 15012     0B9E                     i1l3819:
 15013                           
 15014                           ;RelayControl.c: 229:           x1T_cnt = 0;
 15015     0B9E  01BE               	clrf	_x1T_cnt^(0+128)
 15016     0B9F  01BF               	clrf	(_x1T_cnt+1)^(0+128)
 15017                           
 15018                           ;RelayControl.c: 230:           x10T_cnt = 0;
 15019     0BA0  01BC               	clrf	_x10T_cnt^(0+128)
 15020     0BA1  01BD               	clrf	(_x10T_cnt+1)^(0+128)
 15021                           
 15022                           ;RelayControl.c: 231:           x100T_cnt = 0;
 15023     0BA2  01BA               	clrf	_x100T_cnt^(0+128)
 15024     0BA3  01BB               	clrf	(_x100T_cnt+1)^(0+128)
 15025     0BA4                     i1l3821:
 15026                           
 15027                           ;RelayControl.c: 232:           LATCbits.LATC2 = 0;;
 15028     0BA4  0022               	movlb	2	; select bank2
 15029     0BA5  110E               	bcf	14,2	;volatile
 15030                           
 15031                           ;RelayControl.c: 233:           RelayState = 0;
 15032     0BA6  0021               	movlb	1	; select bank1
 15033     0BA7  01CF               	clrf	_RelayState^(0+128)
 15034     0BA8                     i1l3823:
 15035                           
 15036                           ;RelayControl.c: 234:           TimerState = 1;
 15037     0BA8  01D0               	clrf	_TimerState^(0+128)
 15038     0BA9  0AD0               	incf	_TimerState^(0+128),f
 15039     0BAA  2BC6               	goto	i1l828
 15040     0BAB                     i1l3825:
 15041                           
 15042                           ;RelayControl.c: 237:         if (xComm_cnt >= SetTimer2_cnt) {
 15043     0BAB  0020               	movlb	0	; select bank0
 15044     0BAC  086F               	movf	_SetTimer2_cnt+1,w
 15045     0BAD  0021               	movlb	1	; select bank1
 15046     0BAE  0239               	subwf	(_xComm_cnt+1)^(0+128),w
 15047     0BAF  1D03               	skipz
 15048     0BB0  2BB5               	goto	u213_25
 15049     0BB1  0020               	movlb	0	; select bank0
 15050     0BB2  086E               	movf	_SetTimer2_cnt,w
 15051     0BB3  0021               	movlb	1	; select bank1
 15052     0BB4  0238               	subwf	_xComm_cnt^(0+128),w
 15053     0BB5                     u213_25:
 15054     0BB5  1C03               	skipc
 15055     0BB6  2BB8               	goto	u213_21
 15056     0BB7  2BB9               	goto	u213_20
 15057     0BB8                     u213_21:
 15058     0BB8  2BC6               	goto	i1l823
 15059     0BB9                     u213_20:
 15060     0BB9                     i1l3827:
 15061                           
 15062                           ;RelayControl.c: 238:           x1T_cnt = 0;
 15063     0BB9  01BE               	clrf	_x1T_cnt^(0+128)
 15064     0BBA  01BF               	clrf	(_x1T_cnt+1)^(0+128)
 15065                           
 15066                           ;RelayControl.c: 239:           x10T_cnt = 0;
 15067     0BBB  01BC               	clrf	_x10T_cnt^(0+128)
 15068     0BBC  01BD               	clrf	(_x10T_cnt+1)^(0+128)
 15069                           
 15070                           ;RelayControl.c: 240:           x100T_cnt = 0;
 15071     0BBD  01BA               	clrf	_x100T_cnt^(0+128)
 15072     0BBE  01BB               	clrf	(_x100T_cnt+1)^(0+128)
 15073     0BBF                     i1l3829:
 15074                           
 15075                           ;RelayControl.c: 241:           LATCbits.LATC2 = 1;;
 15076     0BBF  0022               	movlb	2	; select bank2
 15077     0BC0  150E               	bsf	14,2	;volatile
 15078     0BC1                     i1l3831:
 15079                           
 15080                           ;RelayControl.c: 242:           RelayState = 1;
 15081     0BC1  0021               	movlb	1	; select bank1
 15082     0BC2  01CF               	clrf	_RelayState^(0+128)
 15083     0BC3  0ACF               	incf	_RelayState^(0+128),f
 15084                           
 15085                           ;RelayControl.c: 243:           TimerState = 0;
 15086     0BC4  01D0               	clrf	_TimerState^(0+128)
 15087     0BC5  2BC6               	goto	i1l828
 15088     0BC6                     i1l823:	
 15089                           ;RelayControl.c: 246:     }
 15090                           
 15091     0BC6                     i1l828:
 15092     0BC6  0008               	return
 15093     0BC7                     __end_of_KeepTimerCounter:
 15094                           
 15095                           	psect	text96
 15096     1760                     __ptext96:	
 15097 ;; *************** function _TMR0_ISR *****************
 15098 ;; Defined at:
 15099 ;;		line 108 in file "mcc_generated_files/tmr0.c"
 15100 ;; Parameters:    Size  Location     Type
 15101 ;;		None
 15102 ;; Auto vars:     Size  Location     Type
 15103 ;;		None
 15104 ;; Return value:  Size  Location     Type
 15105 ;;                  1    wreg      void 
 15106 ;; Registers used:
 15107 ;;		wreg, status,2, status,0, pclath, cstack
 15108 ;; Tracked objects:
 15109 ;;		On entry : 0/0
 15110 ;;		On exit  : 0/0
 15111 ;;		Unchanged: 0/0
 15112 ;; Data sizes:     COMMON   BANK0   BANK1   BANK2   BANK3   BANK4   BANK5   BANK6
 15113 ;;      Params:         0       0       0       0       0       0       0       0
 15114 ;;      Locals:         0       0       0       0       0       0       0       0
 15115 ;;      Temps:          0       0       0       0       0       0       0       0
 15116 ;;      Totals:         0       0       0       0       0       0       0       0
 15117 ;;Total ram usage:        0 bytes
 15118 ;; Hardware stack levels used: 1
 15119 ;; Hardware stack levels required when called: 2
 15120 ;; This function calls:
 15121 ;;		_TMR0_CallBack
 15122 ;; This function is called by:
 15123 ;;		_INTERRUPT_InterruptManager
 15124 ;; This function uses a non-reentrant model
 15125 ;;
 15126                           
 15127     1760                     _TMR0_ISR:	
 15128                           ;psect for function _TMR0_ISR
 15129                           
 15130     1760                     i1l4145:	
 15131                           ;incstack = 0
 15132                           ; Regs used in _TMR0_ISR: [wreg+status,2+status,0+pclath+cstack]
 15133                           
 15134                           
 15135                           ;mcc_generated_files/tmr0.c: 110:     static volatile uint16_t CountCallBack = 0;;mcc_ge
      +                          nerated_files/tmr0.c: 113:     INTCONbits.TMR0IF = 0;
 15136     1760  110B               	bcf	11,2	;volatile
 15137     1761                     i1l4147:
 15138                           
 15139                           ;mcc_generated_files/tmr0.c: 115:     TMR0 = timer0ReloadVal;
 15140     1761  087B               	movf	_timer0ReloadVal,w	;volatile
 15141     1762  0020               	movlb	0	; select bank0
 15142     1763  0095               	movwf	21	;volatile
 15143                           
 15144                           ;mcc_generated_files/tmr0.c: 118:     if (++CountCallBack >= 2)
 15145     1764  3001               	movlw	1
 15146     1765  0021               	movlb	1	; select bank1
 15147     1766  07C6               	addwf	TMR0_ISR@CountCallBack^(0+128),f	;volatile
 15148     1767  3000               	movlw	0
 15149     1768  3DC7               	addwfc	(TMR0_ISR@CountCallBack+1)^(0+128),f	;volatile
 15150     1769  3000               	movlw	0
 15151     176A  0247               	subwf	(TMR0_ISR@CountCallBack+1)^(0+128),w	;volatile
 15152     176B  3002               	movlw	2
 15153     176C  1903               	skipnz
 15154     176D  0246               	subwf	TMR0_ISR@CountCallBack^(0+128),w	;volatile
 15155     176E  1C03               	skipc
 15156     176F  2F71               	goto	u250_21
 15157     1770  2F72               	goto	u250_20
 15158     1771                     u250_21:
 15159     1771  2F78               	goto	i1l475
 15160     1772                     u250_20:
 15161     1772                     i1l4149:
 15162                           
 15163                           ;mcc_generated_files/tmr0.c: 119:     {;mcc_generated_files/tmr0.c: 121:         TMR0_Ca
      +                          llBack();
 15164     1772  3196  264E  3197   	fcall	_TMR0_CallBack
 15165     1775                     i1l4151:
 15166                           
 15167                           ;mcc_generated_files/tmr0.c: 124:         CountCallBack = 0;
 15168     1775  0021               	movlb	1	; select bank1
 15169     1776  01C6               	clrf	TMR0_ISR@CountCallBack^(0+128)	;volatile
 15170     1777  01C7               	clrf	(TMR0_ISR@CountCallBack+1)^(0+128)	;volatile
 15171     1778                     i1l475:
 15172     1778  0008               	return
 15173     1779                     __end_of_TMR0_ISR:
 15174                           
 15175                           	psect	text97
 15176     164E                     __ptext97:	
 15177 ;; *************** function _TMR0_CallBack *****************
 15178 ;; Defined at:
 15179 ;;		line 130 in file "mcc_generated_files/tmr0.c"
 15180 ;; Parameters:    Size  Location     Type
 15181 ;;		None
 15182 ;; Auto vars:     Size  Location     Type
 15183 ;;		None
 15184 ;; Return value:  Size  Location     Type
 15185 ;;                  1    wreg      void 
 15186 ;; Registers used:
 15187 ;;		wreg, status,2, status,0, pclath, cstack
 15188 ;; Tracked objects:
 15189 ;;		On entry : 0/0
 15190 ;;		On exit  : 0/0
 15191 ;;		Unchanged: 0/0
 15192 ;; Data sizes:     COMMON   BANK0   BANK1   BANK2   BANK3   BANK4   BANK5   BANK6
 15193 ;;      Params:         0       0       0       0       0       0       0       0
 15194 ;;      Locals:         0       0       0       0       0       0       0       0
 15195 ;;      Temps:          0       0       0       0       0       0       0       0
 15196 ;;      Totals:         0       0       0       0       0       0       0       0
 15197 ;;Total ram usage:        0 bytes
 15198 ;; Hardware stack levels used: 1
 15199 ;; Hardware stack levels required when called: 1
 15200 ;; This function calls:
 15201 ;;		NULL
 15202 ;;		_TMR0_10msEven
 15203 ;; This function is called by:
 15204 ;;		_TMR0_ISR
 15205 ;; This function uses a non-reentrant model
 15206 ;;
 15207                           
 15208     164E                     _TMR0_CallBack:	
 15209                           ;psect for function _TMR0_CallBack
 15210                           
 15211     164E                     i1l4001:	
 15212                           ;incstack = 0
 15213                           ; Regs used in _TMR0_CallBack: [wreg+status,2+status,0+pclath+cstack]
 15214                           
 15215                           
 15216                           ;mcc_generated_files/tmr0.c: 134:     if(TMR0_InterruptHandler)
 15217     164E  0021               	movlb	1	; select bank1
 15218     164F  0848               	movf	_TMR0_InterruptHandler^(0+128),w
 15219     1650  0449               	iorwf	(_TMR0_InterruptHandler+1)^(0+128),w
 15220     1651  1903               	btfsc	3,2
 15221     1652  2E54               	goto	u238_21
 15222     1653  2E55               	goto	u238_20
 15223     1654                     u238_21:
 15224     1654  2E5A               	goto	i1l479
 15225     1655                     u238_20:
 15226     1655                     i1l4003:
 15227                           
 15228                           ;mcc_generated_files/tmr0.c: 135:     {;mcc_generated_files/tmr0.c: 136:         TMR0_In
      +                          terruptHandler();
 15229     1655  0849               	movf	(_TMR0_InterruptHandler+1)^(0+128),w
 15230     1656  008A               	movwf	10
 15231     1657  0848               	movf	_TMR0_InterruptHandler^(0+128),w
 15232     1658  000A               	callw
 15233     1659  3196               	pagesel	$
 15234     165A                     i1l479:
 15235     165A  0008               	return
 15236     165B                     __end_of_TMR0_CallBack:
 15237                           
 15238                           	psect	text98
 15239     16DC                     __ptext98:	
 15240 ;; *************** function _TMR0_10msEven *****************
 15241 ;; Defined at:
 15242 ;;		line 29 in file "TimerEven.c"
 15243 ;; Parameters:    Size  Location     Type
 15244 ;;		None
 15245 ;; Auto vars:     Size  Location     Type
 15246 ;;		None
 15247 ;; Return value:  Size  Location     Type
 15248 ;;                  1    wreg      void 
 15249 ;; Registers used:
 15250 ;;		wreg, status,2, status,0
 15251 ;; Tracked objects:
 15252 ;;		On entry : 0/0
 15253 ;;		On exit  : 0/0
 15254 ;;		Unchanged: 0/0
 15255 ;; Data sizes:     COMMON   BANK0   BANK1   BANK2   BANK3   BANK4   BANK5   BANK6
 15256 ;;      Params:         0       0       0       0       0       0       0       0
 15257 ;;      Locals:         0       0       0       0       0       0       0       0
 15258 ;;      Temps:          1       0       0       0       0       0       0       0
 15259 ;;      Totals:         1       0       0       0       0       0       0       0
 15260 ;;Total ram usage:        1 bytes
 15261 ;; Hardware stack levels used: 1
 15262 ;; This function calls:
 15263 ;;		Nothing
 15264 ;; This function is called by:
 15265 ;;		_main
 15266 ;;		_TMR0_CallBack
 15267 ;; This function uses a non-reentrant model
 15268 ;;
 15269                           
 15270     16DC                     _TMR0_10msEven:	
 15271                           ;psect for function _TMR0_10msEven
 15272                           
 15273     16DC                     i1l3797:	
 15274                           ;incstack = 0
 15275                           ; Regs used in _TMR0_10msEven: [wreg+status,2+status,0]
 15276                           
 15277                           
 15278                           ;TimerEven.c: 30:   T0_10ms_cnt++;
 15279     16DC  3001               	movlw	1
 15280     16DD  00F0               	movwf	??_TMR0_10msEven
 15281     16DE  0870               	movf	??_TMR0_10msEven,w
 15282     16DF  0021               	movlb	1	; select bank1
 15283     16E0  07D7               	addwf	_T0_10ms_cnt^(0+128),f
 15284     16E1                     i1l3799:
 15285                           
 15286                           ;TimerEven.c: 31:   fT0_fT10ms = 1;
 15287     16E1  01DC               	clrf	_fT0_fT10ms^(0+128)
 15288     16E2  0ADC               	incf	_fT0_fT10ms^(0+128),f
 15289                           
 15290                           ;TimerEven.c: 32:   T0_1second_cnt++;
 15291     16E3  3001               	movlw	1
 15292     16E4  00F0               	movwf	??_TMR0_10msEven
 15293     16E5  0870               	movf	??_TMR0_10msEven,w
 15294     16E6  07D6               	addwf	_T0_1second_cnt^(0+128),f
 15295     16E7                     i1l3801:
 15296                           
 15297                           ;TimerEven.c: 33:   if (T0_1second_cnt >= 100) {
 15298     16E7  3064               	movlw	100
 15299     16E8  0256               	subwf	_T0_1second_cnt^(0+128),w
 15300     16E9  1C03               	skipc
 15301     16EA  2EEC               	goto	u208_21
 15302     16EB  2EED               	goto	u208_20
 15303     16EC                     u208_21:
 15304     16EC  2EF0               	goto	i1l651
 15305     16ED                     u208_20:
 15306     16ED                     i1l3803:
 15307                           
 15308                           ;TimerEven.c: 34:     T0_1second_cnt = 0;
 15309     16ED  01D6               	clrf	_T0_1second_cnt^(0+128)
 15310     16EE                     i1l3805:
 15311                           
 15312                           ;TimerEven.c: 35:     fT0_1second = 1;
 15313     16EE  01DB               	clrf	_fT0_1second^(0+128)
 15314     16EF  0ADB               	incf	_fT0_1second^(0+128),f
 15315     16F0                     i1l651:
 15316     16F0  0008               	return
 15317     16F1                     __end_of_TMR0_10msEven:
 15318     007E                     btemp	set	126	;btemp
 15319     007E                     int$flags	set	126
 15320     007E                     wtemp0	set	126
 15321                           
 15322                           	psect	config
 15323                           
 15324                           ;Config register CONFIG1 @ 0x8007
 15325                           ;	Oscillator Selection
 15326                           ;	FOSC = INTOSC, INTOSC oscillator: I/O function on CLKIN pin
 15327                           ;	Watchdog Timer Enable
 15328                           ;	WDTE = OFF, WDT disabled
 15329                           ;	Power-up Timer Enable
 15330                           ;	PWRTE = OFF, PWRT disabled
 15331                           ;	MCLR Pin Function Select
 15332                           ;	MCLRE = ON, MCLR/VPP pin function is MCLR
 15333                           ;	Flash Program Memory Code Protection
 15334                           ;	CP = OFF, Program memory code protection is disabled
 15335                           ;	Data Memory Code Protection
 15336                           ;	CPD = OFF, Data memory code protection is disabled
 15337                           ;	Brown-out Reset Enable
 15338                           ;	BOREN = ON, Brown-out Reset enabled
 15339                           ;	Clock Out Enable
 15340                           ;	CLKOUTEN = OFF, CLKOUT function is disabled. I/O or oscillator function on the CLKOUT 
      +                          pin
 15341                           ;	Internal/External Switchover
 15342                           ;	IESO = ON, Internal/External Switchover mode is enabled
 15343                           ;	Fail-Safe Clock Monitor Enable
 15344                           ;	FCMEN = ON, Fail-Safe Clock Monitor is enabled
 15345     8007                     	org	32775
 15346     8007  3FE4               	dw	16356
 15347                           
 15348                           ;Config register CONFIG2 @ 0x8008
 15349                           ;	Flash Memory Self-Write Protection
 15350                           ;	WRT = OFF, Write protection off
 15351                           ;	Voltage Regulator Capacitor Enable
 15352                           ;	VCAPEN = OFF, All VCAP pin functionality is disabled
 15353                           ;	PLL Enable
 15354                           ;	PLLEN = ON, 4x PLL enabled
 15355                           ;	Stack Overflow/Underflow Reset Enable
 15356                           ;	STVREN = ON, Stack Overflow or Underflow will cause a Reset
 15357                           ;	Brown-out Reset Voltage Selection
 15358                           ;	BORV = LO, Brown-out Reset Voltage (Vbor), low trip point selected.
 15359                           ;	Low-Voltage Programming Enable
 15360                           ;	LVP = OFF, High-voltage on MCLR/VPP must be used for programming
 15361     8008                     	org	32776
 15362     8008  1FFF               	dw	8191

Data Sizes:
    Strings     207
    Constant    32
    Data        8
    BSS         202
    Persistent  32
    Stack       0

Auto Spaces:
    Space          Size  Autos    Used
    COMMON           14     10      12
    BANK0            80     76      80
    BANK1            80      2      80
    BANK2            80      0      50
    BANK3            80      0      76
    BANK4            80      0       0
    BANK5            80      0       0
    BANK6            16      0       0

Pointer List with Targets:

    cb$0	PTR void  size(1) Largest target is 1
		 -> I2C_Write1ByteRegister@data(BANK0[1]), NULL(NULL[0]), 

    cb$0	PTR void  size(1) Largest target is 1
		 -> I2C_Write1ByteRegister@data(BANK0[1]), NULL(NULL[0]), 

    Digital2Number@digital	PTR unsigned char  size(1) Largest target is 4
		 -> SetTimer1_digi(BANK1[4]), SetTimer2_digi(BANK1[4]), 

    Digital2Number@Num	PTR unsigned short  size(1) Largest target is 2
		 -> SetTimer1_cnt(BANK1[2]), SetTimer2_cnt(BANK0[2]), 

    DispFunctionSet@buf	PTR unsigned char  size(1) Largest target is 17
		 -> buf(BANK2[17]), 

    DispNormal@buf	PTR unsigned char  size(1) Largest target is 17
		 -> buf(BANK2[17]), 

    DispTimeAdjustment@buf	PTR unsigned char  size(1) Largest target is 17
		 -> buf(BANK2[17]), 

    f$.$buffer	PTR unsigned char  size(2) Largest target is 0

    f$.$source	PTR const unsigned char  size(2) Largest target is 0

    fputc@fp	PTR struct _IO_FILE size(1) Largest target is 11
		 -> sprintf@f(BANK0[11]), 

    fputc@fp$.$buffer	PTR unsigned char  size(2) Largest target is 0

    fputc@fp$.$source	PTR const unsigned char  size(2) Largest target is 0

    I2C_CallbackReturnReset@funPtr	PTR void  size(1) Largest target is 1
		 -> I2C_Write1ByteRegister@data(BANK0[1]), NULL(NULL[0]), 

    I2C_CallbackReturnStop@funPtr	PTR void  size(1) Largest target is 1
		 -> I2C_Write1ByteRegister@data(BANK0[1]), NULL(NULL[0]), 

    I2C_DO_TX$2233	PTR FTN(PTR void ,)enum E363 size(2) Largest target is 1
		 -> I2C_CallbackReturnReset(), I2C_CallbackReturnStop(), wr1RegCompleteHandler(), NULL(), 

    I2C_DO_TX$2233$0	PTR void  size(1) Largest target is 1
		 -> I2C_Write1ByteRegister@data(BANK0[1]), NULL(NULL[0]), 

    I2C_DO_TX$2238	PTR void  size(1) Largest target is 1
		 -> I2C_Write1ByteRegister@data(BANK0[1]), NULL(NULL[0]), 

    i2c_fsmStateTable	const PTR FTN()enum E3110[16] size(2) Largest target is 1
		 -> I2C_DO_ADDRESS_NACK(), I2C_DO_IDLE(), I2C_DO_RCEN(), I2C_DO_RESET(), 
		 -> I2C_DO_RX(), I2C_DO_RX_ACK(), I2C_DO_RX_NACK_RESTART(), I2C_DO_RX_NACK_STOP(), 
		 -> I2C_DO_SEND_ADR_READ(), I2C_DO_SEND_ADR_WRITE(), I2C_DO_SEND_RESTART(), I2C_DO_SEND_RESTART_READ(), 
		 -> I2C_DO_SEND_RESTART_WRITE(), I2C_DO_SEND_STOP(), I2C_DO_TX(), I2C_DO_TX_EMPTY(), 

    I2C_MasterFsm$2232	const PTR FTN()enum E3110 size(2) Largest target is 1
		 -> I2C_DO_ADDRESS_NACK(), I2C_DO_IDLE(), I2C_DO_RCEN(), I2C_DO_RESET(), 
		 -> I2C_DO_RX(), I2C_DO_RX_ACK(), I2C_DO_RX_NACK_RESTART(), I2C_DO_RX_NACK_STOP(), 
		 -> I2C_DO_SEND_ADR_READ(), I2C_DO_SEND_ADR_WRITE(), I2C_DO_SEND_RESTART(), I2C_DO_SEND_RESTART_READ(), 
		 -> I2C_DO_SEND_RESTART_WRITE(), I2C_DO_SEND_STOP(), I2C_DO_TX(), I2C_DO_TX_EMPTY(), 

    I2C_SetAddressNackCallback@cb	PTR FTN(PTR void ,)enum E363 size(2) Largest target is 1
		 -> NULL(), 

    I2C_SetAddressNackCallback@ptr	PTR void  size(2) Largest target is 0
		 -> NULL(NULL[0]), 

    I2C_SetBuffer@buffer	PTR void  size(1) Largest target is 1
		 -> I2C_Write1ByteRegister@data(BANK0[1]), I2C_Write1ByteRegister@reg(BANK0[1]), NULL(NULL[0]), 

    I2C_SetCallback@cb	PTR FTN(PTR void ,)enum E363 size(2) Largest target is 1
		 -> wr1RegCompleteHandler(), NULL(), 

    I2C_SetCallback@ptr	PTR void  size(1) Largest target is 1
		 -> I2C_Write1ByteRegister@data(BANK0[1]), NULL(NULL[0]), 

    I2C_SetDataCompleteCallback@cb	PTR FTN(PTR void ,)enum E363 size(2) Largest target is 1
		 -> wr1RegCompleteHandler(), NULL(), 

    I2C_SetDataCompleteCallback@ptr	PTR void  size(1) Largest target is 1
		 -> I2C_Write1ByteRegister@data(BANK0[1]), NULL(NULL[0]), 

    I2C_Status$callbackPayload	PTR void [6] size(1) Largest target is 1
		 -> I2C_Write1ByteRegister@data(BANK0[1]), NULL(NULL[0]), 

    I2C_Status$callbackTable	PTR FTN(PTR void ,)enum E363[6] size(2) Largest target is 1
		 -> I2C_CallbackReturnReset(), I2C_CallbackReturnStop(), wr1RegCompleteHandler(), NULL(), 

    I2C_Status$data_ptr	PTR unsigned char  size(1) Largest target is 1
		 -> I2C_Write1ByteRegister@data(BANK0[1]), I2C_Write1ByteRegister@reg(BANK0[1]), NULL(NULL[0]), 

    KEY_ScanAll@k	PTR struct . size(1) Largest target is 44
		 -> key(BANK3[44]), 

    LCD_Print@str	PTR const unsigned char  size(1) Largest target is 17
		 -> buf(BANK2[17]), 

    NULL$0	PTR void  size(1) Largest target is 1
		 -> I2C_Write1ByteRegister@data(BANK0[1]), NULL(NULL[0]), 

    Number2Digital@digiNum	PTR unsigned char  size(1) Largest target is 4
		 -> DispNormal@digital(BANK0[4]), SetTimer1_digi(BANK1[4]), SetTimer2_digi(BANK1[4]), 

    S172$0$0	PTR void  size(1) Largest target is 1
		 -> I2C_Write1ByteRegister@data(BANK0[1]), NULL(NULL[0]), 

    S172$callbackPayload	PTR void [6] size(1) Largest target is 1
		 -> I2C_Write1ByteRegister@data(BANK0[1]), NULL(NULL[0]), 

    S172$callbackTable	PTR FTN(PTR void ,)enum E363[6] size(2) Largest target is 1
		 -> I2C_CallbackReturnReset(), I2C_CallbackReturnStop(), wr1RegCompleteHandler(), NULL(), 

    S172$data_ptr	PTR unsigned char  size(1) Largest target is 1
		 -> I2C_Write1ByteRegister@data(BANK0[1]), I2C_Write1ByteRegister@reg(BANK0[1]), NULL(NULL[0]), 

    S1862$buffer	PTR unsigned char  size(2) Largest target is 0

    S1862$source	PTR const unsigned char  size(2) Largest target is 0

    sp__strncpy	PTR unsigned char  size(1) Largest target is 3
		 -> DispNormal@temp_str(BANK0[3]), DispTimeAdjustment@temp_str(BANK0[3]), RelayState_buf(BANK1[3]), 

    sprintf@ap	PTR void [1] size(1) Largest target is 2
		 -> ?_sprintf(BANK0[2]), 

    sprintf@fmt	PTR const unsigned char  size(2) Largest target is 21
		 -> STR_1(CODE[17]), STR_10(CODE[21]), STR_11(CODE[17]), STR_12(CODE[17]), 
		 -> STR_13(CODE[17]), STR_16(CODE[21]), STR_17(CODE[21]), STR_18(CODE[21]), 
		 -> STR_2(CODE[17]), STR_3(CODE[17]), STR_4(CODE[17]), STR_5(CODE[17]), 
		 -> STR_8(CODE[21]), STR_9(CODE[21]), 

    sprintf@s	PTR unsigned char  size(1) Largest target is 17
		 -> buf(BANK2[17]), 

    strncpy@cp	PTR unsigned char  size(1) Largest target is 3
		 -> DispNormal@temp_str(BANK0[3]), DispTimeAdjustment@temp_str(BANK0[3]), RelayState_buf(BANK1[3]), 

    strncpy@d	PTR unsigned char  size(1) Largest target is 3
		 -> DispNormal@temp_str(BANK0[3]), DispTimeAdjustment@temp_str(BANK0[3]), RelayState_buf(BANK1[3]), 

    strncpy@s	PTR const unsigned char  size(2) Largest target is 4
		 -> RelayState_buf(BANK1[3]), STR_14(CODE[4]), STR_15(CODE[4]), STR_19(CODE[4]), 
		 -> STR_20(CODE[4]), STR_21(CODE[4]), STR_6(CODE[4]), STR_7(CODE[4]), 

    TimeAdjustment@DigPtr	PTR unsigned char  size(1) Largest target is 4
		 -> SetTimer1_digi(BANK1[4]), SetTimer2_digi(BANK1[4]), 

    TMR0_InterruptHandler	PTR FTN()void  size(2) Largest target is 1
		 -> TMR0_10msEven(), NULL(), 

    TMR0_SetInterruptHandler@InterruptHandler	PTR FTN()void  size(2) Largest target is 1
		 -> TMR0_10msEven(), 

    TMR1_InterruptHandler	PTR FTN()void  size(2) Largest target is 1
		 -> TMR1_10msEven(), NULL(), 

    TMR1_SetInterruptHandler@InterruptHandler	PTR FTN()void  size(2) Largest target is 1
		 -> TMR1_10msEven(), 

    vfpfcnvrt@ap	PTR PTR void  size(1) Largest target is 1
		 -> sprintf@ap(BANK0[1]), 

    vfpfcnvrt@cp	PTR unsigned char  size(2) Largest target is 21
		 -> STR_1(CODE[17]), STR_10(CODE[21]), STR_11(CODE[17]), STR_12(CODE[17]), 
		 -> STR_13(CODE[17]), STR_16(CODE[21]), STR_17(CODE[21]), STR_18(CODE[21]), 
		 -> STR_2(CODE[17]), STR_3(CODE[17]), STR_4(CODE[17]), STR_5(CODE[17]), 
		 -> STR_8(CODE[21]), STR_9(CODE[21]), 

    vfpfcnvrt@cp_1944	PTR unsigned char  size(1) Largest target is 3
		 -> DispNormal@temp_str(BANK0[3]), DispTimeAdjustment@temp_str(BANK0[3]), ?_sprintf(BANK0[2]), 

    vfpfcnvrt@fmt	PTR PTR unsigned char  size(1) Largest target is 2
		 -> vfprintf@cfmt(BANK0[2]), 

    vfpfcnvrt@fp	PTR struct _IO_FILE size(1) Largest target is 11
		 -> sprintf@f(BANK0[11]), 

    vfprintf@ap	PTR PTR void  size(1) Largest target is 1
		 -> sprintf@ap(BANK0[1]), 

    vfprintf@cfmt	PTR unsigned char  size(2) Largest target is 21
		 -> STR_1(CODE[17]), STR_10(CODE[21]), STR_11(CODE[17]), STR_12(CODE[17]), 
		 -> STR_13(CODE[17]), STR_16(CODE[21]), STR_17(CODE[21]), STR_18(CODE[21]), 
		 -> STR_2(CODE[17]), STR_3(CODE[17]), STR_4(CODE[17]), STR_5(CODE[17]), 
		 -> STR_8(CODE[21]), STR_9(CODE[21]), 

    vfprintf@fmt	PTR const unsigned char  size(2) Largest target is 21
		 -> STR_1(CODE[17]), STR_10(CODE[21]), STR_11(CODE[17]), STR_12(CODE[17]), 
		 -> STR_13(CODE[17]), STR_16(CODE[21]), STR_17(CODE[21]), STR_18(CODE[21]), 
		 -> STR_2(CODE[17]), STR_3(CODE[17]), STR_4(CODE[17]), STR_5(CODE[17]), 
		 -> STR_8(CODE[21]), STR_9(CODE[21]), 

    vfprintf@fp	PTR struct _IO_FILE size(1) Largest target is 11
		 -> sprintf@f(BANK0[11]), 

    wr1RegCompleteHandler@ptr	PTR void  size(1) Largest target is 1
		 -> I2C_Write1ByteRegister@data(BANK0[1]), NULL(NULL[0]), 


Critical Paths under _main in COMMON

    _main->_KEY_ScanAll
    _TimeAdjustment->_EEPROM_WriteWord
    _EEPROM_WriteWord->_eeprom_write
    _Digital2Number->___wmul
    _RelayControl_Init->_strncpy
    _POWER_ON_EEPROM_READ->_EEPROM_ReadWord
    _EEPROM_ReadWord->_eeprom_read
    _Normal->_strncpy
    _I2C_Write1ByteRegister->_I2C_SetAddressNackCallback
    _I2C_SetAddressNackCallback->_I2C_SetCallback
    _I2C_DO_TX_EMPTY->_I2C_CallbackReturnReset
    _I2C_DO_TX_EMPTY->_I2C_CallbackReturnStop
    _I2C_DO_TX_EMPTY->_wr1RegCompleteHandler
    _I2C_DO_TX->_I2C_CallbackReturnReset
    _I2C_DO_TX->_I2C_CallbackReturnStop
    _I2C_DO_TX->_wr1RegCompleteHandler
    _I2C_DO_SEND_ADR_WRITE->_I2C_MasterSendTxData
    _I2C_DO_RX->_I2C_CallbackReturnReset
    _I2C_DO_RX->_I2C_CallbackReturnStop
    _I2C_DO_RX->_wr1RegCompleteHandler
    _I2C_DO_ADDRESS_NACK->_I2C_CallbackReturnReset
    _I2C_DO_ADDRESS_NACK->_I2C_CallbackReturnStop
    _I2C_DO_ADDRESS_NACK->_wr1RegCompleteHandler
    _wr1RegCompleteHandler->_I2C_SetDataCompleteCallback
    _I2C_SetDataCompleteCallback->_I2C_SetCallback
    _KEY_ScanAll->___bmul
    _KEY_Init->___bmul
    _DispTimeAdjustment->_strncpy
    _DispNormal->_strncpy
    _Number2Digital->___lwdiv
    _vfpfcnvrt->_fputc
    _abs->___awmod

Critical Paths under _INTERRUPT_InterruptManager in COMMON

    _TMR1_ISR->_TMR1_WriteTimer
    _TMR0_CallBack->_TMR0_10msEven

Critical Paths under _main in BANK0

    _main->_DispNormal
    _main->_DispTimeAdjustment
    _TimeAdjustment->_Digital2Number
    _POWER_ON_EEPROM_READ->_EEPROM_ReadWord
    _LCD_SetCursor->_LCD_Command
    _LCD_Print->_LCD_Data
    _LCD_Data->_PCF8574_LCD_SendNibble
    _LCD_Init->_LCD_Command
    _LCD_Command->_PCF8574_LCD_SendNibble
    _PCF8574_LCD_SendNibble->_I2C_Write1ByteRegister
    _I2C_MasterWrite->_I2C_MasterOperation
    _I2C_Poller->_I2C_MasterFsm
    _I2C_MasterFsm->_I2C_DO_ADDRESS_NACK
    _I2C_MasterFsm->_I2C_DO_RX
    _I2C_MasterFsm->_I2C_DO_TX
    _I2C_MasterFsm->_I2C_DO_TX_EMPTY
    _FunctionSet->_Number2Digital
    _DispTimeAdjustment->_sprintf
    _DispNormal->_sprintf
    _DispFunctionSet->_sprintf
    _sprintf->_vfprintf
    _vfprintf->_vfpfcnvrt
    _vfpfcnvrt->___awdiv
    _vfpfcnvrt->_abs

Critical Paths under _INTERRUPT_InterruptManager in BANK0

    None.

Critical Paths under _main in BANK1

    None.

Critical Paths under _INTERRUPT_InterruptManager in BANK1

    None.

Critical Paths under _main in BANK2

    None.

Critical Paths under _INTERRUPT_InterruptManager in BANK2

    None.

Critical Paths under _main in BANK3

    None.

Critical Paths under _INTERRUPT_InterruptManager in BANK3

    None.

Critical Paths under _main in BANK4

    None.

Critical Paths under _INTERRUPT_InterruptManager in BANK4

    None.

Critical Paths under _main in BANK5

    None.

Critical Paths under _INTERRUPT_InterruptManager in BANK5

    None.

Critical Paths under _main in BANK6

    None.

Critical Paths under _INTERRUPT_InterruptManager in BANK6

    None.

Call Graph Tables:

 ---------------------------------------------------------------------------------
 (Depth) Function   	        Calls       Base Space   Used Autos Params    Refs
 ---------------------------------------------------------------------------------
 (0) _main                                                 2     2      0   91361
                                              0 BANK1      2     2      0
                    _DispFunctionSet
                         _DispNormal
                 _DispTimeAdjustment
                        _FunctionSet
                           _KEY_Init
                        _KEY_ScanAll
                           _LCD_Init
                          _LCD_Print
                      _LCD_SetCursor
                             _Normal
               _POWER_ON_EEPROM_READ
                  _RelayControl_Init
                  _SYSTEM_Initialize
           _TMR0_SetInterruptHandler
           _TMR1_SetInterruptHandler
                     _TimeAdjustment
                     _TimeModeSelect
                            _sprintf
 ---------------------------------------------------------------------------------
 (1) _TimeAdjustment                                       2     2      0    5226
                                             17 BANK0      2     2      0
                     _Digital2Number
                   _EEPROM_WriteWord
                       _eeprom_write
 ---------------------------------------------------------------------------------
 (2) _EEPROM_WriteWord                                     4     2      2     636
                                              6 COMMON     4     2      2
                       _eeprom_write
 ---------------------------------------------------------------------------------
 (2) _eeprom_write                                         4     3      1     332
                                              2 COMMON     4     3      1
 ---------------------------------------------------------------------------------
 (2) _Digital2Number                                      18    17      1    4045
                                              8 COMMON     1     0      1
                                              0 BANK0     17    17      0
                             ___wmul
 ---------------------------------------------------------------------------------
 (1) _TMR1_SetInterruptHandler                             2     0      2      98
                                              2 COMMON     2     0      2
 ---------------------------------------------------------------------------------
 (1) _TMR0_SetInterruptHandler                             2     0      2      98
                                              2 COMMON     2     0      2
 ---------------------------------------------------------------------------------
 (1) _SYSTEM_Initialize                                    0     0      0       0
                     _I2C_Initialize
              _OSCILLATOR_Initialize
             _PIN_MANAGER_Initialize
                    _TMR0_Initialize
                    _TMR1_Initialize
                     _WDT_Initialize
 ---------------------------------------------------------------------------------
 (2) _WDT_Initialize                                       0     0      0       0
 ---------------------------------------------------------------------------------
 (2) _TMR1_Initialize                                      0     0      0       0
 ---------------------------------------------------------------------------------
 (2) _TMR0_Initialize                                      0     0      0       0
 ---------------------------------------------------------------------------------
 (2) _PIN_MANAGER_Initialize                               0     0      0       0
 ---------------------------------------------------------------------------------
 (2) _OSCILLATOR_Initialize                                0     0      0       0
 ---------------------------------------------------------------------------------
 (2) _I2C_Initialize                                       0     0      0       0
 ---------------------------------------------------------------------------------
 (1) _RelayControl_Init                                    0     0      0    1621
                            _strncpy
 ---------------------------------------------------------------------------------
 (1) _POWER_ON_EEPROM_READ                                 0     0      0     192
                    _EEPROM_ReadWord
                        _eeprom_read
 ---------------------------------------------------------------------------------
 (2) _EEPROM_ReadWord                                     10     8      2     161
                                              6 COMMON     2     0      2
                                              0 BANK0      8     8      0
                        _eeprom_read
 ---------------------------------------------------------------------------------
 (2) _eeprom_read                                          4     4      0      31
                                              2 COMMON     4     4      0
 ---------------------------------------------------------------------------------
 (1) _Normal                                               0     0      0    1621
                     _TimeModeSelect
                            _strncpy
 ---------------------------------------------------------------------------------
 (1) _TimeModeSelect                                       0     0      0       0
 ---------------------------------------------------------------------------------
 (1) _LCD_SetCursor                                        6     5      1    9876
                                             15 BANK0      6     5      1
                        _LCD_Command
 ---------------------------------------------------------------------------------
 (1) _LCD_Print                                            2     2      0    9442
                                             15 BANK0      2     2      0
                           _LCD_Data
 ---------------------------------------------------------------------------------
 (2) _LCD_Data                                             2     2      0    8517
                                             13 BANK0      2     2      0
             _PCF8574_LCD_SendNibble
 ---------------------------------------------------------------------------------
 (1) _LCD_Init                                             2     2      0   16972
                                             15 BANK0      2     2      0
                        _LCD_Command
             _PCF8574_LCD_SendNibble
 ---------------------------------------------------------------------------------
 (2) _LCD_Command                                          2     2      0    8517
                                             13 BANK0      2     2      0
             _PCF8574_LCD_SendNibble
 ---------------------------------------------------------------------------------
 (3) _PCF8574_LCD_SendNibble                               4     3      1    8455
                                              9 BANK0      4     3      1
             _I2C_Write1ByteRegister
 ---------------------------------------------------------------------------------
 (4) _I2C_Write1ByteRegister                               3     1      2    7605
                                              6 BANK0      3     1      2
                          _I2C_Close
                    _I2C_MasterWrite
                           _I2C_Open
         _I2C_SetAddressNackCallback
                      _I2C_SetBuffer
        _I2C_SetDataCompleteCallback
 ---------------------------------------------------------------------------------
 (5) _I2C_SetAddressNackCallback                           4     0      4     654
                                              6 COMMON     4     0      4
                    _I2C_SetCallback
 ---------------------------------------------------------------------------------
 (5) _I2C_Open                                             2     2      0      46
                                              2 COMMON     2     2      0
                 _I2C_MasterClearIrq
                     _I2C_MasterOpen
 ---------------------------------------------------------------------------------
 (6) _I2C_MasterOpen                                       0     0      0       0
 ---------------------------------------------------------------------------------
 (5) _I2C_MasterWrite                                      0     0      0    5342
                _I2C_MasterOperation
 ---------------------------------------------------------------------------------
 (6) _I2C_MasterOperation                                  2     2      0    5342
                                              4 BANK0      2     2      0
                    _I2C_MasterStart
                         _I2C_Poller
 ---------------------------------------------------------------------------------
 (7) _I2C_Poller                                           0     0      0    5274
                      _I2C_MasterFsm
             _I2C_MasterWaitForEvent
 ---------------------------------------------------------------------------------
 (8) _I2C_MasterWaitForEvent                               0     0      0       0
 ---------------------------------------------------------------------------------
 (8) _I2C_MasterFsm                                        2     2      0    5274
                                              2 BANK0      2     2      0
                _I2C_DO_ADDRESS_NACK *
                        _I2C_DO_IDLE *
                        _I2C_DO_RCEN *
                       _I2C_DO_RESET *
                          _I2C_DO_RX *
                      _I2C_DO_RX_ACK *
             _I2C_DO_RX_NACK_RESTART *
                _I2C_DO_RX_NACK_STOP *
               _I2C_DO_SEND_ADR_READ *
              _I2C_DO_SEND_ADR_WRITE *
                _I2C_DO_SEND_RESTART *
           _I2C_DO_SEND_RESTART_READ *
          _I2C_DO_SEND_RESTART_WRITE *
                   _I2C_DO_SEND_STOP *
                          _I2C_DO_TX *
                    _I2C_DO_TX_EMPTY *
                 _I2C_MasterClearIrq
                   _I2C_MasterIsNack
 ---------------------------------------------------------------------------------
 (9) _I2C_DO_TX_EMPTY                                      2     2      0    1302
                                              0 BANK0      2     2      0
                                NULL *
            _I2C_CallbackReturnReset *
             _I2C_CallbackReturnStop *
                _I2C_DO_SEND_RESTART
                   _I2C_DO_SEND_STOP
                   _I2C_MasterSetIrq
              _wr1RegCompleteHandler *
 ---------------------------------------------------------------------------------
 (10) _I2C_MasterSetIrq                                    0     0      0       0
 ---------------------------------------------------------------------------------
 (9) _I2C_DO_TX                                            2     2      0    1324
                                              0 BANK0      2     2      0
                                NULL *
            _I2C_CallbackReturnReset *
             _I2C_CallbackReturnStop *
           _I2C_DO_SEND_RESTART_READ
          _I2C_DO_SEND_RESTART_WRITE
                   _I2C_DO_SEND_STOP
                   _I2C_MasterIsNack
               _I2C_MasterSendTxData
              _wr1RegCompleteHandler *
 ---------------------------------------------------------------------------------
 (9) _I2C_MasterIsNack                                     0     0      0       0
 ---------------------------------------------------------------------------------
 (10) _I2C_DO_SEND_RESTART_WRITE                           0     0      0       0
            _I2C_MasterEnableRestart
 ---------------------------------------------------------------------------------
 (10) _I2C_DO_SEND_RESTART_READ                            0     0      0       0
            _I2C_MasterEnableRestart
 ---------------------------------------------------------------------------------
 (9) _I2C_DO_SEND_ADR_WRITE                                0     0      0      22
               _I2C_MasterSendTxData
 ---------------------------------------------------------------------------------
 (9) _I2C_DO_SEND_ADR_READ                                 0     0      0      22
               _I2C_MasterSendTxData
 ---------------------------------------------------------------------------------
 (10) _I2C_MasterSendTxData                                1     1      0      22
                                              2 COMMON     1     1      0
 ---------------------------------------------------------------------------------
 (9) _I2C_DO_RX_ACK                                        0     0      0       0
                  _I2C_MasterSendAck
 ---------------------------------------------------------------------------------
 (9) _I2C_DO_RX                                            2     2      0    1302
                                              0 BANK0      2     2      0
                                NULL *
            _I2C_CallbackReturnReset *
             _I2C_CallbackReturnStop *
             _I2C_DO_RX_NACK_RESTART
                _I2C_DO_RX_NACK_STOP
                _I2C_MasterGetRxData
                  _I2C_MasterSendAck
              _wr1RegCompleteHandler *
 ---------------------------------------------------------------------------------
 (10) _I2C_MasterSendAck                                   0     0      0       0
 ---------------------------------------------------------------------------------
 (10) _I2C_MasterGetRxData                                 0     0      0       0
 ---------------------------------------------------------------------------------
 (9) _I2C_DO_RX_NACK_STOP                                  0     0      0       0
                 _I2C_MasterSendNack
 ---------------------------------------------------------------------------------
 (9) _I2C_DO_RX_NACK_RESTART                               0     0      0       0
                 _I2C_MasterSendNack
 ---------------------------------------------------------------------------------
 (10) _I2C_MasterSendNack                                  0     0      0       0
 ---------------------------------------------------------------------------------
 (9) _I2C_DO_RESET                                         0     0      0       0
 ---------------------------------------------------------------------------------
 (9) _I2C_DO_RCEN                                          0     0      0       0
                  _I2C_MasterStartRx
 ---------------------------------------------------------------------------------
 (10) _I2C_MasterStartRx                                   0     0      0       0
 ---------------------------------------------------------------------------------
 (9) _I2C_DO_IDLE                                          0     0      0       0
 ---------------------------------------------------------------------------------
 (9) _I2C_DO_ADDRESS_NACK                                  2     2      0    1302
                                              0 BANK0      2     2      0
                                NULL *
            _I2C_CallbackReturnReset *
             _I2C_CallbackReturnStop *
                _I2C_DO_SEND_RESTART
                   _I2C_DO_SEND_STOP
              _wr1RegCompleteHandler *
 ---------------------------------------------------------------------------------
 (10) _wr1RegCompleteHandler                               1     0      1    1090
                                              9 COMMON     1     0      1
                      _I2C_SetBuffer
        _I2C_SetDataCompleteCallback
 ---------------------------------------------------------------------------------
 (5) _I2C_SetDataCompleteCallback                          3     0      3     806
                                              6 COMMON     3     0      3
                    _I2C_SetCallback
 ---------------------------------------------------------------------------------
 (6) _I2C_SetCallback                                      4     1      3     458
                                              2 COMMON     4     1      3
 ---------------------------------------------------------------------------------
 (5) _I2C_SetBuffer                                        3     1      2     262
                                              2 COMMON     3     1      2
 ---------------------------------------------------------------------------------
 (10) _I2C_DO_SEND_STOP                                    0     0      0       0
                     _I2C_MasterStop
 ---------------------------------------------------------------------------------
 (11) _I2C_MasterStop                                      0     0      0       0
 ---------------------------------------------------------------------------------
 (10) _I2C_DO_SEND_RESTART                                 0     0      0       0
            _I2C_MasterEnableRestart
 ---------------------------------------------------------------------------------
 (11) _I2C_MasterEnableRestart                             0     0      0       0
 ---------------------------------------------------------------------------------
 (10) _I2C_CallbackReturnStop                              1     0      1       0
                                              9 COMMON     1     0      1
 ---------------------------------------------------------------------------------
 (10) _I2C_CallbackReturnReset                             1     0      1     212
                                              9 COMMON     1     0      1
 ---------------------------------------------------------------------------------
 (15) NULL(Fake)                                           1     0      1       0
 ---------------------------------------------------------------------------------
 (7) _I2C_MasterStart                                      0     0      0       0
 ---------------------------------------------------------------------------------
 (5) _I2C_Close                                            1     1      0      24
                                              2 COMMON     1     1      0
                 _I2C_MasterClearIrq
                    _I2C_MasterClose
               _I2C_MasterDisableIrq
 ---------------------------------------------------------------------------------
 (6) _I2C_MasterDisableIrq                                 0     0      0       0
 ---------------------------------------------------------------------------------
 (6) _I2C_MasterClose                                      0     0      0       0
 ---------------------------------------------------------------------------------
 (6) _I2C_MasterClearIrq                                   0     0      0       0
 ---------------------------------------------------------------------------------
 (1) _KEY_ScanAll                                          4     4      0    1060
                                              6 COMMON     4     4      0
                             ___bmul
 ---------------------------------------------------------------------------------
 (1) _KEY_Init                                             2     2      0     313
                                              6 COMMON     2     2      0
                             ___bmul
 ---------------------------------------------------------------------------------
 (2) ___bmul                                               4     3      1      28
                                              2 COMMON     4     3      1
 ---------------------------------------------------------------------------------
 (1) _FunctionSet                                          1     1      0    5618
                                              5 BANK0      1     1      0
                     _Number2Digital
 ---------------------------------------------------------------------------------
 (1) _DispTimeAdjustment                                  22    18      4    9946
                                             54 BANK0     22    18      4
                            _sprintf
                            _strncpy
 ---------------------------------------------------------------------------------
 (1) _DispNormal                                          22    18      4   15422
                                             54 BANK0     22    18      4
                     _Number2Digital
                            _sprintf
                            _strncpy
 ---------------------------------------------------------------------------------
 (2) _strncpy                                              8     4      4    1621
                                              2 COMMON     8     4      4
 ---------------------------------------------------------------------------------
 (2) _Number2Digital                                       5     2      3    5618
                                              0 BANK0      5     2      3
                            ___lwdiv
                            ___lwmod
                             ___wmul
 ---------------------------------------------------------------------------------
 (3) ___wmul                                               6     2      4    3402
                                              2 COMMON     6     2      4
 ---------------------------------------------------------------------------------
 (3) ___lwmod                                              6     2      4     412
                                              2 COMMON     6     2      4
 ---------------------------------------------------------------------------------
 (3) ___lwdiv                                              8     4      4     781
                                              2 COMMON     8     4      4
 ---------------------------------------------------------------------------------
 (1) _DispFunctionSet                                      5     1      4    7125
                                             54 BANK0      5     1      4
                            _sprintf
 ---------------------------------------------------------------------------------
 (1) _sprintf                                             29    16     13    6731
                                             27 BANK0     27    14     13
                           _vfprintf
 ---------------------------------------------------------------------------------
 (2) _vfprintf                                             7     4      3    3955
                                             20 BANK0      7     4      3
                          _vfpfcnvrt
 ---------------------------------------------------------------------------------
 (3) _vfpfcnvrt                                           16    14      2    3524
                                              4 BANK0     16    14      2
                            ___awdiv
                            ___awmod
                                _abs
                              _fputc
 ---------------------------------------------------------------------------------
 (4) _fputc                                                8     5      3     934
                                              2 COMMON     8     5      3
                              _putch
 ---------------------------------------------------------------------------------
 (5) _putch                                                1     1      0       0
 ---------------------------------------------------------------------------------
 (4) _abs                                                  4     2      2     183
                                              0 BANK0      4     2      2
                            ___awmod (ARG)
 ---------------------------------------------------------------------------------
 (4) ___awmod                                              7     3      4     448
                                              2 COMMON     7     3      4
 ---------------------------------------------------------------------------------
 (4) ___awdiv                                              9     5      4     625
                                              2 COMMON     5     1      4
                                              0 BANK0      4     4      0
 ---------------------------------------------------------------------------------
 Estimated maximum stack depth 15
 ---------------------------------------------------------------------------------
 (Depth) Function   	        Calls       Base Space   Used Autos Params    Refs
 ---------------------------------------------------------------------------------
 (13) _INTERRUPT_InterruptManager                          0     0      0     164
                           _TMR0_ISR
                           _TMR1_ISR
 ---------------------------------------------------------------------------------
 (14) _TMR1_ISR                                            0     0      0     164
                                NULL *
                      _TMR1_10msEven *
                    _TMR1_WriteTimer
 ---------------------------------------------------------------------------------
 (15) _TMR1_WriteTimer                                     2     0      2     164
                                              0 COMMON     2     0      2
 ---------------------------------------------------------------------------------
 (15) _TMR1_10msEven                                       0     0      0       0
                   _KeepTimerCounter
 ---------------------------------------------------------------------------------
 (16) _KeepTimerCounter                                    0     0      0       0
 ---------------------------------------------------------------------------------
 (14) _TMR0_ISR                                            0     0      0       0
                      _TMR0_CallBack
 ---------------------------------------------------------------------------------
 (15) _TMR0_CallBack                                       0     0      0       0
                                NULL *
                      _TMR0_10msEven *
 ---------------------------------------------------------------------------------
 (16) _TMR0_10msEven                                       1     1      0       0
                                              0 COMMON     1     1      0
 ---------------------------------------------------------------------------------
 (15) NULL(Fake)                                           1     0      1       0
 ---------------------------------------------------------------------------------
 Estimated maximum stack depth 16
 ---------------------------------------------------------------------------------

 Call Graph Graphs:

 _main (ROOT)
   _DispFunctionSet
     _sprintf
       _vfprintf
         _vfpfcnvrt
           ___awdiv
           ___awmod
           _abs
             ___awmod (ARG)
           _fputc
             _putch
   _DispNormal
     _Number2Digital
       ___lwdiv
       ___lwmod
       ___wmul
     _sprintf
     _strncpy
   _DispTimeAdjustment
     _sprintf
     _strncpy
   _FunctionSet
     _Number2Digital
   _KEY_Init
     ___bmul
   _KEY_ScanAll
     ___bmul
   _LCD_Init
     _LCD_Command
       _PCF8574_LCD_SendNibble
         _I2C_Write1ByteRegister
           _I2C_Close
             _I2C_MasterClearIrq
             _I2C_MasterClose
             _I2C_MasterDisableIrq
           _I2C_MasterWrite
             _I2C_MasterOperation
               _I2C_MasterStart
               _I2C_Poller
                 _I2C_MasterFsm
                   _I2C_DO_ADDRESS_NACK *
                     NULL(Fake) *
                     _I2C_CallbackReturnReset *
                     _I2C_CallbackReturnStop *
                     _I2C_DO_SEND_RESTART *
                       _I2C_MasterEnableRestart
                     _I2C_DO_SEND_STOP *
                       _I2C_MasterStop
                     _wr1RegCompleteHandler *
                       _I2C_SetBuffer
                       _I2C_SetDataCompleteCallback
                         _I2C_SetCallback
                   _I2C_DO_IDLE *
                   _I2C_DO_RCEN *
                     _I2C_MasterStartRx
                   _I2C_DO_RESET *
                   _I2C_DO_RX *
                     NULL(Fake) *
                     _I2C_CallbackReturnReset *
                     _I2C_CallbackReturnStop *
                     _I2C_DO_RX_NACK_RESTART *
                       _I2C_MasterSendNack
                     _I2C_DO_RX_NACK_STOP *
                       _I2C_MasterSendNack
                     _I2C_MasterGetRxData *
                     _I2C_MasterSendAck *
                     _wr1RegCompleteHandler *
                   _I2C_DO_RX_ACK *
                     _I2C_MasterSendAck
                   _I2C_DO_RX_NACK_RESTART *
                   _I2C_DO_RX_NACK_STOP *
                   _I2C_DO_SEND_ADR_READ *
                     _I2C_MasterSendTxData
                   _I2C_DO_SEND_ADR_WRITE *
                     _I2C_MasterSendTxData
                   _I2C_DO_SEND_RESTART *
                   _I2C_DO_SEND_RESTART_READ *
                     _I2C_MasterEnableRestart
                   _I2C_DO_SEND_RESTART_WRITE *
                     _I2C_MasterEnableRestart
                   _I2C_DO_SEND_STOP *
                   _I2C_DO_TX *
                     NULL(Fake) *
                     _I2C_CallbackReturnReset *
                     _I2C_CallbackReturnStop *
                     _I2C_DO_SEND_RESTART_READ *
                     _I2C_DO_SEND_RESTART_WRITE *
                     _I2C_DO_SEND_STOP *
                     _I2C_MasterIsNack *
                     _I2C_MasterSendTxData *
                     _wr1RegCompleteHandler *
                   _I2C_DO_TX_EMPTY *
                     NULL(Fake) *
                     _I2C_CallbackReturnReset *
                     _I2C_CallbackReturnStop *
                     _I2C_DO_SEND_RESTART *
                     _I2C_DO_SEND_STOP *
                     _I2C_MasterSetIrq *
                     _wr1RegCompleteHandler *
                   _I2C_MasterClearIrq *
                   _I2C_MasterIsNack *
                 _I2C_MasterWaitForEvent
           _I2C_Open
             _I2C_MasterClearIrq
             _I2C_MasterOpen
           _I2C_SetAddressNackCallback
             _I2C_SetCallback
           _I2C_SetBuffer
           _I2C_SetDataCompleteCallback
     _PCF8574_LCD_SendNibble
   _LCD_Print
     _LCD_Data
       _PCF8574_LCD_SendNibble
   _LCD_SetCursor
     _LCD_Command
   _Normal
     _TimeModeSelect
     _strncpy
   _POWER_ON_EEPROM_READ
     _EEPROM_ReadWord
       _eeprom_read
     _eeprom_read
   _RelayControl_Init
     _strncpy
   _SYSTEM_Initialize
     _I2C_Initialize
     _OSCILLATOR_Initialize
     _PIN_MANAGER_Initialize
     _TMR0_Initialize
     _TMR1_Initialize
     _WDT_Initialize
   _TMR0_SetInterruptHandler
   _TMR1_SetInterruptHandler
   _TimeAdjustment
     _Digital2Number
       ___wmul
     _EEPROM_WriteWord
       _eeprom_write
     _eeprom_write
   _TimeModeSelect
   _sprintf

 _INTERRUPT_InterruptManager (ROOT)
   _TMR0_ISR
     _TMR0_CallBack
       NULL(Fake) *
       _TMR0_10msEven *
   _TMR1_ISR
     NULL(Fake) *
     _TMR1_10msEven *
       _KeepTimerCounter
     _TMR1_WriteTimer *

 Address spaces:
Name               Size   Autos  Total    Cost      Usage
BIGRAM             1F0      0       0       0        0.0%
EEDATA             100      0       0       0        0.0%
NULL                 0      0       0       0        0.0%
CODE                 0      0       0       0        0.0%
BITCOMMON            E      0       0       1        0.0%
BITSFR0              0      0       0       1        0.0%
SFR0                 0      0       0       1        0.0%
COMMON               E      A       C       2       85.7%
BITSFR1              0      0       0       2        0.0%
SFR1                 0      0       0       2        0.0%
BITSFR2              0      0       0       3        0.0%
SFR2                 0      0       0       3        0.0%
STACK                0      0       0       3        0.0%
BITSFR3              0      0       0       4        0.0%
SFR3                 0      0       0       4        0.0%
ABS                  0      0     12A       4        0.0%
BITBANK0            50      0       0       5        0.0%
BITSFR4              0      0       0       5        0.0%
SFR4                 0      0       0       5        0.0%
BANK0               50     4C      50       6      100.0%
BITSFR5              0      0       0       6        0.0%
SFR5                 0      0       0       6        0.0%
BITBANK1            50      0       0       7        0.0%
BITSFR6              0      0       0       7        0.0%
SFR6                 0      0       0       7        0.0%
BANK1               50      2      50       8      100.0%
BITSFR7              0      0       0       8        0.0%
SFR7                 0      0       0       8        0.0%
BITBANK2            50      0       0       9        0.0%
BITSFR8              0      0       0       9        0.0%
SFR8                 0      0       0       9        0.0%
BANK2               50      0      32      10       62.5%
BITSFR9              0      0       0      10        0.0%
SFR9                 0      0       0      10        0.0%
BITBANK3            50      0       0      11        0.0%
BITSFR10             0      0       0      11        0.0%
SFR10                0      0       0      11        0.0%
BANK3               50      0      4C      12       95.0%
BITSFR11             0      0       0      12        0.0%
SFR11                0      0       0      12        0.0%
BITBANK4            50      0       0      13        0.0%
BITSFR12             0      0       0      13        0.0%
SFR12                0      0       0      13        0.0%
BANK4               50      0       0      14        0.0%
BITSFR13             0      0       0      14        0.0%
SFR13                0      0       0      14        0.0%
BITBANK5            50      0       0      15        0.0%
BITSFR14             0      0       0      15        0.0%
SFR14                0      0       0      15        0.0%
BANK5               50      0       0      16        0.0%
BITSFR15             0      0       0      16        0.0%
SFR15                0      0       0      16        0.0%
BITBANK6            10      0       0      17        0.0%
BITSFR16             0      0       0      17        0.0%
SFR16                0      0       0      17        0.0%
BANK6               10      0       0      18        0.0%
BITSFR17             0      0       0      18        0.0%
SFR17                0      0       0      18        0.0%
BITSFR18             0      0       0      19        0.0%
SFR18                0      0       0      19        0.0%
DATA                 0      0     12A      19        0.0%
BITSFR19             0      0       0      20        0.0%
SFR19                0      0       0      20        0.0%
BITSFR20             0      0       0      21        0.0%
SFR20                0      0       0      21        0.0%
BITSFR21             0      0       0      22        0.0%
SFR21                0      0       0      22        0.0%
BITSFR22             0      0       0      23        0.0%
SFR22                0      0       0      23        0.0%
BITSFR23             0      0       0      24        0.0%
SFR23                0      0       0      24        0.0%
BITSFR24             0      0       0      25        0.0%
SFR24                0      0       0      25        0.0%
BITSFR25             0      0       0      26        0.0%
SFR25                0      0       0      26        0.0%
BITSFR26             0      0       0      27        0.0%
SFR26                0      0       0      27        0.0%
BITSFR27             0      0       0      28        0.0%
SFR27                0      0       0      28        0.0%
BITSFR28             0      0       0      29        0.0%
SFR28                0      0       0      29        0.0%
BITSFR29             0      0       0      30        0.0%
SFR29                0      0       0      30        0.0%
BITSFR30             0      0       0      31        0.0%
SFR30                0      0       0      31        0.0%
BITSFR31             0      0       0      32        0.0%
SFR31                0      0       0      32        0.0%


Microchip Technology PIC Macro Assembler V2.46 build 20240104201356 
Symbol Table                                                                                   Mon Nov 24 14:32:39 2025

                  ??_I2C_DO_SEND_ADR_READ 0072                        ?_RelayControl_Init 0070  
                          ___bmul@product 0074                   ??_I2C_DO_SEND_ADR_WRITE 0073  
                            ?_LCD_Command 0070                                        l23 0A26  
                                      l26 16A3                          ?_DispFunctionSet 0056  
                            ___awdiv@sign 0021                       ___wmul@multiplicand 0074  
                         _timer0ReloadVal 007B                             _LCD_SetCursor 17E3  
                   ??_I2C_DO_SEND_RESTART 0072                                       l131 175F  
                                     l211 09F4                                       l123 162B  
                                     l140 15E6                                       l205 1611  
                                     l221 15C3                                       l230 15D2  
                                     l126 0AC2                                       l150 1641  
                                     l303 15F2                                       l127 0AC3  
                                     l144 080F                                       l224 15C8  
                                     l233 15D7                                       l161 1667  
                                     l137 08CA                                       l250 1588  
                                     l218 15BE                                       l155 08F2  
                                     l147 1636                                       l171 1622  
                                     l227 15CD                                       l260 158E  
                                     l180 0CC0                                       l236 15DC  
                                     l253 0801                                       l245 096F  
                                     l165 091B                                       l421 15FE  
                                     l174 1619                                       l334 07FF  
                                     l263 15A0                                       l239 15E1  
                                     l272 159D                                       l168 15B9  
                                     l600 17FF                                       l281 15EC  
                                     l177 0CA3                                       l193 0B58  
                                     l257 1674                                       l290 1591  
                                     l266 15B4                                       l194 0B7F  
                                     l362 16DB                                       l275 1594  
                                     l371 15AF                                       l284 15AB  
                                     l460 1681                                       l293 158B  
                                     l269 1597                                       l365 1648  
                                     l278 159A                                       l606 17AB  
                                     l287 15A7                                       l296 15A3  
                                     l368 164D                                       l560 01E6  
                                     l394 16C8                                       l482 15F8  
                                     l803 0945                                       l299 15ED  
                                     l672 0D1D                                       l592 08A9  
                                     l905 04EA                                       l818 0714  
                                     l586 09C6                                       l851 0FFF  
                                     l595 0E3E                                       l835 0D6E  
                                     l932 0889                                       l764 17C6  
                                     l860 03AD                                       l589 084B  
                                     l773 0A59                                       l837 0D7C  
                                     l926 1791                                       l695 062F  
                                     l776 0F87                                       l929 1730  
                                     l794 07E4                                       l779 0F10  
                     ??_RelayControl_Init 007A                           _timer1ReloadVal 00CC  
                                     _abs 16A4                                       _buf 0141  
                                     _key 01C0                    _I2C_MasterWaitForEvent 15ED  
                            ___awmod@sign 0078                                       wreg 0009  
            ??_I2C_SetAddressNackCallback 007A                    _I2C_Write1ByteRegister 09F5  
                ??_I2C_CallbackReturnStop 007A                              _I2C_DO_RESET 15DD  
                                    l1112 098A                                      l1121 086A  
                                    l1115 0999                                      ?_abs 0020  
                                    l1108 0971                                      l1109 0971  
                                    l1119 0856                                      l1145 1705  
                                    l1091 171A                                      l1272 0DDC  
                                    l1409 0A8D                                      l1089 1707  
                                    l1620 037D                                      l1285 0C6A  
                                    l3301 15A1                                      l4021 0A2F  
                                    l3311 1589                                      l3231 0803  
                                    l3223 08CC                                      l3303 1587  
                                    l4023 0A36                                      l4031 0A56  
                                    l1640 16B5                                      l1633 17E2  
                                    l3233 0808                                      l3225 08D2  
                                    l3241 15A4                                      l3313 15B5  
                                    l3321 161A                                      l4025 0A3B  
                                    l4017 0A27                                      l3235 080E  
                                    l3227 08E3                                      l3243 1693  
                                    l3307 0800                                      l3251 15E7  
                                    l3315 15B7                                      l3323 161C  
                                    l3331 1614                                      l3403 160B  
                                    l5011 0A12                                      l5003 09F7  
                                    l4019 0A28                                      l1652 0C17  
                                    l5021 021C                                      l3237 1595  
                                    l3229 162C                                      l3245 169B  
                                    l3317 15B8                                      l3325 1621  
                                    l3333 1618                                      l3405 160D  
                                    l3501 1670                                      l5013 0A1B  
                                    l5005 09F7                                      l5101 09AC  
                                    l4029 0A4A                                      l4133 16C9  
                                    l1582 082D                                      l1663 1586  
                                    l5031 0244                                      l5023 0224  
                                    l1399 0B3A                                      l3239 1598  
                                    l3247 16A2                                      l3255 15B1  
                                    l3407 1610                                      l3263 15BF  
                                    l3271 15CC                                      l3503 1673  
                                    l5015 0A1E                                      l5007 0A01  
                                    l5103 09B4                                      l4143 15F9  
                                    l5111 0983                                      l5041 0284  
                                    l5033 0250                                      l5025 0228  
                                    l5017 0203                                      l1673 0AFE  
                                    l4081 0ACC                                      l3329 1612  
                                    l3257 15BA                                      l3265 15C2  
                                    l3281 15D8                                      l5009 0A0A  
                                    l5105 09BD                                      l4161 17BD  
                                    l4153 15F3                                      l5121 0992  
                                    l5113 0985                                      l5051 02A9  
                                    l5043 0294                                      l5035 025D  
                                    l5027 0230                                      l5019 0214  
                                    l5211 0824                                      l5203 0812  
                                    l5131 084C                                      l4091 0AF2  
                                    l3507 158F                                      l3275 159E  
                                    l3259 15BD                                      l3283 15DB  
                                    l3443 15DD                                      l3531 0A8F  
                                    l4163 17C0                                      l4155 17AC  
                                    l5123 0993                                      l5115 0989  
                                    l5107 0976                                      l5061 02D1  
                                    l5053 02B3                                      l5045 029A  
                                    l5037 025F                                      l5029 023A  
                                    l5205 0816                                      l5141 0866  
                                    l5133 084E                                      l4085 0AE3  
                                    l4077 0AC5                                      l3509 158C  
                                    l3293 159B                                      l3269 15C9  
                                    l3437 15CE                                      l3445 15DF  
                                    l3541 0AA1                                      l3533 0A96  
                                    l5301 0E16                                      l5221 08A0  
                                    l4165 17C1                                      l4157 17AE  
                                    l5125 0998                                      l5117 098D  
                                    l5109 097F                                      l3631 0C18  
                                    l5071 0312                                      l5063 02E2  
                                    l5055 02C4                                      l5047 029F  
                                    l5039 0266                                      l5207 0818  
                                    l5151 0B0A                                      l5135 0852  
                                    l5231 0F39                                      l5223 0F11  
                                    l4087 0AEA                                      l4079 0AC8  
                                    l3279 15A8                                      l3295 15C4  
                                    l3439 15D1                                      l3287 15D3  
                                    l3447 15E0                                      l3551 0AB5  
                                    l3543 0AA6                                      l3535 0A98  
                                    l5215 0830                                      l5303 0E1C  
                                    l5311 1794                                      l4351 0D25  
                                    l5127 170D                                      l4167 17C4  
                                    l4159 17B1                                      l5119 0991  
                                    l3641 0C28                                      l3633 0C19  
                                    l5081 033E                                      l5073 0326  
                                    l5065 02EA                                      l5049 02A4  
                                    l5057 02C9                                      l5209 081A  
                                    l5161 0B2A                                      l5153 0B0F  
                                    l5145 0AFF                                      l5137 085B  
                                    l5241 0F76                                      l5233 0F49  
                                    l5225 0F11                                      l4089 0AEE  
                                    l5401 077C                                      l3297 15C7  
                                    l3289 15D6                                      l3553 0AB6  
                                    l3545 0AA7                                      l3537 0A99  
                                    l5217 0842                                      l5305 0E35  
                                    l5313 1795                                      l4353 0D28  
                                    l4361 0D45                                      l3651 0C3F  
                                    l3643 0C2D                                      l3635 0C1D  
                                    l5083 034D                                      l5067 02ED  
                                    l5059 02D0                                      l5091 0365  
                                    l5411 091F                                      l5163 0B2B  
                                    l5155 0B13                                      l5147 0B01  
                                    l5171 0A5A                                      l5139 0860  
                                    l5235 0F4E                                      l5227 0F22  
                                    l5403 07AA                                      l5331 0504  
                                    l3571 174F                                      l3555 0ABB  
                                    l3547 0AAC                                      l3539 0A9A  
                                    l3563 1637                                      l5219 088C  
                                    l5315 179D                                      l5307 17E5  
                                    l4371 0D5C                                      l4363 0D4B  
                                    l4355 0D2C                                      l4347 0D1E  
                                    l5243 0EA5                                      l5251 171C  
                                    l3653 0C43                                      l3645 0C33  
                                    l3661 0C5C                                      l3637 0C22  
                                    l5085 0352                                      l5069 02FE  
                                    l5077 032F                                      l5413 0928  
                                    l5165 0B30                                      l5157 0B17  
                                    l5149 0B07                                      l5181 0A70  
                                    l5173 0A60                                      l5237 0F60  
                                    l5229 0F27                                      l5421 0632  
                                    l5341 0539                                      l5333 050E  
                                    l5325 04EC                                      l3581 175B  
                                    l3573 1750                                      l3485 1592  
                                    l3557 0ABE                                      l3549 0AB0  
                                    l5317 17A2                                      l5309 17F5  
                                    l4373 0D5F                                      l4365 0D4C  
                                    l4357 0D38                                      l4349 0D24  
                                    l5245 0EB9                                      l5253 1729  
                                    l5501 037E                                      l3663 0C61  
                                    l3655 0C4D                                      l3647 0C36  
                                    l3639 0C24                                      l3671 0BCC  
                                    l5079 0334                                      l5087 035B  
                                    l5415 0931                                      l5159 0B26  
                                    l5167 0B36                                      l5183 0A7A  
                                    l5175 0A63                                      l5239 0F70  
                                    l5407 07D8                                      l5431 0659  
                                    l5423 0640                                      l5271 16FD  
                                    l5263 16F2                                      l5351 0568  
                                    l5343 0548                                      l5335 0515  
                                    l5327 04F5                                      l5319 04EB  
                                    l3575 1752                                      l3583 175E  
                                    l3495 1668                                      l3559 0AC1  
                                    l4375 0D6B                                      l4367 0D54  
                                    l4359 0D3A                                      l5255 086D  
                                    l5247 0EC4                                      l5511 0398  
                                    l5503 0382                                      l3665 0C66  
                                    l3657 0C51                                      l3649 0C3B  
                                    l3681 0C0E                                      l3673 0BD1  
                                    l5193 17C9                                      l5409 091E  
                                    l5185 0A7E                                      l5177 0A68  
                                    l5441 0676                                      l5433 065D  
                                    l5425 0645                                      l5273 1704  
                                    l5265 16F3                                      l5361 05AA  
                                    l5353 0584                                      l5337 051F  
                                    l5345 054F                                      l5329 04FD  
                                    l3577 1755                                      l3569 1748  
                                    l4801 0C6B                                      l3497 166D  
                                    l5097 099C                                      l4377 0D70  
                                    l4369 0D57                                      l5257 087A  
                                    l5249 0ECF                                      l5601 047D  
                                    l5521 03AE                                      l5513 039C  
                                    l5505 0389                                      l3659 0C56  
                                    l3675 0BD6                                      l5195 17CE  
                                    l5419 093A                                      l5187 0A83  
                                    l5179 0A6C                                      l5443 067A  
                                    l5427 0651                                      l5435 0662  
                                    l5267 16F7                                      l5371 05F6  
                                    l5363 05C6                                      l5355 0594  
                                    l5347 0557                                      l5339 0528  
                                    l3579 1758                                      l3499 166E  
                                    l5099 09AB                                      l5291 0DDD  
                                    l3931 1625                                      l5611 0496  
                                    l5603 0483                                      l5531 03C1  
                                    l5523 03B1                                      l5507 0390  
                                    l3677 0BE0                                      l3669 0BC7  
                                    l5197 17D6                                      l5189 0A89  
                                    l5445 067F                                      l5437 066E  
                                    l5453 0709                                      l5429 0655  
                                    l5461 0F92                                      l5269 16FB  
                                    l5285 0CC2                                      l5373 05FB  
                                    l5365 05D7                                      l5357 059B  
                                    l5349 055E                                      l5381 0625  
                                    l4821 0CA5                                      l4813 0C7C  
                                    l4805 0C74                                      l5293 0DE9  
                                    l5277 1779                                      l3933 1627  
                                    l3941 07ED                                      l5621 04B4  
                                    l5613 049C                                      l5605 0488  
                                    l5541 03D9                                      l5517 03A3  
                                    l5509 0393                                      l5701 012A  
                                    l3679 0BFE                                      l5199 17E0  
                                    l5391 0725                                      l5447 06AD  
                                    l5439 0672                                      l5471 0FB1  
                                    l5463 0F97                                      l5455 0F88  
                                    l5287 0D13                                      l5279 0CC1  
                                    l5383 0629                                      l5375 0602  
                                    l5367 05E8                                      l5359 05A3  
                                    l4823 0CB2                                      l4903 0953  
                                    l4911 08F6                                      l5295 0DEF  
                                    l3935 162A                                      l3951 07FB  
                                    l3943 07EF                                      l5631 04D1  
                                    l5623 04B7                                      l5615 04A1  
                                    l5607 048A                                      l5551 03EF  
                                    l5543 03DE                                      l5535 03C8  
                                    l5527 03B7                                      l5519 03A9  
                                    l5703 012C                                      l5393 072E  
                                    l5449 06DB                                      l5481 0FBD  
                                    l5473 0FB2                                      l5465 0F9D  
                                    l5457 0F8E                                      l5289 0D17  
                                    l5369 05EF                                      l4825 0CBD  
                                    l4809 0C78                                      l4841 0B53  
                                    l4913 08FB                                      l4921 165C  
                                    l5297 0DFE                                      l3929 1623  
                                    l3953 07FD                                      l3945 07F1  
                                    l3937 07E5                                      l3961 15AC  
                                    l5633 04D8                                      l5625 04C3  
                                    l5609 048D                                      l5617 04AD  
                                    l5561 0402                                      l5553 03F3  
                                    l5545 03E2                                      l5537 03CF  
                                    l5529 03BD                                      l5705 012E  
                                    l5713 01DA                                      l5641 0074  
                                    l5395 0734                                      l5491 0FE6  
                                    l5483 0FC9                                      l5475 0FB5  
                                    l5467 0F9F                                      l5459 0F8F  
                                    l5379 0608                                      l4827 0CBF  
                                    l4819 0C80                                      l4843 0B56  
                                    l4835 0B3B                                      l4915 0903  
                                    l4923 165F                                      l4931 08B4  
                                    l5299 0E07                                      l3955 1642  
                                    l3947 07F5                                      l3939 07EA  
                                    l3971 16BD                                      l3963 16B6  
                                    l5635 04E1                                      l5627 04C5  
                                    l5619 04B3                                      l5563 0406  
                                    l5555 03F6                                      l5539 03D6  
                                    l5571 0428                                      l5715 01E7  
                                    l5707 016E                                      l5723 01F3  
                                    l5651 0081                                      l5643 0075  
                                    l5397 0741                                      l5389 0717  
                                    l5493 0FE9                                      l5485 0FD3  
                                    l5477 0FB8                                      l5469 0FAB  
                                    l4853 0B5E                                      l4837 0B43  
                                    l4917 0906                                      l4909 08F3  
                                    l4925 1662                                      l4941 08C5  
                                    l4933 08B6                                      l3957 1645  
                                    l3949 07F7                                      l3981 167D  
                                    l3973 16C4                                      l3965 16B8  
                                    l5629 04CB                                      l5581 0440  
                                    l5573 042E                                      l5549 03E9  
                                    l5717 01EB                                      l5709 01A0  
                                    l5661 00A4                                      l5653 0087  
                                    l5645 0078                                      l5637 0062  
                                    l4951 0D7D                                      l5399 074E  
                                    l5495 0FEC                                      l5479 0FBB  
                                    l5487 0FDF                                      l4871 09CE  
                                    l4839 0B49                                      l4919 165B  
                                    l4935 08BB                                      l4943 08C8  
                                    l4927 08AC                                      l3959 1646  
                                    l3983 167F                                      l3975 16C5  
                                    l3967 16BA                                      l5591 0460  
                                    l5583 0449                                      l5575 0433  
                                    l5559 03FC                                      l5719 01EF  
                                    l5671 00C8                                      l5663 00A8  
                                    l5655 0090                                      l5647 007B  
                                    l5639 0073                                      l4961 0D8E  
                                    l4953 0D7F                                      l5497 0FF1  
                                    l5489 0FE5                                      l5841 09E6  
                                    l4873 09D1                                      l4865 09C7  
                                    l4849 0B5A                                      l4937 08BF  
                                    l4929 08B3                                      l3985 1680  
                                    l3977 1675                                      l3969 16BC  
                                    l5593 0463                                      l5585 044D  
                                    l5577 0435                                      l5569 040D  
                                    l5681 00EF                                      l5673 00CF  
                                    l5665 00B5                                      l5657 0094  
                                    l5649 007E                                      l4971 0DA2  
                                    l4963 0D93                                      l4955 0D83  
                                    l5499 0FF3                                      l5843 0614  
                                    l4867 09CA                                      l4883 09D7  
                                    l4859 0B62                                      l5835 0967  
                                    l4891 0948                                      l4939 08C2  
                                    l4947 15E2                                      l3979 167A  
                                    l5595 0469                                      l5579 0438  
                                    l5587 0459                                      l5691 0114  
                                    l5683 00F0                                      l5675 00D8  
                                    l5667 00BB                                      l5659 009B  
                                    l4981 0DC2                                      l4973 0DA7  
                                    l4965 0D97                                      l4957 0D88  
                                    l4877 09D3                                      l5837 0B71  
                                    l4893 094B                                      l5597 046F  
                                    l5589 045F                                      l5685 00F9  
                                    l5693 0117                                      l5677 00DC  
                                    l5669 00C4                                      l4991 0DD8  
                                    l4983 0DC3                                      l4975 0DAB  
                                    l4967 0D99                                      l4959 0D8A  
                                    l5839 0C95                                      l5599 0471  
                                    l5695 011D                                      l5687 0102  
                                    l5679 00E9                                      l4985 0DC8  
                                    l4977 0DAF                                      l4969 0D9F  
                                    l4897 094F                                      l4889 0946  
                                    l5697 0122                                      l5689 010B  
                                    l4979 0DBE                                      l4987 0DCE  
                                    l4995 16A4                                      l5699 0127  
                                    l4989 0DD3                                      l4997 16A9  
                                    l4999 16AA                                      STR_1 187F  
                                    STR_2 1890                                      STR_3 186E  
                                    STR_4 185D                                      STR_5 18A1  
                                    STR_6 18B2                                      STR_7 186A  
                                    STR_8 1020                                      STR_9 1800  
                                    u1500 08D2                                      u1501 08D1  
                                    _LATA 010C                                      u1510 0808  
                                    _LATB 010D                                      u1511 0807  
                                    _LATC 010E                                      u4000 0FA9  
                                    u3200 0C73                                      u4001 0FA6  
                                    u3201 0C72                                      _LATE 0110  
                                    u3210 0CBD                                      u3211 0CBC  
                                    u3300 0D9F                                      u4020 0FB1  
                                    u3220 0B53                                      u1620 0A96  
                                    u4100 03A2                                      u3301 0D9E  
                                    u4021 0FB0                                      u3221 0B52  
                                    u1621 0A95                                      u4101 03A1  
                                    u4030 0FDD                                      u4014 0FAB  
                                    u1630 174F                                      u3230 08FB  
                                    u1550 15F2                                      u4110 03A9  
                                    u4031 0FDA                                      u1631 174E  
                                    u3231 08FA                                      u1551 15F1  
                                    u4111 03A8                                      u3320 0DAF  
                                    u3240 0903                                      u3400 0A26  
                                    u2360 164D                                      u4200 040C  
                                    u4120 03B6                                      u3321 0DAE  
                                    u3241 0902                                      u3401 0A25  
                                    u2361 164C                                      u4201 040B  
                                    u4121 03B5                                      u1810 0C5C  
                                    u3410 0214                                      u4050 0FE5  
                                    u3250 1667                                      u4210 042E  
                                    u4130 03BD                                _AdjustMode 00D1  
                                    u3315 0DA3                                      u1811 0C5B  
                                    u3411 0213                                      u4051 0FE4  
                                    u3251 1666                                      u4211 042D  
                                    u4131 03BC                                      u3340 0DBE  
                                    u1820 0C61                                      u1740 0C1D  
                                    u3500 02CF                                      u3420 023A  
                                    u2460 0AE2                                      u4060 0FF1  
                                    u4044 0FDF                                      u3260 08B3  
                                    u2700 0D5C                                      u4300 0483  
                                    u4220 0433                                      u4140 03C7  
                                    u3341 0DBD                                      u1821 0C60  
                                    u1805 0C52                                      u1741 0C1C  
                                    u3501 02CE                                      u3421 0239  
                                    u2461 0AE1                                      u4061 0FF0  
                                    u3261 08B2                                      u2701 0D5B  
                                    u4301 0482                                      u4221 0432  
                                    u4141 03C6                                      u1750 0C28  
                                    u1830 0BCC                                      u3510 02E2  
                                    u3430 0244                                      u2470 0AE9  
                                    u4070 0FFD                                      u3270 08BB  
                                    u1590 166D                                      u4310 0488  
                                    u4230 0449                                      u4150 03DE  
                                    u3335 0DB0                                      u1751 0C27  
                                    u1831 0BCB                                      u3511 02E1  
                                    u3431 0243                                      u2471 0AE8  
                                    u4071 0FFA                                      u3271 08BA  
                                    u1591 166C                                      u4311 0487  
                                    u4231 0448                                      u4151 03DD  
                                    u3360 0DCE                                      u3280 0D83  
                                    u1760 0C33                                      u1840 0BD1  
                                    u3520 02FE                                      u3440 0264  
                                    u2480 0AFE                                      u2640 0D24  
                                    u3600 0989                                      u4320 0496  
                                    u4240 0457                                      u4160 03E8  
                                    u4400 0122                                      u3361 0DCD  
                                    u3345 0DBA                                      u3281 0D82  
                                    u1761 0C32                                      u1841 0BD0  
                                    u3521 02FD                                      u3441 0262  
                                    u2481 0AFD                                      u2641 0D23  
                                    u3601 0988                                      u4321 0495  
                                    u4241 0454                                      u4161 03E7  
                                    u4401 0121                                      u3370 0DD3  
                                    u3290 0D8E                                      u1850 0BE0  
                                    u3530 0312                                      u3450 0265  
                                    u2650 0D43                                      u3610 0998  
                                    u4330 04AB                                      u4170 03EF  
                                    u4090 0398                                      u4410 0127  
                                    u3371 0DD2                                      u3355 0DC4  
                                    u3291 0D8D                                      u1851 0BDF  
                                    u3531 0311                                      u2651 0D40  
                                    u3611 0997                                      u4331 04A8  
                                    u4171 03EE                                      u4091 0397  
                                    u4411 0126                                      u1780 0C43  
                                    u3380 16A9                                      u1860 0BFE  
                                    u3540 0326                                      u3460 029A  
                                    u4084 0FFF                                      u3620 170D  
                                    u4260 045F                                      u4180 03FB  
                                    u1781 0C42                                      u3381 16A8  
                                    u1861 0BFD                                      u3541 0325  
                                    u3461 0299                                      u3621 170C  
                                    u4261 045E                                      u4181 03FA  
                                    u1790 0C4D                                      u3550 0334  
                                    u3470 029F                                      u3710 0B26  
                                    u3630 0852                                      u3390 0A01  
                                    u2670 0D4B                                      u4350 04B3  
                                    u4270 046F                                      u4254 0459  
                                    u4190 0402                                      u1791 0C4C  
                                    u1775 0C37                                      u3551 0333  
                                    u3471 029E                                      u3711 0B25  
                                    u3631 0851                                      u3391 0A00  
                                    u2671 0D4A                                      u4351 04B2  
                                    u4271 046E                                      u4191 0401  
                                    u3560 035A                                      u3480 02A4  
                                    u3800 17E0                                      u2680 0D52  
                                    u2664 0D45                                      u4360 04C1  
                                    u4344 04AD                                      u4280 047B  
                                    u1865 0BFA                                      u3561 0359  
                                    u3481 02A3                                      u3801 17DF  
                                    u3705 0B18                                      u2681 0D50  
                                    u4361 04BE                                      u4281 0478  
                                    u3490 02A9                                      u3730 0B36  
                                    u2690 0D53                                      u1795 0C49  
                                    u3491 02A8                                      u3731 0B35  
                                    u3715 0B22                                      u4507 0E20  
                                    u4427 00AE                                      u3740 0A60  
                                    u3660 0866                                      u3900 0568  
                                    u3580 09AB                                      u4380 00EF  
                                    u3725 0B2C                                      u3741 0A5F  
                                    u3661 0865                                      u3645 0857  
                                    u3901 0567                                      u3581 09AA  
                                    u4517 0E39                                      u4381 00EE  
                                    u4437 00E2                                      u3670 0B07  
                                    u3830 16F7                                      u3910 0584  
                                    u3590 0976                                      u4374 04C3  
                                    u4294 047D                                      u4390 011D  
                                    u3671 0B06                                      u3655 085C  
                                    u3831 16F6                                      u3911 0583  
                                    u3575 099F                                      u4527 0846  
                                    u3815 0834                                      u3591 0975  
                                    u4447 172C                                      u4391 011C  
                                    u3760 0A70                                      u3840 1704  
                                    u3920 05C6                                      u3761 0A6F  
                                    u3841 1703                                      u3921 05C5  
                                    u4537 09B8                                      u4457 08A4  
                                    u3825 0891                                      u3690 0B17  
                                    u3770 0A7A                                      u3850 0D1D  
                                    u3930 05D7                                      u3691 0B16  
                                    u3771 0A79                                      u3755 0A64  
                                    u3851 0D1C                                      u3931 05D6  
                                    u4467 0DE3                                      u3940 05E8  
                                    u3860 17AB                                      u3685 0B0B  
                                    u3941 05E7                                      u4477 0DF3  
                                    u3861 17AA                                      u3790 0A89  
                                    u3950 062F                                      u3870 050E  
                                    u3791 0A88                                      u3775 0A76  
                                    u3951 062E                                      u3871 050D  
                                    u4487 0E02                                      u3960 0734  
                                    u3880 051F                                      u3785 0A7F  
                                    u3961 0733                                      u3881 051E  
                                    u4497 0E11                                      u3970 0645  
                                    u3890 0539                                      u3971 0644  
                                    u3891 0538                                      u3980 0F8E  
                                    u3981 0F8D                                      u3990 0F9D  
                                    u3991 0F9C                                      _PLLR 04D6  
                                    _TMR0 0015                                      _WPUB 020D  
                          ??_eeprom_write 0073                                      _WPUE 0210  
                                    _fDOT 00D8                                      abs@a 0020  
                                    _dbuf 01A0                                      _main 0062  
                ?_I2C_CallbackReturnReset 0079                                      _prec 00B4  
                                    fsr0h 0005                                      fsr1h 0007  
                                    indf0 0000                                      fsr0l 0004  
                                    indf1 0001                                      fsr1l 0006  
                        __end_of_I2C_Open 0AC4                                      btemp 007E  
                          _TimeAdjustment 037E                 __end_of_RelayControl_Init 17C7  
                                    start 0026                ??_TMR1_SetInterruptHandler 0074  
                       ___bmul@multiplier 0075                         ?_KeepTimerCounter 0070  
                                   ??_abs 0022                        ??_KeepTimerCounter 0070  
                        ?_I2C_MasterClose 0070                          __end_of_LCD_Data 08AA  
                 __end_of_TMR0_Initialize 1682                          __end_of_LCD_Init 0E3F  
                            LCD_Data@data 002E                            ?_LCD_SetCursor 002F  
                        ?_I2C_MasterStart 0070                             _I2C_DO_RX_ACK 15CE  
                        ?_I2C_MasterWrite 0070             __end_of_OSCILLATOR_Initialize 164E  
                                   ?_main 0070                            _Digital2Number 0EA3  
                         __end_of___awdiv 0DDD                                     _EEADR 0191  
                                   STR_10 1815                                     STR_11 182A  
                                   STR_20 18B6                                     STR_12 183B  
                                   STR_21 18B2                                     STR_13 184C  
                                   STR_14 186A                                     STR_15 186A  
                                   STR_16 1020                                     STR_17 1800  
                                   STR_18 1815                                     STR_19 18B2  
                         __end_of___awmod 0C6B                           ___awdiv@divisor 0072  
                                   _T1CON 0018                                _DispNormal 0715  
                         __end_of___lwdiv 0B3B                          __end_of_KEY_Init 0D1E  
                                   i1l408 1692                           __end_of___lwmod 0A8E  
                                   i1l418 1747                                     i1l444 0024  
                                   i1l445 0024                                     i1l439 0012  
                                   i1l651 16F0                                     i1l475 1778  
                                   i1l654 0E60                                     i1l479 165A  
                                   i1l823 0BC6                                     i1l655 0E80  
                                   i1l659 0EA2                                     i1l828 0BC6  
                         ___awdiv@counter 0020                              vfpfcnvrt@fmt 0024  
                PCF8574_LCD_SendNibble@rs 0029                                     _TMR1H 0017  
                                   _TMR1L 0016                         ??_I2C_DO_TX_EMPTY 0020  
                                   _TRISA 008C                                     _TRISB 008D  
                                   _TRISC 008E                                     _TRISE 0090  
               ?_TMR0_SetInterruptHandler 0072                             ??_FunctionSet 0025  
                        __end_of_TMR0_ISR 1779                          __end_of_TMR1_ISR 1748  
                       __end_of_I2C_DO_RX 0B80                         __end_of_I2C_DO_TX 0CC1  
                                   _flags 00CE                              ?_KEY_ScanAll 0070  
                          _WDT_Initialize 15AC                                     _fputc 0BC7  
                       __end_of_I2C_Close 1760            I2C_MasterOperation@returnValue 0025  
                                   _width 00B2                                     _putch 1586  
                 _I2C_MasterEnableRestart 1595                   __end_of_TMR1_Initialize 16C9  
                                   pclath 000A                          ?_I2C_SetCallback 0072  
                  __end_of_TimeAdjustment 04EB              I2C_SetAddressNackCallback@cb 0076  
                                   status 0003                                     wtemp0 007E  
                         __end_of_sprintf 082E                         ?_I2C_DO_SEND_STOP 0070  
                              _fT0_fT10ms 00DC                           __end_of_strncpy 0AFF  
                         _TMR1_WriteTimer 1682                        ??_I2C_DO_SEND_STOP 0072  
                       DispNormal@digital 0068                           __initialization 0028  
                            __end_of_main 0201                 ?_I2C_DO_SEND_RESTART_READ 0070  
                  __end_of_Digital2Number 0F11                            ?_I2C_DO_RX_ACK 0070  
             ?_INTERRUPT_InterruptManager 0070                                _Cursor_pos 00DA  
                   __end_of_TMR0_10msEven 16F1                                    ??_main 00EE  
                          _TimeModeSelect 0A27                         ?_I2C_MasterIsNack 0070  
                   Digital2Number@digital 0078                         ?_I2C_MasterSetIrq 0070  
                   __end_of_TMR1_10msEven 0EA3                         __end_of_LCD_Print 17AC  
                      ??_I2C_MasterIsNack 0072                    __end_of_WDT_Initialize 15B0  
                      ??_I2C_MasterSetIrq 0072                              LCD_Print@str 0030  
         __end_of_I2C_CallbackReturnReset 0802                                    ?_fputc 0072  
                                  _EEDATA 0193                                    _EECON1 0195  
                                  _EECON2 0196                          ___awdiv@dividend 0074  
                                  _APFCON 011D             I2C_SetDataCompleteCallback@cb 0076  
                              _RelayState 00CF                                    _ANSELA 018C  
                                  ?_putch 0070                                    _ANSELB 018D  
                                  _BORCON 0116                                    _T1GCON 0019  
                     DispTimeAdjustment@n 0056                              ??_I2C_Poller 007A  
                 TMR1_WriteTimer@timerVal 0070                                    i1l4001 164E  
                                  i1l4003 1655                                    i1l4041 0E3F  
                                  i1l4051 0E6A                                    i1l4043 0E50  
                                  i1l4061 0E7C                                    i1l4053 0E6C  
                                  i1l4045 0E52                                    i1l4141 1742  
                                  i1l4151 1775                                    i1l4071 0E98  
                                  i1l4063 0E8A                                    i1l4055 0E70  
                                  i1l4047 0E59                                    i1l4135 1731  
                                  u210_20 0B8E                                    i1l4145 1760  
                                  u210_21 0B8D                                    i1l4073 0E9B  
                                  i1l4065 0E8C                                    i1l4057 0E72  
                                  i1l4049 0E5C                                    i1l4137 1733  
                                  i1l4147 1761                                    i1l4067 0E90  
                                  i1l4075 0E9F                                    i1l4059 0E79  
                                  i1l4139 173B                                    i1l4149 1772  
                                  i1l4069 0E92                                    u211_20 0B94  
                                  i1l3801 16E7                                    u211_21 0B93  
                                  i1l3803 16ED                                    i1l3811 0B88  
                                  i1l3805 16EE                                    i1l3821 0BA4  
                                  i1l3813 0B8E                                    i1l3831 0BC1  
                                  i1l3823 0BA8                                    i1l3815 0B8F  
                                  i1l3807 0B80                                    u212_20 0B9E  
                                  u212_21 0B9D                                    i1l3817 0B94  
                                  i1l3825 0BAB                                    i1l3809 0B85  
                                  i1l4561 0006                                    i1l3827 0BB9  
                                  i1l3819 0B9E                                    i1l4571 0020  
                                  i1l4563 000A                                    i1l3829 0BBF  
                                  u212_25 0B9A                                    i1l4565 000E  
                                  i1l4567 0016                                    u213_20 0BB9  
                                  u213_21 0BB8                                    i1l4569 001B  
                                  i1l3797 16DC                                    u213_25 0BB5  
                                  i1l3799 16E1                                    i1l3991 1688  
                                  i1l3993 168A                                    i1l3995 168C  
                                  i1l3987 1682                                    i1l3989 1687  
                                  i1l3997 168E                                    i1l3999 1690  
                                  u311_20 000A                                    u311_21 0009  
                                  u208_20 16ED                                    u312_20 000E  
                                  u208_21 16EC                                    u312_21 000D  
                                  u209_20 0B85                                    u241_20 0E59  
                                  u313_20 0016                                    u209_21 0B84  
                                  u241_21 0E58                                    u313_21 0015  
                                  u250_20 1772                                    u242_20 0E6A  
                                  u314_20 001B                                    u250_21 1771  
                                  u242_21 0E69                                    u314_21 001A  
                                  u243_20 0E79                                    u315_20 0020  
                                  u243_21 0E78                                    u315_21 001F  
                                  u244_20 0E8A                                    u244_21 0E89  
                                  u245_20 0E98                                    u237_20 1687  
                                  u245_21 0E97                                    u237_21 1686  
                                  u238_20 1655                                    u238_21 1654  
                                  u249_20 1742                                    u249_21 1741  
                         ?_TimeAdjustment 0070                                    _OSCCON 0099  
                     __end_of_FunctionSet 1000                             vfpfcnvrt@done 002D  
                                  _WDTCON 0097                                    _SSPADD 0212  
                                  _SSPBUF 0211                            _Number2Digital 0F11  
                     _I2C_MasterGetRxData 159E                          DispFunctionSet@n 0056  
                                  _Normal 0D1E                              vfprintf@cfmt 0039  
                                  ___bmul 16F1                                    ___wmul 084C  
                           _I2C_MasterFsm 08F3                                 ??___awdiv 0076  
                               ??___awmod 0076                           ??_LCD_SetCursor 007A  
                               ??___lwdiv 0076                                 ??___lwmod 0076  
                  __end_of_TimeModeSelect 0A5A                                _TimerState 00D0  
                         ?_Digital2Number 0078                          ?_TMR0_Initialize 0070  
                       I2C_SetCallback@cb 0072                          ___awdiv@quotient 0022  
                         ___awmod@divisor 0072                         ??_EEPROM_ReadWord 0020  
                    __end_of_eeprom_write 099A                           ___awmod@counter 0077  
                           _I2C_SetBuffer 0802                  __end_of_EEPROM_WriteWord 1731  
                      __end_of_I2C_Poller 1668              __end_of_I2C_MasterDisableIrq 1592  
                             ?_DispNormal 0056                               _fT0_1second 00DB  
                                  fputc@c 0072                       _I2C_DO_ADDRESS_NACK 0946  
                    ?_I2C_MasterGetRxData 0070                                 ?_I2C_Open 0070  
                             _fT1_1second 00D3        __end_of_I2C_SetAddressNackCallback 1642  
              _I2C_SetAddressNackCallback 1637                           ?_WDT_Initialize 0070  
                             _fLCD_updata 00D9                 ??_I2C_MasterEnableRestart 0072  
                                  putch@c 0070                     __end_of_TMR0_CallBack 165B  
                        __end_of_vfprintf 17E3  TMR0_SetInterruptHandler@InterruptHandler 0072  
TMR1_SetInterruptHandler@InterruptHandler 0072                            _T0_1second_cnt 00D6  
                               ??_sprintf 0048                   __end_of_TMR1_WriteTimer 1693  
                               ??_strncpy 0076                     EEPROM_WriteWord@value 0076  
                        ?_TMR1_Initialize 0070                    __end_of_Number2Digital 0F88  
                       _SYSTEM_Initialize 16C9                                 ?_LCD_Data 0070  
                 __end_of__initialization 005E                                 ?_LCD_Init 0070  
                         eeprom_read@addr 0075                       _I2C_MasterOperation 08AA  
                      ?_SYSTEM_Initialize 0070                      ?_I2C_DO_ADDRESS_NACK 0070  
                             _fT1_TimerUp 00D2                                 ?_KEY_Init 0070  
                     ___bmul@multiplicand 0072                            __pcstackCOMMON 0070  
                          ?_I2C_MasterFsm 0070                           ??_I2C_DO_RX_ACK 0072  
                            __pidataBANK0 0002                              __pidataBANK1 1605  
                  _I2C_CallbackReturnStop 1587                       ??_SYSTEM_Initialize 0072  
                               ?_TMR0_ISR 0070                                 ?_TMR1_ISR 0070  
            __end_of_POWER_ON_EEPROM_READ 1792                             __end_of_fputc 0C18  
                         ?_TimeModeSelect 0070                             __end_of_putch 1587  
                          ?_I2C_SetBuffer 0072                   ?_I2C_MasterWaitForEvent 0070  
           __end_of_I2C_DO_SEND_ADR_WRITE 161A                ?_I2C_DO_SEND_RESTART_WRITE 0070  
                    ?_I2C_MasterOperation 0070                     ??_I2C_MasterGetRxData 0072  
                 ?_I2C_Write1ByteRegister 0026                            _OPTION_REGbits 0095  
                   TMR0_ISR@CountCallBack 00C6                                ??_I2C_Open 0072  
                      DispNormal@temp_str 0065                __end_of_I2C_MasterClearIrq 158C  
                       eeprom_write@value 0072                               _FunctionSet 0F88  
                                 ??_fputc 0075                 __end_of_SYSTEM_Initialize 16DC  
                                 ??_putch 0072                         _I2C_MasterSendAck 15A8  
                               KEY_Init@i 0077                                __pbssBANK0 006C  
                              __pbssBANK1 00A0                                __pbssBANK2 0120  
                              __pbssBANK3 01A0                             ??_I2C_DO_IDLE 0072  
                         ?_Number2Digital 0020                             ??_I2C_DO_RCEN 0072  
                             _LongKey_cnt 00A4                                ??_LCD_Data 002D  
            __end_of_I2C_MasterSendTxData 15B5                        ?_I2C_MasterSendAck 0070  
                              ??_LCD_Init 002F                         _I2C_MasterStartRx 159B  
                   ??_I2C_DO_ADDRESS_NACK 0020                       _I2C_DO_RX_NACK_STOP 15D3  
                      ?_I2C_MasterStartRx 0070                __end_of_I2C_MasterSendNack 15A8  
                              ??_KEY_Init 0076                     _wr1RegCompleteHandler 1693  
                                 ?_Normal 0070                                __pmaintext 0062  
                     ??_I2C_MasterSendAck 0072                                   ?___bmul 0072  
             __end_of_I2C_DO_SEND_RESTART 15C9                           _I2C_DO_TX_EMPTY 09C7  
        __end_of_TMR0_SetInterruptHandler 15F9                       I2C_SetBuffer@buffer 0074  
                                 ?___wmul 0072                                ??_TMR0_ISR 0071  
                              ??_TMR1_ISR 0072                                __pintentry 0004  
          __end_of_I2C_MasterWaitForEvent 15F3                       ??_I2C_MasterStartRx 0072  
                   ??_I2C_MasterOperation 007A            I2C_SetDataCompleteCallback@ptr 0078  
          __end_of_I2C_Write1ByteRegister 0A27                         Number2Digital@Num 0020  
                ??_I2C_DO_RX_NACK_RESTART 0072         __end_of_I2C_DO_SEND_RESTART_WRITE 15C4  
                    ?_I2C_DO_RX_NACK_STOP 0070                 __end_of_I2C_MasterSendAck 15AC  
                                 _OSCTUNE 0098                                   _SSPCON1 0215  
                                 _SSPCON2 0216                                   _SSPSTAT 0214  
                        ?_TMR1_WriteTimer 0070                 __end_of_I2C_MasterStartRx 159E  
                    I2C_Close@returnValue 0072              ?_I2C_SetDataCompleteCallback 0076  
                               _I2C_DO_RX 0B3B                                 _I2C_DO_TX 0C6B  
        __end_of_I2C_DO_SEND_RESTART_READ 15BF                              _T1_100ms_cnt 00C2  
                               _I2C_Close 1748                  ??_PCF8574_LCD_SendNibble 002A  
                          DispNormal@mode 0064                      _I2C_MasterDisableIrq 158F  
                         ??_I2C_MasterFsm 0022                       __end_of_I2C_DO_IDLE 15BA  
                     __end_of_I2C_DO_RCEN 1612                                   _x1T_cnt 00BE  
                                 ___awdiv 0D7D                                   ___awmod 0C18  
                         ??_I2C_SetBuffer 0074                                   ___lwdiv 0AFF  
                                 ___lwmod 0A5A                                 ?_vfprintf 0034  
                 I2C_SetBuffer@bufferSize 0072                  LCD_SetCursor@row_offsets 0030  
                          _I2C_MasterOpen 1668                            _I2C_MasterStop 1598  
                          _I2C_Initialize 1623                                   __ptext1 037E  
                                 __ptext2 171B                                   __ptext3 0970  
                                 __ptext4 0EA3                                   __ptext5 15F9  
                                 __ptext6 15F3                                   __ptext7 16C9  
                                 __ptext8 15AC                                   __ptext9 16B6  
                   ??_I2C_DO_RX_NACK_STOP 0072                    DispTimeAdjustment@mode 0064  
                               _T1CONbits 0018                     _OSCILLATOR_Initialize 1642  
                        ___awmod@dividend 0074                        I2C_SetCallback@idx 0075  
              __end_of_DispTimeAdjustment 0715                  ??_PIN_MANAGER_Initialize 0072  
           I2C_CallbackReturnReset@funPtr 0079                 ?_TMR1_SetInterruptHandler 0072  
                      I2C_SetCallback@ptr 0074                  wr1RegCompleteHandler@ptr 0079  
                        ??_TimeAdjustment 0031                 I2C_Write1ByteRegister@reg 0026  
                               _LCD_Print 1792                                   _sprintf 0810  
                                 clrloop0 1600                                   _strncpy 0AC4  
                    end_of_initialization 005E                                ?_I2C_DO_RX 0070  
                              ?_I2C_DO_TX 0070                      _POWER_ON_EEPROM_READ 1779  
                        LCD_SetCursor@col 0034                          LCD_SetCursor@row 002F  
                                 fputc@fp 0074                            LCD_Command@cmd 002E  
                              ?_I2C_Close 0070                              _eeprom_write 0970  
                 __end_of_I2C_DO_TX_EMPTY 09F5                          vfpfcnvrt@cp_1944 002A  
                   ?_I2C_MasterDisableIrq 0070                    ?_wr1RegCompleteHandler 0079  
                         _EEPROM_ReadWord 086B                             _SetTimer1_cnt 00EC  
                           _SetTimer2_cnt 006E                          ??_Digital2Number 0020  
                       __end_of_vfpfcnvrt 037E                    __end_of_I2C_MasterOpen 1675  
                        vfpfcnvrt@convarg 002F                    __end_of_I2C_MasterStop 159B  
                  __end_of_I2C_Initialize 162C                                ??_vfprintf 0037  
                        ??_WDT_Initialize 0072                  _TMR0_SetInterruptHandler 15F3  
                               _PORTBbits 000D                              _LCD_DispMode 006C  
                            ??_DispNormal 005A                      _I2C_MasterSendTxData 15B0  
                       ?_EEPROM_WriteWord 0076                              KEY_ScanAll@k 0079  
             ?_I2C_SetAddressNackCallback 0076                        ??_EEPROM_WriteWord 0078  
                              ?_LCD_Print 002D                     ?_POWER_ON_EEPROM_READ 0070  
                       ??_DispFunctionSet 007A                               _I2C_DO_IDLE 15B5  
                             _I2C_DO_RCEN 160B                             ??_eeprom_read 0072  
           I2C_Write1ByteRegister@address 0028                   ?_I2C_CallbackReturnStop 0079  
                _I2C_DO_SEND_RESTART_READ 15BA                        __end_of_DispNormal 07E5  
                        ??_TimeModeSelect 0072              I2C_CallbackReturnStop@funPtr 0079  
                         ?_I2C_MasterOpen 0070                            __end_of_Normal 0D7D  
                               _x100T_cnt 00BA                           ?_I2C_MasterStop 0070  
                         ?_I2C_Initialize 0070                             ??_LCD_Command 002D  
                 _I2C_CallbackReturnReset 0800                            __end_of___bmul 1706  
                               _fT1_100ms 00D4                               vfpfcnvrt@ap 0025  
                             vfpfcnvrt@cp 002B                               vfpfcnvrt@fp 002E  
                          __end_of___wmul 086B                PCF8574_LCD_SendNibble@data 002C  
                   __end_of_LCD_SetCursor 1800                     ?_I2C_MasterSendTxData 0070  
                  ?_OSCILLATOR_Initialize 0070               ??_I2C_DO_SEND_RESTART_WRITE 0072  
                     start_initialization 0028                          _KeepTimerCounter 0B80  
                            ?_FunctionSet 0070                          ??_Number2Digital 007A  
                             __end_of_abs 16B6                             ?_I2C_DO_RESET 0070  
                 __end_of_EEPROM_ReadWord 088A                       DispFunctionSet@mode 005A  
                             ??_I2C_DO_RX 0020                               ??_I2C_DO_TX 0020  
                       ??_I2C_MasterClose 0072                    ??_I2C_MasterDisableIrq 0072  
                             ??_I2C_Close 0072                         ??_I2C_MasterStart 0072  
                       ??_I2C_MasterWrite 007A            __end_of_I2C_CallbackReturnStop 1589  
                  _I2C_DO_RX_NACK_RESTART 15D8                          ?_I2C_DO_TX_EMPTY 0070  
                      _I2C_MasterClearIrq 1589                                  ??_Normal 007A  
                             vfprintf@fmt 0034                                  ??___bmul 0073  
                                ??___wmul 0076                       __end_of_eeprom_read 171B  
                     ?_I2C_MasterClearIrq 0070               __end_of_I2C_MasterGetRxData 15A1  
                             __pdataBANK0 006E                               __pdataBANK1 00E8  
                   __end_of_I2C_DO_RX_ACK 15D3                          _I2C_DO_SEND_STOP 15C9  
                       ??_I2C_SetCallback 0075                       I2C_Open@returnValue 0073  
                      _I2C_MasterSendNack 15A4                    _PCF8574_LCD_SendNibble 099A  
                ?_I2C_MasterEnableRestart 0070                             _TMR0_10msEven 16DC  
                       _i2c_fsmStateTable 1000                     _I2C_DO_SEND_ADR_WRITE 1612  
                     __end_of_LCD_Command 084C                               __pbssCOMMON 007A  
                           _TMR1_10msEven 0E3F                                 ___latbits 0002  
                           __pcstackBANK0 0020                             __pcstackBANK1 00EE  
                          ??_I2C_DO_RESET 0072                             ??_KEY_ScanAll 0076  
                     ?_I2C_MasterSendNack 0070                    ??_POWER_ON_EEPROM_READ 0078  
                             ??_LCD_Print 002F              __end_of_I2C_DO_SEND_ADR_READ 1623  
                    ??_I2C_MasterClearIrq 0072               __end_of_I2C_DO_ADDRESS_NACK 0970  
                        eeprom_write@addr 0075                          _I2C_MasterIsNack 15E7  
               _I2C_DO_SEND_RESTART_WRITE 15BF                          _I2C_MasterSetIrq 15A1  
                   _TMR0_InterruptHandler 00C8                          ___lwdiv@dividend 0074  
                  _PIN_MANAGER_Initialize 07E5                 ??_I2C_CallbackReturnReset 007A  
             __end_of_I2C_MasterOperation 08CB                      ??_I2C_MasterSendNack 0072  
        __end_of_TMR1_SetInterruptHandler 15FF                                  ?___awdiv 0072  
                                ?___awmod 0072                                  ?___lwdiv 0072  
                                ?___lwmod 0072                      TimeAdjustment@DigPtr 0032  
                  ??_I2C_MasterSendTxData 0072                 __end_of_i2c_fsmStateTable 1020  
            ??_INTERRUPT_InterruptManager 0072                                 _xComm_cnt 00B8  
                          ?_TMR0_10msEven 0070                            ?_TMR1_10msEven 0070  
                 I2C_MasterOperation@read 0024                                  _I2C_Open 0A8E  
                           DispNormal@Num 0057                             DispNormal@buf 0059  
                       Digital2Number@Num 0030                     Number2Digital@digiNum 0022  
                           _T1_1000ms_cnt 00C0                          ___lwdiv@quotient 0078  
                                ?_sprintf 003B                             _TMR0_CallBack 164E  
                                ?_strncpy 0072                     DispTimeAdjustment@Num 0057  
                   DispTimeAdjustment@buf 0059                          ?_EEPROM_ReadWord 0076  
                      Number2Digital@temp 0023                   ??_wr1RegCompleteHandler 007A  
                             _T0_10ms_cnt 00D7                                  _LCD_Data 088A  
                       ??_TMR0_Initialize 0072                                  _LCD_Init 0DDD  
                          ___wmul@product 0076                                  _LATCbits 010E  
                     __end_of_KEY_ScanAll 0630                        _DispTimeAdjustment 0630  
                             _T1_10ms_cnt 00C4                                 clear_ram0 15FF  
                             _eeprom_read 1706                                  _PIE1bits 0091  
                                _KEY_Init 0CC1                ??_TMR0_SetInterruptHandler 0074  
                                _PIR1bits 0011                     __end_of_I2C_MasterFsm 091C  
             __end_of_I2C_DO_RX_NACK_STOP 15D8                       ?_DispTimeAdjustment 0056  
                                _TMR0_ISR 1760                                  _TMR1_ISR 1731  
         __end_of_I2C_MasterEnableRestart 1598                               _LCD_Command 082E  
                               _vfpfcnvrt 0201                     __end_of_I2C_SetBuffer 0810  
                       ??_TMR1_Initialize 0072                         ___wmul@multiplier 0072  
                  ?_I2C_DO_SEND_ADR_WRITE 0070                  I2C_MasterSendTxData@data 0072  
                         _DispFunctionSet 091C                           DispNormal@F3482 00A0  
                         DispNormal@F3484 00AF                            ?_TMR0_CallBack 0070  
                    ??_DispTimeAdjustment 005A                                vfpfcnvrt@c 0033  
                                _fT1_10ms 00D5                ??_I2C_DO_SEND_RESTART_READ 0072  
                      LCD_SetCursor@F3193 00E8                                _I2C_Poller 165B  
                                _x10T_cnt 00BC                                _I2C_Status 0120  
                                _KeyState 00A8                              ?_I2C_DO_IDLE 0070  
                            ?_I2C_DO_RCEN 0070              PCF8574_LCD_SendNibble@nibble 002B  
                      DispFunctionSet@Num 0057                        DispFunctionSet@buf 0059  
                              _EECON1bits 0195                          ??_I2C_MasterOpen 0072  
                     Digital2Number@temp1 0028                       Digital2Number@temp2 002A  
                     Digital2Number@temp3 002C                       Digital2Number@temp4 002E  
                        ??_I2C_MasterStop 0072                  ??_I2C_MasterWaitForEvent 0072  
                        ??_I2C_Initialize 0072                  __end_of_KeepTimerCounter 0BC7  
                                _TimeMode 006D                                vfprintf@ap 0036  
                              vfprintf@fp 0038                      __end_of_I2C_DO_RESET 15E2  
                ??_I2C_Write1ByteRegister 007A                                  _OutState 007A  
                 ??_OSCILLATOR_Initialize 0072                            _RelayState_buf 00E5  
                         ??_TMR0_10msEven 0070                      _I2C_DO_SEND_ADR_READ 161A  
                              ?_vfpfcnvrt 0024                  _TMR1_SetInterruptHandler 15F9  
                         ??_TMR1_10msEven 0070                   DispTimeAdjustment@F3496 013D  
                 DispTimeAdjustment@F3498 00AC                     _TMR1_InterruptHandler 00CA  
                         _I2C_MasterClose 158C             I2C_SetAddressNackCallback@ptr 0078  
                              sprintf@fmt 003B                           I2C_Open@address 0072  
                         _I2C_MasterStart 1592                           _I2C_MasterWrite 15E2  
                         ___lwdiv@divisor 0072                           ___lwdiv@counter 0077  
                                __ptext10 1675                                  __ptext11 07E5  
                                __ptext20 17E3                                  __ptext12 1642  
                                __ptext21 1792                                  __ptext13 1623  
                              _T1GCONbits 0019                                  __ptext30 15E2  
                                __ptext22 088A                                  __ptext14 17AC  
                                __ptext31 08AA                                  __ptext23 0DDD  
                                __ptext15 1779                                  __ptext40 15C9  
                                __ptext32 165B                                  __ptext24 082E  
                                __ptext16 086B                                  __ptext41 15C4  
                                __ptext33 15ED                                  __ptext25 099A  
                                __ptext17 1706                                  __ptext50 09C7  
                                __ptext42 15BF                                  __ptext34 08F3  
                                __ptext26 09F5                                  __ptext18 0D1E  
                                __ptext51 15A1                                  __ptext43 15BA  
                                __ptext35 0946                                  __ptext27 1637  
                                __ptext19 0A27                                  __ptext60 1693  
                                __ptext52 15E7                                  __ptext44 160B  
                                __ptext36 15DD                                  __ptext28 0A8E  
                                __ptext61 162C                                  __ptext53 15B0  
                                __ptext45 0B3B                                  __ptext37 15D8  
                                __ptext29 1668                                  __ptext70 1589  
                                __ptext62 08CB                                  __ptext54 15A8  
                                __ptext46 0C6B                                  __ptext38 15D3  
                                __ptext71 04EB                                  __ptext63 0802  
                                __ptext55 159E                                  __ptext47 1612  
                                __ptext39 15CE                                  __ptext80 0A5A  
                                __ptext72 0CC1                                  __ptext64 1598  
                                __ptext56 15A4                                  __ptext48 161A  
                                __ptext81 0AFF                                  __ptext73 16F1  
                                __ptext65 1595                                  __ptext57 159B  
                                __ptext49 15B5                                  __ptext90 0D7D  
                                __ptext82 091C                                  __ptext74 0F88  
                                __ptext66 1592                                  __ptext58 0800  
                                __ptext83 0810                                  __ptext75 0630  
                                __ptext67 1748                                  __ptext59 1587  
                                __ptext92 1731                                  __ptext84 17C7  
                                __ptext76 0715                                  __ptext68 158F  
                                __ptext93 1682                                  __ptext85 0201  
                                __ptext77 0AC4                                  __ptext69 158C  
                                __ptext94 0E3F                                  __ptext86 0BC7  
                                __ptext78 0F11                                  __ptext95 0B80  
                                __ptext87 1586                                  __ptext79 084C  
                                __ptext96 1760                                  __ptext88 16A4  
                                __ptext97 164E                                  __ptext89 0C18  
                                __ptext98 16DC                               _KEY_ScanAll 04EB  
     __end_of_I2C_SetDataCompleteCallback 1637               _I2C_SetDataCompleteCallback 162C  
                 ?_I2C_DO_RX_NACK_RESTART 0070                  __end_of_I2C_DO_SEND_STOP 15CE  
                            _ShortKey_cnt 00B6                           _I2C_SetCallback 08CB  
           ??_I2C_SetDataCompleteCallback 0079                I2C_Write1ByteRegister@data 0027  
                                int$flags 007E                     ?_I2C_DO_SEND_ADR_READ 0070  
                 __end_of_DispFunctionSet 0946                   ?_PCF8574_LCD_SendNibble 0029  
                                _vfprintf 17C7        __end_of_INTERRUPT_InterruptManager 0026  
              _INTERRUPT_InterruptManager 0004                         ??_TMR1_WriteTimer 0072  
                __end_of_I2C_MasterIsNack 15ED                  __end_of_I2C_MasterSetIrq 15A4  
                              _INTCONbits 000B                           ??_TMR0_CallBack 0071  
                          __pstringtext10 1890                            __pstringtext11 18A1  
                          __pstringtext12 18B2                            __pstringtext13 18B6  
                          __pstringtext14 0000            __end_of_I2C_DO_RX_NACK_RESTART 15DD  
                                intlevel1 0000                               ?_I2C_Poller 0070  
                               sprintf@ap 0049                          ___lwmod@dividend 0074  
                          _SetTimer1_digi 00E1                   ?_PIN_MANAGER_Initialize 0070  
                          _SetTimer2_digi 00DD                       _I2C_DO_SEND_RESTART 15C4  
                             DispNormal@n 0056                                 strncpy@cp 0078  
          __end_of_PCF8574_LCD_SendNibble 09C7                   __end_of_I2C_MasterClose 158F  
                  EEPROM_ReadWord@address 0027                               ??_vfpfcnvrt 0026  
                 __end_of_I2C_MasterStart 1595                   __end_of_I2C_MasterWrite 15E7  
                           __pstringtext1 1000                             __pstringtext2 1800  
                           __pstringtext3 1815                             __pstringtext4 182A  
                           __pstringtext5 183B                             __pstringtext6 184C  
                           __pstringtext7 185D                             __pstringtext8 186E  
                           __pstringtext9 187F                      ?_I2C_DO_SEND_RESTART 0070  
                              _OPTION_REG 0095                                  sprintf@f 004A  
                                sprintf@s 0055                           ___lwmod@divisor 0072  
                 EEPROM_WriteWord@address 0079                           _TMR0_Initialize 1675  
                         ___lwmod@counter 0077                                  strncpy@d 0079  
                                strncpy@n 0074                                  strncpy@s 0072  
               DispTimeAdjustment@digital 0068                DispTimeAdjustment@temp_str 0065  
                             _SSPCON1bits 0215                               _SSPCON2bits 0216  
                 __end_of_I2C_SetCallback 08F3            __end_of_PIN_MANAGER_Initialize 0800  
                           KEY_ScanAll@ii 0078                             ?_eeprom_write 0072  
                        _EEPROM_WriteWord 171B                                _STATUSbits 0003  
           __end_of_wr1RegCompleteHandler 16A4                              ?_eeprom_read 0070  
                     EEPROM_ReadWord@high 0026                           _TMR1_Initialize 16B6  
                      EEPROM_ReadWord@low 0025                         _RelayControl_Init 17AC  
