

Microchip MPLAB XC8 Assembler V2.46 build 20240104201356 
                                                                                               Wed Nov 19 13:44:01 2025

Microchip MPLAB XC8 C Compiler v2.46 (Free license) build 20240104201356 Og1 
     1                           	processor	16F1936
     2                           	pagewidth 120
     3                           	opt	flic
     4                           	psect	idataCOMMON,global,class=CODE,delta=2,noexec
     5                           	psect	idataBANK0,global,class=CODE,delta=2,noexec
     6                           	psect	idataBANK1,global,class=CODE,delta=2,noexec
     7                           	psect	stringtext1,global,class=STRCODE,delta=2,noexec
     8                           	psect	stringtext2,global,class=STRCODE,delta=2,noexec
     9                           	psect	stringtext3,global,class=STRCODE,delta=2,noexec
    10                           	psect	cinit,global,class=CODE,merge=1,delta=2
    11                           	psect	bssCOMMON,global,class=COMMON,space=1,delta=1,noexec
    12                           	psect	dataCOMMON,global,class=COMMON,space=1,delta=1,noexec
    13                           	psect	bssBANK0,global,class=BANK0,space=1,delta=1,noexec
    14                           	psect	dataBANK0,global,class=BANK0,space=1,delta=1,noexec
    15                           	psect	bssBANK1,global,class=BANK1,space=1,delta=1,noexec
    16                           	psect	dataBANK1,global,class=BANK1,space=1,delta=1,noexec
    17                           	psect	bssBANK2,global,class=BANK2,space=1,delta=1,noexec
    18                           	psect	inittext,global,class=CODE,delta=2
    19                           	psect	clrtext,global,class=CODE,delta=2
    20                           	psect	cstackBANK1,global,class=BANK1,space=1,delta=1,noexec
    21                           	psect	cstackCOMMON,global,class=COMMON,space=1,delta=1,noexec
    22                           	psect	cstackBANK0,global,class=BANK0,space=1,delta=1,noexec
    23                           	psect	maintext,global,class=CODE,merge=1,split=1,delta=2
    24                           	psect	text1,local,class=CODE,merge=1,delta=2,group=3
    25                           	psect	text2,local,class=CODE,merge=1,delta=2,group=1
    26                           	psect	text3,local,class=CODE,merge=1,delta=2,group=1
    27                           	psect	text4,local,class=CODE,merge=1,delta=2,group=3
    28                           	psect	text5,local,class=CODE,merge=1,delta=2,group=3
    29                           	psect	text6,local,class=CODE,merge=1,delta=2
    30                           	psect	text7,local,class=CODE,merge=1,delta=2
    31                           	psect	text8,local,class=CODE,merge=1,delta=2
    32                           	psect	text9,local,class=CODE,merge=1,delta=2
    33                           	psect	text10,local,class=CODE,merge=1,delta=2
    34                           	psect	text11,local,class=CODE,merge=1,delta=2
    35                           	psect	text12,local,class=CODE,merge=1,delta=2
    36                           	psect	text13,local,class=CODE,merge=1,delta=2
    37                           	psect	text14,local,class=CODE,merge=1,delta=2
    38                           	psect	text15,local,class=CODE,merge=1,delta=2
    39                           	psect	text16,local,class=CODE,merge=1,delta=2,group=2
    40                           	psect	text17,local,class=CODE,merge=1,delta=2,group=2
    41                           	psect	text18,local,class=CODE,merge=1,delta=2,group=2
    42                           	psect	text19,local,class=CODE,merge=1,delta=2
    43                           	psect	text20,local,class=CODE,merge=1,delta=2
    44                           	psect	text21,local,class=CODE,merge=1,delta=2
    45                           	psect	text22,local,class=CODE,merge=1,delta=2
    46                           	psect	text23,local,class=CODE,merge=1,delta=2
    47                           	psect	text24,local,class=CODE,merge=1,delta=2
    48                           	psect	text25,local,class=CODE,merge=1,delta=2
    49                           	psect	text26,local,class=CODE,merge=1,delta=2
    50                           	psect	text27,local,class=CODE,merge=1,delta=2
    51                           	psect	text28,local,class=CODE,merge=1,inline,delta=2
    52                           	psect	text29,local,class=CODE,merge=1,delta=2
    53                           	psect	text30,local,class=CODE,merge=1,delta=2
    54                           	psect	text31,local,class=CODE,merge=1,delta=2
    55                           	psect	text32,local,class=CODE,merge=1,inline,delta=2
    56                           	psect	text33,local,class=CODE,merge=1,inline,delta=2
    57                           	psect	text34,local,class=CODE,merge=1,delta=2
    58                           	psect	text35,local,class=CODE,merge=1,delta=2
    59                           	psect	text36,local,class=CODE,merge=1,delta=2
    60                           	psect	text37,local,class=CODE,merge=1,delta=2
    61                           	psect	text38,local,class=CODE,merge=1,delta=2
    62                           	psect	text39,local,class=CODE,merge=1,delta=2
    63                           	psect	text40,local,class=CODE,merge=1,delta=2
    64                           	psect	text41,local,class=CODE,merge=1,delta=2
    65                           	psect	text42,local,class=CODE,merge=1,delta=2
    66                           	psect	text43,local,class=CODE,merge=1,delta=2
    67                           	psect	text44,local,class=CODE,merge=1,delta=2
    68                           	psect	text45,local,class=CODE,merge=1,delta=2
    69                           	psect	text46,local,class=CODE,merge=1,delta=2
    70                           	psect	text47,local,class=CODE,merge=1,delta=2
    71                           	psect	text48,local,class=CODE,merge=1,delta=2
    72                           	psect	text49,local,class=CODE,merge=1,delta=2
    73                           	psect	text50,local,class=CODE,merge=1,inline,delta=2
    74                           	psect	text51,local,class=CODE,merge=1,inline,delta=2
    75                           	psect	text52,local,class=CODE,merge=1,inline,delta=2
    76                           	psect	text53,local,class=CODE,merge=1,inline,delta=2
    77                           	psect	text54,local,class=CODE,merge=1,inline,delta=2
    78                           	psect	text55,local,class=CODE,merge=1,inline,delta=2
    79                           	psect	text56,local,class=CODE,merge=1,inline,delta=2
    80                           	psect	text57,local,class=CODE,merge=1,delta=2
    81                           	psect	text58,local,class=CODE,merge=1,delta=2
    82                           	psect	text59,local,class=CODE,merge=1,delta=2
    83                           	psect	text60,local,class=CODE,merge=1,delta=2
    84                           	psect	text61,local,class=CODE,merge=1,delta=2
    85                           	psect	text62,local,class=CODE,merge=1,delta=2
    86                           	psect	text63,local,class=CODE,merge=1,inline,delta=2
    87                           	psect	text64,local,class=CODE,merge=1,inline,delta=2
    88                           	psect	text65,local,class=CODE,merge=1,inline,delta=2
    89                           	psect	text66,local,class=CODE,merge=1,delta=2
    90                           	psect	text67,local,class=CODE,merge=1,inline,delta=2
    91                           	psect	text68,local,class=CODE,merge=1,inline,delta=2
    92                           	psect	text69,local,class=CODE,merge=1,inline,delta=2
    93                           	psect	text70,local,class=CODE,merge=1,delta=2
    94                           	psect	text71,local,class=CODE,merge=1,delta=2,group=2
    95                           	psect	intentry,global,class=CODE,delta=2
    96                           	psect	text73,local,class=CODE,merge=1,delta=2
    97                           	psect	text74,local,class=CODE,merge=1,delta=2
    98                           	psect	text75,local,class=CODE,merge=1,delta=2
    99                           	psect	text76,local,class=CODE,merge=1,delta=2
   100                           	psect	text77,local,class=CODE,merge=1,delta=2
   101                           	psect	text78,local,class=CODE,merge=1,delta=2
   102                           	psect	idloc,global,abs,ovrld,class=IDLOC,space=5,delta=2,noexec
   103                           	psect	config,global,abs,ovrld,class=CONFIG,space=4,delta=2,noexec
   104                           	dabs	1,0x7E,2
   105     0000                     
   106                           ; Generated 05/01/2024 GMT
   107                           ; 
   108                           ; Copyright © 2024, Microchip Technology Inc. and its subsidiaries ("Microchip")
   109                           ; All rights reserved.
   110                           ; 
   111                           ; This software is developed by Microchip Technology Inc. and its subsidiaries ("Microch
      +                          ip").
   112                           ; 
   113                           ; Redistribution and use in source and binary forms, with or without modification, are
   114                           ; permitted provided that the following conditions are met:
   115                           ; 
   116                           ;     1. Redistributions of source code must retain the above copyright notice, this lis
      +                          t of
   117                           ;        conditions and the following disclaimer.
   118                           ; 
   119                           ;     2. Redistributions in binary form must reproduce the above copyright notice, this 
      +                          list
   120                           ;        of conditions and the following disclaimer in the documentation and/or other
   121                           ;        materials provided with the distribution. Publication is not required when
   122                           ;        this file is used in an embedded application.
   123                           ; 
   124                           ;     3. Microchip's name may not be used to endorse or promote products derived from th
      +                          is
   125                           ;        software without specific prior written permission.
   126                           ; 
   127                           ; THIS SOFTWARE IS PROVIDED BY MICROCHIP "AS IS" AND ANY EXPRESS OR IMPLIED WARRANTIES,
   128                           ; INCLUDING, BUT NOT LIMITED TO, THE IMPLIED WARRANTIES OF MERCHANTABILITY AND FITNESS F
      +                          OR
   129                           ; PURPOSE ARE DISCLAIMED.  IN NO EVENT SHALL MICROCHIP BE LIABLE FOR ANY DIRECT, INDIREC
      +                          T,
   130                           ; INCIDENTAL, SPECIAL, EXEMPLARY, OR CONSEQUENTIAL DAMAGES (INCLUDING BUT NOT LIMITED TO
   131                           ; PROCUREMENT OF SUBSTITUTE GOODS OR SERVICES; LOSS OF USE, DATA OR PROFITS; OR BUSINESS
   132                           ; INTERRUPTION) HOWSOEVER CAUSED AND ON ANY THEORY OF LIABILITY, WHETHER IN CONTRACT, ST
      +                          RICT
   133                           ; LIABILITY, OR TORT (INCLUDING NEGLIGENCE OR OTHERWISE) ARISING IN ANY WAY OUT OF THE U
      +                          SE OF
   134                           ; THIS SOFTWARE, EVEN IF ADVISED OF THE POSSIBILITY OF SUCH DAMAGE.
   135                           ; 
   136                           ; 
   137                           ; Code-generator required, PIC16F1936 Definitions
   138                           ; 
   139                           ; SFR Addresses
   140     0000                     	;# 
   141     0001                     	;# 
   142     0002                     	;# 
   143     0003                     	;# 
   144     0004                     	;# 
   145     0005                     	;# 
   146     0006                     	;# 
   147     0007                     	;# 
   148     0008                     	;# 
   149     0009                     	;# 
   150     000A                     	;# 
   151     000B                     	;# 
   152     000C                     	;# 
   153     000D                     	;# 
   154     000E                     	;# 
   155     0010                     	;# 
   156     0011                     	;# 
   157     0012                     	;# 
   158     0013                     	;# 
   159     0015                     	;# 
   160     0016                     	;# 
   161     0016                     	;# 
   162     0017                     	;# 
   163     0018                     	;# 
   164     0019                     	;# 
   165     001A                     	;# 
   166     001B                     	;# 
   167     001C                     	;# 
   168     001E                     	;# 
   169     001F                     	;# 
   170     008C                     	;# 
   171     008D                     	;# 
   172     008E                     	;# 
   173     0090                     	;# 
   174     0091                     	;# 
   175     0092                     	;# 
   176     0093                     	;# 
   177     0095                     	;# 
   178     0096                     	;# 
   179     0097                     	;# 
   180     0098                     	;# 
   181     0099                     	;# 
   182     009A                     	;# 
   183     009B                     	;# 
   184     009B                     	;# 
   185     009C                     	;# 
   186     009D                     	;# 
   187     009E                     	;# 
   188     010C                     	;# 
   189     010D                     	;# 
   190     010E                     	;# 
   191     0110                     	;# 
   192     0111                     	;# 
   193     0112                     	;# 
   194     0113                     	;# 
   195     0114                     	;# 
   196     0115                     	;# 
   197     0116                     	;# 
   198     0117                     	;# 
   199     0118                     	;# 
   200     0119                     	;# 
   201     011A                     	;# 
   202     011B                     	;# 
   203     011D                     	;# 
   204     018C                     	;# 
   205     018D                     	;# 
   206     0191                     	;# 
   207     0191                     	;# 
   208     0192                     	;# 
   209     0193                     	;# 
   210     0193                     	;# 
   211     0193                     	;# 
   212     0194                     	;# 
   213     0195                     	;# 
   214     0196                     	;# 
   215     0199                     	;# 
   216     019A                     	;# 
   217     019B                     	;# 
   218     019B                     	;# 
   219     019B                     	;# 
   220     019B                     	;# 
   221     019C                     	;# 
   222     019C                     	;# 
   223     019D                     	;# 
   224     019E                     	;# 
   225     019F                     	;# 
   226     020D                     	;# 
   227     0210                     	;# 
   228     0211                     	;# 
   229     0212                     	;# 
   230     0213                     	;# 
   231     0214                     	;# 
   232     0215                     	;# 
   233     0215                     	;# 
   234     0216                     	;# 
   235     0217                     	;# 
   236     0291                     	;# 
   237     0291                     	;# 
   238     0292                     	;# 
   239     0293                     	;# 
   240     0294                     	;# 
   241     0295                     	;# 
   242     0295                     	;# 
   243     0296                     	;# 
   244     0298                     	;# 
   245     0298                     	;# 
   246     0299                     	;# 
   247     029A                     	;# 
   248     029B                     	;# 
   249     029C                     	;# 
   250     029C                     	;# 
   251     029D                     	;# 
   252     029E                     	;# 
   253     029F                     	;# 
   254     0311                     	;# 
   255     0311                     	;# 
   256     0312                     	;# 
   257     0313                     	;# 
   258     0314                     	;# 
   259     0315                     	;# 
   260     0315                     	;# 
   261     0316                     	;# 
   262     0318                     	;# 
   263     0318                     	;# 
   264     0319                     	;# 
   265     031A                     	;# 
   266     031C                     	;# 
   267     031C                     	;# 
   268     031D                     	;# 
   269     031E                     	;# 
   270     0394                     	;# 
   271     0395                     	;# 
   272     0396                     	;# 
   273     0415                     	;# 
   274     0416                     	;# 
   275     0417                     	;# 
   276     041C                     	;# 
   277     041D                     	;# 
   278     041E                     	;# 
   279     0791                     	;# 
   280     0792                     	;# 
   281     0793                     	;# 
   282     0794                     	;# 
   283     0795                     	;# 
   284     0798                     	;# 
   285     0799                     	;# 
   286     07A0                     	;# 
   287     07A1                     	;# 
   288     07A3                     	;# 
   289     07A4                     	;# 
   290     07A6                     	;# 
   291     07A7                     	;# 
   292     07A9                     	;# 
   293     07AA                     	;# 
   294     0FE4                     	;# 
   295     0FE5                     	;# 
   296     0FE6                     	;# 
   297     0FE7                     	;# 
   298     0FE8                     	;# 
   299     0FE9                     	;# 
   300     0FEA                     	;# 
   301     0FEB                     	;# 
   302     0FED                     	;# 
   303     0FEE                     	;# 
   304     0FEF                     	;# 
   305     0000                     	;# 
   306     0001                     	;# 
   307     0002                     	;# 
   308     0003                     	;# 
   309     0004                     	;# 
   310     0005                     	;# 
   311     0006                     	;# 
   312     0007                     	;# 
   313     0008                     	;# 
   314     0009                     	;# 
   315     000A                     	;# 
   316     000B                     	;# 
   317     000C                     	;# 
   318     000D                     	;# 
   319     000E                     	;# 
   320     0010                     	;# 
   321     0011                     	;# 
   322     0012                     	;# 
   323     0013                     	;# 
   324     0015                     	;# 
   325     0016                     	;# 
   326     0016                     	;# 
   327     0017                     	;# 
   328     0018                     	;# 
   329     0019                     	;# 
   330     001A                     	;# 
   331     001B                     	;# 
   332     001C                     	;# 
   333     001E                     	;# 
   334     001F                     	;# 
   335     008C                     	;# 
   336     008D                     	;# 
   337     008E                     	;# 
   338     0090                     	;# 
   339     0091                     	;# 
   340     0092                     	;# 
   341     0093                     	;# 
   342     0095                     	;# 
   343     0096                     	;# 
   344     0097                     	;# 
   345     0098                     	;# 
   346     0099                     	;# 
   347     009A                     	;# 
   348     009B                     	;# 
   349     009B                     	;# 
   350     009C                     	;# 
   351     009D                     	;# 
   352     009E                     	;# 
   353     010C                     	;# 
   354     010D                     	;# 
   355     010E                     	;# 
   356     0110                     	;# 
   357     0111                     	;# 
   358     0112                     	;# 
   359     0113                     	;# 
   360     0114                     	;# 
   361     0115                     	;# 
   362     0116                     	;# 
   363     0117                     	;# 
   364     0118                     	;# 
   365     0119                     	;# 
   366     011A                     	;# 
   367     011B                     	;# 
   368     011D                     	;# 
   369     018C                     	;# 
   370     018D                     	;# 
   371     0191                     	;# 
   372     0191                     	;# 
   373     0192                     	;# 
   374     0193                     	;# 
   375     0193                     	;# 
   376     0193                     	;# 
   377     0194                     	;# 
   378     0195                     	;# 
   379     0196                     	;# 
   380     0199                     	;# 
   381     019A                     	;# 
   382     019B                     	;# 
   383     019B                     	;# 
   384     019B                     	;# 
   385     019B                     	;# 
   386     019C                     	;# 
   387     019C                     	;# 
   388     019D                     	;# 
   389     019E                     	;# 
   390     019F                     	;# 
   391     020D                     	;# 
   392     0210                     	;# 
   393     0211                     	;# 
   394     0212                     	;# 
   395     0213                     	;# 
   396     0214                     	;# 
   397     0215                     	;# 
   398     0215                     	;# 
   399     0216                     	;# 
   400     0217                     	;# 
   401     0291                     	;# 
   402     0291                     	;# 
   403     0292                     	;# 
   404     0293                     	;# 
   405     0294                     	;# 
   406     0295                     	;# 
   407     0295                     	;# 
   408     0296                     	;# 
   409     0298                     	;# 
   410     0298                     	;# 
   411     0299                     	;# 
   412     029A                     	;# 
   413     029B                     	;# 
   414     029C                     	;# 
   415     029C                     	;# 
   416     029D                     	;# 
   417     029E                     	;# 
   418     029F                     	;# 
   419     0311                     	;# 
   420     0311                     	;# 
   421     0312                     	;# 
   422     0313                     	;# 
   423     0314                     	;# 
   424     0315                     	;# 
   425     0315                     	;# 
   426     0316                     	;# 
   427     0318                     	;# 
   428     0318                     	;# 
   429     0319                     	;# 
   430     031A                     	;# 
   431     031C                     	;# 
   432     031C                     	;# 
   433     031D                     	;# 
   434     031E                     	;# 
   435     0394                     	;# 
   436     0395                     	;# 
   437     0396                     	;# 
   438     0415                     	;# 
   439     0416                     	;# 
   440     0417                     	;# 
   441     041C                     	;# 
   442     041D                     	;# 
   443     041E                     	;# 
   444     0791                     	;# 
   445     0792                     	;# 
   446     0793                     	;# 
   447     0794                     	;# 
   448     0795                     	;# 
   449     0798                     	;# 
   450     0799                     	;# 
   451     07A0                     	;# 
   452     07A1                     	;# 
   453     07A3                     	;# 
   454     07A4                     	;# 
   455     07A6                     	;# 
   456     07A7                     	;# 
   457     07A9                     	;# 
   458     07AA                     	;# 
   459     0FE4                     	;# 
   460     0FE5                     	;# 
   461     0FE6                     	;# 
   462     0FE7                     	;# 
   463     0FE8                     	;# 
   464     0FE9                     	;# 
   465     0FEA                     	;# 
   466     0FEB                     	;# 
   467     0FED                     	;# 
   468     0FEE                     	;# 
   469     0FEF                     	;# 
   470     0000                     	;# 
   471     0001                     	;# 
   472     0002                     	;# 
   473     0003                     	;# 
   474     0004                     	;# 
   475     0005                     	;# 
   476     0006                     	;# 
   477     0007                     	;# 
   478     0008                     	;# 
   479     0009                     	;# 
   480     000A                     	;# 
   481     000B                     	;# 
   482     000C                     	;# 
   483     000D                     	;# 
   484     000E                     	;# 
   485     0010                     	;# 
   486     0011                     	;# 
   487     0012                     	;# 
   488     0013                     	;# 
   489     0015                     	;# 
   490     0016                     	;# 
   491     0016                     	;# 
   492     0017                     	;# 
   493     0018                     	;# 
   494     0019                     	;# 
   495     001A                     	;# 
   496     001B                     	;# 
   497     001C                     	;# 
   498     001E                     	;# 
   499     001F                     	;# 
   500     008C                     	;# 
   501     008D                     	;# 
   502     008E                     	;# 
   503     0090                     	;# 
   504     0091                     	;# 
   505     0092                     	;# 
   506     0093                     	;# 
   507     0095                     	;# 
   508     0096                     	;# 
   509     0097                     	;# 
   510     0098                     	;# 
   511     0099                     	;# 
   512     009A                     	;# 
   513     009B                     	;# 
   514     009B                     	;# 
   515     009C                     	;# 
   516     009D                     	;# 
   517     009E                     	;# 
   518     010C                     	;# 
   519     010D                     	;# 
   520     010E                     	;# 
   521     0110                     	;# 
   522     0111                     	;# 
   523     0112                     	;# 
   524     0113                     	;# 
   525     0114                     	;# 
   526     0115                     	;# 
   527     0116                     	;# 
   528     0117                     	;# 
   529     0118                     	;# 
   530     0119                     	;# 
   531     011A                     	;# 
   532     011B                     	;# 
   533     011D                     	;# 
   534     018C                     	;# 
   535     018D                     	;# 
   536     0191                     	;# 
   537     0191                     	;# 
   538     0192                     	;# 
   539     0193                     	;# 
   540     0193                     	;# 
   541     0193                     	;# 
   542     0194                     	;# 
   543     0195                     	;# 
   544     0196                     	;# 
   545     0199                     	;# 
   546     019A                     	;# 
   547     019B                     	;# 
   548     019B                     	;# 
   549     019B                     	;# 
   550     019B                     	;# 
   551     019C                     	;# 
   552     019C                     	;# 
   553     019D                     	;# 
   554     019E                     	;# 
   555     019F                     	;# 
   556     020D                     	;# 
   557     0210                     	;# 
   558     0211                     	;# 
   559     0212                     	;# 
   560     0213                     	;# 
   561     0214                     	;# 
   562     0215                     	;# 
   563     0215                     	;# 
   564     0216                     	;# 
   565     0217                     	;# 
   566     0291                     	;# 
   567     0291                     	;# 
   568     0292                     	;# 
   569     0293                     	;# 
   570     0294                     	;# 
   571     0295                     	;# 
   572     0295                     	;# 
   573     0296                     	;# 
   574     0298                     	;# 
   575     0298                     	;# 
   576     0299                     	;# 
   577     029A                     	;# 
   578     029B                     	;# 
   579     029C                     	;# 
   580     029C                     	;# 
   581     029D                     	;# 
   582     029E                     	;# 
   583     029F                     	;# 
   584     0311                     	;# 
   585     0311                     	;# 
   586     0312                     	;# 
   587     0313                     	;# 
   588     0314                     	;# 
   589     0315                     	;# 
   590     0315                     	;# 
   591     0316                     	;# 
   592     0318                     	;# 
   593     0318                     	;# 
   594     0319                     	;# 
   595     031A                     	;# 
   596     031C                     	;# 
   597     031C                     	;# 
   598     031D                     	;# 
   599     031E                     	;# 
   600     0394                     	;# 
   601     0395                     	;# 
   602     0396                     	;# 
   603     0415                     	;# 
   604     0416                     	;# 
   605     0417                     	;# 
   606     041C                     	;# 
   607     041D                     	;# 
   608     041E                     	;# 
   609     0791                     	;# 
   610     0792                     	;# 
   611     0793                     	;# 
   612     0794                     	;# 
   613     0795                     	;# 
   614     0798                     	;# 
   615     0799                     	;# 
   616     07A0                     	;# 
   617     07A1                     	;# 
   618     07A3                     	;# 
   619     07A4                     	;# 
   620     07A6                     	;# 
   621     07A7                     	;# 
   622     07A9                     	;# 
   623     07AA                     	;# 
   624     0FE4                     	;# 
   625     0FE5                     	;# 
   626     0FE6                     	;# 
   627     0FE7                     	;# 
   628     0FE8                     	;# 
   629     0FE9                     	;# 
   630     0FEA                     	;# 
   631     0FEB                     	;# 
   632     0FED                     	;# 
   633     0FEE                     	;# 
   634     0FEF                     	;# 
   635     0000                     	;# 
   636     0001                     	;# 
   637     0002                     	;# 
   638     0003                     	;# 
   639     0004                     	;# 
   640     0005                     	;# 
   641     0006                     	;# 
   642     0007                     	;# 
   643     0008                     	;# 
   644     0009                     	;# 
   645     000A                     	;# 
   646     000B                     	;# 
   647     000C                     	;# 
   648     000D                     	;# 
   649     000E                     	;# 
   650     0010                     	;# 
   651     0011                     	;# 
   652     0012                     	;# 
   653     0013                     	;# 
   654     0015                     	;# 
   655     0016                     	;# 
   656     0016                     	;# 
   657     0017                     	;# 
   658     0018                     	;# 
   659     0019                     	;# 
   660     001A                     	;# 
   661     001B                     	;# 
   662     001C                     	;# 
   663     001E                     	;# 
   664     001F                     	;# 
   665     008C                     	;# 
   666     008D                     	;# 
   667     008E                     	;# 
   668     0090                     	;# 
   669     0091                     	;# 
   670     0092                     	;# 
   671     0093                     	;# 
   672     0095                     	;# 
   673     0096                     	;# 
   674     0097                     	;# 
   675     0098                     	;# 
   676     0099                     	;# 
   677     009A                     	;# 
   678     009B                     	;# 
   679     009B                     	;# 
   680     009C                     	;# 
   681     009D                     	;# 
   682     009E                     	;# 
   683     010C                     	;# 
   684     010D                     	;# 
   685     010E                     	;# 
   686     0110                     	;# 
   687     0111                     	;# 
   688     0112                     	;# 
   689     0113                     	;# 
   690     0114                     	;# 
   691     0115                     	;# 
   692     0116                     	;# 
   693     0117                     	;# 
   694     0118                     	;# 
   695     0119                     	;# 
   696     011A                     	;# 
   697     011B                     	;# 
   698     011D                     	;# 
   699     018C                     	;# 
   700     018D                     	;# 
   701     0191                     	;# 
   702     0191                     	;# 
   703     0192                     	;# 
   704     0193                     	;# 
   705     0193                     	;# 
   706     0193                     	;# 
   707     0194                     	;# 
   708     0195                     	;# 
   709     0196                     	;# 
   710     0199                     	;# 
   711     019A                     	;# 
   712     019B                     	;# 
   713     019B                     	;# 
   714     019B                     	;# 
   715     019B                     	;# 
   716     019C                     	;# 
   717     019C                     	;# 
   718     019D                     	;# 
   719     019E                     	;# 
   720     019F                     	;# 
   721     020D                     	;# 
   722     0210                     	;# 
   723     0211                     	;# 
   724     0212                     	;# 
   725     0213                     	;# 
   726     0214                     	;# 
   727     0215                     	;# 
   728     0215                     	;# 
   729     0216                     	;# 
   730     0217                     	;# 
   731     0291                     	;# 
   732     0291                     	;# 
   733     0292                     	;# 
   734     0293                     	;# 
   735     0294                     	;# 
   736     0295                     	;# 
   737     0295                     	;# 
   738     0296                     	;# 
   739     0298                     	;# 
   740     0298                     	;# 
   741     0299                     	;# 
   742     029A                     	;# 
   743     029B                     	;# 
   744     029C                     	;# 
   745     029C                     	;# 
   746     029D                     	;# 
   747     029E                     	;# 
   748     029F                     	;# 
   749     0311                     	;# 
   750     0311                     	;# 
   751     0312                     	;# 
   752     0313                     	;# 
   753     0314                     	;# 
   754     0315                     	;# 
   755     0315                     	;# 
   756     0316                     	;# 
   757     0318                     	;# 
   758     0318                     	;# 
   759     0319                     	;# 
   760     031A                     	;# 
   761     031C                     	;# 
   762     031C                     	;# 
   763     031D                     	;# 
   764     031E                     	;# 
   765     0394                     	;# 
   766     0395                     	;# 
   767     0396                     	;# 
   768     0415                     	;# 
   769     0416                     	;# 
   770     0417                     	;# 
   771     041C                     	;# 
   772     041D                     	;# 
   773     041E                     	;# 
   774     0791                     	;# 
   775     0792                     	;# 
   776     0793                     	;# 
   777     0794                     	;# 
   778     0795                     	;# 
   779     0798                     	;# 
   780     0799                     	;# 
   781     07A0                     	;# 
   782     07A1                     	;# 
   783     07A3                     	;# 
   784     07A4                     	;# 
   785     07A6                     	;# 
   786     07A7                     	;# 
   787     07A9                     	;# 
   788     07AA                     	;# 
   789     0FE4                     	;# 
   790     0FE5                     	;# 
   791     0FE6                     	;# 
   792     0FE7                     	;# 
   793     0FE8                     	;# 
   794     0FE9                     	;# 
   795     0FEA                     	;# 
   796     0FEB                     	;# 
   797     0FED                     	;# 
   798     0FEE                     	;# 
   799     0FEF                     	;# 
   800     0000                     	;# 
   801     0001                     	;# 
   802     0002                     	;# 
   803     0003                     	;# 
   804     0004                     	;# 
   805     0005                     	;# 
   806     0006                     	;# 
   807     0007                     	;# 
   808     0008                     	;# 
   809     0009                     	;# 
   810     000A                     	;# 
   811     000B                     	;# 
   812     000C                     	;# 
   813     000D                     	;# 
   814     000E                     	;# 
   815     0010                     	;# 
   816     0011                     	;# 
   817     0012                     	;# 
   818     0013                     	;# 
   819     0015                     	;# 
   820     0016                     	;# 
   821     0016                     	;# 
   822     0017                     	;# 
   823     0018                     	;# 
   824     0019                     	;# 
   825     001A                     	;# 
   826     001B                     	;# 
   827     001C                     	;# 
   828     001E                     	;# 
   829     001F                     	;# 
   830     008C                     	;# 
   831     008D                     	;# 
   832     008E                     	;# 
   833     0090                     	;# 
   834     0091                     	;# 
   835     0092                     	;# 
   836     0093                     	;# 
   837     0095                     	;# 
   838     0096                     	;# 
   839     0097                     	;# 
   840     0098                     	;# 
   841     0099                     	;# 
   842     009A                     	;# 
   843     009B                     	;# 
   844     009B                     	;# 
   845     009C                     	;# 
   846     009D                     	;# 
   847     009E                     	;# 
   848     010C                     	;# 
   849     010D                     	;# 
   850     010E                     	;# 
   851     0110                     	;# 
   852     0111                     	;# 
   853     0112                     	;# 
   854     0113                     	;# 
   855     0114                     	;# 
   856     0115                     	;# 
   857     0116                     	;# 
   858     0117                     	;# 
   859     0118                     	;# 
   860     0119                     	;# 
   861     011A                     	;# 
   862     011B                     	;# 
   863     011D                     	;# 
   864     018C                     	;# 
   865     018D                     	;# 
   866     0191                     	;# 
   867     0191                     	;# 
   868     0192                     	;# 
   869     0193                     	;# 
   870     0193                     	;# 
   871     0193                     	;# 
   872     0194                     	;# 
   873     0195                     	;# 
   874     0196                     	;# 
   875     0199                     	;# 
   876     019A                     	;# 
   877     019B                     	;# 
   878     019B                     	;# 
   879     019B                     	;# 
   880     019B                     	;# 
   881     019C                     	;# 
   882     019C                     	;# 
   883     019D                     	;# 
   884     019E                     	;# 
   885     019F                     	;# 
   886     020D                     	;# 
   887     0210                     	;# 
   888     0211                     	;# 
   889     0212                     	;# 
   890     0213                     	;# 
   891     0214                     	;# 
   892     0215                     	;# 
   893     0215                     	;# 
   894     0216                     	;# 
   895     0217                     	;# 
   896     0291                     	;# 
   897     0291                     	;# 
   898     0292                     	;# 
   899     0293                     	;# 
   900     0294                     	;# 
   901     0295                     	;# 
   902     0295                     	;# 
   903     0296                     	;# 
   904     0298                     	;# 
   905     0298                     	;# 
   906     0299                     	;# 
   907     029A                     	;# 
   908     029B                     	;# 
   909     029C                     	;# 
   910     029C                     	;# 
   911     029D                     	;# 
   912     029E                     	;# 
   913     029F                     	;# 
   914     0311                     	;# 
   915     0311                     	;# 
   916     0312                     	;# 
   917     0313                     	;# 
   918     0314                     	;# 
   919     0315                     	;# 
   920     0315                     	;# 
   921     0316                     	;# 
   922     0318                     	;# 
   923     0318                     	;# 
   924     0319                     	;# 
   925     031A                     	;# 
   926     031C                     	;# 
   927     031C                     	;# 
   928     031D                     	;# 
   929     031E                     	;# 
   930     0394                     	;# 
   931     0395                     	;# 
   932     0396                     	;# 
   933     0415                     	;# 
   934     0416                     	;# 
   935     0417                     	;# 
   936     041C                     	;# 
   937     041D                     	;# 
   938     041E                     	;# 
   939     0791                     	;# 
   940     0792                     	;# 
   941     0793                     	;# 
   942     0794                     	;# 
   943     0795                     	;# 
   944     0798                     	;# 
   945     0799                     	;# 
   946     07A0                     	;# 
   947     07A1                     	;# 
   948     07A3                     	;# 
   949     07A4                     	;# 
   950     07A6                     	;# 
   951     07A7                     	;# 
   952     07A9                     	;# 
   953     07AA                     	;# 
   954     0FE4                     	;# 
   955     0FE5                     	;# 
   956     0FE6                     	;# 
   957     0FE7                     	;# 
   958     0FE8                     	;# 
   959     0FE9                     	;# 
   960     0FEA                     	;# 
   961     0FEB                     	;# 
   962     0FED                     	;# 
   963     0FEE                     	;# 
   964     0FEF                     	;# 
   965     0000                     	;# 
   966     0001                     	;# 
   967     0002                     	;# 
   968     0003                     	;# 
   969     0004                     	;# 
   970     0005                     	;# 
   971     0006                     	;# 
   972     0007                     	;# 
   973     0008                     	;# 
   974     0009                     	;# 
   975     000A                     	;# 
   976     000B                     	;# 
   977     000C                     	;# 
   978     000D                     	;# 
   979     000E                     	;# 
   980     0010                     	;# 
   981     0011                     	;# 
   982     0012                     	;# 
   983     0013                     	;# 
   984     0015                     	;# 
   985     0016                     	;# 
   986     0016                     	;# 
   987     0017                     	;# 
   988     0018                     	;# 
   989     0019                     	;# 
   990     001A                     	;# 
   991     001B                     	;# 
   992     001C                     	;# 
   993     001E                     	;# 
   994     001F                     	;# 
   995     008C                     	;# 
   996     008D                     	;# 
   997     008E                     	;# 
   998     0090                     	;# 
   999     0091                     	;# 
  1000     0092                     	;# 
  1001     0093                     	;# 
  1002     0095                     	;# 
  1003     0096                     	;# 
  1004     0097                     	;# 
  1005     0098                     	;# 
  1006     0099                     	;# 
  1007     009A                     	;# 
  1008     009B                     	;# 
  1009     009B                     	;# 
  1010     009C                     	;# 
  1011     009D                     	;# 
  1012     009E                     	;# 
  1013     010C                     	;# 
  1014     010D                     	;# 
  1015     010E                     	;# 
  1016     0110                     	;# 
  1017     0111                     	;# 
  1018     0112                     	;# 
  1019     0113                     	;# 
  1020     0114                     	;# 
  1021     0115                     	;# 
  1022     0116                     	;# 
  1023     0117                     	;# 
  1024     0118                     	;# 
  1025     0119                     	;# 
  1026     011A                     	;# 
  1027     011B                     	;# 
  1028     011D                     	;# 
  1029     018C                     	;# 
  1030     018D                     	;# 
  1031     0191                     	;# 
  1032     0191                     	;# 
  1033     0192                     	;# 
  1034     0193                     	;# 
  1035     0193                     	;# 
  1036     0193                     	;# 
  1037     0194                     	;# 
  1038     0195                     	;# 
  1039     0196                     	;# 
  1040     0199                     	;# 
  1041     019A                     	;# 
  1042     019B                     	;# 
  1043     019B                     	;# 
  1044     019B                     	;# 
  1045     019B                     	;# 
  1046     019C                     	;# 
  1047     019C                     	;# 
  1048     019D                     	;# 
  1049     019E                     	;# 
  1050     019F                     	;# 
  1051     020D                     	;# 
  1052     0210                     	;# 
  1053     0211                     	;# 
  1054     0212                     	;# 
  1055     0213                     	;# 
  1056     0214                     	;# 
  1057     0215                     	;# 
  1058     0215                     	;# 
  1059     0216                     	;# 
  1060     0217                     	;# 
  1061     0291                     	;# 
  1062     0291                     	;# 
  1063     0292                     	;# 
  1064     0293                     	;# 
  1065     0294                     	;# 
  1066     0295                     	;# 
  1067     0295                     	;# 
  1068     0296                     	;# 
  1069     0298                     	;# 
  1070     0298                     	;# 
  1071     0299                     	;# 
  1072     029A                     	;# 
  1073     029B                     	;# 
  1074     029C                     	;# 
  1075     029C                     	;# 
  1076     029D                     	;# 
  1077     029E                     	;# 
  1078     029F                     	;# 
  1079     0311                     	;# 
  1080     0311                     	;# 
  1081     0312                     	;# 
  1082     0313                     	;# 
  1083     0314                     	;# 
  1084     0315                     	;# 
  1085     0315                     	;# 
  1086     0316                     	;# 
  1087     0318                     	;# 
  1088     0318                     	;# 
  1089     0319                     	;# 
  1090     031A                     	;# 
  1091     031C                     	;# 
  1092     031C                     	;# 
  1093     031D                     	;# 
  1094     031E                     	;# 
  1095     0394                     	;# 
  1096     0395                     	;# 
  1097     0396                     	;# 
  1098     0415                     	;# 
  1099     0416                     	;# 
  1100     0417                     	;# 
  1101     041C                     	;# 
  1102     041D                     	;# 
  1103     041E                     	;# 
  1104     0791                     	;# 
  1105     0792                     	;# 
  1106     0793                     	;# 
  1107     0794                     	;# 
  1108     0795                     	;# 
  1109     0798                     	;# 
  1110     0799                     	;# 
  1111     07A0                     	;# 
  1112     07A1                     	;# 
  1113     07A3                     	;# 
  1114     07A4                     	;# 
  1115     07A6                     	;# 
  1116     07A7                     	;# 
  1117     07A9                     	;# 
  1118     07AA                     	;# 
  1119     0FE4                     	;# 
  1120     0FE5                     	;# 
  1121     0FE6                     	;# 
  1122     0FE7                     	;# 
  1123     0FE8                     	;# 
  1124     0FE9                     	;# 
  1125     0FEA                     	;# 
  1126     0FEB                     	;# 
  1127     0FED                     	;# 
  1128     0FEE                     	;# 
  1129     0FEF                     	;# 
  1130     0000                     	;# 
  1131     0001                     	;# 
  1132     0002                     	;# 
  1133     0003                     	;# 
  1134     0004                     	;# 
  1135     0005                     	;# 
  1136     0006                     	;# 
  1137     0007                     	;# 
  1138     0008                     	;# 
  1139     0009                     	;# 
  1140     000A                     	;# 
  1141     000B                     	;# 
  1142     000C                     	;# 
  1143     000D                     	;# 
  1144     000E                     	;# 
  1145     0010                     	;# 
  1146     0011                     	;# 
  1147     0012                     	;# 
  1148     0013                     	;# 
  1149     0015                     	;# 
  1150     0016                     	;# 
  1151     0016                     	;# 
  1152     0017                     	;# 
  1153     0018                     	;# 
  1154     0019                     	;# 
  1155     001A                     	;# 
  1156     001B                     	;# 
  1157     001C                     	;# 
  1158     001E                     	;# 
  1159     001F                     	;# 
  1160     008C                     	;# 
  1161     008D                     	;# 
  1162     008E                     	;# 
  1163     0090                     	;# 
  1164     0091                     	;# 
  1165     0092                     	;# 
  1166     0093                     	;# 
  1167     0095                     	;# 
  1168     0096                     	;# 
  1169     0097                     	;# 
  1170     0098                     	;# 
  1171     0099                     	;# 
  1172     009A                     	;# 
  1173     009B                     	;# 
  1174     009B                     	;# 
  1175     009C                     	;# 
  1176     009D                     	;# 
  1177     009E                     	;# 
  1178     010C                     	;# 
  1179     010D                     	;# 
  1180     010E                     	;# 
  1181     0110                     	;# 
  1182     0111                     	;# 
  1183     0112                     	;# 
  1184     0113                     	;# 
  1185     0114                     	;# 
  1186     0115                     	;# 
  1187     0116                     	;# 
  1188     0117                     	;# 
  1189     0118                     	;# 
  1190     0119                     	;# 
  1191     011A                     	;# 
  1192     011B                     	;# 
  1193     011D                     	;# 
  1194     018C                     	;# 
  1195     018D                     	;# 
  1196     0191                     	;# 
  1197     0191                     	;# 
  1198     0192                     	;# 
  1199     0193                     	;# 
  1200     0193                     	;# 
  1201     0193                     	;# 
  1202     0194                     	;# 
  1203     0195                     	;# 
  1204     0196                     	;# 
  1205     0199                     	;# 
  1206     019A                     	;# 
  1207     019B                     	;# 
  1208     019B                     	;# 
  1209     019B                     	;# 
  1210     019B                     	;# 
  1211     019C                     	;# 
  1212     019C                     	;# 
  1213     019D                     	;# 
  1214     019E                     	;# 
  1215     019F                     	;# 
  1216     020D                     	;# 
  1217     0210                     	;# 
  1218     0211                     	;# 
  1219     0212                     	;# 
  1220     0213                     	;# 
  1221     0214                     	;# 
  1222     0215                     	;# 
  1223     0215                     	;# 
  1224     0216                     	;# 
  1225     0217                     	;# 
  1226     0291                     	;# 
  1227     0291                     	;# 
  1228     0292                     	;# 
  1229     0293                     	;# 
  1230     0294                     	;# 
  1231     0295                     	;# 
  1232     0295                     	;# 
  1233     0296                     	;# 
  1234     0298                     	;# 
  1235     0298                     	;# 
  1236     0299                     	;# 
  1237     029A                     	;# 
  1238     029B                     	;# 
  1239     029C                     	;# 
  1240     029C                     	;# 
  1241     029D                     	;# 
  1242     029E                     	;# 
  1243     029F                     	;# 
  1244     0311                     	;# 
  1245     0311                     	;# 
  1246     0312                     	;# 
  1247     0313                     	;# 
  1248     0314                     	;# 
  1249     0315                     	;# 
  1250     0315                     	;# 
  1251     0316                     	;# 
  1252     0318                     	;# 
  1253     0318                     	;# 
  1254     0319                     	;# 
  1255     031A                     	;# 
  1256     031C                     	;# 
  1257     031C                     	;# 
  1258     031D                     	;# 
  1259     031E                     	;# 
  1260     0394                     	;# 
  1261     0395                     	;# 
  1262     0396                     	;# 
  1263     0415                     	;# 
  1264     0416                     	;# 
  1265     0417                     	;# 
  1266     041C                     	;# 
  1267     041D                     	;# 
  1268     041E                     	;# 
  1269     0791                     	;# 
  1270     0792                     	;# 
  1271     0793                     	;# 
  1272     0794                     	;# 
  1273     0795                     	;# 
  1274     0798                     	;# 
  1275     0799                     	;# 
  1276     07A0                     	;# 
  1277     07A1                     	;# 
  1278     07A3                     	;# 
  1279     07A4                     	;# 
  1280     07A6                     	;# 
  1281     07A7                     	;# 
  1282     07A9                     	;# 
  1283     07AA                     	;# 
  1284     0FE4                     	;# 
  1285     0FE5                     	;# 
  1286     0FE6                     	;# 
  1287     0FE7                     	;# 
  1288     0FE8                     	;# 
  1289     0FE9                     	;# 
  1290     0FEA                     	;# 
  1291     0FEB                     	;# 
  1292     0FED                     	;# 
  1293     0FEE                     	;# 
  1294     0FEF                     	;# 
  1295     0000                     	;# 
  1296     0001                     	;# 
  1297     0002                     	;# 
  1298     0003                     	;# 
  1299     0004                     	;# 
  1300     0005                     	;# 
  1301     0006                     	;# 
  1302     0007                     	;# 
  1303     0008                     	;# 
  1304     0009                     	;# 
  1305     000A                     	;# 
  1306     000B                     	;# 
  1307     000C                     	;# 
  1308     000D                     	;# 
  1309     000E                     	;# 
  1310     0010                     	;# 
  1311     0011                     	;# 
  1312     0012                     	;# 
  1313     0013                     	;# 
  1314     0015                     	;# 
  1315     0016                     	;# 
  1316     0016                     	;# 
  1317     0017                     	;# 
  1318     0018                     	;# 
  1319     0019                     	;# 
  1320     001A                     	;# 
  1321     001B                     	;# 
  1322     001C                     	;# 
  1323     001E                     	;# 
  1324     001F                     	;# 
  1325     008C                     	;# 
  1326     008D                     	;# 
  1327     008E                     	;# 
  1328     0090                     	;# 
  1329     0091                     	;# 
  1330     0092                     	;# 
  1331     0093                     	;# 
  1332     0095                     	;# 
  1333     0096                     	;# 
  1334     0097                     	;# 
  1335     0098                     	;# 
  1336     0099                     	;# 
  1337     009A                     	;# 
  1338     009B                     	;# 
  1339     009B                     	;# 
  1340     009C                     	;# 
  1341     009D                     	;# 
  1342     009E                     	;# 
  1343     010C                     	;# 
  1344     010D                     	;# 
  1345     010E                     	;# 
  1346     0110                     	;# 
  1347     0111                     	;# 
  1348     0112                     	;# 
  1349     0113                     	;# 
  1350     0114                     	;# 
  1351     0115                     	;# 
  1352     0116                     	;# 
  1353     0117                     	;# 
  1354     0118                     	;# 
  1355     0119                     	;# 
  1356     011A                     	;# 
  1357     011B                     	;# 
  1358     011D                     	;# 
  1359     018C                     	;# 
  1360     018D                     	;# 
  1361     0191                     	;# 
  1362     0191                     	;# 
  1363     0192                     	;# 
  1364     0193                     	;# 
  1365     0193                     	;# 
  1366     0193                     	;# 
  1367     0194                     	;# 
  1368     0195                     	;# 
  1369     0196                     	;# 
  1370     0199                     	;# 
  1371     019A                     	;# 
  1372     019B                     	;# 
  1373     019B                     	;# 
  1374     019B                     	;# 
  1375     019B                     	;# 
  1376     019C                     	;# 
  1377     019C                     	;# 
  1378     019D                     	;# 
  1379     019E                     	;# 
  1380     019F                     	;# 
  1381     020D                     	;# 
  1382     0210                     	;# 
  1383     0211                     	;# 
  1384     0212                     	;# 
  1385     0213                     	;# 
  1386     0214                     	;# 
  1387     0215                     	;# 
  1388     0215                     	;# 
  1389     0216                     	;# 
  1390     0217                     	;# 
  1391     0291                     	;# 
  1392     0291                     	;# 
  1393     0292                     	;# 
  1394     0293                     	;# 
  1395     0294                     	;# 
  1396     0295                     	;# 
  1397     0295                     	;# 
  1398     0296                     	;# 
  1399     0298                     	;# 
  1400     0298                     	;# 
  1401     0299                     	;# 
  1402     029A                     	;# 
  1403     029B                     	;# 
  1404     029C                     	;# 
  1405     029C                     	;# 
  1406     029D                     	;# 
  1407     029E                     	;# 
  1408     029F                     	;# 
  1409     0311                     	;# 
  1410     0311                     	;# 
  1411     0312                     	;# 
  1412     0313                     	;# 
  1413     0314                     	;# 
  1414     0315                     	;# 
  1415     0315                     	;# 
  1416     0316                     	;# 
  1417     0318                     	;# 
  1418     0318                     	;# 
  1419     0319                     	;# 
  1420     031A                     	;# 
  1421     031C                     	;# 
  1422     031C                     	;# 
  1423     031D                     	;# 
  1424     031E                     	;# 
  1425     0394                     	;# 
  1426     0395                     	;# 
  1427     0396                     	;# 
  1428     0415                     	;# 
  1429     0416                     	;# 
  1430     0417                     	;# 
  1431     041C                     	;# 
  1432     041D                     	;# 
  1433     041E                     	;# 
  1434     0791                     	;# 
  1435     0792                     	;# 
  1436     0793                     	;# 
  1437     0794                     	;# 
  1438     0795                     	;# 
  1439     0798                     	;# 
  1440     0799                     	;# 
  1441     07A0                     	;# 
  1442     07A1                     	;# 
  1443     07A3                     	;# 
  1444     07A4                     	;# 
  1445     07A6                     	;# 
  1446     07A7                     	;# 
  1447     07A9                     	;# 
  1448     07AA                     	;# 
  1449     0FE4                     	;# 
  1450     0FE5                     	;# 
  1451     0FE6                     	;# 
  1452     0FE7                     	;# 
  1453     0FE8                     	;# 
  1454     0FE9                     	;# 
  1455     0FEA                     	;# 
  1456     0FEB                     	;# 
  1457     0FED                     	;# 
  1458     0FEE                     	;# 
  1459     0FEF                     	;# 
  1460     0000                     	;# 
  1461     0001                     	;# 
  1462     0002                     	;# 
  1463     0003                     	;# 
  1464     0004                     	;# 
  1465     0005                     	;# 
  1466     0006                     	;# 
  1467     0007                     	;# 
  1468     0008                     	;# 
  1469     0009                     	;# 
  1470     000A                     	;# 
  1471     000B                     	;# 
  1472     000C                     	;# 
  1473     000D                     	;# 
  1474     000E                     	;# 
  1475     0010                     	;# 
  1476     0011                     	;# 
  1477     0012                     	;# 
  1478     0013                     	;# 
  1479     0015                     	;# 
  1480     0016                     	;# 
  1481     0016                     	;# 
  1482     0017                     	;# 
  1483     0018                     	;# 
  1484     0019                     	;# 
  1485     001A                     	;# 
  1486     001B                     	;# 
  1487     001C                     	;# 
  1488     001E                     	;# 
  1489     001F                     	;# 
  1490     008C                     	;# 
  1491     008D                     	;# 
  1492     008E                     	;# 
  1493     0090                     	;# 
  1494     0091                     	;# 
  1495     0092                     	;# 
  1496     0093                     	;# 
  1497     0095                     	;# 
  1498     0096                     	;# 
  1499     0097                     	;# 
  1500     0098                     	;# 
  1501     0099                     	;# 
  1502     009A                     	;# 
  1503     009B                     	;# 
  1504     009B                     	;# 
  1505     009C                     	;# 
  1506     009D                     	;# 
  1507     009E                     	;# 
  1508     010C                     	;# 
  1509     010D                     	;# 
  1510     010E                     	;# 
  1511     0110                     	;# 
  1512     0111                     	;# 
  1513     0112                     	;# 
  1514     0113                     	;# 
  1515     0114                     	;# 
  1516     0115                     	;# 
  1517     0116                     	;# 
  1518     0117                     	;# 
  1519     0118                     	;# 
  1520     0119                     	;# 
  1521     011A                     	;# 
  1522     011B                     	;# 
  1523     011D                     	;# 
  1524     018C                     	;# 
  1525     018D                     	;# 
  1526     0191                     	;# 
  1527     0191                     	;# 
  1528     0192                     	;# 
  1529     0193                     	;# 
  1530     0193                     	;# 
  1531     0193                     	;# 
  1532     0194                     	;# 
  1533     0195                     	;# 
  1534     0196                     	;# 
  1535     0199                     	;# 
  1536     019A                     	;# 
  1537     019B                     	;# 
  1538     019B                     	;# 
  1539     019B                     	;# 
  1540     019B                     	;# 
  1541     019C                     	;# 
  1542     019C                     	;# 
  1543     019D                     	;# 
  1544     019E                     	;# 
  1545     019F                     	;# 
  1546     020D                     	;# 
  1547     0210                     	;# 
  1548     0211                     	;# 
  1549     0212                     	;# 
  1550     0213                     	;# 
  1551     0214                     	;# 
  1552     0215                     	;# 
  1553     0215                     	;# 
  1554     0216                     	;# 
  1555     0217                     	;# 
  1556     0291                     	;# 
  1557     0291                     	;# 
  1558     0292                     	;# 
  1559     0293                     	;# 
  1560     0294                     	;# 
  1561     0295                     	;# 
  1562     0295                     	;# 
  1563     0296                     	;# 
  1564     0298                     	;# 
  1565     0298                     	;# 
  1566     0299                     	;# 
  1567     029A                     	;# 
  1568     029B                     	;# 
  1569     029C                     	;# 
  1570     029C                     	;# 
  1571     029D                     	;# 
  1572     029E                     	;# 
  1573     029F                     	;# 
  1574     0311                     	;# 
  1575     0311                     	;# 
  1576     0312                     	;# 
  1577     0313                     	;# 
  1578     0314                     	;# 
  1579     0315                     	;# 
  1580     0315                     	;# 
  1581     0316                     	;# 
  1582     0318                     	;# 
  1583     0318                     	;# 
  1584     0319                     	;# 
  1585     031A                     	;# 
  1586     031C                     	;# 
  1587     031C                     	;# 
  1588     031D                     	;# 
  1589     031E                     	;# 
  1590     0394                     	;# 
  1591     0395                     	;# 
  1592     0396                     	;# 
  1593     0415                     	;# 
  1594     0416                     	;# 
  1595     0417                     	;# 
  1596     041C                     	;# 
  1597     041D                     	;# 
  1598     041E                     	;# 
  1599     0791                     	;# 
  1600     0792                     	;# 
  1601     0793                     	;# 
  1602     0794                     	;# 
  1603     0795                     	;# 
  1604     0798                     	;# 
  1605     0799                     	;# 
  1606     07A0                     	;# 
  1607     07A1                     	;# 
  1608     07A3                     	;# 
  1609     07A4                     	;# 
  1610     07A6                     	;# 
  1611     07A7                     	;# 
  1612     07A9                     	;# 
  1613     07AA                     	;# 
  1614     0FE4                     	;# 
  1615     0FE5                     	;# 
  1616     0FE6                     	;# 
  1617     0FE7                     	;# 
  1618     0FE8                     	;# 
  1619     0FE9                     	;# 
  1620     0FEA                     	;# 
  1621     0FEB                     	;# 
  1622     0FED                     	;# 
  1623     0FEE                     	;# 
  1624     0FEF                     	;# 
  1625     0000                     	;# 
  1626     0001                     	;# 
  1627     0002                     	;# 
  1628     0003                     	;# 
  1629     0004                     	;# 
  1630     0005                     	;# 
  1631     0006                     	;# 
  1632     0007                     	;# 
  1633     0008                     	;# 
  1634     0009                     	;# 
  1635     000A                     	;# 
  1636     000B                     	;# 
  1637     000C                     	;# 
  1638     000D                     	;# 
  1639     000E                     	;# 
  1640     0010                     	;# 
  1641     0011                     	;# 
  1642     0012                     	;# 
  1643     0013                     	;# 
  1644     0015                     	;# 
  1645     0016                     	;# 
  1646     0016                     	;# 
  1647     0017                     	;# 
  1648     0018                     	;# 
  1649     0019                     	;# 
  1650     001A                     	;# 
  1651     001B                     	;# 
  1652     001C                     	;# 
  1653     001E                     	;# 
  1654     001F                     	;# 
  1655     008C                     	;# 
  1656     008D                     	;# 
  1657     008E                     	;# 
  1658     0090                     	;# 
  1659     0091                     	;# 
  1660     0092                     	;# 
  1661     0093                     	;# 
  1662     0095                     	;# 
  1663     0096                     	;# 
  1664     0097                     	;# 
  1665     0098                     	;# 
  1666     0099                     	;# 
  1667     009A                     	;# 
  1668     009B                     	;# 
  1669     009B                     	;# 
  1670     009C                     	;# 
  1671     009D                     	;# 
  1672     009E                     	;# 
  1673     010C                     	;# 
  1674     010D                     	;# 
  1675     010E                     	;# 
  1676     0110                     	;# 
  1677     0111                     	;# 
  1678     0112                     	;# 
  1679     0113                     	;# 
  1680     0114                     	;# 
  1681     0115                     	;# 
  1682     0116                     	;# 
  1683     0117                     	;# 
  1684     0118                     	;# 
  1685     0119                     	;# 
  1686     011A                     	;# 
  1687     011B                     	;# 
  1688     011D                     	;# 
  1689     018C                     	;# 
  1690     018D                     	;# 
  1691     0191                     	;# 
  1692     0191                     	;# 
  1693     0192                     	;# 
  1694     0193                     	;# 
  1695     0193                     	;# 
  1696     0193                     	;# 
  1697     0194                     	;# 
  1698     0195                     	;# 
  1699     0196                     	;# 
  1700     0199                     	;# 
  1701     019A                     	;# 
  1702     019B                     	;# 
  1703     019B                     	;# 
  1704     019B                     	;# 
  1705     019B                     	;# 
  1706     019C                     	;# 
  1707     019C                     	;# 
  1708     019D                     	;# 
  1709     019E                     	;# 
  1710     019F                     	;# 
  1711     020D                     	;# 
  1712     0210                     	;# 
  1713     0211                     	;# 
  1714     0212                     	;# 
  1715     0213                     	;# 
  1716     0214                     	;# 
  1717     0215                     	;# 
  1718     0215                     	;# 
  1719     0216                     	;# 
  1720     0217                     	;# 
  1721     0291                     	;# 
  1722     0291                     	;# 
  1723     0292                     	;# 
  1724     0293                     	;# 
  1725     0294                     	;# 
  1726     0295                     	;# 
  1727     0295                     	;# 
  1728     0296                     	;# 
  1729     0298                     	;# 
  1730     0298                     	;# 
  1731     0299                     	;# 
  1732     029A                     	;# 
  1733     029B                     	;# 
  1734     029C                     	;# 
  1735     029C                     	;# 
  1736     029D                     	;# 
  1737     029E                     	;# 
  1738     029F                     	;# 
  1739     0311                     	;# 
  1740     0311                     	;# 
  1741     0312                     	;# 
  1742     0313                     	;# 
  1743     0314                     	;# 
  1744     0315                     	;# 
  1745     0315                     	;# 
  1746     0316                     	;# 
  1747     0318                     	;# 
  1748     0318                     	;# 
  1749     0319                     	;# 
  1750     031A                     	;# 
  1751     031C                     	;# 
  1752     031C                     	;# 
  1753     031D                     	;# 
  1754     031E                     	;# 
  1755     0394                     	;# 
  1756     0395                     	;# 
  1757     0396                     	;# 
  1758     0415                     	;# 
  1759     0416                     	;# 
  1760     0417                     	;# 
  1761     041C                     	;# 
  1762     041D                     	;# 
  1763     041E                     	;# 
  1764     0791                     	;# 
  1765     0792                     	;# 
  1766     0793                     	;# 
  1767     0794                     	;# 
  1768     0795                     	;# 
  1769     0798                     	;# 
  1770     0799                     	;# 
  1771     07A0                     	;# 
  1772     07A1                     	;# 
  1773     07A3                     	;# 
  1774     07A4                     	;# 
  1775     07A6                     	;# 
  1776     07A7                     	;# 
  1777     07A9                     	;# 
  1778     07AA                     	;# 
  1779     0FE4                     	;# 
  1780     0FE5                     	;# 
  1781     0FE6                     	;# 
  1782     0FE7                     	;# 
  1783     0FE8                     	;# 
  1784     0FE9                     	;# 
  1785     0FEA                     	;# 
  1786     0FEB                     	;# 
  1787     0FED                     	;# 
  1788     0FEE                     	;# 
  1789     0FEF                     	;# 
  1790     0000                     	;# 
  1791     0001                     	;# 
  1792     0002                     	;# 
  1793     0003                     	;# 
  1794     0004                     	;# 
  1795     0005                     	;# 
  1796     0006                     	;# 
  1797     0007                     	;# 
  1798     0008                     	;# 
  1799     0009                     	;# 
  1800     000A                     	;# 
  1801     000B                     	;# 
  1802     000C                     	;# 
  1803     000D                     	;# 
  1804     000E                     	;# 
  1805     0010                     	;# 
  1806     0011                     	;# 
  1807     0012                     	;# 
  1808     0013                     	;# 
  1809     0015                     	;# 
  1810     0016                     	;# 
  1811     0016                     	;# 
  1812     0017                     	;# 
  1813     0018                     	;# 
  1814     0019                     	;# 
  1815     001A                     	;# 
  1816     001B                     	;# 
  1817     001C                     	;# 
  1818     001E                     	;# 
  1819     001F                     	;# 
  1820     008C                     	;# 
  1821     008D                     	;# 
  1822     008E                     	;# 
  1823     0090                     	;# 
  1824     0091                     	;# 
  1825     0092                     	;# 
  1826     0093                     	;# 
  1827     0095                     	;# 
  1828     0096                     	;# 
  1829     0097                     	;# 
  1830     0098                     	;# 
  1831     0099                     	;# 
  1832     009A                     	;# 
  1833     009B                     	;# 
  1834     009B                     	;# 
  1835     009C                     	;# 
  1836     009D                     	;# 
  1837     009E                     	;# 
  1838     010C                     	;# 
  1839     010D                     	;# 
  1840     010E                     	;# 
  1841     0110                     	;# 
  1842     0111                     	;# 
  1843     0112                     	;# 
  1844     0113                     	;# 
  1845     0114                     	;# 
  1846     0115                     	;# 
  1847     0116                     	;# 
  1848     0117                     	;# 
  1849     0118                     	;# 
  1850     0119                     	;# 
  1851     011A                     	;# 
  1852     011B                     	;# 
  1853     011D                     	;# 
  1854     018C                     	;# 
  1855     018D                     	;# 
  1856     0191                     	;# 
  1857     0191                     	;# 
  1858     0192                     	;# 
  1859     0193                     	;# 
  1860     0193                     	;# 
  1861     0193                     	;# 
  1862     0194                     	;# 
  1863     0195                     	;# 
  1864     0196                     	;# 
  1865     0199                     	;# 
  1866     019A                     	;# 
  1867     019B                     	;# 
  1868     019B                     	;# 
  1869     019B                     	;# 
  1870     019B                     	;# 
  1871     019C                     	;# 
  1872     019C                     	;# 
  1873     019D                     	;# 
  1874     019E                     	;# 
  1875     019F                     	;# 
  1876     020D                     	;# 
  1877     0210                     	;# 
  1878     0211                     	;# 
  1879     0212                     	;# 
  1880     0213                     	;# 
  1881     0214                     	;# 
  1882     0215                     	;# 
  1883     0215                     	;# 
  1884     0216                     	;# 
  1885     0217                     	;# 
  1886     0291                     	;# 
  1887     0291                     	;# 
  1888     0292                     	;# 
  1889     0293                     	;# 
  1890     0294                     	;# 
  1891     0295                     	;# 
  1892     0295                     	;# 
  1893     0296                     	;# 
  1894     0298                     	;# 
  1895     0298                     	;# 
  1896     0299                     	;# 
  1897     029A                     	;# 
  1898     029B                     	;# 
  1899     029C                     	;# 
  1900     029C                     	;# 
  1901     029D                     	;# 
  1902     029E                     	;# 
  1903     029F                     	;# 
  1904     0311                     	;# 
  1905     0311                     	;# 
  1906     0312                     	;# 
  1907     0313                     	;# 
  1908     0314                     	;# 
  1909     0315                     	;# 
  1910     0315                     	;# 
  1911     0316                     	;# 
  1912     0318                     	;# 
  1913     0318                     	;# 
  1914     0319                     	;# 
  1915     031A                     	;# 
  1916     031C                     	;# 
  1917     031C                     	;# 
  1918     031D                     	;# 
  1919     031E                     	;# 
  1920     0394                     	;# 
  1921     0395                     	;# 
  1922     0396                     	;# 
  1923     0415                     	;# 
  1924     0416                     	;# 
  1925     0417                     	;# 
  1926     041C                     	;# 
  1927     041D                     	;# 
  1928     041E                     	;# 
  1929     0791                     	;# 
  1930     0792                     	;# 
  1931     0793                     	;# 
  1932     0794                     	;# 
  1933     0795                     	;# 
  1934     0798                     	;# 
  1935     0799                     	;# 
  1936     07A0                     	;# 
  1937     07A1                     	;# 
  1938     07A3                     	;# 
  1939     07A4                     	;# 
  1940     07A6                     	;# 
  1941     07A7                     	;# 
  1942     07A9                     	;# 
  1943     07AA                     	;# 
  1944     0FE4                     	;# 
  1945     0FE5                     	;# 
  1946     0FE6                     	;# 
  1947     0FE7                     	;# 
  1948     0FE8                     	;# 
  1949     0FE9                     	;# 
  1950     0FEA                     	;# 
  1951     0FEB                     	;# 
  1952     0FED                     	;# 
  1953     0FEE                     	;# 
  1954     0FEF                     	;# 
  1955                           
  1956                           	psect	idataCOMMON
  1957     07E7                     __pidataCOMMON:
  1958                           
  1959                           ;initializer for _SetTimer1_digi1
  1960     07E7  3401               	retlw	1
  1961                           
  1962                           	psect	idataBANK0
  1963     0737                     __pidataBANK0:
  1964                           
  1965                           ;initializer for LCD_SetCursor@F3264
  1966     0737  3400               	retlw	0
  1967     0738  3440               	retlw	64
  1968     0739  3414               	retlw	20
  1969     073A  3454               	retlw	84
  1970                           
  1971                           ;initializer for _SetTimer2_cnt
  1972     073B  3464               	retlw	100
  1973     073C  3400               	retlw	0
  1974                           
  1975                           ;initializer for _SetTimer1_cnt
  1976     073D  3464               	retlw	100
  1977     073E  3400               	retlw	0
  1978                           
  1979                           ;initializer for _SetTimer2_digi1
  1980     073F  3401               	retlw	1
  1981                           
  1982                           	psect	idataBANK1
  1983     0680                     __pidataBANK1:
  1984                           
  1985                           ;initializer for _ModeStr
  1986     0680  3455               	retlw	85
  1987     0681  346E               	retlw	110
  1988     0682  3469               	retlw	105
  1989     0683  3474               	retlw	116
  1990     0684  343A               	retlw	58
  1991     0685  3431               	retlw	49
  1992     0686  342E               	retlw	46
  1993     0687  3430               	retlw	48
  1994     0688  3430               	retlw	48
  1995     0689  3420               	retlw	32
  1996     068A  3453               	retlw	83
  1997     068B  3465               	retlw	101
  1998     068C  3463               	retlw	99
  1999     068D  346F               	retlw	111
  2000     068E  346E               	retlw	110
  2001     068F  3464               	retlw	100
  2002     0690  3400               	retlw	0
  2003                           
  2004                           	psect	stringtext1
  2005     03FC                     __pstringtext1:
  2006     03FC                     _i2c_fsmStateTable:
  2007     03FC  34B2               	retlw	low _I2C_DO_IDLE
  2008     03FD  3407               	retlw	high _I2C_DO_IDLE
  2009     03FE  3449               	retlw	low _I2C_DO_SEND_ADR_READ
  2010     03FF  3407               	retlw	high _I2C_DO_SEND_ADR_READ
  2011     0400  3452               	retlw	low _I2C_DO_SEND_ADR_WRITE
  2012     0401  3407               	retlw	high _I2C_DO_SEND_ADR_WRITE
  2013     0402  342F               	retlw	low _I2C_DO_TX
  2014     0403  3401               	retlw	high _I2C_DO_TX
  2015     0404  34A9               	retlw	low _I2C_DO_RX
  2016     0405  3402               	retlw	high _I2C_DO_RX
  2017     0406  345A               	retlw	low _I2C_DO_RCEN
  2018     0407  3407               	retlw	high _I2C_DO_RCEN
  2019     0408  342B               	retlw	low _I2C_DO_TX_EMPTY
  2020     0409  3404               	retlw	high _I2C_DO_TX_EMPTY
  2021     040A  34AD               	retlw	low _I2C_DO_SEND_RESTART_READ
  2022     040B  3407               	retlw	high _I2C_DO_SEND_RESTART_READ
  2023     040C  34A8               	retlw	low _I2C_DO_SEND_RESTART_WRITE
  2024     040D  3407               	retlw	high _I2C_DO_SEND_RESTART_WRITE
  2025     040E  34A3               	retlw	low _I2C_DO_SEND_RESTART
  2026     040F  3407               	retlw	high _I2C_DO_SEND_RESTART
  2027     0410  349E               	retlw	low _I2C_DO_SEND_STOP
  2028     0411  3407               	retlw	high _I2C_DO_SEND_STOP
  2029     0412  3499               	retlw	low _I2C_DO_RX_ACK
  2030     0413  3407               	retlw	high _I2C_DO_RX_ACK
  2031     0414  3494               	retlw	low _I2C_DO_RX_NACK_STOP
  2032     0415  3407               	retlw	high _I2C_DO_RX_NACK_STOP
  2033     0416  348F               	retlw	low _I2C_DO_RX_NACK_RESTART
  2034     0417  3407               	retlw	high _I2C_DO_RX_NACK_RESTART
  2035     0418  348A               	retlw	low _I2C_DO_RESET
  2036     0419  3407               	retlw	high _I2C_DO_RESET
  2037     041A  34AF               	retlw	low _I2C_DO_ADDRESS_NACK
  2038     041B  3404               	retlw	high _I2C_DO_ADDRESS_NACK
  2039     041C                     __end_of_i2c_fsmStateTable:
  2040     0019                     _T1GCONbits	set	25
  2041     0018                     _T1CONbits	set	24
  2042     0018                     _T1CON	set	24
  2043     0016                     _TMR1L	set	22
  2044     0017                     _TMR1H	set	23
  2045     0019                     _T1GCON	set	25
  2046     0015                     _TMR0	set	21
  2047     0011                     _PIR1bits	set	17
  2048     000B                     _INTCONbits	set	11
  2049     0095                     _OPTION_REG	set	149
  2050     0095                     _OPTION_REGbits	set	149
  2051     008E                     _TRISC	set	142
  2052     008D                     _TRISB	set	141
  2053     008C                     _TRISA	set	140
  2054     0090                     _TRISE	set	144
  2055     0097                     _WDTCON	set	151
  2056     0098                     _OSCTUNE	set	152
  2057     0099                     _OSCCON	set	153
  2058     0091                     _PIE1bits	set	145
  2059     04D6                     _PLLR	set	1238
  2060     011D                     _APFCON	set	285
  2061     010E                     _LATC	set	270
  2062     010D                     _LATB	set	269
  2063     010C                     _LATA	set	268
  2064     0110                     _LATE	set	272
  2065     0116                     _BORCON	set	278
  2066     018C                     _ANSELA	set	396
  2067     018D                     _ANSELB	set	397
  2068     020D                     _WPUB	set	525
  2069     0210                     _WPUE	set	528
  2070     0216                     _SSPCON2bits	set	534
  2071     0211                     _SSPBUF	set	529
  2072     0215                     _SSPCON1bits	set	533
  2073     0212                     _SSPADD	set	530
  2074     0216                     _SSPCON2	set	534
  2075     0215                     _SSPCON1	set	533
  2076     0214                     _SSPSTAT	set	532
  2077     041C                     STR_1:
  2078     041C  3454               	retlw	84	;'T'
  2079     041D  3431               	retlw	49	;'1'
  2080     041E  343A               	retlw	58	;':'
  2081     041F  3431               	retlw	49	;'1'
  2082     0420  342E               	retlw	46	;'.'
  2083     0421  3430               	retlw	48	;'0'
  2084     0422  3430               	retlw	48	;'0'
  2085     0423  3420               	retlw	32	;' '
  2086     0424  3453               	retlw	83	;'S'
  2087     0425  3465               	retlw	101	;'e'
  2088     0426  3463               	retlw	99	;'c'
  2089     0427  346F               	retlw	111	;'o'
  2090     0428  346E               	retlw	110	;'n'
  2091     0429  3464               	retlw	100	;'d'
  2092     042A  3400               	retlw	0
  2093                           
  2094                           	psect	stringtext2
  2095     06C4                     __pstringtext2:
  2096     06C4                     STR_2:
  2097     06C4  3454               	retlw	84	;'T'
  2098     06C5  3432               	retlw	50	;'2'
  2099     06C6  343A               	retlw	58	;':'
  2100     06C7  3431               	retlw	49	;'1'
  2101     06C8  342E               	retlw	46	;'.'
  2102     06C9  3430               	retlw	48	;'0'
  2103     06CA  3430               	retlw	48	;'0'
  2104     06CB  3420               	retlw	32	;' '
  2105     06CC  3453               	retlw	83	;'S'
  2106     06CD  3465               	retlw	101	;'e'
  2107     06CE  3463               	retlw	99	;'c'
  2108     06CF  346F               	retlw	111	;'o'
  2109     06D0  346E               	retlw	110	;'n'
  2110     06D1  3464               	retlw	100	;'d'
  2111     06D2  3400               	retlw	0
  2112                           
  2113                           	psect	stringtext3
  2114     0000                     __pstringtext3:
  2115                           
  2116                           	psect	cinit
  2117     0028                     start_initialization:	
  2118                           ; #config settings
  2119                           
  2120     0028                     __initialization:
  2121                           
  2122                           ; Initialize objects allocated to COMMON
  2123     0028  3187  27E7  3180   	fcall	__pidataCOMMON	;fetch initializer
  2124     002B  00FB               	movwf	__pdataCOMMON& (0+127)
  2125                           
  2126                           ; Initialize objects allocated to BANK0
  2127     002C  3037               	movlw	low __pidataBANK0
  2128     002D  0084               	movwf	4
  2129     002E  3087               	movlw	(high __pidataBANK0)| (0+128)
  2130     002F  0085               	movwf	5
  2131     0030  3060               	movlw	low __pdataBANK0
  2132     0031  0086               	movwf	6
  2133     0032  3000               	movlw	high __pdataBANK0
  2134     0033  0087               	movwf	7
  2135     0034  3009               	movlw	9
  2136     0035  3187  2761  3180   	fcall	init_ram
  2137                           
  2138                           ; Initialize objects allocated to BANK1
  2139     0038  3080               	movlw	low __pidataBANK1
  2140     0039  0084               	movwf	4
  2141     003A  3086               	movlw	(high __pidataBANK1)| (0+128)
  2142     003B  0085               	movwf	5
  2143     003C  30D2               	movlw	low __pdataBANK1
  2144     003D  0086               	movwf	6
  2145     003E  3000               	movlw	high __pdataBANK1
  2146     003F  0087               	movwf	7
  2147     0040  3011               	movlw	17
  2148     0041  3187  2761  3180   	fcall	init_ram
  2149                           
  2150                           ; Clear objects allocated to COMMON
  2151     0044  01FA               	clrf	__pbssCOMMON& (0+127)
  2152                           
  2153                           ; Clear objects allocated to BANK0
  2154     0045  3020               	movlw	low __pbssBANK0
  2155     0046  0084               	movwf	4
  2156     0047  3000               	movlw	high __pbssBANK0
  2157     0048  0085               	movwf	5
  2158     0049  302B               	movlw	43
  2159     004A  3187  2767  3180   	fcall	clear_ram0
  2160                           
  2161                           ; Clear objects allocated to BANK1
  2162     004D  30A0               	movlw	low __pbssBANK1
  2163     004E  0084               	movwf	4
  2164     004F  3000               	movlw	high __pbssBANK1
  2165     0050  0085               	movwf	5
  2166     0051  3032               	movlw	50
  2167     0052  3187  2767  3180   	fcall	clear_ram0
  2168                           
  2169                           ; Clear objects allocated to BANK2
  2170     0055  3020               	movlw	low __pbssBANK2
  2171     0056  0084               	movwf	4
  2172     0057  3001               	movlw	high __pbssBANK2
  2173     0058  0085               	movwf	5
  2174     0059  304C               	movlw	76
  2175     005A  3187  2767  3180   	fcall	clear_ram0
  2176     005D                     end_of_initialization:	
  2177                           ;End of C runtime variable initialization code
  2178                           
  2179     005D                     __end_of__initialization:
  2180     005D  107E               	bcf	int$flags,0	;clear compiler interrupt flag (level 1)
  2181     005E  0020               	movlb	0
  2182     005F  3182  2A63         	ljmp	_main	;jump to C main() function
  2183                           
  2184                           	psect	bssCOMMON
  2185     007A                     __pbssCOMMON:
  2186     007A                     _timer0ReloadVal:
  2187     007A                     	ds	1
  2188                           
  2189                           	psect	dataCOMMON
  2190     007B                     __pdataCOMMON:
  2191     007B                     _SetTimer1_digi1:
  2192     007B                     	ds	1
  2193                           
  2194                           	psect	bssBANK0
  2195     0020                     __pbssBANK0:
  2196     0020                     _key_level:
  2197     0020                     	ds	4
  2198     0024                     _width:
  2199     0024                     	ds	2
  2200     0026                     _prec:
  2201     0026                     	ds	2
  2202     0028                     _TMR1_InterruptHandler:
  2203     0028                     	ds	2
  2204     002A                     _timer1ReloadVal:
  2205     002A                     	ds	2
  2206     002C                     TMR0_ISR@CountCallBack:
  2207     002C                     	ds	2
  2208     002E                     _TMR0_InterruptHandler:
  2209     002E                     	ds	2
  2210     0030                     _x100T_cnt:
  2211     0030                     	ds	2
  2212     0032                     _x10T_cnt:
  2213     0032                     	ds	2
  2214     0034                     _x1T_cnt:
  2215     0034                     	ds	2
  2216     0036                     _T1_1000ms_cnt:
  2217     0036                     	ds	2
  2218     0038                     _T1_100ms_cnt:
  2219     0038                     	ds	2
  2220     003A                     _T1_10ms_cnt:
  2221     003A                     	ds	2
  2222     003C                     _ShortKey_cnt:
  2223     003C                     	ds	2
  2224     003E                     _flags:
  2225     003E                     	ds	1
  2226     003F                     _fT1_1second:
  2227     003F                     	ds	1
  2228     0040                     _fT1_100ms:
  2229     0040                     	ds	1
  2230     0041                     _fT1_10ms:
  2231     0041                     	ds	1
  2232     0042                     _T0_1second_cnt:
  2233     0042                     	ds	1
  2234     0043                     _fT0_1second:
  2235     0043                     	ds	1
  2236     0044                     _fT0_fT10ms:
  2237     0044                     	ds	1
  2238     0045                     _T0_10ms_cnt:
  2239     0045                     	ds	1
  2240     0046                     _SetTimer2_digi3:
  2241     0046                     	ds	1
  2242     0047                     _SetTimer2_digi2:
  2243     0047                     	ds	1
  2244     0048                     _SetTimer1_digi3:
  2245     0048                     	ds	1
  2246     0049                     _SetTimer1_digi2:
  2247     0049                     	ds	1
  2248     004A                     _RelayMode:
  2249     004A                     	ds	1
  2250                           
  2251                           	psect	dataBANK0
  2252     0060                     __pdataBANK0:
  2253     0060                     LCD_SetCursor@F3264:
  2254     0060                     	ds	4
  2255     0064                     _SetTimer2_cnt:
  2256     0064                     	ds	2
  2257     0066                     _SetTimer1_cnt:
  2258     0066                     	ds	2
  2259     0068                     _SetTimer2_digi1:
  2260     0068                     	ds	1
  2261                           
  2262                           	psect	bssBANK1
  2263     00A0                     __pbssBANK1:
  2264     00A0                     _I2C_Status:
  2265     00A0                     	ds	29
  2266     00BD                     _LongKey_cnt:
  2267     00BD                     	ds	4
  2268     00C1                     _buf:
  2269     00C1                     	ds	17
  2270                           
  2271                           	psect	dataBANK1
  2272     00D2                     __pdataBANK1:
  2273     00D2                     _ModeStr:
  2274     00D2                     	ds	17
  2275                           
  2276                           	psect	bssBANK2
  2277     0120                     __pbssBANK2:
  2278     0120                     _dbuf:
  2279     0120                     	ds	32
  2280     0140                     _key:
  2281     0140                     	ds	44
  2282                           
  2283                           	psect	inittext
  2284     0761                     init_ram:
  2285     0761  00FE               	movwf	btemp
  2286     0762                     initloop:
  2287     0762  0012               	moviw fsr0++
  2288     0763  001E               	movwi fsr1++
  2289     0764  0BFE               	decfsz	btemp,f
  2290     0765  2F62               	goto	initloop
  2291     0766  3400               	retlw	0
  2292                           
  2293                           	psect	clrtext
  2294     0767                     clear_ram0:	
  2295                           ;	Called with FSR0 containing the base address, and
  2296                           ;	WREG with the size to clear
  2297                           
  2298     0767  0064               	clrwdt	;clear the watchdog before getting into this loop
  2299     0768                     clrloop0:
  2300     0768  0180               	clrf	0	;clear RAM location pointed to by FSR
  2301     0769  3101               	addfsr 0,1
  2302     076A  0B89               	decfsz	9,f	;Have we reached the end of clearing yet?
  2303     076B  2F68               	goto	clrloop0	;have we reached the end yet?
  2304     076C  3400               	retlw	0	;all done for this memory range, return
  2305                           
  2306                           	psect	cstackBANK1
  2307     00E3                     __pcstackBANK1:
  2308     00E3                     sprintf@ap:
  2309                           
  2310                           ; 1 bytes @ 0x0
  2311     00E3                     	ds	1
  2312     00E4                     sprintf@s:
  2313                           
  2314                           ; 1 bytes @ 0x1
  2315     00E4                     	ds	1
  2316     00E5                     sprintf@f:
  2317                           
  2318                           ; 11 bytes @ 0x2
  2319     00E5                     	ds	11
  2320                           
  2321                           	psect	cstackCOMMON
  2322     0070                     __pcstackCOMMON:
  2323     0070                     ?_SYSTEM_Initialize:
  2324     0070                     ?_I2C_Open:	
  2325                           ; 1 bytes @ 0x0
  2326                           
  2327     0070                     ?_I2C_MasterWrite:	
  2328                           ; 1 bytes @ 0x0
  2329                           
  2330     0070                     ?_I2C_Close:	
  2331                           ; 1 bytes @ 0x0
  2332                           
  2333     0070                     ?_I2C_DO_IDLE:	
  2334                           ; 1 bytes @ 0x0
  2335                           
  2336     0070                     ?_I2C_DO_SEND_ADR_READ:	
  2337                           ; 1 bytes @ 0x0
  2338                           
  2339     0070                     ?_I2C_DO_SEND_ADR_WRITE:	
  2340                           ; 1 bytes @ 0x0
  2341                           
  2342     0070                     ?_I2C_DO_TX:	
  2343                           ; 1 bytes @ 0x0
  2344                           
  2345     0070                     ?_I2C_DO_RX:	
  2346                           ; 1 bytes @ 0x0
  2347                           
  2348     0070                     ?_I2C_DO_RCEN:	
  2349                           ; 1 bytes @ 0x0
  2350                           
  2351     0070                     ?_I2C_DO_TX_EMPTY:	
  2352                           ; 1 bytes @ 0x0
  2353                           
  2354     0070                     ?_I2C_DO_SEND_RESTART_READ:	
  2355                           ; 1 bytes @ 0x0
  2356                           
  2357     0070                     ?_I2C_DO_SEND_RESTART_WRITE:	
  2358                           ; 1 bytes @ 0x0
  2359                           
  2360     0070                     ?_I2C_DO_SEND_RESTART:	
  2361                           ; 1 bytes @ 0x0
  2362                           
  2363     0070                     ?_I2C_DO_SEND_STOP:	
  2364                           ; 1 bytes @ 0x0
  2365                           
  2366     0070                     ?_I2C_DO_RX_ACK:	
  2367                           ; 1 bytes @ 0x0
  2368                           
  2369     0070                     ?_I2C_DO_RX_NACK_STOP:	
  2370                           ; 1 bytes @ 0x0
  2371                           
  2372     0070                     ?_I2C_DO_RX_NACK_RESTART:	
  2373                           ; 1 bytes @ 0x0
  2374                           
  2375     0070                     ?_I2C_DO_RESET:	
  2376                           ; 1 bytes @ 0x0
  2377                           
  2378     0070                     ?_I2C_DO_ADDRESS_NACK:	
  2379                           ; 1 bytes @ 0x0
  2380                           
  2381     0070                     ?_I2C_MasterClearIrq:	
  2382                           ; 1 bytes @ 0x0
  2383                           
  2384     0070                     ?_I2C_MasterOpen:	
  2385                           ; 1 bytes @ 0x0
  2386                           
  2387     0070                     ?_I2C_MasterDisableIrq:	
  2388                           ; 1 bytes @ 0x0
  2389                           
  2390     0070                     ?_I2C_MasterClose:	
  2391                           ; 1 bytes @ 0x0
  2392                           
  2393     0070                     ?_I2C_MasterStart:	
  2394                           ; 1 bytes @ 0x0
  2395                           
  2396     0070                     ?_I2C_Poller:	
  2397                           ; 1 bytes @ 0x0
  2398                           
  2399     0070                     ?_I2C_MasterWaitForEvent:	
  2400                           ; 1 bytes @ 0x0
  2401                           
  2402     0070                     ?_I2C_MasterFsm:	
  2403                           ; 1 bytes @ 0x0
  2404                           
  2405     0070                     ?_I2C_MasterIsNack:	
  2406                           ; 1 bytes @ 0x0
  2407                           
  2408     0070                     ?_I2C_MasterSendTxData:	
  2409                           ; 1 bytes @ 0x0
  2410                           
  2411     0070                     ?_I2C_MasterGetRxData:	
  2412                           ; 1 bytes @ 0x0
  2413                           
  2414     0070                     ?_I2C_MasterSendAck:	
  2415                           ; 1 bytes @ 0x0
  2416                           
  2417     0070                     ?_I2C_MasterStartRx:	
  2418                           ; 1 bytes @ 0x0
  2419                           
  2420     0070                     ?_I2C_MasterSetIrq:	
  2421                           ; 1 bytes @ 0x0
  2422                           
  2423     0070                     ?_I2C_MasterEnableRestart:	
  2424                           ; 1 bytes @ 0x0
  2425                           
  2426     0070                     ?_I2C_MasterStop:	
  2427                           ; 1 bytes @ 0x0
  2428                           
  2429     0070                     ?_I2C_MasterSendNack:	
  2430                           ; 1 bytes @ 0x0
  2431                           
  2432     0070                     ?_TMR0_ISR:	
  2433                           ; 1 bytes @ 0x0
  2434                           
  2435     0070                     ?_TMR1_ISR:	
  2436                           ; 1 bytes @ 0x0
  2437                           
  2438     0070                     ?_PIN_MANAGER_Initialize:	
  2439                           ; 1 bytes @ 0x0
  2440                           
  2441     0070                     ?_OSCILLATOR_Initialize:	
  2442                           ; 1 bytes @ 0x0
  2443                           
  2444     0070                     ?_WDT_Initialize:	
  2445                           ; 1 bytes @ 0x0
  2446                           
  2447     0070                     ?_TMR1_Initialize:	
  2448                           ; 1 bytes @ 0x0
  2449                           
  2450     0070                     ?_TMR0_Initialize:	
  2451                           ; 1 bytes @ 0x0
  2452                           
  2453     0070                     ?_TMR0_CallBack:	
  2454                           ; 1 bytes @ 0x0
  2455                           
  2456     0070                     ?_putch:	
  2457                           ; 1 bytes @ 0x0
  2458                           
  2459     0070                     ?_KEY_Init:	
  2460                           ; 1 bytes @ 0x0
  2461                           
  2462     0070                     ?_RelayControl_Init:	
  2463                           ; 1 bytes @ 0x0
  2464                           
  2465     0070                     ?_TMR0_10msEven:	
  2466                           ; 1 bytes @ 0x0
  2467                           
  2468     0070                     ??_TMR0_10msEven:	
  2469                           ; 1 bytes @ 0x0
  2470                           
  2471     0070                     ?_TMR1_10msEven:	
  2472                           ; 1 bytes @ 0x0
  2473                           
  2474     0070                     ??_TMR1_10msEven:	
  2475                           ; 1 bytes @ 0x0
  2476                           
  2477     0070                     ?_LCD_Command:	
  2478                           ; 1 bytes @ 0x0
  2479                           
  2480     0070                     ?_LCD_Data:	
  2481                           ; 1 bytes @ 0x0
  2482                           
  2483     0070                     ?_LCD_Init:	
  2484                           ; 1 bytes @ 0x0
  2485                           
  2486     0070                     ?_LCD_Print:	
  2487                           ; 1 bytes @ 0x0
  2488                           
  2489     0070                     ?_I2C_Initialize:	
  2490                           ; 1 bytes @ 0x0
  2491                           
  2492     0070                     ?_I2C_MasterOperation:	
  2493                           ; 1 bytes @ 0x0
  2494                           
  2495     0070                     ?_INTERRUPT_InterruptManager:	
  2496                           ; 1 bytes @ 0x0
  2497                           
  2498     0070                     ?_TMR1_WriteTimer:	
  2499                           ; 1 bytes @ 0x0
  2500                           
  2501     0070                     ?_main:	
  2502                           ; 1 bytes @ 0x0
  2503                           
  2504     0070                     putch@c:	
  2505                           ; 2 bytes @ 0x0
  2506                           
  2507     0070                     TMR1_WriteTimer@timerVal:	
  2508                           ; 1 bytes @ 0x0
  2509                           
  2510                           
  2511                           ; 2 bytes @ 0x0
  2512     0070                     	ds	1
  2513     0071                     ??_TMR0_ISR:
  2514     0071                     ??_TMR0_CallBack:	
  2515                           ; 1 bytes @ 0x1
  2516                           
  2517                           
  2518                           ; 1 bytes @ 0x1
  2519     0071                     	ds	1
  2520     0072                     ??_SYSTEM_Initialize:
  2521     0072                     ?_TMR0_SetInterruptHandler:	
  2522                           ; 1 bytes @ 0x2
  2523                           
  2524     0072                     ?_TMR1_SetInterruptHandler:	
  2525                           ; 1 bytes @ 0x2
  2526                           
  2527     0072                     ??_I2C_Open:	
  2528                           ; 1 bytes @ 0x2
  2529                           
  2530     0072                     ?_I2C_SetBuffer:	
  2531                           ; 1 bytes @ 0x2
  2532                           
  2533     0072                     ??_I2C_Close:	
  2534                           ; 1 bytes @ 0x2
  2535                           
  2536     0072                     ??_I2C_DO_IDLE:	
  2537                           ; 1 bytes @ 0x2
  2538                           
  2539     0072                     ??_I2C_DO_SEND_ADR_READ:	
  2540                           ; 1 bytes @ 0x2
  2541                           
  2542     0072                     ??_I2C_DO_RCEN:	
  2543                           ; 1 bytes @ 0x2
  2544                           
  2545     0072                     ??_I2C_DO_SEND_RESTART_READ:	
  2546                           ; 1 bytes @ 0x2
  2547                           
  2548     0072                     ??_I2C_DO_SEND_RESTART_WRITE:	
  2549                           ; 1 bytes @ 0x2
  2550                           
  2551     0072                     ??_I2C_DO_SEND_RESTART:	
  2552                           ; 1 bytes @ 0x2
  2553                           
  2554     0072                     ??_I2C_DO_SEND_STOP:	
  2555                           ; 1 bytes @ 0x2
  2556                           
  2557     0072                     ??_I2C_DO_RX_ACK:	
  2558                           ; 1 bytes @ 0x2
  2559                           
  2560     0072                     ??_I2C_DO_RX_NACK_STOP:	
  2561                           ; 1 bytes @ 0x2
  2562                           
  2563     0072                     ??_I2C_DO_RX_NACK_RESTART:	
  2564                           ; 1 bytes @ 0x2
  2565                           
  2566     0072                     ??_I2C_DO_RESET:	
  2567                           ; 1 bytes @ 0x2
  2568                           
  2569     0072                     ??_I2C_MasterClearIrq:	
  2570                           ; 1 bytes @ 0x2
  2571                           
  2572     0072                     ??_I2C_MasterOpen:	
  2573                           ; 1 bytes @ 0x2
  2574                           
  2575     0072                     ??_I2C_MasterDisableIrq:	
  2576                           ; 1 bytes @ 0x2
  2577                           
  2578     0072                     ??_I2C_MasterClose:	
  2579                           ; 1 bytes @ 0x2
  2580                           
  2581     0072                     ??_I2C_MasterStart:	
  2582                           ; 1 bytes @ 0x2
  2583                           
  2584     0072                     ?_I2C_SetCallback:	
  2585                           ; 1 bytes @ 0x2
  2586                           
  2587     0072                     ??_I2C_MasterWaitForEvent:	
  2588                           ; 1 bytes @ 0x2
  2589                           
  2590     0072                     ??_I2C_MasterIsNack:	
  2591                           ; 1 bytes @ 0x2
  2592                           
  2593     0072                     ??_I2C_MasterSendTxData:	
  2594                           ; 1 bytes @ 0x2
  2595                           
  2596     0072                     ??_I2C_MasterGetRxData:	
  2597                           ; 1 bytes @ 0x2
  2598                           
  2599     0072                     ??_I2C_MasterSendAck:	
  2600                           ; 1 bytes @ 0x2
  2601                           
  2602     0072                     ??_I2C_MasterStartRx:	
  2603                           ; 1 bytes @ 0x2
  2604                           
  2605     0072                     ??_I2C_MasterSetIrq:	
  2606                           ; 1 bytes @ 0x2
  2607                           
  2608     0072                     ??_I2C_MasterEnableRestart:	
  2609                           ; 1 bytes @ 0x2
  2610                           
  2611     0072                     ??_I2C_MasterStop:	
  2612                           ; 1 bytes @ 0x2
  2613                           
  2614     0072                     ??_I2C_MasterSendNack:	
  2615                           ; 1 bytes @ 0x2
  2616                           
  2617     0072                     ??_TMR1_ISR:	
  2618                           ; 1 bytes @ 0x2
  2619                           
  2620     0072                     ??_PIN_MANAGER_Initialize:	
  2621                           ; 1 bytes @ 0x2
  2622                           
  2623     0072                     ??_OSCILLATOR_Initialize:	
  2624                           ; 1 bytes @ 0x2
  2625                           
  2626     0072                     ??_WDT_Initialize:	
  2627                           ; 1 bytes @ 0x2
  2628                           
  2629     0072                     ??_TMR1_Initialize:	
  2630                           ; 1 bytes @ 0x2
  2631                           
  2632     0072                     ??_TMR0_Initialize:	
  2633                           ; 1 bytes @ 0x2
  2634                           
  2635     0072                     ??_putch:	
  2636                           ; 1 bytes @ 0x2
  2637                           
  2638     0072                     ??_I2C_Initialize:	
  2639                           ; 1 bytes @ 0x2
  2640                           
  2641     0072                     ??_INTERRUPT_InterruptManager:	
  2642                           ; 1 bytes @ 0x2
  2643                           
  2644     0072                     ??_TMR1_WriteTimer:	
  2645                           ; 1 bytes @ 0x2
  2646                           
  2647     0072                     ?___bmul:	
  2648                           ; 1 bytes @ 0x2
  2649                           
  2650     0072                     ?_fputc:	
  2651                           ; 1 bytes @ 0x2
  2652                           
  2653     0072                     ?___wmul:	
  2654                           ; 2 bytes @ 0x2
  2655                           
  2656     0072                     ?___lwdiv:	
  2657                           ; 2 bytes @ 0x2
  2658                           
  2659     0072                     ?___lwmod:	
  2660                           ; 2 bytes @ 0x2
  2661                           
  2662     0072                     I2C_Open@address:	
  2663                           ; 2 bytes @ 0x2
  2664                           
  2665     0072                     I2C_Close@returnValue:	
  2666                           ; 1 bytes @ 0x2
  2667                           
  2668     0072                     I2C_MasterSendTxData@data:	
  2669                           ; 1 bytes @ 0x2
  2670                           
  2671     0072                     ___bmul@multiplicand:	
  2672                           ; 1 bytes @ 0x2
  2673                           
  2674     0072                     I2C_SetBuffer@bufferSize:	
  2675                           ; 1 bytes @ 0x2
  2676                           
  2677     0072                     I2C_SetCallback@cb:	
  2678                           ; 2 bytes @ 0x2
  2679                           
  2680     0072                     TMR0_SetInterruptHandler@InterruptHandler:	
  2681                           ; 2 bytes @ 0x2
  2682                           
  2683     0072                     TMR1_SetInterruptHandler@InterruptHandler:	
  2684                           ; 2 bytes @ 0x2
  2685                           
  2686     0072                     ___wmul@multiplier:	
  2687                           ; 2 bytes @ 0x2
  2688                           
  2689     0072                     ___lwdiv@divisor:	
  2690                           ; 2 bytes @ 0x2
  2691                           
  2692     0072                     ___lwmod@divisor:	
  2693                           ; 2 bytes @ 0x2
  2694                           
  2695     0072                     fputc@c:	
  2696                           ; 2 bytes @ 0x2
  2697                           
  2698                           
  2699                           ; 2 bytes @ 0x2
  2700     0072                     	ds	1
  2701     0073                     ??_I2C_DO_SEND_ADR_WRITE:
  2702     0073                     ??___bmul:	
  2703                           ; 1 bytes @ 0x3
  2704                           
  2705     0073                     I2C_Open@returnValue:	
  2706                           ; 1 bytes @ 0x3
  2707                           
  2708                           
  2709                           ; 1 bytes @ 0x3
  2710     0073                     	ds	1
  2711     0074                     ??_TMR0_SetInterruptHandler:
  2712     0074                     ??_TMR1_SetInterruptHandler:	
  2713                           ; 1 bytes @ 0x4
  2714                           
  2715     0074                     ??_I2C_SetBuffer:	
  2716                           ; 1 bytes @ 0x4
  2717                           
  2718     0074                     I2C_SetBuffer@buffer:	
  2719                           ; 1 bytes @ 0x4
  2720                           
  2721     0074                     I2C_SetCallback@ptr:	
  2722                           ; 1 bytes @ 0x4
  2723                           
  2724     0074                     ___bmul@product:	
  2725                           ; 1 bytes @ 0x4
  2726                           
  2727     0074                     fputc@fp:	
  2728                           ; 1 bytes @ 0x4
  2729                           
  2730     0074                     ___wmul@multiplicand:	
  2731                           ; 1 bytes @ 0x4
  2732                           
  2733     0074                     ___lwdiv@dividend:	
  2734                           ; 2 bytes @ 0x4
  2735                           
  2736     0074                     ___lwmod@dividend:	
  2737                           ; 2 bytes @ 0x4
  2738                           
  2739                           
  2740                           ; 2 bytes @ 0x4
  2741     0074                     	ds	1
  2742     0075                     ??_I2C_SetCallback:
  2743     0075                     ??_fputc:	
  2744                           ; 1 bytes @ 0x5
  2745                           
  2746     0075                     I2C_SetCallback@idx:	
  2747                           ; 1 bytes @ 0x5
  2748                           
  2749     0075                     ___bmul@multiplier:	
  2750                           ; 1 bytes @ 0x5
  2751                           
  2752                           
  2753                           ; 1 bytes @ 0x5
  2754     0075                     	ds	1
  2755     0076                     ?_I2C_SetDataCompleteCallback:
  2756     0076                     ?_I2C_SetAddressNackCallback:	
  2757                           ; 1 bytes @ 0x6
  2758                           
  2759     0076                     ??_KEY_Init:	
  2760                           ; 1 bytes @ 0x6
  2761                           
  2762     0076                     ??___wmul:	
  2763                           ; 1 bytes @ 0x6
  2764                           
  2765     0076                     ??___lwdiv:	
  2766                           ; 1 bytes @ 0x6
  2767                           
  2768     0076                     ??___lwmod:	
  2769                           ; 1 bytes @ 0x6
  2770                           
  2771     0076                     I2C_SetDataCompleteCallback@cb:	
  2772                           ; 1 bytes @ 0x6
  2773                           
  2774     0076                     I2C_SetAddressNackCallback@cb:	
  2775                           ; 2 bytes @ 0x6
  2776                           
  2777     0076                     ___wmul@product:	
  2778                           ; 2 bytes @ 0x6
  2779                           
  2780                           
  2781                           ; 2 bytes @ 0x6
  2782     0076                     	ds	1
  2783     0077                     KEY_Init@i:
  2784     0077                     ___lwdiv@counter:	
  2785                           ; 1 bytes @ 0x7
  2786                           
  2787     0077                     ___lwmod@counter:	
  2788                           ; 1 bytes @ 0x7
  2789                           
  2790                           
  2791                           ; 1 bytes @ 0x7
  2792     0077                     	ds	1
  2793     0078                     I2C_SetDataCompleteCallback@ptr:
  2794     0078                     I2C_SetAddressNackCallback@ptr:	
  2795                           ; 1 bytes @ 0x8
  2796                           
  2797     0078                     ___lwdiv@quotient:	
  2798                           ; 2 bytes @ 0x8
  2799                           
  2800                           
  2801                           ; 2 bytes @ 0x8
  2802     0078                     	ds	1
  2803     0079                     ??_I2C_SetDataCompleteCallback:
  2804     0079                     ?_wr1RegCompleteHandler:	
  2805                           ; 1 bytes @ 0x9
  2806                           
  2807     0079                     ?_I2C_CallbackReturnStop:	
  2808                           ; 1 bytes @ 0x9
  2809                           
  2810     0079                     ?_I2C_CallbackReturnReset:	
  2811                           ; 1 bytes @ 0x9
  2812                           
  2813     0079                     wr1RegCompleteHandler@ptr:	
  2814                           ; 1 bytes @ 0x9
  2815                           
  2816     0079                     I2C_CallbackReturnStop@funPtr:	
  2817                           ; 1 bytes @ 0x9
  2818                           
  2819     0079                     I2C_CallbackReturnReset@funPtr:	
  2820                           ; 1 bytes @ 0x9
  2821                           
  2822                           
  2823                           ; 1 bytes @ 0x9
  2824     0079                     	ds	1
  2825     007A                     ??_I2C_Write1ByteRegister:
  2826     007A                     ??_wr1RegCompleteHandler:	
  2827                           ; 1 bytes @ 0xA
  2828                           
  2829     007A                     ??_I2C_SetAddressNackCallback:	
  2830                           ; 1 bytes @ 0xA
  2831                           
  2832     007A                     ??_I2C_MasterWrite:	
  2833                           ; 1 bytes @ 0xA
  2834                           
  2835     007A                     ??_I2C_CallbackReturnStop:	
  2836                           ; 1 bytes @ 0xA
  2837                           
  2838     007A                     ??_I2C_CallbackReturnReset:	
  2839                           ; 1 bytes @ 0xA
  2840                           
  2841     007A                     ??_I2C_Poller:	
  2842                           ; 1 bytes @ 0xA
  2843                           
  2844     007A                     ??_RelayControl_Init:	
  2845                           ; 1 bytes @ 0xA
  2846                           
  2847     007A                     ??_LCD_SetCursor:	
  2848                           ; 1 bytes @ 0xA
  2849                           
  2850     007A                     ??_main:	
  2851                           ; 1 bytes @ 0xA
  2852                           
  2853     007A                     ??_I2C_MasterOperation:	
  2854                           ; 1 bytes @ 0xA
  2855                           
  2856                           
  2857                           	psect	cstackBANK0
  2858     004B                     __pcstackBANK0:	
  2859                           ; 1 bytes @ 0xA
  2860                           
  2861     004B                     ??_I2C_DO_TX:
  2862     004B                     ??_I2C_DO_RX:	
  2863                           ; 1 bytes @ 0x0
  2864                           
  2865     004B                     ??_I2C_DO_TX_EMPTY:	
  2866                           ; 1 bytes @ 0x0
  2867                           
  2868     004B                     ??_I2C_DO_ADDRESS_NACK:	
  2869                           ; 1 bytes @ 0x0
  2870                           
  2871     004B                     ?_vfpfcnvrt:	
  2872                           ; 1 bytes @ 0x0
  2873                           
  2874     004B                     vfpfcnvrt@fmt:	
  2875                           ; 1 bytes @ 0x0
  2876                           
  2877     004B                     RelayControl_Init@temp:	
  2878                           ; 1 bytes @ 0x0
  2879                           
  2880                           
  2881                           ; 2 bytes @ 0x0
  2882     004B                     	ds	1
  2883     004C                     vfpfcnvrt@ap:
  2884                           
  2885                           ; 1 bytes @ 0x1
  2886     004C                     	ds	1
  2887     004D                     ??_I2C_MasterFsm:
  2888     004D                     ??_vfpfcnvrt:	
  2889                           ; 1 bytes @ 0x2
  2890                           
  2891                           
  2892                           ; 1 bytes @ 0x2
  2893     004D                     	ds	2
  2894     004F                     I2C_MasterOperation@read:
  2895                           
  2896                           ; 1 bytes @ 0x4
  2897     004F                     	ds	1
  2898     0050                     I2C_MasterOperation@returnValue:
  2899                           
  2900                           ; 1 bytes @ 0x5
  2901     0050                     	ds	1
  2902     0051                     ?_I2C_Write1ByteRegister:
  2903     0051                     I2C_Write1ByteRegister@reg:	
  2904                           ; 1 bytes @ 0x6
  2905                           
  2906     0051                     vfpfcnvrt@fp:	
  2907                           ; 1 bytes @ 0x6
  2908                           
  2909                           
  2910                           ; 1 bytes @ 0x6
  2911     0051                     	ds	1
  2912     0052                     ?_vfprintf:
  2913     0052                     I2C_Write1ByteRegister@data:	
  2914                           ; 2 bytes @ 0x7
  2915                           
  2916     0052                     vfprintf@fmt:	
  2917                           ; 1 bytes @ 0x7
  2918                           
  2919                           
  2920                           ; 2 bytes @ 0x7
  2921     0052                     	ds	1
  2922     0053                     I2C_Write1ByteRegister@address:
  2923                           
  2924                           ; 1 bytes @ 0x8
  2925     0053                     	ds	1
  2926     0054                     ?_PCF8574_LCD_SendNibble:
  2927     0054                     PCF8574_LCD_SendNibble@rs:	
  2928                           ; 1 bytes @ 0x9
  2929                           
  2930     0054                     vfprintf@ap:	
  2931                           ; 1 bytes @ 0x9
  2932                           
  2933                           
  2934                           ; 1 bytes @ 0x9
  2935     0054                     	ds	1
  2936     0055                     ??_vfprintf:
  2937     0055                     ??_PCF8574_LCD_SendNibble:	
  2938                           ; 1 bytes @ 0xA
  2939                           
  2940                           
  2941                           ; 1 bytes @ 0xA
  2942     0055                     	ds	1
  2943     0056                     PCF8574_LCD_SendNibble@nibble:
  2944     0056                     vfprintf@fp:	
  2945                           ; 1 bytes @ 0xB
  2946                           
  2947                           
  2948                           ; 1 bytes @ 0xB
  2949     0056                     	ds	1
  2950     0057                     PCF8574_LCD_SendNibble@data:
  2951     0057                     vfprintf@cfmt:	
  2952                           ; 1 bytes @ 0xC
  2953                           
  2954                           
  2955                           ; 2 bytes @ 0xC
  2956     0057                     	ds	1
  2957     0058                     ??_LCD_Command:
  2958     0058                     ??_LCD_Data:	
  2959                           ; 1 bytes @ 0xD
  2960                           
  2961                           
  2962                           ; 1 bytes @ 0xD
  2963     0058                     	ds	1
  2964     0059                     ?_sprintf:
  2965     0059                     LCD_Command@cmd:	
  2966                           ; 2 bytes @ 0xE
  2967                           
  2968     0059                     LCD_Data@data:	
  2969                           ; 1 bytes @ 0xE
  2970                           
  2971     0059                     sprintf@fmt:	
  2972                           ; 1 bytes @ 0xE
  2973                           
  2974                           
  2975                           ; 2 bytes @ 0xE
  2976     0059                     	ds	1
  2977     005A                     ??_LCD_Init:
  2978     005A                     ?_LCD_SetCursor:	
  2979                           ; 1 bytes @ 0xF
  2980                           
  2981     005A                     ??_LCD_Print:	
  2982                           ; 1 bytes @ 0xF
  2983                           
  2984     005A                     LCD_SetCursor@row:	
  2985                           ; 1 bytes @ 0xF
  2986                           
  2987                           
  2988                           ; 1 bytes @ 0xF
  2989     005A                     	ds	1
  2990     005B                     ??_sprintf:
  2991     005B                     LCD_Print@str:	
  2992                           ; 1 bytes @ 0x10
  2993                           
  2994     005B                     LCD_SetCursor@row_offsets:	
  2995                           ; 1 bytes @ 0x10
  2996                           
  2997                           
  2998                           ; 4 bytes @ 0x10
  2999     005B                     	ds	4
  3000     005F                     LCD_SetCursor@col:
  3001                           
  3002                           ; 1 bytes @ 0x14
  3003     005F                     	ds	1
  3004                           
  3005                           	psect	maintext
  3006     0263                     __pmaintext:	
  3007 ;;
  3008 ;;Main: autosize = 0, tempsize = 0, incstack = 0, save=0
  3009 ;;
  3010 ;; *************** function _main *****************
  3011 ;; Defined at:
  3012 ;;		line 46 in file "D:\yiming\00work\LCD_I2C\LCD_I2C.X\main.c"
  3013 ;; Parameters:    Size  Location     Type
  3014 ;;		None
  3015 ;; Auto vars:     Size  Location     Type
  3016 ;;		None
  3017 ;; Return value:  Size  Location     Type
  3018 ;;                  2  161[None  ] int 
  3019 ;; Registers used:
  3020 ;;		wreg, fsr0l, fsr0h, fsr1l, fsr1h, status,2, status,0, pclath, cstack
  3021 ;; Tracked objects:
  3022 ;;		On entry : B1F/0
  3023 ;;		On exit  : 0/0
  3024 ;;		Unchanged: 0/0
  3025 ;; Data sizes:     COMMON   BANK0   BANK1   BANK2   BANK3   BANK4   BANK5   BANK6
  3026 ;;      Params:         0       0       0       0       0       0       0       0
  3027 ;;      Locals:         0       0       0       0       0       0       0       0
  3028 ;;      Temps:          0       0       0       0       0       0       0       0
  3029 ;;      Totals:         0       0       0       0       0       0       0       0
  3030 ;;Total ram usage:        0 bytes
  3031 ;; Hardware stack levels required when called: 16
  3032 ;; This function calls:
  3033 ;;		_KEY_Init
  3034 ;;		_LCD_Init
  3035 ;;		_LCD_Print
  3036 ;;		_LCD_SetCursor
  3037 ;;		_RelayControl_Init
  3038 ;;		_SYSTEM_Initialize
  3039 ;;		_TMR0_SetInterruptHandler
  3040 ;;		_TMR1_SetInterruptHandler
  3041 ;;		_sprintf
  3042 ;; This function is called by:
  3043 ;;		Startup code after reset
  3044 ;; This function uses a non-reentrant model
  3045 ;;
  3046                           
  3047     0263                     _main:	
  3048                           ;psect for function _main
  3049                           
  3050     0263                     l3575:	
  3051                           ;incstack = 0
  3052                           ; Regs used in _main: [wreg-fsr1h+status,2+status,0+pclath+cstack]
  3053                           
  3054                           
  3055                           ;D:\yiming\00work\LCD_I2C\LCD_I2C.X\main.c: 48:   SYSTEM_Initialize();
  3056     0263  3186  266D  3182   	fcall	_SYSTEM_Initialize
  3057                           
  3058                           ;D:\yiming\00work\LCD_I2C\LCD_I2C.X\main.c: 49:   TMR0_SetInterruptHandler(TMR0_10msEven
      +                          );
  3059     0266  3058               	movlw	low _TMR0_10msEven
  3060     0267  00F2               	movwf	TMR0_SetInterruptHandler@InterruptHandler
  3061     0268  3006               	movlw	high _TMR0_10msEven
  3062     0269  00F3               	movwf	TMR0_SetInterruptHandler@InterruptHandler+1
  3063     026A  3187  2773  3182   	fcall	_TMR0_SetInterruptHandler
  3064                           
  3065                           ;D:\yiming\00work\LCD_I2C\LCD_I2C.X\main.c: 50:   TMR1_SetInterruptHandler(TMR1_10msEven
      +                          );
  3066     026D  3060               	movlw	low _TMR1_10msEven
  3067     026E  00F2               	movwf	TMR1_SetInterruptHandler@InterruptHandler
  3068     026F  3003               	movlw	high _TMR1_10msEven
  3069     0270  00F3               	movwf	TMR1_SetInterruptHandler@InterruptHandler+1
  3070     0271  3187  276D  3182   	fcall	_TMR1_SetInterruptHandler
  3071     0274                     l3577:
  3072                           
  3073                           ;D:\yiming\00work\LCD_I2C\LCD_I2C.X\main.c: 52:   LCD_Init();
  3074     0274  3180  20CD  3182   	fcall	_LCD_Init
  3075     0277                     l3579:
  3076                           
  3077                           ;D:\yiming\00work\LCD_I2C\LCD_I2C.X\main.c: 54:   KEY_Init();
  3078     0277  3182  221C  3182   	fcall	_KEY_Init
  3079     027A                     l3581:
  3080                           
  3081                           ;D:\yiming\00work\LCD_I2C\LCD_I2C.X\main.c: 55:   RelayControl_Init();
  3082     027A  3180  2061  3182   	fcall	_RelayControl_Init
  3083     027D                     l3583:
  3084                           
  3085                           ;D:\yiming\00work\LCD_I2C\LCD_I2C.X\main.c: 57:   (INTCONbits.GIE = 1);
  3086     027D  178B               	bsf	11,7	;volatile
  3087     027E                     l3585:
  3088                           
  3089                           ;D:\yiming\00work\LCD_I2C\LCD_I2C.X\main.c: 60:   (INTCONbits.PEIE = 1);
  3090     027E  170B               	bsf	11,6	;volatile
  3091     027F                     l3587:
  3092                           
  3093                           ;D:\yiming\00work\LCD_I2C\LCD_I2C.X\main.c: 62:   LCD_SetCursor(0, 0);
  3094     027F  0020               	movlb	0	; select bank0
  3095     0280  01DA               	clrf	LCD_SetCursor@row
  3096     0281  3000               	movlw	0
  3097     0282  3186  262E  3182   	fcall	_LCD_SetCursor
  3098     0285                     l3589:
  3099                           
  3100                           ;D:\yiming\00work\LCD_I2C\LCD_I2C.X\main.c: 63:   sprintf(buf, "T1:1.00 Second");
  3101     0285  301C               	movlw	low (STR_1| (0+32768))
  3102     0286  0020               	movlb	0	; select bank0
  3103     0287  00D9               	movwf	sprintf@fmt
  3104     0288  3084               	movlw	high (STR_1| (0+32768))
  3105     0289  00DA               	movwf	sprintf@fmt+1
  3106     028A  30C1               	movlw	(low (_buf| 0))& (0+255)
  3107     028B  3185  253D  3182   	fcall	_sprintf
  3108     028E                     l3591:
  3109                           
  3110                           ;D:\yiming\00work\LCD_I2C\LCD_I2C.X\main.c: 65:   LCD_Print(buf);
  3111     028E  30C1               	movlw	(low (_buf| 0))& (0+255)
  3112     028F  3185  25D0  3182   	fcall	_LCD_Print
  3113     0292                     l3593:
  3114                           
  3115                           ;D:\yiming\00work\LCD_I2C\LCD_I2C.X\main.c: 66:   LCD_SetCursor(0, 1);
  3116     0292  0020               	movlb	0	; select bank0
  3117     0293  01DA               	clrf	LCD_SetCursor@row
  3118     0294  0ADA               	incf	LCD_SetCursor@row,f
  3119     0295  3000               	movlw	0
  3120     0296  3186  262E  3182   	fcall	_LCD_SetCursor
  3121     0299                     l3595:
  3122                           
  3123                           ;D:\yiming\00work\LCD_I2C\LCD_I2C.X\main.c: 67:   sprintf(buf, "T2:1.00 Second");
  3124     0299  30C4               	movlw	low (STR_2| (0+32768))
  3125     029A  0020               	movlb	0	; select bank0
  3126     029B  00D9               	movwf	sprintf@fmt
  3127     029C  3086               	movlw	high (STR_2| (0+32768))
  3128     029D  00DA               	movwf	sprintf@fmt+1
  3129     029E  30C1               	movlw	(low (_buf| 0))& (0+255)
  3130     029F  3185  253D  3182   	fcall	_sprintf
  3131     02A2                     l3597:
  3132                           
  3133                           ;D:\yiming\00work\LCD_I2C\LCD_I2C.X\main.c: 69:   LCD_Print(buf);
  3134     02A2  30C1               	movlw	(low (_buf| 0))& (0+255)
  3135     02A3  3185  25D0  3182   	fcall	_LCD_Print
  3136     02A6                     l162:	
  3137                           ;D:\yiming\00work\LCD_I2C\LCD_I2C.X\main.c: 71:   while (1) {
  3138                           
  3139     02A6                     l163:	
  3140                           ;D:\yiming\00work\LCD_I2C\LCD_I2C.X\main.c: 133:   }
  3141                           
  3142     02A6  2AA6               	goto	l162
  3143     02A7  3180  2826         	ljmp	start
  3144     02A9                     __end_of_main:
  3145                           
  3146                           	psect	text1
  3147     053D                     __ptext1:	
  3148 ;; *************** function _sprintf *****************
  3149 ;; Defined at:
  3150 ;;		line 9 in file "c:\PROGRA~1\MICROC~1\xc8\v2.46\pic\sources\c99\common\nf_sprintf.c"
  3151 ;; Parameters:    Size  Location     Type
  3152 ;;  s               1    wreg     PTR unsigned char 
  3153 ;;		 -> buf(17), 
  3154 ;;  fmt             2   14[BANK0 ] PTR const unsigned char 
  3155 ;;		 -> STR_2(15), STR_1(15), 
  3156 ;; Auto vars:     Size  Location     Type
  3157 ;;  s               1    1[BANK1 ] PTR unsigned char 
  3158 ;;		 -> buf(17), 
  3159 ;;  f              11    2[BANK1 ] struct _IO_FILE
  3160 ;;  ret             2    0        int 
  3161 ;;  ap              1    0[BANK1 ] PTR void [1]
  3162 ;;		 -> ?_sprintf(2), 
  3163 ;; Return value:  Size  Location     Type
  3164 ;;                  2   14[BANK0 ] int 
  3165 ;; Registers used:
  3166 ;;		wreg, fsr0l, fsr0h, fsr1l, fsr1h, status,2, status,0, pclath, cstack
  3167 ;; Tracked objects:
  3168 ;;		On entry : 0/0
  3169 ;;		On exit  : 0/0
  3170 ;;		Unchanged: 0/0
  3171 ;; Data sizes:     COMMON   BANK0   BANK1   BANK2   BANK3   BANK4   BANK5   BANK6
  3172 ;;      Params:         0       2       0       0       0       0       0       0
  3173 ;;      Locals:         0       0      13       0       0       0       0       0
  3174 ;;      Temps:          0       1       0       0       0       0       0       0
  3175 ;;      Totals:         0       3      13       0       0       0       0       0
  3176 ;;Total ram usage:       16 bytes
  3177 ;; Hardware stack levels used: 1
  3178 ;; Hardware stack levels required when called: 8
  3179 ;; This function calls:
  3180 ;;		_vfprintf
  3181 ;; This function is called by:
  3182 ;;		_main
  3183 ;; This function uses a non-reentrant model
  3184 ;;
  3185                           
  3186     053D                     _sprintf:	
  3187                           ;psect for function _sprintf
  3188                           
  3189                           
  3190                           ;incstack = 0
  3191                           ; Regs used in _sprintf: [wreg-fsr1h+status,2+status,0+pclath+cstack]
  3192                           ;sprintf@s stored from wreg
  3193     053D  0021               	movlb	1	; select bank1
  3194     053E  00E4               	movwf	sprintf@s^(0+128)
  3195     053F                     l3553:
  3196     053F  305B               	movlw	(low ((?_sprintf| 0+2)))& (0+255)
  3197     0540  00E3               	movwf	sprintf@ap^(0+128)
  3198     0541  0864               	movf	sprintf@s^(0+128),w
  3199     0542  00E5               	movwf	sprintf@f^(0+128)
  3200     0543                     l3555:
  3201     0543  01E7               	clrf	(sprintf@f^(0+128)+2)
  3202     0544  01E8               	clrf	((sprintf@f+1)^(0+128)+2)
  3203     0545                     l3557:
  3204     0545  01EE               	clrf	(sprintf@f^(0+128)+9)
  3205     0546  01EF               	clrf	((sprintf@f+1)^(0+128)+9)
  3206     0547                     l3559:
  3207     0547  0020               	movlb	0	; select bank0
  3208     0548  085A               	movf	sprintf@fmt+1,w
  3209     0549  00D3               	movwf	vfprintf@fmt+1
  3210     054A  0859               	movf	sprintf@fmt,w
  3211     054B  00D2               	movwf	vfprintf@fmt
  3212     054C  30E3               	movlw	(low (sprintf@ap| 0))& (0+255)
  3213     054D  00D4               	movwf	vfprintf@ap
  3214     054E  30E5               	movlw	(low (sprintf@f| 0))& (0+255)
  3215     054F  3185  2599  3185   	fcall	_vfprintf
  3216     0552                     l3561:
  3217     0552  0021               	movlb	1	; select bank1
  3218     0553  0867               	movf	(sprintf@f^(0+128)+2),w
  3219     0554  0764               	addwf	sprintf@s^(0+128),w
  3220     0555  0020               	movlb	0	; select bank0
  3221     0556  00DB               	movwf	??_sprintf
  3222     0557  085B               	movf	??_sprintf,w
  3223     0558  0086               	movwf	6
  3224     0559  0187               	clrf	7
  3225     055A  0181               	clrf	1
  3226     055B                     l1263:
  3227     055B  0008               	return
  3228     055C                     __end_of_sprintf:
  3229                           
  3230                           	psect	text2
  3231     0599                     __ptext2:	
  3232 ;; *************** function _vfprintf *****************
  3233 ;; Defined at:
  3234 ;;		line 1817 in file "c:\PROGRA~1\MICROC~1\xc8\v2.46\pic\sources\c99\common\doprnt.c"
  3235 ;; Parameters:    Size  Location     Type
  3236 ;;  fp              1    wreg     PTR struct _IO_FILE
  3237 ;;		 -> sprintf@f(11), 
  3238 ;;  fmt             2    7[BANK0 ] PTR const unsigned char 
  3239 ;;		 -> STR_2(15), STR_1(15), 
  3240 ;;  ap              1    9[BANK0 ] PTR PTR void 
  3241 ;;		 -> sprintf@ap(1), 
  3242 ;; Auto vars:     Size  Location     Type
  3243 ;;  fp              1   11[BANK0 ] PTR struct _IO_FILE
  3244 ;;		 -> sprintf@f(11), 
  3245 ;;  cfmt            2   12[BANK0 ] PTR unsigned char 
  3246 ;;		 -> STR_2(15), STR_1(15), 
  3247 ;; Return value:  Size  Location     Type
  3248 ;;                  2    7[BANK0 ] int 
  3249 ;; Registers used:
  3250 ;;		wreg, fsr0l, fsr0h, fsr1l, fsr1h, status,2, status,0, pclath, cstack
  3251 ;; Tracked objects:
  3252 ;;		On entry : 0/0
  3253 ;;		On exit  : 0/0
  3254 ;;		Unchanged: 0/0
  3255 ;; Data sizes:     COMMON   BANK0   BANK1   BANK2   BANK3   BANK4   BANK5   BANK6
  3256 ;;      Params:         0       3       0       0       0       0       0       0
  3257 ;;      Locals:         0       3       0       0       0       0       0       0
  3258 ;;      Temps:          0       1       0       0       0       0       0       0
  3259 ;;      Totals:         0       7       0       0       0       0       0       0
  3260 ;;Total ram usage:        7 bytes
  3261 ;; Hardware stack levels used: 1
  3262 ;; Hardware stack levels required when called: 7
  3263 ;; This function calls:
  3264 ;;		_vfpfcnvrt
  3265 ;; This function is called by:
  3266 ;;		_sprintf
  3267 ;; This function uses a non-reentrant model
  3268 ;;
  3269                           
  3270     0599                     _vfprintf:	
  3271                           ;psect for function _vfprintf
  3272                           
  3273                           
  3274                           ;incstack = 0
  3275                           ; Regs used in _vfprintf: [wreg-fsr1h+status,2+status,0+pclath+cstack]
  3276                           ;vfprintf@fp stored from wreg
  3277     0599  0020               	movlb	0	; select bank0
  3278     059A  00D6               	movwf	vfprintf@fp
  3279     059B                     l3491:
  3280                           
  3281                           ;c:\PROGRA~1\MICROC~1\xc8\v2.46\pic\sources\c99\common\doprnt.c: 1817: int vfprintf(FILE
      +                           *fp, const char *fmt, va_list ap);c:\PROGRA~1\MICROC~1\xc8\v2.46\pic\sources\c99\common
      +                          \doprnt.c: 1818: {;c:\PROGRA~1\MICROC~1\xc8\v2.46\pic\sources\c99\common\doprnt.c: 1820:
      +                               char *cfmt;;c:\PROGRA~1\MICROC~1\xc8\v2.46\pic\sources\c99\common\doprnt.c: 1822:  
      +                             cfmt = (char *)fmt;
  3282     059B  0853               	movf	vfprintf@fmt+1,w
  3283     059C  00D8               	movwf	vfprintf@cfmt+1
  3284     059D  0852               	movf	vfprintf@fmt,w
  3285     059E  00D7               	movwf	vfprintf@cfmt
  3286                           
  3287                           ;c:\PROGRA~1\MICROC~1\xc8\v2.46\pic\sources\c99\common\doprnt.c: 1826:     while (*cfmt)
      +                           {
  3288     059F  2DA8               	goto	l3495
  3289     05A0                     l3493:
  3290                           
  3291                           ;c:\PROGRA~1\MICROC~1\xc8\v2.46\pic\sources\c99\common\doprnt.c: 1830:    vfpfcnvrt(fp, 
      +                          &cfmt, ap);
  3292     05A0  3057               	movlw	(low (vfprintf@cfmt| 0))& (0+255)
  3293     05A1  00CB               	movwf	vfpfcnvrt@fmt
  3294     05A2  0854               	movf	vfprintf@ap,w
  3295     05A3  00CC               	movwf	vfpfcnvrt@ap
  3296     05A4  0856               	movf	vfprintf@fp,w
  3297     05A5  3181  21D3  3185   	fcall	_vfpfcnvrt
  3298     05A8                     l3495:
  3299                           
  3300                           ;c:\PROGRA~1\MICROC~1\xc8\v2.46\pic\sources\c99\common\doprnt.c: 1826:     while (*cfmt)
      +                           {
  3301     05A8  0020               	movlb	0	; select bank0
  3302     05A9  0857               	movf	vfprintf@cfmt,w
  3303     05AA  0084               	movwf	4
  3304     05AB  0858               	movf	vfprintf@cfmt+1,w
  3305     05AC  0085               	movwf	5
  3306     05AD  0012               	moviw fsr0++
  3307     05AE  1D03               	btfss	3,2
  3308     05AF  2DB1               	goto	u1791
  3309     05B0  2DB2               	goto	u1790
  3310     05B1                     u1791:
  3311     05B1  2DA0               	goto	l3493
  3312     05B2                     u1790:
  3313     05B2                     l3497:
  3314                           
  3315                           ;c:\PROGRA~1\MICROC~1\xc8\v2.46\pic\sources\c99\common\doprnt.c: 1835:  return 0;
  3316     05B2  01D2               	clrf	?_vfprintf
  3317     05B3  01D3               	clrf	?_vfprintf+1
  3318     05B4                     l1292:
  3319     05B4  0008               	return
  3320     05B5                     __end_of_vfprintf:
  3321                           
  3322                           	psect	text3
  3323     01D3                     __ptext3:	
  3324 ;; *************** function _vfpfcnvrt *****************
  3325 ;; Defined at:
  3326 ;;		line 1177 in file "c:\PROGRA~1\MICROC~1\xc8\v2.46\pic\sources\c99\common\doprnt.c"
  3327 ;; Parameters:    Size  Location     Type
  3328 ;;  fp              1    wreg     PTR struct _IO_FILE
  3329 ;;		 -> sprintf@f(11), 
  3330 ;;  fmt             1    0[BANK0 ] PTR PTR unsigned char 
  3331 ;;		 -> vfprintf@cfmt(2), 
  3332 ;;  ap              1    1[BANK0 ] PTR PTR void 
  3333 ;;		 -> sprintf@ap(1), 
  3334 ;; Auto vars:     Size  Location     Type
  3335 ;;  fp              1    6[BANK0 ] PTR struct _IO_FILE
  3336 ;;		 -> sprintf@f(11), 
  3337 ;;  cp              2    0        PTR unsigned char 
  3338 ;;  done            1    0        _Bool 
  3339 ;;  c               1    0        unsigned char 
  3340 ;; Return value:  Size  Location     Type
  3341 ;;                  1    wreg      void 
  3342 ;; Registers used:
  3343 ;;		wreg, fsr0l, fsr0h, fsr1l, fsr1h, status,2, status,0, pclath, cstack
  3344 ;; Tracked objects:
  3345 ;;		On entry : 0/0
  3346 ;;		On exit  : 0/0
  3347 ;;		Unchanged: 0/0
  3348 ;; Data sizes:     COMMON   BANK0   BANK1   BANK2   BANK3   BANK4   BANK5   BANK6
  3349 ;;      Params:         0       2       0       0       0       0       0       0
  3350 ;;      Locals:         0       1       0       0       0       0       0       0
  3351 ;;      Temps:          0       4       0       0       0       0       0       0
  3352 ;;      Totals:         0       7       0       0       0       0       0       0
  3353 ;;Total ram usage:        7 bytes
  3354 ;; Hardware stack levels used: 1
  3355 ;; Hardware stack levels required when called: 6
  3356 ;; This function calls:
  3357 ;;		_fputc
  3358 ;; This function is called by:
  3359 ;;		_vfprintf
  3360 ;; This function uses a non-reentrant model
  3361 ;;
  3362                           
  3363     01D3                     _vfpfcnvrt:	
  3364                           ;psect for function _vfpfcnvrt
  3365                           
  3366                           
  3367                           ;incstack = 0
  3368                           ; Regs used in _vfpfcnvrt: [wreg-fsr1h+status,2+status,0+pclath+cstack]
  3369                           ;vfpfcnvrt@fp stored from wreg
  3370     01D3  0020               	movlb	0	; select bank0
  3371     01D4  00D1               	movwf	vfpfcnvrt@fp
  3372     01D5                     l3403:
  3373                           
  3374                           ;c:\PROGRA~1\MICROC~1\xc8\v2.46\pic\sources\c99\common\doprnt.c: 1177: vfpfcnvrt(FILE *f
      +                          p, char *fmt[], va_list ap);c:\PROGRA~1\MICROC~1\xc8\v2.46\pic\sources\c99\common\doprnt
      +                          .c: 1178: {;c:\PROGRA~1\MICROC~1\xc8\v2.46\pic\sources\c99\common\doprnt.c: 1179:     ch
      +                          ar c, *cp;;c:\PROGRA~1\MICROC~1\xc8\v2.46\pic\sources\c99\common\doprnt.c: 1180:     _Bo
      +                          ol done;;c:\PROGRA~1\MICROC~1\xc8\v2.46\pic\sources\c99\common\doprnt.c: 1201:     if ((
      +                          *fmt)[0] == '%') {
  3375     01D5  084B               	movf	vfpfcnvrt@fmt,w
  3376     01D6  0086               	movwf	6
  3377     01D7  0187               	clrf	7
  3378     01D8  3F40               	moviw [0]fsr1
  3379     01D9  00CD               	movwf	??_vfpfcnvrt
  3380     01DA  3F41               	moviw [1]fsr1
  3381     01DB  00CE               	movwf	??_vfpfcnvrt+1
  3382     01DC  084D               	movf	??_vfpfcnvrt,w
  3383     01DD  0084               	movwf	4
  3384     01DE  084E               	movf	??_vfpfcnvrt+1,w
  3385     01DF  0085               	movwf	5
  3386     01E0  0012               	moviw fsr0++
  3387     01E1  3A25               	xorlw	37
  3388     01E2  1D03               	btfss	3,2
  3389     01E3  29E5               	goto	u1591
  3390     01E4  29E6               	goto	u1590
  3391     01E5                     u1591:
  3392     01E5  2A03               	goto	l3415
  3393     01E6                     u1590:
  3394     01E6                     l3405:
  3395                           
  3396                           ;c:\PROGRA~1\MICROC~1\xc8\v2.46\pic\sources\c99\common\doprnt.c: 1202:         ++*fmt;
  3397     01E6  084B               	movf	vfpfcnvrt@fmt,w
  3398     01E7  0086               	movwf	6
  3399     01E8  0187               	clrf	7
  3400     01E9  3001               	movlw	1
  3401     01EA  0781               	addwf	1,f
  3402     01EB  3141               	addfsr 1,1
  3403     01EC  1803               	skipnc
  3404     01ED  0A81               	incf	1,f
  3405     01EE                     l3407:
  3406                           
  3407                           ;c:\PROGRA~1\MICROC~1\xc8\v2.46\pic\sources\c99\common\doprnt.c: 1204:         flags = w
      +                          idth = 0;
  3408     01EE  01A4               	clrf	_width
  3409     01EF  01A5               	clrf	_width+1
  3410     01F0  1003               	clrc
  3411     01F1  3000               	movlw	0
  3412     01F2  1803               	btfsc	3,0
  3413     01F3  3001               	movlw	1
  3414     01F4  00BE               	movwf	_flags
  3415     01F5                     l3409:
  3416                           
  3417                           ;c:\PROGRA~1\MICROC~1\xc8\v2.46\pic\sources\c99\common\doprnt.c: 1205:         prec = -1
      +                          ;
  3418     01F5  30FF               	movlw	255
  3419     01F6  00A6               	movwf	_prec
  3420     01F7  30FF               	movlw	255
  3421     01F8  00A7               	movwf	_prec+1
  3422     01F9                     l3411:
  3423                           
  3424                           ;c:\PROGRA~1\MICROC~1\xc8\v2.46\pic\sources\c99\common\doprnt.c: 1806:         ++*fmt;
  3425     01F9  0020               	movlb	0	; select bank0
  3426     01FA  084B               	movf	vfpfcnvrt@fmt,w
  3427     01FB  0086               	movwf	6
  3428     01FC  0187               	clrf	7
  3429     01FD  3001               	movlw	1
  3430     01FE  0781               	addwf	1,f
  3431     01FF  3141               	addfsr 1,1
  3432     0200  1803               	skipnc
  3433     0201  0A81               	incf	1,f
  3434     0202  2A1B               	goto	l1286
  3435     0203                     l3415:
  3436                           
  3437                           ;c:\PROGRA~1\MICROC~1\xc8\v2.46\pic\sources\c99\common\doprnt.c: 1811:     fputc((int)(*
      +                          fmt)[0], fp);
  3438     0203  084B               	movf	vfpfcnvrt@fmt,w
  3439     0204  0086               	movwf	6
  3440     0205  0187               	clrf	7
  3441     0206  3F40               	moviw [0]fsr1
  3442     0207  00CD               	movwf	??_vfpfcnvrt
  3443     0208  3F41               	moviw [1]fsr1
  3444     0209  00CE               	movwf	??_vfpfcnvrt+1
  3445     020A  084D               	movf	??_vfpfcnvrt,w
  3446     020B  0084               	movwf	4
  3447     020C  084E               	movf	??_vfpfcnvrt+1,w
  3448     020D  0085               	movwf	5
  3449     020E  0800               	movf	0,w	;code access
  3450     020F  00CF               	movwf	??_vfpfcnvrt+2
  3451     0210  01D0               	clrf	??_vfpfcnvrt+3
  3452     0211  084F               	movf	??_vfpfcnvrt+2,w
  3453     0212  00F2               	movwf	fputc@c
  3454     0213  0850               	movf	??_vfpfcnvrt+3,w
  3455     0214  00F3               	movwf	fputc@c+1
  3456     0215  0851               	movf	vfpfcnvrt@fp,w
  3457     0216  00F4               	movwf	fputc@fp
  3458     0217  3181  2183  3181   	fcall	_fputc
  3459     021A  29F9               	goto	l3411
  3460     021B                     l1286:
  3461     021B  0008               	return
  3462     021C                     __end_of_vfpfcnvrt:
  3463                           
  3464                           	psect	text4
  3465     0183                     __ptext4:	
  3466 ;; *************** function _fputc *****************
  3467 ;; Defined at:
  3468 ;;		line 8 in file "c:\PROGRA~1\MICROC~1\xc8\v2.46\pic\sources\c99\common\nf_fputc.c"
  3469 ;; Parameters:    Size  Location     Type
  3470 ;;  c               2    2[COMMON] int 
  3471 ;;  fp              1    4[COMMON] PTR struct _IO_FILE
  3472 ;;		 -> sprintf@f(11), 
  3473 ;; Auto vars:     Size  Location     Type
  3474 ;;		None
  3475 ;; Return value:  Size  Location     Type
  3476 ;;                  2    2[COMMON] int 
  3477 ;; Registers used:
  3478 ;;		wreg, fsr0l, fsr0h, fsr1l, fsr1h, status,2, status,0, pclath, cstack
  3479 ;; Tracked objects:
  3480 ;;		On entry : 0/0
  3481 ;;		On exit  : 0/0
  3482 ;;		Unchanged: 0/0
  3483 ;; Data sizes:     COMMON   BANK0   BANK1   BANK2   BANK3   BANK4   BANK5   BANK6
  3484 ;;      Params:         3       0       0       0       0       0       0       0
  3485 ;;      Locals:         0       0       0       0       0       0       0       0
  3486 ;;      Temps:          5       0       0       0       0       0       0       0
  3487 ;;      Totals:         8       0       0       0       0       0       0       0
  3488 ;;Total ram usage:        8 bytes
  3489 ;; Hardware stack levels used: 1
  3490 ;; Hardware stack levels required when called: 5
  3491 ;; This function calls:
  3492 ;;		_putch
  3493 ;; This function is called by:
  3494 ;;		_vfpfcnvrt
  3495 ;; This function uses a non-reentrant model
  3496 ;;
  3497                           
  3498     0183                     _fputc:	
  3499                           ;psect for function _fputc
  3500                           
  3501     0183                     l3377:	
  3502                           ;incstack = 0
  3503                           ; Regs used in _fputc: [wreg-fsr1h+status,2+status,0+pclath+cstack]
  3504                           
  3505     0183  0874               	movf	fputc@fp,w
  3506     0184  1903               	btfsc	3,2
  3507     0185  2987               	goto	u1531
  3508     0186  2988               	goto	u1530
  3509     0187                     u1531:
  3510     0187  298D               	goto	l3381
  3511     0188                     u1530:
  3512     0188                     l3379:
  3513     0188  0874               	movf	fputc@fp,w
  3514     0189  1D03               	btfss	3,2
  3515     018A  298C               	goto	u1541
  3516     018B  298D               	goto	u1540
  3517     018C                     u1541:
  3518     018C  2992               	goto	l3383
  3519     018D                     u1540:
  3520     018D                     l3381:
  3521     018D  0872               	movf	fputc@c,w
  3522     018E  3187  27E8  3181   	fcall	_putch
  3523     0191  29D2               	goto	l1304
  3524     0192                     l3383:
  3525     0192  0874               	movf	fputc@fp,w
  3526     0193  3E09               	addlw	9
  3527     0194  0086               	movwf	6
  3528     0195  0187               	clrf	7
  3529     0196  0016               	moviw fsr1++
  3530     0197  0401               	iorwf	1,w
  3531     0198  1903               	btfsc	3,2
  3532     0199  299B               	goto	u1551
  3533     019A  299C               	goto	u1550
  3534     019B                     u1551:
  3535     019B  29BA               	goto	l3387
  3536     019C                     u1550:
  3537     019C                     l3385:
  3538     019C  0874               	movf	fputc@fp,w
  3539     019D  3E09               	addlw	9
  3540     019E  0086               	movwf	6
  3541     019F  0187               	clrf	7
  3542     01A0  3F40               	moviw [0]fsr1
  3543     01A1  00F5               	movwf	??_fputc
  3544     01A2  3F41               	moviw [1]fsr1
  3545     01A3  00F6               	movwf	??_fputc+1
  3546     01A4  0874               	movf	fputc@fp,w
  3547     01A5  3E02               	addlw	2
  3548     01A6  0086               	movwf	6
  3549     01A7  0187               	clrf	7
  3550     01A8  3F40               	moviw [0]fsr1
  3551     01A9  00F7               	movwf	??_fputc+2
  3552     01AA  3F41               	moviw [1]fsr1
  3553     01AB  00F8               	movwf	??_fputc+3
  3554     01AC  0878               	movf	??_fputc+3,w
  3555     01AD  3A80               	xorlw	128
  3556     01AE  00F9               	movwf	??_fputc+4
  3557     01AF  0876               	movf	??_fputc+1,w
  3558     01B0  3A80               	xorlw	128
  3559     01B1  0279               	subwf	??_fputc+4,w
  3560     01B2  1D03               	skipz
  3561     01B3  29B6               	goto	u1565
  3562     01B4  0875               	movf	??_fputc,w
  3563     01B5  0277               	subwf	??_fputc+2,w
  3564     01B6                     u1565:
  3565     01B6  1803               	skipnc
  3566     01B7  29B9               	goto	u1561
  3567     01B8  29BA               	goto	u1560
  3568     01B9                     u1561:
  3569     01B9  29D2               	goto	l1304
  3570     01BA                     u1560:
  3571     01BA                     l3387:
  3572     01BA  0874               	movf	fputc@fp,w
  3573     01BB  0086               	movwf	6
  3574     01BC  0187               	clrf	7
  3575     01BD  0874               	movf	fputc@fp,w
  3576     01BE  3E02               	addlw	2
  3577     01BF  0084               	movwf	4
  3578     01C0  0185               	clrf	5
  3579     01C1  0800               	movf	0,w
  3580     01C2  0701               	addwf	1,w
  3581     01C3  00F5               	movwf	??_fputc
  3582     01C4  0875               	movf	??_fputc,w
  3583     01C5  0086               	movwf	6
  3584     01C6  0187               	clrf	7
  3585     01C7  0872               	movf	fputc@c,w
  3586     01C8  0081               	movwf	1
  3587     01C9                     l3389:
  3588     01C9  0874               	movf	fputc@fp,w
  3589     01CA  3E02               	addlw	2
  3590     01CB  0086               	movwf	6
  3591     01CC  0187               	clrf	7
  3592     01CD  3001               	movlw	1
  3593     01CE  0781               	addwf	1,f
  3594     01CF  3141               	addfsr 1,1
  3595     01D0  1803               	skipnc
  3596     01D1  0A81               	incf	1,f
  3597     01D2                     l1304:
  3598     01D2  0008               	return
  3599     01D3                     __end_of_fputc:
  3600                           
  3601                           	psect	text5
  3602     07E8                     __ptext5:	
  3603 ;; *************** function _putch *****************
  3604 ;; Defined at:
  3605 ;;		line 7 in file "c:\PROGRA~1\MICROC~1\xc8\v2.46\pic\sources\c99\common\putch.c"
  3606 ;; Parameters:    Size  Location     Type
  3607 ;;  c               1    wreg     unsigned char 
  3608 ;; Auto vars:     Size  Location     Type
  3609 ;;  c               1    0[COMMON] unsigned char 
  3610 ;; Return value:  Size  Location     Type
  3611 ;;                  1    wreg      void 
  3612 ;; Registers used:
  3613 ;;		wreg
  3614 ;; Tracked objects:
  3615 ;;		On entry : 0/0
  3616 ;;		On exit  : 0/0
  3617 ;;		Unchanged: 0/0
  3618 ;; Data sizes:     COMMON   BANK0   BANK1   BANK2   BANK3   BANK4   BANK5   BANK6
  3619 ;;      Params:         0       0       0       0       0       0       0       0
  3620 ;;      Locals:         0       0       0       0       0       0       0       0
  3621 ;;      Temps:          0       0       0       0       0       0       0       0
  3622 ;;      Totals:         0       0       0       0       0       0       0       0
  3623 ;;Total ram usage:        0 bytes
  3624 ;; Hardware stack levels used: 1
  3625 ;; Hardware stack levels required when called: 4
  3626 ;; This function calls:
  3627 ;;		Nothing
  3628 ;; This function is called by:
  3629 ;;		_fputc
  3630 ;; This function uses a non-reentrant model
  3631 ;;
  3632                           
  3633     07E8                     _putch:	
  3634                           ;psect for function _putch
  3635                           
  3636     07E8                     l1315:	
  3637                           ;incstack = 0
  3638                           ; Regs used in _putch: [wreg]
  3639                           
  3640     07E8  0008               	return
  3641     07E9                     __end_of_putch:
  3642                           
  3643                           	psect	text6
  3644     076D                     __ptext6:	
  3645 ;; *************** function _TMR1_SetInterruptHandler *****************
  3646 ;; Defined at:
  3647 ;;		line 171 in file "D:\yiming\00work\LCD_I2C\LCD_I2C.X\mcc_generated_files\tmr1.c"
  3648 ;; Parameters:    Size  Location     Type
  3649 ;;  InterruptHan    2    2[COMMON] PTR FTN()void 
  3650 ;;		 -> TMR1_10msEven(1), 
  3651 ;; Auto vars:     Size  Location     Type
  3652 ;;		None
  3653 ;; Return value:  Size  Location     Type
  3654 ;;                  1    wreg      void 
  3655 ;; Registers used:
  3656 ;;		wreg
  3657 ;; Tracked objects:
  3658 ;;		On entry : 0/0
  3659 ;;		On exit  : 0/0
  3660 ;;		Unchanged: 0/0
  3661 ;; Data sizes:     COMMON   BANK0   BANK1   BANK2   BANK3   BANK4   BANK5   BANK6
  3662 ;;      Params:         2       0       0       0       0       0       0       0
  3663 ;;      Locals:         0       0       0       0       0       0       0       0
  3664 ;;      Temps:          0       0       0       0       0       0       0       0
  3665 ;;      Totals:         2       0       0       0       0       0       0       0
  3666 ;;Total ram usage:        2 bytes
  3667 ;; Hardware stack levels used: 1
  3668 ;; Hardware stack levels required when called: 4
  3669 ;; This function calls:
  3670 ;;		Nothing
  3671 ;; This function is called by:
  3672 ;;		_main
  3673 ;; This function uses a non-reentrant model
  3674 ;;
  3675                           
  3676     076D                     _TMR1_SetInterruptHandler:	
  3677                           ;psect for function _TMR1_SetInterruptHandler
  3678                           
  3679     076D                     l2945:	
  3680                           ;incstack = 0
  3681                           ; Regs used in _TMR1_SetInterruptHandler: [wreg]
  3682                           
  3683                           
  3684                           ;D:\yiming\00work\LCD_I2C\LCD_I2C.X\mcc_generated_files\tmr1.c: 172:     TMR1_InterruptH
      +                          andler = InterruptHandler;
  3685     076D  0873               	movf	TMR1_SetInterruptHandler@InterruptHandler+1,w
  3686     076E  0020               	movlb	0	; select bank0
  3687     076F  00A9               	movwf	_TMR1_InterruptHandler+1
  3688     0770  0872               	movf	TMR1_SetInterruptHandler@InterruptHandler,w
  3689     0771  00A8               	movwf	_TMR1_InterruptHandler
  3690     0772                     l647:
  3691     0772  0008               	return
  3692     0773                     __end_of_TMR1_SetInterruptHandler:
  3693                           
  3694                           	psect	text7
  3695     0773                     __ptext7:	
  3696 ;; *************** function _TMR0_SetInterruptHandler *****************
  3697 ;; Defined at:
  3698 ;;		line 140 in file "D:\yiming\00work\LCD_I2C\LCD_I2C.X\mcc_generated_files\tmr0.c"
  3699 ;; Parameters:    Size  Location     Type
  3700 ;;  InterruptHan    2    2[COMMON] PTR FTN()void 
  3701 ;;		 -> TMR0_10msEven(1), 
  3702 ;; Auto vars:     Size  Location     Type
  3703 ;;		None
  3704 ;; Return value:  Size  Location     Type
  3705 ;;                  1    wreg      void 
  3706 ;; Registers used:
  3707 ;;		wreg
  3708 ;; Tracked objects:
  3709 ;;		On entry : 0/0
  3710 ;;		On exit  : 0/0
  3711 ;;		Unchanged: 0/0
  3712 ;; Data sizes:     COMMON   BANK0   BANK1   BANK2   BANK3   BANK4   BANK5   BANK6
  3713 ;;      Params:         2       0       0       0       0       0       0       0
  3714 ;;      Locals:         0       0       0       0       0       0       0       0
  3715 ;;      Temps:          0       0       0       0       0       0       0       0
  3716 ;;      Totals:         2       0       0       0       0       0       0       0
  3717 ;;Total ram usage:        2 bytes
  3718 ;; Hardware stack levels used: 1
  3719 ;; Hardware stack levels required when called: 4
  3720 ;; This function calls:
  3721 ;;		Nothing
  3722 ;; This function is called by:
  3723 ;;		_main
  3724 ;; This function uses a non-reentrant model
  3725 ;;
  3726                           
  3727     0773                     _TMR0_SetInterruptHandler:	
  3728                           ;psect for function _TMR0_SetInterruptHandler
  3729                           
  3730     0773                     l2943:	
  3731                           ;incstack = 0
  3732                           ; Regs used in _TMR0_SetInterruptHandler: [wreg]
  3733                           
  3734                           
  3735                           ;D:\yiming\00work\LCD_I2C\LCD_I2C.X\mcc_generated_files\tmr0.c: 141:     TMR0_InterruptH
      +                          andler = InterruptHandler;
  3736     0773  0873               	movf	TMR0_SetInterruptHandler@InterruptHandler+1,w
  3737     0774  0020               	movlb	0	; select bank0
  3738     0775  00AF               	movwf	_TMR0_InterruptHandler+1
  3739     0776  0872               	movf	TMR0_SetInterruptHandler@InterruptHandler,w
  3740     0777  00AE               	movwf	_TMR0_InterruptHandler
  3741     0778                     l594:
  3742     0778  0008               	return
  3743     0779                     __end_of_TMR0_SetInterruptHandler:
  3744                           
  3745                           	psect	text8
  3746     066D                     __ptext8:	
  3747 ;; *************** function _SYSTEM_Initialize *****************
  3748 ;; Defined at:
  3749 ;;		line 48 in file "D:\yiming\00work\LCD_I2C\LCD_I2C.X\mcc_generated_files\mcc.c"
  3750 ;; Parameters:    Size  Location     Type
  3751 ;;		None
  3752 ;; Auto vars:     Size  Location     Type
  3753 ;;		None
  3754 ;; Return value:  Size  Location     Type
  3755 ;;                  1    wreg      void 
  3756 ;; Registers used:
  3757 ;;		wreg, status,2, status,0, pclath, cstack
  3758 ;; Tracked objects:
  3759 ;;		On entry : 0/0
  3760 ;;		On exit  : 0/0
  3761 ;;		Unchanged: 0/0
  3762 ;; Data sizes:     COMMON   BANK0   BANK1   BANK2   BANK3   BANK4   BANK5   BANK6
  3763 ;;      Params:         0       0       0       0       0       0       0       0
  3764 ;;      Locals:         0       0       0       0       0       0       0       0
  3765 ;;      Temps:          0       0       0       0       0       0       0       0
  3766 ;;      Totals:         0       0       0       0       0       0       0       0
  3767 ;;Total ram usage:        0 bytes
  3768 ;; Hardware stack levels used: 1
  3769 ;; Hardware stack levels required when called: 5
  3770 ;; This function calls:
  3771 ;;		_I2C_Initialize
  3772 ;;		_OSCILLATOR_Initialize
  3773 ;;		_PIN_MANAGER_Initialize
  3774 ;;		_TMR0_Initialize
  3775 ;;		_TMR1_Initialize
  3776 ;;		_WDT_Initialize
  3777 ;; This function is called by:
  3778 ;;		_main
  3779 ;; This function uses a non-reentrant model
  3780 ;;
  3781                           
  3782     066D                     _SYSTEM_Initialize:	
  3783                           ;psect for function _SYSTEM_Initialize
  3784                           
  3785     066D                     l2941:	
  3786                           ;incstack = 0
  3787                           ; Regs used in _SYSTEM_Initialize: [wreg+status,2+status,0+pclath+cstack]
  3788                           
  3789                           
  3790                           ;D:\yiming\00work\LCD_I2C\LCD_I2C.X\mcc_generated_files\mcc.c: 50:   I2C_Initialize();
  3791     066D  3187  2740  3186   	fcall	_I2C_Initialize
  3792                           
  3793                           ;D:\yiming\00work\LCD_I2C\LCD_I2C.X\mcc_generated_files\mcc.c: 51:   PIN_MANAGER_Initial
      +                          ize();
  3794     0670  3185  25B5  3186   	fcall	_PIN_MANAGER_Initialize
  3795                           
  3796                           ;D:\yiming\00work\LCD_I2C\LCD_I2C.X\mcc_generated_files\mcc.c: 52:   OSCILLATOR_Initiali
      +                          ze();
  3797     0673  3187  2715  3186   	fcall	_OSCILLATOR_Initialize
  3798                           
  3799                           ;D:\yiming\00work\LCD_I2C\LCD_I2C.X\mcc_generated_files\mcc.c: 53:   WDT_Initialize();
  3800     0676  3187  27BC  3186   	fcall	_WDT_Initialize
  3801                           
  3802                           ;D:\yiming\00work\LCD_I2C\LCD_I2C.X\mcc_generated_files\mcc.c: 54:   TMR1_Initialize();
  3803     0679  3186  2691  3186   	fcall	_TMR1_Initialize
  3804                           
  3805                           ;D:\yiming\00work\LCD_I2C\LCD_I2C.X\mcc_generated_files\mcc.c: 55:   TMR0_Initialize();
  3806     067C  3186  26E1  3186   	fcall	_TMR0_Initialize
  3807     067F                     l514:
  3808     067F  0008               	return
  3809     0680                     __end_of_SYSTEM_Initialize:
  3810                           
  3811                           	psect	text9
  3812     07BC                     __ptext9:	
  3813 ;; *************** function _WDT_Initialize *****************
  3814 ;; Defined at:
  3815 ;;		line 70 in file "D:\yiming\00work\LCD_I2C\LCD_I2C.X\mcc_generated_files\mcc.c"
  3816 ;; Parameters:    Size  Location     Type
  3817 ;;		None
  3818 ;; Auto vars:     Size  Location     Type
  3819 ;;		None
  3820 ;; Return value:  Size  Location     Type
  3821 ;;                  1    wreg      void 
  3822 ;; Registers used:
  3823 ;;		wreg
  3824 ;; Tracked objects:
  3825 ;;		On entry : 0/0
  3826 ;;		On exit  : 0/0
  3827 ;;		Unchanged: 0/0
  3828 ;; Data sizes:     COMMON   BANK0   BANK1   BANK2   BANK3   BANK4   BANK5   BANK6
  3829 ;;      Params:         0       0       0       0       0       0       0       0
  3830 ;;      Locals:         0       0       0       0       0       0       0       0
  3831 ;;      Temps:          0       0       0       0       0       0       0       0
  3832 ;;      Totals:         0       0       0       0       0       0       0       0
  3833 ;;Total ram usage:        0 bytes
  3834 ;; Hardware stack levels used: 1
  3835 ;; Hardware stack levels required when called: 4
  3836 ;; This function calls:
  3837 ;;		Nothing
  3838 ;; This function is called by:
  3839 ;;		_SYSTEM_Initialize
  3840 ;; This function uses a non-reentrant model
  3841 ;;
  3842                           
  3843     07BC                     _WDT_Initialize:	
  3844                           ;psect for function _WDT_Initialize
  3845                           
  3846     07BC                     l2747:	
  3847                           ;incstack = 0
  3848                           ; Regs used in _WDT_Initialize: [wreg]
  3849                           
  3850                           
  3851                           ;D:\yiming\00work\LCD_I2C\LCD_I2C.X\mcc_generated_files\mcc.c: 72:   WDTCON = 0x16;
  3852     07BC  3016               	movlw	22
  3853     07BD  0021               	movlb	1	; select bank1
  3854     07BE  0097               	movwf	23	;volatile
  3855     07BF                     l523:
  3856     07BF  0008               	return
  3857     07C0                     __end_of_WDT_Initialize:
  3858                           
  3859                           	psect	text10
  3860     0691                     __ptext10:	
  3861 ;; *************** function _TMR1_Initialize *****************
  3862 ;; Defined at:
  3863 ;;		line 64 in file "D:\yiming\00work\LCD_I2C\LCD_I2C.X\mcc_generated_files\tmr1.c"
  3864 ;; Parameters:    Size  Location     Type
  3865 ;;		None
  3866 ;; Auto vars:     Size  Location     Type
  3867 ;;		None
  3868 ;; Return value:  Size  Location     Type
  3869 ;;                  1    wreg      void 
  3870 ;; Registers used:
  3871 ;;		wreg, status,2
  3872 ;; Tracked objects:
  3873 ;;		On entry : 0/0
  3874 ;;		On exit  : 0/0
  3875 ;;		Unchanged: 0/0
  3876 ;; Data sizes:     COMMON   BANK0   BANK1   BANK2   BANK3   BANK4   BANK5   BANK6
  3877 ;;      Params:         0       0       0       0       0       0       0       0
  3878 ;;      Locals:         0       0       0       0       0       0       0       0
  3879 ;;      Temps:          0       0       0       0       0       0       0       0
  3880 ;;      Totals:         0       0       0       0       0       0       0       0
  3881 ;;Total ram usage:        0 bytes
  3882 ;; Hardware stack levels used: 1
  3883 ;; Hardware stack levels required when called: 4
  3884 ;; This function calls:
  3885 ;;		Nothing
  3886 ;; This function is called by:
  3887 ;;		_SYSTEM_Initialize
  3888 ;; This function uses a non-reentrant model
  3889 ;;
  3890                           
  3891     0691                     _TMR1_Initialize:	
  3892                           ;psect for function _TMR1_Initialize
  3893                           
  3894     0691                     l2749:	
  3895                           ;incstack = 0
  3896                           ; Regs used in _TMR1_Initialize: [wreg+status,2]
  3897                           
  3898                           
  3899                           ;D:\yiming\00work\LCD_I2C\LCD_I2C.X\mcc_generated_files\tmr1.c: 69:     T1GCON = 0x00;
  3900     0691  0020               	movlb	0	; select bank0
  3901     0692  0199               	clrf	25	;volatile
  3902     0693                     l2751:
  3903                           
  3904                           ;D:\yiming\00work\LCD_I2C\LCD_I2C.X\mcc_generated_files\tmr1.c: 72:     TMR1H = 0x63;
  3905     0693  3063               	movlw	99
  3906     0694  0097               	movwf	23	;volatile
  3907     0695                     l2753:
  3908                           
  3909                           ;D:\yiming\00work\LCD_I2C\LCD_I2C.X\mcc_generated_files\tmr1.c: 75:     TMR1L = 0xC0;
  3910     0695  30C0               	movlw	192
  3911     0696  0096               	movwf	22	;volatile
  3912     0697                     l2755:
  3913                           
  3914                           ;D:\yiming\00work\LCD_I2C\LCD_I2C.X\mcc_generated_files\tmr1.c: 78:     PIR1bits.TMR1IF 
      +                          = 0;
  3915     0697  1011               	bcf	17,0	;volatile
  3916     0698                     l2757:
  3917                           
  3918                           ;D:\yiming\00work\LCD_I2C\LCD_I2C.X\mcc_generated_files\tmr1.c: 81:     timer1ReloadVal=
      +                          (uint16_t)((TMR1H << 8) | TMR1L);
  3919     0698  0817               	movf	23,w	;volatile
  3920     0699  00AB               	movwf	_timer1ReloadVal+1	;volatile
  3921     069A  0816               	movf	22,w	;volatile
  3922     069B  00AA               	movwf	_timer1ReloadVal	;volatile
  3923     069C                     l2759:
  3924                           
  3925                           ;D:\yiming\00work\LCD_I2C\LCD_I2C.X\mcc_generated_files\tmr1.c: 84:     PIE1bits.TMR1IE 
      +                          = 1;
  3926     069C  0021               	movlb	1	; select bank1
  3927     069D  1411               	bsf	17,0	;volatile
  3928     069E                     l2761:
  3929                           
  3930                           ;D:\yiming\00work\LCD_I2C\LCD_I2C.X\mcc_generated_files\tmr1.c: 90:     T1CON = 0x11;
  3931     069E  3011               	movlw	17
  3932     069F  0020               	movlb	0	; select bank0
  3933     06A0  0098               	movwf	24	;volatile
  3934     06A1                     l620:
  3935     06A1  0008               	return
  3936     06A2                     __end_of_TMR1_Initialize:
  3937                           
  3938                           	psect	text11
  3939     06E1                     __ptext11:	
  3940 ;; *************** function _TMR0_Initialize *****************
  3941 ;; Defined at:
  3942 ;;		line 64 in file "D:\yiming\00work\LCD_I2C\LCD_I2C.X\mcc_generated_files\tmr0.c"
  3943 ;; Parameters:    Size  Location     Type
  3944 ;;		None
  3945 ;; Auto vars:     Size  Location     Type
  3946 ;;		None
  3947 ;; Return value:  Size  Location     Type
  3948 ;;                  1    wreg      void 
  3949 ;; Registers used:
  3950 ;;		wreg, status,2
  3951 ;; Tracked objects:
  3952 ;;		On entry : 0/0
  3953 ;;		On exit  : 0/0
  3954 ;;		Unchanged: 0/0
  3955 ;; Data sizes:     COMMON   BANK0   BANK1   BANK2   BANK3   BANK4   BANK5   BANK6
  3956 ;;      Params:         0       0       0       0       0       0       0       0
  3957 ;;      Locals:         0       0       0       0       0       0       0       0
  3958 ;;      Temps:          0       0       0       0       0       0       0       0
  3959 ;;      Totals:         0       0       0       0       0       0       0       0
  3960 ;;Total ram usage:        0 bytes
  3961 ;; Hardware stack levels used: 1
  3962 ;; Hardware stack levels required when called: 4
  3963 ;; This function calls:
  3964 ;;		Nothing
  3965 ;; This function is called by:
  3966 ;;		_SYSTEM_Initialize
  3967 ;; This function uses a non-reentrant model
  3968 ;;
  3969                           
  3970     06E1                     _TMR0_Initialize:	
  3971                           ;psect for function _TMR0_Initialize
  3972                           
  3973     06E1                     l2763:	
  3974                           ;incstack = 0
  3975                           ; Regs used in _TMR0_Initialize: [wreg+status,2]
  3976                           
  3977                           
  3978                           ;D:\yiming\00work\LCD_I2C\LCD_I2C.X\mcc_generated_files\tmr0.c: 69:     OPTION_REG = (ui
      +                          nt8_t)((OPTION_REG & 0xC0) | (0xD7 & 0x3F));
  3979     06E1  0021               	movlb	1	; select bank1
  3980     06E2  0815               	movf	21,w	;volatile
  3981     06E3  39C0               	andlw	192
  3982     06E4  3817               	iorlw	23
  3983     06E5  0095               	movwf	21	;volatile
  3984     06E6                     l2765:
  3985                           
  3986                           ;D:\yiming\00work\LCD_I2C\LCD_I2C.X\mcc_generated_files\tmr0.c: 72:     TMR0 = 0x64;
  3987     06E6  3064               	movlw	100
  3988     06E7  0020               	movlb	0	; select bank0
  3989     06E8  0095               	movwf	21	;volatile
  3990     06E9                     l2767:
  3991                           
  3992                           ;D:\yiming\00work\LCD_I2C\LCD_I2C.X\mcc_generated_files\tmr0.c: 75:     timer0ReloadVal=
      +                           100;
  3993     06E9  3064               	movlw	100
  3994     06EA  00FA               	movwf	_timer0ReloadVal	;volatile
  3995     06EB                     l2769:
  3996                           
  3997                           ;D:\yiming\00work\LCD_I2C\LCD_I2C.X\mcc_generated_files\tmr0.c: 78:     INTCONbits.TMR0I
      +                          F = 0;
  3998     06EB  110B               	bcf	11,2	;volatile
  3999     06EC                     l2771:
  4000                           
  4001                           ;D:\yiming\00work\LCD_I2C\LCD_I2C.X\mcc_generated_files\tmr0.c: 81:     INTCONbits.TMR0I
      +                          E = 1;
  4002     06EC  168B               	bsf	11,5	;volatile
  4003     06ED                     l572:
  4004     06ED  0008               	return
  4005     06EE                     __end_of_TMR0_Initialize:
  4006                           
  4007                           	psect	text12
  4008     05B5                     __ptext12:	
  4009 ;; *************** function _PIN_MANAGER_Initialize *****************
  4010 ;; Defined at:
  4011 ;;		line 55 in file "D:\yiming\00work\LCD_I2C\LCD_I2C.X\mcc_generated_files\pin_manager.c"
  4012 ;; Parameters:    Size  Location     Type
  4013 ;;		None
  4014 ;; Auto vars:     Size  Location     Type
  4015 ;;		None
  4016 ;; Return value:  Size  Location     Type
  4017 ;;                  1    wreg      void 
  4018 ;; Registers used:
  4019 ;;		wreg, status,2
  4020 ;; Tracked objects:
  4021 ;;		On entry : 0/0
  4022 ;;		On exit  : 0/0
  4023 ;;		Unchanged: 0/0
  4024 ;; Data sizes:     COMMON   BANK0   BANK1   BANK2   BANK3   BANK4   BANK5   BANK6
  4025 ;;      Params:         0       0       0       0       0       0       0       0
  4026 ;;      Locals:         0       0       0       0       0       0       0       0
  4027 ;;      Temps:          0       0       0       0       0       0       0       0
  4028 ;;      Totals:         0       0       0       0       0       0       0       0
  4029 ;;Total ram usage:        0 bytes
  4030 ;; Hardware stack levels used: 1
  4031 ;; Hardware stack levels required when called: 4
  4032 ;; This function calls:
  4033 ;;		Nothing
  4034 ;; This function is called by:
  4035 ;;		_SYSTEM_Initialize
  4036 ;; This function uses a non-reentrant model
  4037 ;;
  4038                           
  4039     05B5                     _PIN_MANAGER_Initialize:	
  4040                           ;psect for function _PIN_MANAGER_Initialize
  4041                           
  4042     05B5                     l2723:	
  4043                           ;incstack = 0
  4044                           ; Regs used in _PIN_MANAGER_Initialize: [wreg+status,2]
  4045                           
  4046                           
  4047                           ;D:\yiming\00work\LCD_I2C\LCD_I2C.X\mcc_generated_files\pin_manager.c: 60:     LATE = 0x
      +                          00;
  4048     05B5  0022               	movlb	2	; select bank2
  4049     05B6  0190               	clrf	16	;volatile
  4050                           
  4051                           ;D:\yiming\00work\LCD_I2C\LCD_I2C.X\mcc_generated_files\pin_manager.c: 61:     LATA = 0x
      +                          00;
  4052     05B7  018C               	clrf	12	;volatile
  4053                           
  4054                           ;D:\yiming\00work\LCD_I2C\LCD_I2C.X\mcc_generated_files\pin_manager.c: 62:     LATB = 0x
      +                          00;
  4055     05B8  018D               	clrf	13	;volatile
  4056                           
  4057                           ;D:\yiming\00work\LCD_I2C\LCD_I2C.X\mcc_generated_files\pin_manager.c: 63:     LATC = 0x
      +                          00;
  4058     05B9  018E               	clrf	14	;volatile
  4059     05BA                     l2725:
  4060                           
  4061                           ;D:\yiming\00work\LCD_I2C\LCD_I2C.X\mcc_generated_files\pin_manager.c: 68:     TRISE = 0
      +                          x08;
  4062     05BA  3008               	movlw	8
  4063     05BB  0021               	movlb	1	; select bank1
  4064     05BC  0090               	movwf	16	;volatile
  4065     05BD                     l2727:
  4066                           
  4067                           ;D:\yiming\00work\LCD_I2C\LCD_I2C.X\mcc_generated_files\pin_manager.c: 69:     TRISA = 0
      +                          xFF;
  4068     05BD  30FF               	movlw	255
  4069     05BE  008C               	movwf	12	;volatile
  4070     05BF                     l2729:
  4071                           
  4072                           ;D:\yiming\00work\LCD_I2C\LCD_I2C.X\mcc_generated_files\pin_manager.c: 70:     TRISB = 0
      +                          xFF;
  4073     05BF  30FF               	movlw	255
  4074     05C0  008D               	movwf	13	;volatile
  4075     05C1                     l2731:
  4076                           
  4077                           ;D:\yiming\00work\LCD_I2C\LCD_I2C.X\mcc_generated_files\pin_manager.c: 71:     TRISC = 0
      +                          xFC;
  4078     05C1  30FC               	movlw	252
  4079     05C2  008E               	movwf	14	;volatile
  4080                           
  4081                           ;D:\yiming\00work\LCD_I2C\LCD_I2C.X\mcc_generated_files\pin_manager.c: 76:     ANSELB = 
      +                          0x00;
  4082     05C3  0023               	movlb	3	; select bank3
  4083     05C4  018D               	clrf	13	;volatile
  4084     05C5                     l2733:
  4085                           
  4086                           ;D:\yiming\00work\LCD_I2C\LCD_I2C.X\mcc_generated_files\pin_manager.c: 77:     ANSELA = 
      +                          0x3F;
  4087     05C5  303F               	movlw	63
  4088     05C6  008C               	movwf	12	;volatile
  4089     05C7                     l2735:
  4090                           
  4091                           ;D:\yiming\00work\LCD_I2C\LCD_I2C.X\mcc_generated_files\pin_manager.c: 82:     WPUE = 0x
      +                          00;
  4092     05C7  0024               	movlb	4	; select bank4
  4093     05C8  0190               	clrf	16	;volatile
  4094                           
  4095                           ;D:\yiming\00work\LCD_I2C\LCD_I2C.X\mcc_generated_files\pin_manager.c: 83:     WPUB = 0x
      +                          3F;
  4096     05C9  303F               	movlw	63
  4097     05CA  008D               	movwf	13	;volatile
  4098     05CB                     l2737:
  4099                           
  4100                           ;D:\yiming\00work\LCD_I2C\LCD_I2C.X\mcc_generated_files\pin_manager.c: 84:     OPTION_RE
      +                          Gbits.nWPUEN = 0;
  4101     05CB  0021               	movlb	1	; select bank1
  4102     05CC  1395               	bcf	21,7	;volatile
  4103     05CD                     l2739:
  4104                           
  4105                           ;D:\yiming\00work\LCD_I2C\LCD_I2C.X\mcc_generated_files\pin_manager.c: 90:     APFCON = 
      +                          0x00;
  4106     05CD  0022               	movlb	2	; select bank2
  4107     05CE  019D               	clrf	29	;volatile
  4108     05CF                     l554:
  4109     05CF  0008               	return
  4110     05D0                     __end_of_PIN_MANAGER_Initialize:
  4111                           
  4112                           	psect	text13
  4113     0715                     __ptext13:	
  4114 ;; *************** function _OSCILLATOR_Initialize *****************
  4115 ;; Defined at:
  4116 ;;		line 58 in file "D:\yiming\00work\LCD_I2C\LCD_I2C.X\mcc_generated_files\mcc.c"
  4117 ;; Parameters:    Size  Location     Type
  4118 ;;		None
  4119 ;; Auto vars:     Size  Location     Type
  4120 ;;		None
  4121 ;; Return value:  Size  Location     Type
  4122 ;;                  1    wreg      void 
  4123 ;; Registers used:
  4124 ;;		wreg, status,2
  4125 ;; Tracked objects:
  4126 ;;		On entry : 0/0
  4127 ;;		On exit  : 0/0
  4128 ;;		Unchanged: 0/0
  4129 ;; Data sizes:     COMMON   BANK0   BANK1   BANK2   BANK3   BANK4   BANK5   BANK6
  4130 ;;      Params:         0       0       0       0       0       0       0       0
  4131 ;;      Locals:         0       0       0       0       0       0       0       0
  4132 ;;      Temps:          0       0       0       0       0       0       0       0
  4133 ;;      Totals:         0       0       0       0       0       0       0       0
  4134 ;;Total ram usage:        0 bytes
  4135 ;; Hardware stack levels used: 1
  4136 ;; Hardware stack levels required when called: 4
  4137 ;; This function calls:
  4138 ;;		Nothing
  4139 ;; This function is called by:
  4140 ;;		_SYSTEM_Initialize
  4141 ;; This function uses a non-reentrant model
  4142 ;;
  4143                           
  4144     0715                     _OSCILLATOR_Initialize:	
  4145                           ;psect for function _OSCILLATOR_Initialize
  4146                           
  4147     0715                     l2741:	
  4148                           ;incstack = 0
  4149                           ; Regs used in _OSCILLATOR_Initialize: [wreg+status,2]
  4150                           
  4151                           
  4152                           ;D:\yiming\00work\LCD_I2C\LCD_I2C.X\mcc_generated_files\mcc.c: 60:   OSCCON = 0x70;
  4153     0715  3070               	movlw	112
  4154     0716  0021               	movlb	1	; select bank1
  4155     0717  0099               	movwf	25	;volatile
  4156     0718                     l2743:
  4157                           
  4158                           ;D:\yiming\00work\LCD_I2C\LCD_I2C.X\mcc_generated_files\mcc.c: 62:   OSCTUNE = 0x00;
  4159     0718  0198               	clrf	24	;volatile
  4160     0719                     l2745:
  4161                           
  4162                           ;D:\yiming\00work\LCD_I2C\LCD_I2C.X\mcc_generated_files\mcc.c: 64:   BORCON = 0x00;
  4163     0719  0022               	movlb	2	; select bank2
  4164     071A  0196               	clrf	22	;volatile
  4165     071B                     l517:	
  4166                           ;D:\yiming\00work\LCD_I2C\LCD_I2C.X\mcc_generated_files\mcc.c: 67:   }
  4167                           
  4168                           
  4169                           ;D:\yiming\00work\LCD_I2C\LCD_I2C.X\mcc_generated_files\mcc.c: 66:   while (PLLR == 0) {
  4170     071B  0021               	movlb	1	; select bank1
  4171     071C  1F1A               	btfss	26,6	;volatile
  4172     071D  2F1F               	goto	u1001
  4173     071E  2F20               	goto	u1000
  4174     071F                     u1001:
  4175     071F  2F1B               	goto	l517
  4176     0720                     u1000:
  4177     0720                     l520:
  4178     0720  0008               	return
  4179     0721                     __end_of_OSCILLATOR_Initialize:
  4180                           
  4181                           	psect	text14
  4182     0740                     __ptext14:	
  4183 ;; *************** function _I2C_Initialize *****************
  4184 ;; Defined at:
  4185 ;;		line 167 in file "D:\yiming\00work\LCD_I2C\LCD_I2C.X\mcc_generated_files\i2c_master.c"
  4186 ;; Parameters:    Size  Location     Type
  4187 ;;		None
  4188 ;; Auto vars:     Size  Location     Type
  4189 ;;		None
  4190 ;; Return value:  Size  Location     Type
  4191 ;;                  1    wreg      void 
  4192 ;; Registers used:
  4193 ;;		wreg, status,2
  4194 ;; Tracked objects:
  4195 ;;		On entry : 0/0
  4196 ;;		On exit  : 0/0
  4197 ;;		Unchanged: 0/0
  4198 ;; Data sizes:     COMMON   BANK0   BANK1   BANK2   BANK3   BANK4   BANK5   BANK6
  4199 ;;      Params:         0       0       0       0       0       0       0       0
  4200 ;;      Locals:         0       0       0       0       0       0       0       0
  4201 ;;      Temps:          0       0       0       0       0       0       0       0
  4202 ;;      Totals:         0       0       0       0       0       0       0       0
  4203 ;;Total ram usage:        0 bytes
  4204 ;; Hardware stack levels used: 1
  4205 ;; Hardware stack levels required when called: 4
  4206 ;; This function calls:
  4207 ;;		Nothing
  4208 ;; This function is called by:
  4209 ;;		_SYSTEM_Initialize
  4210 ;; This function uses a non-reentrant model
  4211 ;;
  4212                           
  4213     0740                     _I2C_Initialize:	
  4214                           ;psect for function _I2C_Initialize
  4215                           
  4216     0740                     l2715:	
  4217                           ;incstack = 0
  4218                           ; Regs used in _I2C_Initialize: [wreg+status,2]
  4219                           
  4220                           
  4221                           ;D:\yiming\00work\LCD_I2C\LCD_I2C.X\mcc_generated_files\i2c_master.c: 169:     SSPSTAT =
      +                           0x00;
  4222     0740  0024               	movlb	4	; select bank4
  4223     0741  0194               	clrf	20	;volatile
  4224     0742                     l2717:
  4225                           
  4226                           ;D:\yiming\00work\LCD_I2C\LCD_I2C.X\mcc_generated_files\i2c_master.c: 170:     SSPCON1 =
      +                           0x08;
  4227     0742  3008               	movlw	8
  4228     0743  0095               	movwf	21	;volatile
  4229     0744                     l2719:
  4230                           
  4231                           ;D:\yiming\00work\LCD_I2C\LCD_I2C.X\mcc_generated_files\i2c_master.c: 171:     SSPCON2 =
      +                           0x00;
  4232     0744  0196               	clrf	22	;volatile
  4233                           
  4234                           ;D:\yiming\00work\LCD_I2C\LCD_I2C.X\mcc_generated_files\i2c_master.c: 172:     SSPADD = 
      +                          0x4F;
  4235     0745  304F               	movlw	79
  4236     0746  0092               	movwf	18	;volatile
  4237     0747                     l2721:
  4238                           
  4239                           ;D:\yiming\00work\LCD_I2C\LCD_I2C.X\mcc_generated_files\i2c_master.c: 173:     SSPCON1bi
      +                          ts.SSPEN = 0;
  4240     0747  1295               	bcf	21,5	;volatile
  4241     0748                     l288:
  4242     0748  0008               	return
  4243     0749                     __end_of_I2C_Initialize:
  4244                           
  4245                           	psect	text15
  4246     0061                     __ptext15:	
  4247 ;; *************** function _RelayControl_Init *****************
  4248 ;; Defined at:
  4249 ;;		line 17 in file "D:\yiming\00work\LCD_I2C\LCD_I2C.X\RelayControl.c"
  4250 ;; Parameters:    Size  Location     Type
  4251 ;;		None
  4252 ;; Auto vars:     Size  Location     Type
  4253 ;;  temp            2    0[BANK0 ] unsigned short 
  4254 ;; Return value:  Size  Location     Type
  4255 ;;                  1    wreg      void 
  4256 ;; Registers used:
  4257 ;;		wreg, status,2, status,0, pclath, cstack
  4258 ;; Tracked objects:
  4259 ;;		On entry : 0/0
  4260 ;;		On exit  : 0/0
  4261 ;;		Unchanged: 0/0
  4262 ;; Data sizes:     COMMON   BANK0   BANK1   BANK2   BANK3   BANK4   BANK5   BANK6
  4263 ;;      Params:         0       0       0       0       0       0       0       0
  4264 ;;      Locals:         0       2       0       0       0       0       0       0
  4265 ;;      Temps:          0       0       0       0       0       0       0       0
  4266 ;;      Totals:         0       2       0       0       0       0       0       0
  4267 ;;Total ram usage:        2 bytes
  4268 ;; Hardware stack levels used: 1
  4269 ;; Hardware stack levels required when called: 5
  4270 ;; This function calls:
  4271 ;;		___lwdiv
  4272 ;;		___lwmod
  4273 ;;		___wmul
  4274 ;; This function is called by:
  4275 ;;		_main
  4276 ;; This function uses a non-reentrant model
  4277 ;;
  4278                           
  4279     0061                     _RelayControl_Init:	
  4280                           ;psect for function _RelayControl_Init
  4281                           
  4282     0061                     l3501:	
  4283                           ;incstack = 0
  4284                           ; Regs used in _RelayControl_Init: [wreg+status,2+status,0+pclath+cstack]
  4285                           
  4286     0061                     l3503:
  4287                           
  4288                           ;D:\yiming\00work\LCD_I2C\LCD_I2C.X\RelayControl.c: 19:   RelayMode = e_1S;
  4289     0061  0020               	movlb	0	; select bank0
  4290     0062  01CA               	clrf	_RelayMode
  4291     0063  0ACA               	incf	_RelayMode,f
  4292     0064                     l3505:
  4293                           
  4294                           ;D:\yiming\00work\LCD_I2C\LCD_I2C.X\RelayControl.c: 21:   SetTimer1_digi1 = (uint8_t)(Se
      +                          tTimer1_cnt / 100);
  4295     0064  01FB               	clrf	_SetTimer1_digi1
  4296     0065  0AFB               	incf	_SetTimer1_digi1,f
  4297     0066                     l3507:
  4298                           
  4299                           ;D:\yiming\00work\LCD_I2C\LCD_I2C.X\RelayControl.c: 22:   temp = SetTimer1_digi1;
  4300     0066  3001               	movlw	1
  4301     0067  00CB               	movwf	RelayControl_Init@temp
  4302     0068  3000               	movlw	0
  4303     0069  00CC               	movwf	RelayControl_Init@temp+1
  4304     006A                     l3509:
  4305                           
  4306                           ;D:\yiming\00work\LCD_I2C\LCD_I2C.X\RelayControl.c: 23:   temp = SetTimer1_cnt - (100 * 
      +                          temp);
  4307     006A  084C               	movf	RelayControl_Init@temp+1,w
  4308     006B  00F3               	movwf	___wmul@multiplier+1
  4309     006C  084B               	movf	RelayControl_Init@temp,w
  4310     006D  00F2               	movwf	___wmul@multiplier
  4311     006E  309C               	movlw	156
  4312     006F  00F4               	movwf	___wmul@multiplicand
  4313     0070  30FF               	movlw	255
  4314     0071  00F5               	movwf	___wmul@multiplicand+1
  4315     0072  3185  255C  3180   	fcall	___wmul
  4316     0075  0872               	movf	?___wmul,w
  4317     0076  3E64               	addlw	100
  4318     0077  0020               	movlb	0	; select bank0
  4319     0078  00CB               	movwf	RelayControl_Init@temp
  4320     0079  3000               	movlw	0
  4321     007A  3D73               	addwfc	?___wmul+1,w
  4322     007B  00CC               	movwf	RelayControl_Init@temp+1
  4323     007C                     l3511:
  4324                           
  4325                           ;D:\yiming\00work\LCD_I2C\LCD_I2C.X\RelayControl.c: 24:   SetTimer1_digi2 = (uint8_t)(te
      +                          mp / 10);
  4326     007C  300A               	movlw	10
  4327     007D  00F2               	movwf	___lwdiv@divisor
  4328     007E  3000               	movlw	0
  4329     007F  00F3               	movwf	___lwdiv@divisor+1
  4330     0080  084C               	movf	RelayControl_Init@temp+1,w
  4331     0081  00F5               	movwf	___lwdiv@dividend+1
  4332     0082  084B               	movf	RelayControl_Init@temp,w
  4333     0083  00F4               	movwf	___lwdiv@dividend
  4334     0084  3182  22EE  3180   	fcall	___lwdiv
  4335     0087  0872               	movf	?___lwdiv,w
  4336     0088  0020               	movlb	0	; select bank0
  4337     0089  00C9               	movwf	_SetTimer1_digi2
  4338     008A                     l3513:
  4339                           
  4340                           ;D:\yiming\00work\LCD_I2C\LCD_I2C.X\RelayControl.c: 25:   SetTimer1_digi3 = (uint8_t)(te
      +                          mp % 10);
  4341     008A  300A               	movlw	10
  4342     008B  00F2               	movwf	___lwmod@divisor
  4343     008C  3000               	movlw	0
  4344     008D  00F3               	movwf	___lwmod@divisor+1
  4345     008E  084C               	movf	RelayControl_Init@temp+1,w
  4346     008F  00F5               	movwf	___lwmod@dividend+1
  4347     0090  084B               	movf	RelayControl_Init@temp,w
  4348     0091  00F4               	movwf	___lwmod@dividend
  4349     0092  3183  2396  3180   	fcall	___lwmod
  4350     0095  0872               	movf	?___lwmod,w
  4351     0096  0020               	movlb	0	; select bank0
  4352     0097  00C8               	movwf	_SetTimer1_digi3
  4353     0098                     l3515:
  4354                           
  4355                           ;D:\yiming\00work\LCD_I2C\LCD_I2C.X\RelayControl.c: 27:   SetTimer2_digi1 = SetTimer2_cn
      +                          t / 100;
  4356     0098  01E8               	clrf	_SetTimer2_digi1
  4357     0099  0AE8               	incf	_SetTimer2_digi1,f
  4358     009A                     l3517:
  4359                           
  4360                           ;D:\yiming\00work\LCD_I2C\LCD_I2C.X\RelayControl.c: 28:   temp = SetTimer2_digi1;
  4361     009A  3001               	movlw	1
  4362     009B  00CB               	movwf	RelayControl_Init@temp
  4363     009C  3000               	movlw	0
  4364     009D  00CC               	movwf	RelayControl_Init@temp+1
  4365     009E                     l3519:
  4366                           
  4367                           ;D:\yiming\00work\LCD_I2C\LCD_I2C.X\RelayControl.c: 29:   temp = SetTimer2_cnt - (100 * 
      +                          temp);
  4368     009E  084C               	movf	RelayControl_Init@temp+1,w
  4369     009F  00F3               	movwf	___wmul@multiplier+1
  4370     00A0  084B               	movf	RelayControl_Init@temp,w
  4371     00A1  00F2               	movwf	___wmul@multiplier
  4372     00A2  309C               	movlw	156
  4373     00A3  00F4               	movwf	___wmul@multiplicand
  4374     00A4  30FF               	movlw	255
  4375     00A5  00F5               	movwf	___wmul@multiplicand+1
  4376     00A6  3185  255C  3180   	fcall	___wmul
  4377     00A9  0872               	movf	?___wmul,w
  4378     00AA  3E64               	addlw	100
  4379     00AB  0020               	movlb	0	; select bank0
  4380     00AC  00CB               	movwf	RelayControl_Init@temp
  4381     00AD  3000               	movlw	0
  4382     00AE  3D73               	addwfc	?___wmul+1,w
  4383     00AF  00CC               	movwf	RelayControl_Init@temp+1
  4384     00B0                     l3521:
  4385                           
  4386                           ;D:\yiming\00work\LCD_I2C\LCD_I2C.X\RelayControl.c: 30:   SetTimer2_digi2 = temp / 10;
  4387     00B0  300A               	movlw	10
  4388     00B1  00F2               	movwf	___lwdiv@divisor
  4389     00B2  3000               	movlw	0
  4390     00B3  00F3               	movwf	___lwdiv@divisor+1
  4391     00B4  084C               	movf	RelayControl_Init@temp+1,w
  4392     00B5  00F5               	movwf	___lwdiv@dividend+1
  4393     00B6  084B               	movf	RelayControl_Init@temp,w
  4394     00B7  00F4               	movwf	___lwdiv@dividend
  4395     00B8  3182  22EE  3180   	fcall	___lwdiv
  4396     00BB  0872               	movf	?___lwdiv,w
  4397     00BC  0020               	movlb	0	; select bank0
  4398     00BD  00C7               	movwf	_SetTimer2_digi2
  4399     00BE                     l3523:
  4400                           
  4401                           ;D:\yiming\00work\LCD_I2C\LCD_I2C.X\RelayControl.c: 31:   SetTimer2_digi3 = temp % 10;
  4402     00BE  300A               	movlw	10
  4403     00BF  00F2               	movwf	___lwmod@divisor
  4404     00C0  3000               	movlw	0
  4405     00C1  00F3               	movwf	___lwmod@divisor+1
  4406     00C2  084C               	movf	RelayControl_Init@temp+1,w
  4407     00C3  00F5               	movwf	___lwmod@dividend+1
  4408     00C4  084B               	movf	RelayControl_Init@temp,w
  4409     00C5  00F4               	movwf	___lwmod@dividend
  4410     00C6  3183  2396  3180   	fcall	___lwmod
  4411     00C9  0872               	movf	?___lwmod,w
  4412     00CA  0020               	movlb	0	; select bank0
  4413     00CB  00C6               	movwf	_SetTimer2_digi3
  4414     00CC                     l65:
  4415     00CC  0008               	return
  4416     00CD                     __end_of_RelayControl_Init:
  4417                           
  4418                           	psect	text16
  4419     055C                     __ptext16:	
  4420 ;; *************** function ___wmul *****************
  4421 ;; Defined at:
  4422 ;;		line 15 in file "c:\PROGRA~1\MICROC~1\xc8\v2.46\pic\sources\c99\common\Umul16.c"
  4423 ;; Parameters:    Size  Location     Type
  4424 ;;  multiplier      2    2[COMMON] unsigned int 
  4425 ;;  multiplicand    2    4[COMMON] unsigned int 
  4426 ;; Auto vars:     Size  Location     Type
  4427 ;;  product         2    6[COMMON] unsigned int 
  4428 ;; Return value:  Size  Location     Type
  4429 ;;                  2    2[COMMON] unsigned int 
  4430 ;; Registers used:
  4431 ;;		wreg, status,2, status,0
  4432 ;; Tracked objects:
  4433 ;;		On entry : 0/0
  4434 ;;		On exit  : 0/0
  4435 ;;		Unchanged: 0/0
  4436 ;; Data sizes:     COMMON   BANK0   BANK1   BANK2   BANK3   BANK4   BANK5   BANK6
  4437 ;;      Params:         4       0       0       0       0       0       0       0
  4438 ;;      Locals:         2       0       0       0       0       0       0       0
  4439 ;;      Temps:          0       0       0       0       0       0       0       0
  4440 ;;      Totals:         6       0       0       0       0       0       0       0
  4441 ;;Total ram usage:        6 bytes
  4442 ;; Hardware stack levels used: 1
  4443 ;; Hardware stack levels required when called: 4
  4444 ;; This function calls:
  4445 ;;		Nothing
  4446 ;; This function is called by:
  4447 ;;		_RelayControl_Init
  4448 ;; This function uses a non-reentrant model
  4449 ;;
  4450                           
  4451     055C                     ___wmul:	
  4452                           ;psect for function ___wmul
  4453                           
  4454     055C                     l3429:	
  4455                           ;incstack = 0
  4456                           ; Regs used in ___wmul: [wreg+status,2+status,0]
  4457                           
  4458     055C  01F6               	clrf	___wmul@product
  4459     055D  01F7               	clrf	___wmul@product+1
  4460     055E                     l3431:
  4461     055E  1C72               	btfss	___wmul@multiplier,0
  4462     055F  2D61               	goto	u1621
  4463     0560  2D62               	goto	u1620
  4464     0561                     u1621:
  4465     0561  2D66               	goto	l800
  4466     0562                     u1620:
  4467     0562                     l3433:
  4468     0562  0874               	movf	___wmul@multiplicand,w
  4469     0563  07F6               	addwf	___wmul@product,f
  4470     0564  0875               	movf	___wmul@multiplicand+1,w
  4471     0565  3DF7               	addwfc	___wmul@product+1,f
  4472     0566                     l800:
  4473     0566  3001               	movlw	1
  4474     0567                     u1635:
  4475     0567  35F4               	lslf	___wmul@multiplicand,f
  4476     0568  0DF5               	rlf	___wmul@multiplicand+1,f
  4477     0569  0B89               	decfsz	9,f
  4478     056A  2D67               	goto	u1635
  4479     056B                     l3435:
  4480     056B  3001               	movlw	1
  4481     056C                     u1645:
  4482     056C  36F3               	lsrf	___wmul@multiplier+1,f
  4483     056D  0CF2               	rrf	___wmul@multiplier,f
  4484     056E  0B89               	decfsz	9,f
  4485     056F  2D6C               	goto	u1645
  4486     0570                     l3437:
  4487     0570  0872               	movf	___wmul@multiplier,w
  4488     0571  0473               	iorwf	___wmul@multiplier+1,w
  4489     0572  1D03               	btfss	3,2
  4490     0573  2D75               	goto	u1651
  4491     0574  2D76               	goto	u1650
  4492     0575                     u1651:
  4493     0575  2D5E               	goto	l3431
  4494     0576                     u1650:
  4495     0576                     l3439:
  4496     0576  0877               	movf	___wmul@product+1,w
  4497     0577  00F3               	movwf	?___wmul+1
  4498     0578  0876               	movf	___wmul@product,w
  4499     0579  00F2               	movwf	?___wmul
  4500     057A                     l802:
  4501     057A  0008               	return
  4502     057B                     __end_of___wmul:
  4503                           
  4504                           	psect	text17
  4505     0396                     __ptext17:	
  4506 ;; *************** function ___lwmod *****************
  4507 ;; Defined at:
  4508 ;;		line 5 in file "c:\PROGRA~1\MICROC~1\xc8\v2.46\pic\sources\c99\common\lwmod.c"
  4509 ;; Parameters:    Size  Location     Type
  4510 ;;  divisor         2    2[COMMON] unsigned int 
  4511 ;;  dividend        2    4[COMMON] unsigned int 
  4512 ;; Auto vars:     Size  Location     Type
  4513 ;;  counter         1    7[COMMON] unsigned char 
  4514 ;; Return value:  Size  Location     Type
  4515 ;;                  2    2[COMMON] unsigned int 
  4516 ;; Registers used:
  4517 ;;		wreg, status,2, status,0
  4518 ;; Tracked objects:
  4519 ;;		On entry : 0/0
  4520 ;;		On exit  : 0/0
  4521 ;;		Unchanged: 0/0
  4522 ;; Data sizes:     COMMON   BANK0   BANK1   BANK2   BANK3   BANK4   BANK5   BANK6
  4523 ;;      Params:         4       0       0       0       0       0       0       0
  4524 ;;      Locals:         1       0       0       0       0       0       0       0
  4525 ;;      Temps:          1       0       0       0       0       0       0       0
  4526 ;;      Totals:         6       0       0       0       0       0       0       0
  4527 ;;Total ram usage:        6 bytes
  4528 ;; Hardware stack levels used: 1
  4529 ;; Hardware stack levels required when called: 4
  4530 ;; This function calls:
  4531 ;;		Nothing
  4532 ;; This function is called by:
  4533 ;;		_RelayControl_Init
  4534 ;; This function uses a non-reentrant model
  4535 ;;
  4536                           
  4537     0396                     ___lwmod:	
  4538                           ;psect for function ___lwmod
  4539                           
  4540     0396                     l3469:	
  4541                           ;incstack = 0
  4542                           ; Regs used in ___lwmod: [wreg+status,2+status,0]
  4543                           
  4544     0396  0872               	movf	___lwmod@divisor,w
  4545     0397  0473               	iorwf	___lwmod@divisor+1,w
  4546     0398  1903               	btfsc	3,2
  4547     0399  2B9B               	goto	u1731
  4548     039A  2B9C               	goto	u1730
  4549     039B                     u1731:
  4550     039B  2BC5               	goto	l3487
  4551     039C                     u1730:
  4552     039C                     l3471:
  4553     039C  01F7               	clrf	___lwmod@counter
  4554     039D  0AF7               	incf	___lwmod@counter,f
  4555     039E  2BA8               	goto	l3477
  4556     039F                     l3473:
  4557     039F  3001               	movlw	1
  4558     03A0                     u1745:
  4559     03A0  35F2               	lslf	___lwmod@divisor,f
  4560     03A1  0DF3               	rlf	___lwmod@divisor+1,f
  4561     03A2  0B89               	decfsz	9,f
  4562     03A3  2BA0               	goto	u1745
  4563     03A4                     l3475:
  4564     03A4  3001               	movlw	1
  4565     03A5  00F6               	movwf	??___lwmod
  4566     03A6  0876               	movf	??___lwmod,w
  4567     03A7  07F7               	addwf	___lwmod@counter,f
  4568     03A8                     l3477:
  4569     03A8  1FF3               	btfss	___lwmod@divisor+1,7
  4570     03A9  2BAB               	goto	u1751
  4571     03AA  2BAC               	goto	u1750
  4572     03AB                     u1751:
  4573     03AB  2B9F               	goto	l3473
  4574     03AC                     u1750:
  4575     03AC                     l3479:
  4576     03AC  0873               	movf	___lwmod@divisor+1,w
  4577     03AD  0275               	subwf	___lwmod@dividend+1,w
  4578     03AE  1D03               	skipz
  4579     03AF  2BB2               	goto	u1765
  4580     03B0  0872               	movf	___lwmod@divisor,w
  4581     03B1  0274               	subwf	___lwmod@dividend,w
  4582     03B2                     u1765:
  4583     03B2  1C03               	skipc
  4584     03B3  2BB5               	goto	u1761
  4585     03B4  2BB6               	goto	u1760
  4586     03B5                     u1761:
  4587     03B5  2BBA               	goto	l3483
  4588     03B6                     u1760:
  4589     03B6                     l3481:
  4590     03B6  0872               	movf	___lwmod@divisor,w
  4591     03B7  02F4               	subwf	___lwmod@dividend,f
  4592     03B8  0873               	movf	___lwmod@divisor+1,w
  4593     03B9  3BF5               	subwfb	___lwmod@dividend+1,f
  4594     03BA                     l3483:
  4595     03BA  3001               	movlw	1
  4596     03BB                     u1775:
  4597     03BB  36F3               	lsrf	___lwmod@divisor+1,f
  4598     03BC  0CF2               	rrf	___lwmod@divisor,f
  4599     03BD  0B89               	decfsz	9,f
  4600     03BE  2BBB               	goto	u1775
  4601     03BF                     l3485:
  4602     03BF  3001               	movlw	1
  4603     03C0  02F7               	subwf	___lwmod@counter,f
  4604     03C1  1D03               	btfss	3,2
  4605     03C2  2BC4               	goto	u1781
  4606     03C3  2BC5               	goto	u1780
  4607     03C4                     u1781:
  4608     03C4  2BAC               	goto	l3479
  4609     03C5                     u1780:
  4610     03C5                     l3487:
  4611     03C5  0875               	movf	___lwmod@dividend+1,w
  4612     03C6  00F3               	movwf	?___lwmod+1
  4613     03C7  0874               	movf	___lwmod@dividend,w
  4614     03C8  00F2               	movwf	?___lwmod
  4615     03C9                     l1090:
  4616     03C9  0008               	return
  4617     03CA                     __end_of___lwmod:
  4618                           
  4619                           	psect	text18
  4620     02EE                     __ptext18:	
  4621 ;; *************** function ___lwdiv *****************
  4622 ;; Defined at:
  4623 ;;		line 5 in file "c:\PROGRA~1\MICROC~1\xc8\v2.46\pic\sources\c99\common\lwdiv.c"
  4624 ;; Parameters:    Size  Location     Type
  4625 ;;  divisor         2    2[COMMON] unsigned int 
  4626 ;;  dividend        2    4[COMMON] unsigned int 
  4627 ;; Auto vars:     Size  Location     Type
  4628 ;;  quotient        2    8[COMMON] unsigned int 
  4629 ;;  counter         1    7[COMMON] unsigned char 
  4630 ;; Return value:  Size  Location     Type
  4631 ;;                  2    2[COMMON] unsigned int 
  4632 ;; Registers used:
  4633 ;;		wreg, status,2, status,0
  4634 ;; Tracked objects:
  4635 ;;		On entry : 0/0
  4636 ;;		On exit  : 0/0
  4637 ;;		Unchanged: 0/0
  4638 ;; Data sizes:     COMMON   BANK0   BANK1   BANK2   BANK3   BANK4   BANK5   BANK6
  4639 ;;      Params:         4       0       0       0       0       0       0       0
  4640 ;;      Locals:         3       0       0       0       0       0       0       0
  4641 ;;      Temps:          1       0       0       0       0       0       0       0
  4642 ;;      Totals:         8       0       0       0       0       0       0       0
  4643 ;;Total ram usage:        8 bytes
  4644 ;; Hardware stack levels used: 1
  4645 ;; Hardware stack levels required when called: 4
  4646 ;; This function calls:
  4647 ;;		Nothing
  4648 ;; This function is called by:
  4649 ;;		_RelayControl_Init
  4650 ;; This function uses a non-reentrant model
  4651 ;;
  4652                           
  4653     02EE                     ___lwdiv:	
  4654                           ;psect for function ___lwdiv
  4655                           
  4656     02EE                     l3443:	
  4657                           ;incstack = 0
  4658                           ; Regs used in ___lwdiv: [wreg+status,2+status,0]
  4659                           
  4660     02EE  01F8               	clrf	___lwdiv@quotient
  4661     02EF  01F9               	clrf	___lwdiv@quotient+1
  4662     02F0                     l3445:
  4663     02F0  0872               	movf	___lwdiv@divisor,w
  4664     02F1  0473               	iorwf	___lwdiv@divisor+1,w
  4665     02F2  1903               	btfsc	3,2
  4666     02F3  2AF5               	goto	u1661
  4667     02F4  2AF6               	goto	u1660
  4668     02F5                     u1661:
  4669     02F5  2B25               	goto	l3465
  4670     02F6                     u1660:
  4671     02F6                     l3447:
  4672     02F6  01F7               	clrf	___lwdiv@counter
  4673     02F7  0AF7               	incf	___lwdiv@counter,f
  4674     02F8  2B02               	goto	l3453
  4675     02F9                     l3449:
  4676     02F9  3001               	movlw	1
  4677     02FA                     u1675:
  4678     02FA  35F2               	lslf	___lwdiv@divisor,f
  4679     02FB  0DF3               	rlf	___lwdiv@divisor+1,f
  4680     02FC  0B89               	decfsz	9,f
  4681     02FD  2AFA               	goto	u1675
  4682     02FE                     l3451:
  4683     02FE  3001               	movlw	1
  4684     02FF  00F6               	movwf	??___lwdiv
  4685     0300  0876               	movf	??___lwdiv,w
  4686     0301  07F7               	addwf	___lwdiv@counter,f
  4687     0302                     l3453:
  4688     0302  1FF3               	btfss	___lwdiv@divisor+1,7
  4689     0303  2B05               	goto	u1681
  4690     0304  2B06               	goto	u1680
  4691     0305                     u1681:
  4692     0305  2AF9               	goto	l3449
  4693     0306                     u1680:
  4694     0306                     l3455:
  4695     0306  3001               	movlw	1
  4696     0307                     u1695:
  4697     0307  35F8               	lslf	___lwdiv@quotient,f
  4698     0308  0DF9               	rlf	___lwdiv@quotient+1,f
  4699     0309  0B89               	decfsz	9,f
  4700     030A  2B07               	goto	u1695
  4701     030B  0873               	movf	___lwdiv@divisor+1,w
  4702     030C  0275               	subwf	___lwdiv@dividend+1,w
  4703     030D  1D03               	skipz
  4704     030E  2B11               	goto	u1705
  4705     030F  0872               	movf	___lwdiv@divisor,w
  4706     0310  0274               	subwf	___lwdiv@dividend,w
  4707     0311                     u1705:
  4708     0311  1C03               	skipc
  4709     0312  2B14               	goto	u1701
  4710     0313  2B15               	goto	u1700
  4711     0314                     u1701:
  4712     0314  2B1A               	goto	l3461
  4713     0315                     u1700:
  4714     0315                     l3457:
  4715     0315  0872               	movf	___lwdiv@divisor,w
  4716     0316  02F4               	subwf	___lwdiv@dividend,f
  4717     0317  0873               	movf	___lwdiv@divisor+1,w
  4718     0318  3BF5               	subwfb	___lwdiv@dividend+1,f
  4719     0319                     l3459:
  4720     0319  1478               	bsf	___lwdiv@quotient,0
  4721     031A                     l3461:
  4722     031A  3001               	movlw	1
  4723     031B                     u1715:
  4724     031B  36F3               	lsrf	___lwdiv@divisor+1,f
  4725     031C  0CF2               	rrf	___lwdiv@divisor,f
  4726     031D  0B89               	decfsz	9,f
  4727     031E  2B1B               	goto	u1715
  4728     031F                     l3463:
  4729     031F  3001               	movlw	1
  4730     0320  02F7               	subwf	___lwdiv@counter,f
  4731     0321  1D03               	btfss	3,2
  4732     0322  2B24               	goto	u1721
  4733     0323  2B25               	goto	u1720
  4734     0324                     u1721:
  4735     0324  2B06               	goto	l3455
  4736     0325                     u1720:
  4737     0325                     l3465:
  4738     0325  0879               	movf	___lwdiv@quotient+1,w
  4739     0326  00F3               	movwf	?___lwdiv+1
  4740     0327  0878               	movf	___lwdiv@quotient,w
  4741     0328  00F2               	movwf	?___lwdiv
  4742     0329                     l1080:
  4743     0329  0008               	return
  4744     032A                     __end_of___lwdiv:
  4745                           
  4746                           	psect	text19
  4747     062E                     __ptext19:	
  4748 ;; *************** function _LCD_SetCursor *****************
  4749 ;; Defined at:
  4750 ;;		line 197 in file "D:\yiming\00work\LCD_I2C\LCD_I2C.X\hd44780_i2c.c"
  4751 ;; Parameters:    Size  Location     Type
  4752 ;;  col             1    wreg     unsigned char 
  4753 ;;  row             1   15[BANK0 ] unsigned char 
  4754 ;; Auto vars:     Size  Location     Type
  4755 ;;  col             1   20[BANK0 ] unsigned char 
  4756 ;;  row_offsets     4   16[BANK0 ] unsigned char [4]
  4757 ;; Return value:  Size  Location     Type
  4758 ;;                  1    wreg      void 
  4759 ;; Registers used:
  4760 ;;		wreg, fsr0l, fsr0h, fsr1l, fsr1h, status,2, status,0, pclath, cstack
  4761 ;; Tracked objects:
  4762 ;;		On entry : 0/0
  4763 ;;		On exit  : 0/0
  4764 ;;		Unchanged: 0/0
  4765 ;; Data sizes:     COMMON   BANK0   BANK1   BANK2   BANK3   BANK4   BANK5   BANK6
  4766 ;;      Params:         0       1       0       0       0       0       0       0
  4767 ;;      Locals:         0       5       0       0       0       0       0       0
  4768 ;;      Temps:          0       0       0       0       0       0       0       0
  4769 ;;      Totals:         0       6       0       0       0       0       0       0
  4770 ;;Total ram usage:        6 bytes
  4771 ;; Hardware stack levels used: 1
  4772 ;; Hardware stack levels required when called: 15
  4773 ;; This function calls:
  4774 ;;		_LCD_Command
  4775 ;; This function is called by:
  4776 ;;		_main
  4777 ;; This function uses a non-reentrant model
  4778 ;;
  4779                           
  4780     062E                     _LCD_SetCursor:	
  4781                           ;psect for function _LCD_SetCursor
  4782                           
  4783                           
  4784                           ;incstack = 0
  4785                           ; Regs used in _LCD_SetCursor: [wreg-fsr1h+status,2+status,0+pclath+cstack]
  4786                           ;LCD_SetCursor@col stored from wreg
  4787     062E  0020               	movlb	0	; select bank0
  4788     062F  00DF               	movwf	LCD_SetCursor@col
  4789     0630                     l3541:
  4790                           
  4791                           ;D:\yiming\00work\LCD_I2C\LCD_I2C.X\hd44780_i2c.c: 198:     uint8_t row_offsets[] = {0x0
      +                          0, 0x40, 0x14, 0x54};
  4792     0630  0863               	movf	LCD_SetCursor@F3264+3,w
  4793     0631  00DE               	movwf	LCD_SetCursor@row_offsets+3
  4794     0632  0862               	movf	LCD_SetCursor@F3264+2,w
  4795     0633  00DD               	movwf	LCD_SetCursor@row_offsets+2
  4796     0634  0861               	movf	LCD_SetCursor@F3264+1,w
  4797     0635  00DC               	movwf	LCD_SetCursor@row_offsets+1
  4798     0636  0860               	movf	LCD_SetCursor@F3264,w
  4799     0637  00DB               	movwf	LCD_SetCursor@row_offsets
  4800     0638                     l3543:
  4801                           
  4802                           ;D:\yiming\00work\LCD_I2C\LCD_I2C.X\hd44780_i2c.c: 199:     LCD_Command(0x80 | (col + ro
      +                          w_offsets[row]));
  4803     0638  085A               	movf	LCD_SetCursor@row,w
  4804     0639  3E5B               	addlw	(low (LCD_SetCursor@row_offsets| 0))& (0+255)
  4805     063A  0086               	movwf	6
  4806     063B  0187               	clrf	7
  4807     063C  0801               	movf	1,w
  4808     063D  075F               	addwf	LCD_SetCursor@col,w
  4809     063E  3880               	iorlw	128
  4810     063F  3185  257B  3186   	fcall	_LCD_Command
  4811     0642                     l122:
  4812     0642  0008               	return
  4813     0643                     __end_of_LCD_SetCursor:
  4814                           
  4815                           	psect	text20
  4816     05D0                     __ptext20:	
  4817 ;; *************** function _LCD_Print *****************
  4818 ;; Defined at:
  4819 ;;		line 202 in file "D:\yiming\00work\LCD_I2C\LCD_I2C.X\hd44780_i2c.c"
  4820 ;; Parameters:    Size  Location     Type
  4821 ;;  str             1    wreg     PTR const unsigned char 
  4822 ;;		 -> buf(17), 
  4823 ;; Auto vars:     Size  Location     Type
  4824 ;;  str             1   16[BANK0 ] PTR const unsigned char 
  4825 ;;		 -> buf(17), 
  4826 ;; Return value:  Size  Location     Type
  4827 ;;                  1    wreg      void 
  4828 ;; Registers used:
  4829 ;;		wreg, fsr0l, fsr0h, fsr1l, fsr1h, status,2, status,0, pclath, cstack
  4830 ;; Tracked objects:
  4831 ;;		On entry : 0/0
  4832 ;;		On exit  : 0/0
  4833 ;;		Unchanged: 0/0
  4834 ;; Data sizes:     COMMON   BANK0   BANK1   BANK2   BANK3   BANK4   BANK5   BANK6
  4835 ;;      Params:         0       0       0       0       0       0       0       0
  4836 ;;      Locals:         0       1       0       0       0       0       0       0
  4837 ;;      Temps:          0       1       0       0       0       0       0       0
  4838 ;;      Totals:         0       2       0       0       0       0       0       0
  4839 ;;Total ram usage:        2 bytes
  4840 ;; Hardware stack levels used: 1
  4841 ;; Hardware stack levels required when called: 15
  4842 ;; This function calls:
  4843 ;;		_LCD_Data
  4844 ;; This function is called by:
  4845 ;;		_main
  4846 ;; This function uses a non-reentrant model
  4847 ;;
  4848                           
  4849     05D0                     _LCD_Print:	
  4850                           ;psect for function _LCD_Print
  4851                           
  4852                           
  4853                           ;incstack = 0
  4854                           ; Regs used in _LCD_Print: [wreg-fsr1h+status,2+status,0+pclath+cstack]
  4855                           ;LCD_Print@str stored from wreg
  4856     05D0  0020               	movlb	0	; select bank0
  4857     05D1  00DB               	movwf	LCD_Print@str
  4858     05D2                     l3545:
  4859                           
  4860                           ;D:\yiming\00work\LCD_I2C\LCD_I2C.X\hd44780_i2c.c: 203:     while(*str) {
  4861     05D2  2DDF               	goto	l3551
  4862     05D3                     l3547:
  4863                           
  4864                           ;D:\yiming\00work\LCD_I2C\LCD_I2C.X\hd44780_i2c.c: 204:         LCD_Data(*str++);
  4865     05D3  085B               	movf	LCD_Print@str,w
  4866     05D4  0086               	movwf	6
  4867     05D5  0187               	clrf	7
  4868     05D6  0801               	movf	1,w
  4869     05D7  3185  251D  3185   	fcall	_LCD_Data
  4870     05DA                     l3549:
  4871     05DA  3001               	movlw	1
  4872     05DB  0020               	movlb	0	; select bank0
  4873     05DC  00DA               	movwf	??_LCD_Print
  4874     05DD  085A               	movf	??_LCD_Print,w
  4875     05DE  07DB               	addwf	LCD_Print@str,f
  4876     05DF                     l3551:
  4877                           
  4878                           ;D:\yiming\00work\LCD_I2C\LCD_I2C.X\hd44780_i2c.c: 203:     while(*str) {
  4879     05DF  085B               	movf	LCD_Print@str,w
  4880     05E0  0086               	movwf	6
  4881     05E1  0187               	clrf	7
  4882     05E2  0801               	movf	1,w
  4883     05E3  1D03               	btfss	3,2
  4884     05E4  2DE6               	goto	u1801
  4885     05E5  2DE7               	goto	u1800
  4886     05E6                     u1801:
  4887     05E6  2DD3               	goto	l3547
  4888     05E7                     u1800:
  4889     05E7                     l128:
  4890     05E7  0008               	return
  4891     05E8                     __end_of_LCD_Print:
  4892                           
  4893                           	psect	text21
  4894     051D                     __ptext21:	
  4895 ;; *************** function _LCD_Data *****************
  4896 ;; Defined at:
  4897 ;;		line 170 in file "D:\yiming\00work\LCD_I2C\LCD_I2C.X\hd44780_i2c.c"
  4898 ;; Parameters:    Size  Location     Type
  4899 ;;  data            1    wreg     unsigned char 
  4900 ;; Auto vars:     Size  Location     Type
  4901 ;;  data            1   14[BANK0 ] unsigned char 
  4902 ;; Return value:  Size  Location     Type
  4903 ;;                  1    wreg      void 
  4904 ;; Registers used:
  4905 ;;		wreg, fsr0l, fsr0h, fsr1l, fsr1h, status,2, status,0, pclath, cstack
  4906 ;; Tracked objects:
  4907 ;;		On entry : 0/0
  4908 ;;		On exit  : 0/0
  4909 ;;		Unchanged: 0/0
  4910 ;; Data sizes:     COMMON   BANK0   BANK1   BANK2   BANK3   BANK4   BANK5   BANK6
  4911 ;;      Params:         0       0       0       0       0       0       0       0
  4912 ;;      Locals:         0       1       0       0       0       0       0       0
  4913 ;;      Temps:          0       1       0       0       0       0       0       0
  4914 ;;      Totals:         0       2       0       0       0       0       0       0
  4915 ;;Total ram usage:        2 bytes
  4916 ;; Hardware stack levels used: 1
  4917 ;; Hardware stack levels required when called: 14
  4918 ;; This function calls:
  4919 ;;		_PCF8574_LCD_SendNibble
  4920 ;; This function is called by:
  4921 ;;		_LCD_Print
  4922 ;; This function uses a non-reentrant model
  4923 ;;
  4924                           
  4925     051D                     _LCD_Data:	
  4926                           ;psect for function _LCD_Data
  4927                           
  4928                           
  4929                           ;incstack = 0
  4930                           ; Regs used in _LCD_Data: [wreg-fsr1h+status,2+status,0+pclath+cstack]
  4931                           ;LCD_Data@data stored from wreg
  4932     051D  0020               	movlb	0	; select bank0
  4933     051E  00D9               	movwf	LCD_Data@data
  4934     051F                     l3425:
  4935                           
  4936                           ;D:\yiming\00work\LCD_I2C\LCD_I2C.X\hd44780_i2c.c: 172:     PCF8574_LCD_SendNibble(data 
      +                          >> 4, 1);
  4937     051F  01D4               	clrf	PCF8574_LCD_SendNibble@rs
  4938     0520  0AD4               	incf	PCF8574_LCD_SendNibble@rs,f
  4939     0521  0859               	movf	LCD_Data@data,w
  4940     0522  00D8               	movwf	??_LCD_Data
  4941     0523  3004               	movlw	4
  4942     0524                     u1615:
  4943     0524  36D8               	lsrf	??_LCD_Data,f
  4944     0525  0B89               	decfsz	9,f
  4945     0526  2D24               	goto	u1615
  4946     0527  0858               	movf	??_LCD_Data,w
  4947     0528  3184  2459  3185   	fcall	_PCF8574_LCD_SendNibble
  4948                           
  4949                           ;D:\yiming\00work\LCD_I2C\LCD_I2C.X\hd44780_i2c.c: 173:     PCF8574_LCD_SendNibble(data 
      +                          & 0x0F, 1);
  4950     052B  0020               	movlb	0	; select bank0
  4951     052C  01D4               	clrf	PCF8574_LCD_SendNibble@rs
  4952     052D  0AD4               	incf	PCF8574_LCD_SendNibble@rs,f
  4953     052E  0859               	movf	LCD_Data@data,w
  4954     052F  390F               	andlw	15
  4955     0530  3184  2459  3185   	fcall	_PCF8574_LCD_SendNibble
  4956     0533                     l3427:
  4957                           
  4958                           ;D:\yiming\00work\LCD_I2C\LCD_I2C.X\hd44780_i2c.c: 174:     _delay((unsigned long)((2)*(
      +                          32000000/4000.0)));
  4959     0533  3015               	movlw	21
  4960     0534  0020               	movlb	0	; select bank0
  4961     0535  00D8               	movwf	??_LCD_Data
  4962     0536  30C6               	movlw	198
  4963     0537                     u1817:
  4964     0537  0B89               	decfsz	9,f
  4965     0538  2D37               	goto	u1817
  4966     0539  0BD8               	decfsz	??_LCD_Data,f
  4967     053A  2D37               	goto	u1817
  4968     053B  0000               	nop
  4969     053C                     l114:
  4970     053C  0008               	return
  4971     053D                     __end_of_LCD_Data:
  4972                           
  4973                           	psect	text22
  4974     00CD                     __ptext22:	
  4975 ;; *************** function _LCD_Init *****************
  4976 ;; Defined at:
  4977 ;;		line 177 in file "D:\yiming\00work\LCD_I2C\LCD_I2C.X\hd44780_i2c.c"
  4978 ;; Parameters:    Size  Location     Type
  4979 ;;		None
  4980 ;; Auto vars:     Size  Location     Type
  4981 ;;		None
  4982 ;; Return value:  Size  Location     Type
  4983 ;;                  1    wreg      void 
  4984 ;; Registers used:
  4985 ;;		wreg, fsr0l, fsr0h, fsr1l, fsr1h, status,2, status,0, pclath, cstack
  4986 ;; Tracked objects:
  4987 ;;		On entry : 0/0
  4988 ;;		On exit  : 0/0
  4989 ;;		Unchanged: 0/0
  4990 ;; Data sizes:     COMMON   BANK0   BANK1   BANK2   BANK3   BANK4   BANK5   BANK6
  4991 ;;      Params:         0       0       0       0       0       0       0       0
  4992 ;;      Locals:         0       0       0       0       0       0       0       0
  4993 ;;      Temps:          0       2       0       0       0       0       0       0
  4994 ;;      Totals:         0       2       0       0       0       0       0       0
  4995 ;;Total ram usage:        2 bytes
  4996 ;; Hardware stack levels used: 1
  4997 ;; Hardware stack levels required when called: 15
  4998 ;; This function calls:
  4999 ;;		_LCD_Command
  5000 ;;		_PCF8574_LCD_SendNibble
  5001 ;; This function is called by:
  5002 ;;		_main
  5003 ;; This function uses a non-reentrant model
  5004 ;;
  5005                           
  5006     00CD                     _LCD_Init:	
  5007                           ;psect for function _LCD_Init
  5008                           
  5009     00CD                     l3525:	
  5010                           ;incstack = 0
  5011                           ; Regs used in _LCD_Init: [wreg-fsr1h+status,2+status,0+pclath+cstack]
  5012                           
  5013                           
  5014                           ;D:\yiming\00work\LCD_I2C\LCD_I2C.X\hd44780_i2c.c: 178:     _delay((unsigned long)((50)*
      +                          (32000000/4000.0)));
  5015     00CD  3003               	movlw	3
  5016     00CE  0020               	movlb	0	; select bank0
  5017     00CF  00DB               	movwf	??_LCD_Init+1
  5018     00D0  3008               	movlw	8
  5019     00D1  00DA               	movwf	??_LCD_Init
  5020     00D2  3077               	movlw	119
  5021     00D3                     u1827:
  5022     00D3  0B89               	decfsz	9,f
  5023     00D4  28D3               	goto	u1827
  5024     00D5  0BDA               	decfsz	??_LCD_Init,f
  5025     00D6  28D3               	goto	u1827
  5026     00D7  0BDB               	decfsz	??_LCD_Init+1,f
  5027     00D8  28D3               	goto	u1827
  5028     00D9                     l3527:
  5029                           
  5030                           ;D:\yiming\00work\LCD_I2C\LCD_I2C.X\hd44780_i2c.c: 179:     PCF8574_LCD_SendNibble(0x03,
      +                           0);
  5031     00D9  0020               	movlb	0	; select bank0
  5032     00DA  01D4               	clrf	PCF8574_LCD_SendNibble@rs
  5033     00DB  3003               	movlw	3
  5034     00DC  3184  2459  3180   	fcall	_PCF8574_LCD_SendNibble
  5035     00DF                     l3529:
  5036                           
  5037                           ;D:\yiming\00work\LCD_I2C\LCD_I2C.X\hd44780_i2c.c: 180:     _delay((unsigned long)((5)*(
      +                          32000000/4000.0)));
  5038     00DF  3034               	movlw	52
  5039     00E0  0020               	movlb	0	; select bank0
  5040     00E1  00DA               	movwf	??_LCD_Init
  5041     00E2  30F1               	movlw	241
  5042     00E3                     u1837:
  5043     00E3  0B89               	decfsz	9,f
  5044     00E4  28E3               	goto	u1837
  5045     00E5  0BDA               	decfsz	??_LCD_Init,f
  5046     00E6  28E3               	goto	u1837
  5047     00E7  3200               	nop2
  5048                           
  5049                           ;D:\yiming\00work\LCD_I2C\LCD_I2C.X\hd44780_i2c.c: 181:     PCF8574_LCD_SendNibble(0x03,
      +                           0);
  5050     00E8  0020               	movlb	0	; select bank0
  5051     00E9  01D4               	clrf	PCF8574_LCD_SendNibble@rs
  5052     00EA  3003               	movlw	3
  5053     00EB  3184  2459  3180   	fcall	_PCF8574_LCD_SendNibble
  5054     00EE                     l3531:
  5055                           
  5056                           ;D:\yiming\00work\LCD_I2C\LCD_I2C.X\hd44780_i2c.c: 182:     _delay((unsigned long)((5)*(
      +                          32000000/4000.0)));
  5057     00EE  3034               	movlw	52
  5058     00EF  0020               	movlb	0	; select bank0
  5059     00F0  00DA               	movwf	??_LCD_Init
  5060     00F1  30F1               	movlw	241
  5061     00F2                     u1847:
  5062     00F2  0B89               	decfsz	9,f
  5063     00F3  28F2               	goto	u1847
  5064     00F4  0BDA               	decfsz	??_LCD_Init,f
  5065     00F5  28F2               	goto	u1847
  5066     00F6  3200               	nop2
  5067     00F7                     l3533:
  5068                           
  5069                           ;D:\yiming\00work\LCD_I2C\LCD_I2C.X\hd44780_i2c.c: 183:     PCF8574_LCD_SendNibble(0x03,
      +                           0);
  5070     00F7  0020               	movlb	0	; select bank0
  5071     00F8  01D4               	clrf	PCF8574_LCD_SendNibble@rs
  5072     00F9  3003               	movlw	3
  5073     00FA  3184  2459  3180   	fcall	_PCF8574_LCD_SendNibble
  5074                           
  5075                           ;D:\yiming\00work\LCD_I2C\LCD_I2C.X\hd44780_i2c.c: 184:     _delay((unsigned long)((5)*(
      +                          32000000/4000.0)));
  5076     00FD  3034               	movlw	52
  5077     00FE  0020               	movlb	0	; select bank0
  5078     00FF  00DA               	movwf	??_LCD_Init
  5079     0100  30F1               	movlw	241
  5080     0101                     u1857:
  5081     0101  0B89               	decfsz	9,f
  5082     0102  2901               	goto	u1857
  5083     0103  0BDA               	decfsz	??_LCD_Init,f
  5084     0104  2901               	goto	u1857
  5085     0105  3200               	nop2
  5086     0106                     l3535:
  5087                           
  5088                           ;D:\yiming\00work\LCD_I2C\LCD_I2C.X\hd44780_i2c.c: 186:     PCF8574_LCD_SendNibble(0x02,
      +                           0);
  5089     0106  0020               	movlb	0	; select bank0
  5090     0107  01D4               	clrf	PCF8574_LCD_SendNibble@rs
  5091     0108  3002               	movlw	2
  5092     0109  3184  2459  3180   	fcall	_PCF8574_LCD_SendNibble
  5093     010C                     l3537:
  5094                           
  5095                           ;D:\yiming\00work\LCD_I2C\LCD_I2C.X\hd44780_i2c.c: 187:     _delay((unsigned long)((1)*(
      +                          32000000/4000.0)));
  5096     010C  300B               	movlw	11
  5097     010D  0020               	movlb	0	; select bank0
  5098     010E  00DA               	movwf	??_LCD_Init
  5099     010F  3062               	movlw	98
  5100     0110                     u1867:
  5101     0110  0B89               	decfsz	9,f
  5102     0111  2910               	goto	u1867
  5103     0112  0BDA               	decfsz	??_LCD_Init,f
  5104     0113  2910               	goto	u1867
  5105     0114  0000               	nop
  5106                           
  5107                           ;D:\yiming\00work\LCD_I2C\LCD_I2C.X\hd44780_i2c.c: 189:     LCD_Command(0x28);
  5108     0115  3028               	movlw	40
  5109     0116  3185  257B  3180   	fcall	_LCD_Command
  5110                           
  5111                           ;D:\yiming\00work\LCD_I2C\LCD_I2C.X\hd44780_i2c.c: 191:     LCD_Command(0x0C);
  5112     0119  300C               	movlw	12
  5113     011A  3185  257B  3180   	fcall	_LCD_Command
  5114                           
  5115                           ;D:\yiming\00work\LCD_I2C\LCD_I2C.X\hd44780_i2c.c: 192:     LCD_Command(0x06);
  5116     011D  3006               	movlw	6
  5117     011E  3185  257B  3180   	fcall	_LCD_Command
  5118                           
  5119                           ;D:\yiming\00work\LCD_I2C\LCD_I2C.X\hd44780_i2c.c: 193:     LCD_Command(0x01);
  5120     0121  3001               	movlw	1
  5121     0122  3185  257B  3180   	fcall	_LCD_Command
  5122     0125                     l3539:
  5123                           
  5124                           ;D:\yiming\00work\LCD_I2C\LCD_I2C.X\hd44780_i2c.c: 194:     _delay((unsigned long)((2)*(
      +                          32000000/4000.0)));
  5125     0125  3015               	movlw	21
  5126     0126  0020               	movlb	0	; select bank0
  5127     0127  00DA               	movwf	??_LCD_Init
  5128     0128  30C6               	movlw	198
  5129     0129                     u1877:
  5130     0129  0B89               	decfsz	9,f
  5131     012A  2929               	goto	u1877
  5132     012B  0BDA               	decfsz	??_LCD_Init,f
  5133     012C  2929               	goto	u1877
  5134     012D  0000               	nop
  5135     012E                     l117:
  5136     012E  0008               	return
  5137     012F                     __end_of_LCD_Init:
  5138                           
  5139                           	psect	text23
  5140     057B                     __ptext23:	
  5141 ;; *************** function _LCD_Command *****************
  5142 ;; Defined at:
  5143 ;;		line 163 in file "D:\yiming\00work\LCD_I2C\LCD_I2C.X\hd44780_i2c.c"
  5144 ;; Parameters:    Size  Location     Type
  5145 ;;  cmd             1    wreg     unsigned char 
  5146 ;; Auto vars:     Size  Location     Type
  5147 ;;  cmd             1   14[BANK0 ] unsigned char 
  5148 ;; Return value:  Size  Location     Type
  5149 ;;                  1    wreg      void 
  5150 ;; Registers used:
  5151 ;;		wreg, fsr0l, fsr0h, fsr1l, fsr1h, status,2, status,0, pclath, cstack
  5152 ;; Tracked objects:
  5153 ;;		On entry : 0/0
  5154 ;;		On exit  : 0/0
  5155 ;;		Unchanged: 0/0
  5156 ;; Data sizes:     COMMON   BANK0   BANK1   BANK2   BANK3   BANK4   BANK5   BANK6
  5157 ;;      Params:         0       0       0       0       0       0       0       0
  5158 ;;      Locals:         0       1       0       0       0       0       0       0
  5159 ;;      Temps:          0       1       0       0       0       0       0       0
  5160 ;;      Totals:         0       2       0       0       0       0       0       0
  5161 ;;Total ram usage:        2 bytes
  5162 ;; Hardware stack levels used: 1
  5163 ;; Hardware stack levels required when called: 14
  5164 ;; This function calls:
  5165 ;;		_PCF8574_LCD_SendNibble
  5166 ;; This function is called by:
  5167 ;;		_LCD_Init
  5168 ;;		_LCD_SetCursor
  5169 ;;		_LCD_functionSet
  5170 ;; This function uses a non-reentrant model
  5171 ;;
  5172                           
  5173     057B                     _LCD_Command:	
  5174                           ;psect for function _LCD_Command
  5175                           
  5176                           
  5177                           ;incstack = 0
  5178                           ; Regs used in _LCD_Command: [wreg-fsr1h+status,2+status,0+pclath+cstack]
  5179                           ;LCD_Command@cmd stored from wreg
  5180     057B  0020               	movlb	0	; select bank0
  5181     057C  00D9               	movwf	LCD_Command@cmd
  5182     057D                     l3421:
  5183                           
  5184                           ;D:\yiming\00work\LCD_I2C\LCD_I2C.X\hd44780_i2c.c: 165:     PCF8574_LCD_SendNibble(cmd >
      +                          > 4, 0);
  5185     057D  01D4               	clrf	PCF8574_LCD_SendNibble@rs
  5186     057E  0859               	movf	LCD_Command@cmd,w
  5187     057F  00D8               	movwf	??_LCD_Command
  5188     0580  3004               	movlw	4
  5189     0581                     u1605:
  5190     0581  36D8               	lsrf	??_LCD_Command,f
  5191     0582  0B89               	decfsz	9,f
  5192     0583  2D81               	goto	u1605
  5193     0584  0858               	movf	??_LCD_Command,w
  5194     0585  3184  2459  3185   	fcall	_PCF8574_LCD_SendNibble
  5195                           
  5196                           ;D:\yiming\00work\LCD_I2C\LCD_I2C.X\hd44780_i2c.c: 166:     PCF8574_LCD_SendNibble(cmd &
      +                           0x0F, 0);
  5197     0588  0020               	movlb	0	; select bank0
  5198     0589  01D4               	clrf	PCF8574_LCD_SendNibble@rs
  5199     058A  0859               	movf	LCD_Command@cmd,w
  5200     058B  390F               	andlw	15
  5201     058C  3184  2459  3185   	fcall	_PCF8574_LCD_SendNibble
  5202     058F                     l3423:
  5203                           
  5204                           ;D:\yiming\00work\LCD_I2C\LCD_I2C.X\hd44780_i2c.c: 167:     _delay((unsigned long)((2)*(
      +                          32000000/4000.0)));
  5205     058F  3015               	movlw	21
  5206     0590  0020               	movlb	0	; select bank0
  5207     0591  00D8               	movwf	??_LCD_Command
  5208     0592  30C6               	movlw	198
  5209     0593                     u1887:
  5210     0593  0B89               	decfsz	9,f
  5211     0594  2D93               	goto	u1887
  5212     0595  0BD8               	decfsz	??_LCD_Command,f
  5213     0596  2D93               	goto	u1887
  5214     0597  0000               	nop
  5215     0598                     l111:
  5216     0598  0008               	return
  5217     0599                     __end_of_LCD_Command:
  5218                           
  5219                           	psect	text24
  5220     0459                     __ptext24:	
  5221 ;; *************** function _PCF8574_LCD_SendNibble *****************
  5222 ;; Defined at:
  5223 ;;		line 148 in file "D:\yiming\00work\LCD_I2C\LCD_I2C.X\hd44780_i2c.c"
  5224 ;; Parameters:    Size  Location     Type
  5225 ;;  nibble          1    wreg     unsigned char 
  5226 ;;  rs              1    9[BANK0 ] unsigned char 
  5227 ;; Auto vars:     Size  Location     Type
  5228 ;;  nibble          1   11[BANK0 ] unsigned char 
  5229 ;;  data            1   12[BANK0 ] unsigned char 
  5230 ;; Return value:  Size  Location     Type
  5231 ;;                  1    wreg      void 
  5232 ;; Registers used:
  5233 ;;		wreg, fsr0l, fsr0h, fsr1l, fsr1h, status,2, status,0, pclath, cstack
  5234 ;; Tracked objects:
  5235 ;;		On entry : 0/0
  5236 ;;		On exit  : 0/0
  5237 ;;		Unchanged: 0/0
  5238 ;; Data sizes:     COMMON   BANK0   BANK1   BANK2   BANK3   BANK4   BANK5   BANK6
  5239 ;;      Params:         0       1       0       0       0       0       0       0
  5240 ;;      Locals:         0       2       0       0       0       0       0       0
  5241 ;;      Temps:          0       1       0       0       0       0       0       0
  5242 ;;      Totals:         0       4       0       0       0       0       0       0
  5243 ;;Total ram usage:        4 bytes
  5244 ;; Hardware stack levels used: 1
  5245 ;; Hardware stack levels required when called: 13
  5246 ;; This function calls:
  5247 ;;		_I2C_Write1ByteRegister
  5248 ;; This function is called by:
  5249 ;;		_LCD_Command
  5250 ;;		_LCD_Data
  5251 ;;		_LCD_Init
  5252 ;; This function uses a non-reentrant model
  5253 ;;
  5254                           
  5255     0459                     _PCF8574_LCD_SendNibble:	
  5256                           ;psect for function _PCF8574_LCD_SendNibble
  5257                           
  5258                           
  5259                           ;incstack = 0
  5260                           ; Regs used in _PCF8574_LCD_SendNibble: [wreg-fsr1h+status,2+status,0+pclath+cstack]
  5261                           ;PCF8574_LCD_SendNibble@nibble stored from wreg
  5262     0459  0020               	movlb	0	; select bank0
  5263     045A  00D6               	movwf	PCF8574_LCD_SendNibble@nibble
  5264     045B                     l3393:
  5265                           
  5266                           ;D:\yiming\00work\LCD_I2C\LCD_I2C.X\hd44780_i2c.c: 149:     uint8_t data = (uint8_t)(nib
      +                          ble << 4) | 0x08;
  5267     045B  0856               	movf	PCF8574_LCD_SendNibble@nibble,w
  5268     045C  00D5               	movwf	??_PCF8574_LCD_SendNibble
  5269     045D  3003               	movlw	3
  5270     045E                     u1575:
  5271     045E  35D5               	lslf	??_PCF8574_LCD_SendNibble,f
  5272     045F  3EFF               	addlw	-1
  5273     0460  1D03               	skipz
  5274     0461  2C5E               	goto	u1575
  5275     0462  3555               	lslf	??_PCF8574_LCD_SendNibble,w
  5276     0463  3808               	iorlw	8
  5277     0464  00D7               	movwf	PCF8574_LCD_SendNibble@data
  5278                           
  5279                           ;D:\yiming\00work\LCD_I2C\LCD_I2C.X\hd44780_i2c.c: 150:     if (rs) data |= 0x01;
  5280     0465  0854               	movf	PCF8574_LCD_SendNibble@rs,w
  5281     0466  1903               	btfsc	3,2
  5282     0467  2C69               	goto	u1581
  5283     0468  2C6A               	goto	u1580
  5284     0469                     u1581:
  5285     0469  2C6B               	goto	l3397
  5286     046A                     u1580:
  5287     046A                     l3395:
  5288     046A  1457               	bsf	PCF8574_LCD_SendNibble@data,0
  5289     046B                     l3397:
  5290                           
  5291                           ;D:\yiming\00work\LCD_I2C\LCD_I2C.X\hd44780_i2c.c: 152:     I2C_Write1ByteRegister(0x27,
      +                           0x00, data | 0x04);
  5292     046B  01D1               	clrf	I2C_Write1ByteRegister@reg
  5293     046C  0857               	movf	PCF8574_LCD_SendNibble@data,w
  5294     046D  3804               	iorlw	4
  5295     046E  00D2               	movwf	I2C_Write1ByteRegister@data
  5296     046F  3027               	movlw	39
  5297     0470  3183  23CA  3184   	fcall	_I2C_Write1ByteRegister
  5298     0473                     l3399:
  5299                           
  5300                           ;D:\yiming\00work\LCD_I2C\LCD_I2C.X\hd44780_i2c.c: 153:     _delay((unsigned long)((1)*(
      +                          32000000/4000.0)));
  5301     0473  300B               	movlw	11
  5302     0474  0020               	movlb	0	; select bank0
  5303     0475  00D5               	movwf	??_PCF8574_LCD_SendNibble
  5304     0476  3062               	movlw	98
  5305     0477                     u1897:
  5306     0477  0B89               	decfsz	9,f
  5307     0478  2C77               	goto	u1897
  5308     0479  0BD5               	decfsz	??_PCF8574_LCD_SendNibble,f
  5309     047A  2C77               	goto	u1897
  5310     047B  0000               	nop
  5311     047C                     l3401:
  5312                           
  5313                           ;D:\yiming\00work\LCD_I2C\LCD_I2C.X\hd44780_i2c.c: 155:     I2C_Write1ByteRegister(0x27,
      +                           0x00, data & ~0x04);
  5314     047C  0020               	movlb	0	; select bank0
  5315     047D  01D1               	clrf	I2C_Write1ByteRegister@reg
  5316     047E  0857               	movf	PCF8574_LCD_SendNibble@data,w
  5317     047F  39FB               	andlw	251
  5318     0480  00D2               	movwf	I2C_Write1ByteRegister@data
  5319     0481  3027               	movlw	39
  5320     0482  3183  23CA  3184   	fcall	_I2C_Write1ByteRegister
  5321     0485                     l108:
  5322     0485  0008               	return
  5323     0486                     __end_of_PCF8574_LCD_SendNibble:
  5324                           
  5325                           	psect	text25
  5326     03CA                     __ptext25:	
  5327 ;; *************** function _I2C_Write1ByteRegister *****************
  5328 ;; Defined at:
  5329 ;;		line 91 in file "D:\yiming\00work\LCD_I2C\LCD_I2C.X\mcc_generated_files\examples\i2c_master_example.c"
  5330 ;; Parameters:    Size  Location     Type
  5331 ;;  address         1    wreg     unsigned char 
  5332 ;;  reg             1    6[BANK0 ] unsigned char 
  5333 ;;  data            1    7[BANK0 ] unsigned char 
  5334 ;; Auto vars:     Size  Location     Type
  5335 ;;  address         1    8[BANK0 ] unsigned char 
  5336 ;; Return value:  Size  Location     Type
  5337 ;;                  1    wreg      void 
  5338 ;; Registers used:
  5339 ;;		wreg, fsr0l, fsr0h, fsr1l, fsr1h, status,2, status,0, pclath, cstack
  5340 ;; Tracked objects:
  5341 ;;		On entry : 0/0
  5342 ;;		On exit  : 0/0
  5343 ;;		Unchanged: 0/0
  5344 ;; Data sizes:     COMMON   BANK0   BANK1   BANK2   BANK3   BANK4   BANK5   BANK6
  5345 ;;      Params:         0       2       0       0       0       0       0       0
  5346 ;;      Locals:         0       1       0       0       0       0       0       0
  5347 ;;      Temps:          0       0       0       0       0       0       0       0
  5348 ;;      Totals:         0       3       0       0       0       0       0       0
  5349 ;;Total ram usage:        3 bytes
  5350 ;; Hardware stack levels used: 1
  5351 ;; Hardware stack levels required when called: 12
  5352 ;; This function calls:
  5353 ;;		_I2C_Close
  5354 ;;		_I2C_MasterWrite
  5355 ;;		_I2C_Open
  5356 ;;		_I2C_SetAddressNackCallback
  5357 ;;		_I2C_SetBuffer
  5358 ;;		_I2C_SetDataCompleteCallback
  5359 ;; This function is called by:
  5360 ;;		_PCF8574_LCD_SendNibble
  5361 ;; This function uses a non-reentrant model
  5362 ;;
  5363                           
  5364     03CA                     _I2C_Write1ByteRegister:	
  5365                           ;psect for function _I2C_Write1ByteRegister
  5366                           
  5367                           
  5368                           ;incstack = 0
  5369                           ; Regs used in _I2C_Write1ByteRegister: [wreg-fsr1h+status,2+status,0+pclath+cstack]
  5370                           ;I2C_Write1ByteRegister@address stored from wreg
  5371     03CA  0020               	movlb	0	; select bank0
  5372     03CB  00D3               	movwf	I2C_Write1ByteRegister@address
  5373     03CC                     l3363:
  5374     03CC                     l3365:	
  5375                           ;D:\yiming\00work\LCD_I2C\LCD_I2C.X\mcc_generated_files\examples\i2c_master_example.c: 9
      +                          1: void I2C_Write1ByteRegister(i2c_address_t address, uint8_t reg, uint8_t data);D:\yimi
      +                          ng\00work\LCD_I2C\LCD_I2C.X\mcc_generated_files\examples\i2c_master_example.c: 92: {;D:\
      +                          yiming\00work\LCD_I2C\LCD_I2C.X\mcc_generated_files\examples\i2c_master_example.c: 93:  
      +                             while(!I2C_Open(address));
  5376                           
  5377     03CC  0020               	movlb	0	; select bank0
  5378     03CD  0853               	movf	I2C_Write1ByteRegister@address,w
  5379     03CE  3183  232A  3183   	fcall	_I2C_Open
  5380     03D1  3A00               	xorlw	0
  5381     03D2  1903               	skipnz
  5382     03D3  2BD5               	goto	u1511
  5383     03D4  2BD6               	goto	u1510
  5384     03D5                     u1511:
  5385     03D5  2BCC               	goto	l3365
  5386     03D6                     u1510:
  5387     03D6                     l3367:
  5388                           
  5389                           ;D:\yiming\00work\LCD_I2C\LCD_I2C.X\mcc_generated_files\examples\i2c_master_example.c: 9
      +                          4:     I2C_SetDataCompleteCallback(wr1RegCompleteHandler,&data);
  5390     03D6  30A2               	movlw	low _wr1RegCompleteHandler
  5391     03D7  00F6               	movwf	I2C_SetDataCompleteCallback@cb
  5392     03D8  3006               	movlw	high _wr1RegCompleteHandler
  5393     03D9  00F7               	movwf	I2C_SetDataCompleteCallback@cb+1
  5394     03DA  3052               	movlw	(low (I2C_Write1ByteRegister@data| 0))& (0+255)
  5395     03DB  00F8               	movwf	I2C_SetDataCompleteCallback@ptr
  5396     03DC  3187  272C  3183   	fcall	_I2C_SetDataCompleteCallback
  5397     03DF                     l3369:
  5398                           
  5399                           ;D:\yiming\00work\LCD_I2C\LCD_I2C.X\mcc_generated_files\examples\i2c_master_example.c: 9
      +                          5:     I2C_SetBuffer(&reg,1);
  5400     03DF  3001               	movlw	1
  5401     03E0  00F2               	movwf	I2C_SetBuffer@bufferSize
  5402     03E1  3000               	movlw	0
  5403     03E2  00F3               	movwf	I2C_SetBuffer@bufferSize+1
  5404     03E3  3051               	movlw	(low (I2C_Write1ByteRegister@reg| 0))& (0+255)
  5405     03E4  3186  26D3  3183   	fcall	_I2C_SetBuffer
  5406     03E7                     l3371:
  5407                           
  5408                           ;D:\yiming\00work\LCD_I2C\LCD_I2C.X\mcc_generated_files\examples\i2c_master_example.c: 9
      +                          6:     I2C_SetAddressNackCallback(((void*)0),((void*)0));
  5409     03E7  3000               	movlw	0
  5410     03E8  00F6               	movwf	I2C_SetAddressNackCallback@cb
  5411     03E9  00F7               	movwf	I2C_SetAddressNackCallback@cb+1
  5412     03EA  3000               	movlw	0
  5413     03EB  00F8               	movwf	I2C_SetAddressNackCallback@ptr
  5414     03EC  00F9               	movwf	I2C_SetAddressNackCallback@ptr+1
  5415     03ED  3187  2721  3183   	fcall	_I2C_SetAddressNackCallback
  5416     03F0                     l3373:
  5417                           
  5418                           ;D:\yiming\00work\LCD_I2C\LCD_I2C.X\mcc_generated_files\examples\i2c_master_example.c: 9
      +                          7:     I2C_MasterWrite();
  5419     03F0  3187  2785  3183   	fcall	_I2C_MasterWrite
  5420     03F3                     l3375:	
  5421                           ;D:\yiming\00work\LCD_I2C\LCD_I2C.X\mcc_generated_files\examples\i2c_master_example.c: 9
      +                          8:     while(I2C_BUSY == I2C_Close());
  5422                           
  5423     03F3  3185  25E8  3183   	fcall	_I2C_Close
  5424     03F6  3A01               	xorlw	1
  5425     03F7  1903               	skipnz
  5426     03F8  2BFA               	goto	u1521
  5427     03F9  2BFB               	goto	u1520
  5428     03FA                     u1521:
  5429     03FA  2BF3               	goto	l3375
  5430     03FB                     u1520:
  5431     03FB                     l188:
  5432     03FB  0008               	return
  5433     03FC                     __end_of_I2C_Write1ByteRegister:
  5434                           
  5435                           	psect	text26
  5436     0721                     __ptext26:	
  5437 ;; *************** function _I2C_SetAddressNackCallback *****************
  5438 ;; Defined at:
  5439 ;;		line 283 in file "D:\yiming\00work\LCD_I2C\LCD_I2C.X\mcc_generated_files\i2c_master.c"
  5440 ;; Parameters:    Size  Location     Type
  5441 ;;  cb              2    6[COMMON] PTR FTN(PTR void ,)enum 
  5442 ;;		 -> NULL(1), 
  5443 ;;  ptr             2    8[COMMON] PTR void 
  5444 ;;		 -> NULL(0), 
  5445 ;; Auto vars:     Size  Location     Type
  5446 ;;		None
  5447 ;; Return value:  Size  Location     Type
  5448 ;;                  1    wreg      void 
  5449 ;; Registers used:
  5450 ;;		wreg, fsr1l, fsr1h, status,2, status,0, pclath, cstack
  5451 ;; Tracked objects:
  5452 ;;		On entry : 0/0
  5453 ;;		On exit  : 0/0
  5454 ;;		Unchanged: 0/0
  5455 ;; Data sizes:     COMMON   BANK0   BANK1   BANK2   BANK3   BANK4   BANK5   BANK6
  5456 ;;      Params:         4       0       0       0       0       0       0       0
  5457 ;;      Locals:         0       0       0       0       0       0       0       0
  5458 ;;      Temps:          0       0       0       0       0       0       0       0
  5459 ;;      Totals:         4       0       0       0       0       0       0       0
  5460 ;;Total ram usage:        4 bytes
  5461 ;; Hardware stack levels used: 1
  5462 ;; Hardware stack levels required when called: 5
  5463 ;; This function calls:
  5464 ;;		_I2C_SetCallback
  5465 ;; This function is called by:
  5466 ;;		_I2C_Write1ByteRegister
  5467 ;; This function uses a non-reentrant model
  5468 ;;
  5469                           
  5470     0721                     _I2C_SetAddressNackCallback:	
  5471                           ;psect for function _I2C_SetAddressNackCallback
  5472                           
  5473     0721                     l2597:	
  5474                           ;incstack = 0
  5475                           ; Regs used in _I2C_SetAddressNackCallback: [wreg+fsr1l+fsr1h+status,2+status,0+pclath+c
      +                          stack]
  5476                           
  5477                           
  5478                           ;D:\yiming\00work\LCD_I2C\LCD_I2C.X\mcc_generated_files\i2c_master.c: 283: void I2C_SetA
      +                          ddressNackCallback(i2c_callback_t cb, void *ptr);D:\yiming\00work\LCD_I2C\LCD_I2C.X\mcc_
      +                          generated_files\i2c_master.c: 284: {;D:\yiming\00work\LCD_I2C\LCD_I2C.X\mcc_generated_fi
      +                          les\i2c_master.c: 285:     I2C_SetCallback(I2C_ADDR_NACK, cb, ptr);
  5479     0721  0877               	movf	I2C_SetAddressNackCallback@cb+1,w
  5480     0722  00F3               	movwf	I2C_SetCallback@cb+1
  5481     0723  0876               	movf	I2C_SetAddressNackCallback@cb,w
  5482     0724  00F2               	movwf	I2C_SetCallback@cb
  5483     0725  0878               	movf	I2C_SetAddressNackCallback@ptr,w
  5484     0726  00F4               	movwf	I2C_SetCallback@ptr
  5485     0727  3002               	movlw	2
  5486     0728  3184  24D8  3187   	fcall	_I2C_SetCallback
  5487     072B                     l315:
  5488     072B  0008               	return
  5489     072C                     __end_of_I2C_SetAddressNackCallback:
  5490                           
  5491                           	psect	text27
  5492     032A                     __ptext27:	
  5493 ;; *************** function _I2C_Open *****************
  5494 ;; Defined at:
  5495 ;;		line 176 in file "D:\yiming\00work\LCD_I2C\LCD_I2C.X\mcc_generated_files\i2c_master.c"
  5496 ;; Parameters:    Size  Location     Type
  5497 ;;  address         1    wreg     unsigned char 
  5498 ;; Auto vars:     Size  Location     Type
  5499 ;;  address         1    2[COMMON] unsigned char 
  5500 ;;  returnValue     1    3[COMMON] enum E358
  5501 ;; Return value:  Size  Location     Type
  5502 ;;                  1    wreg      enum E358
  5503 ;; Registers used:
  5504 ;;		wreg, status,2, status,0, pclath, cstack
  5505 ;; Tracked objects:
  5506 ;;		On entry : 0/0
  5507 ;;		On exit  : 0/0
  5508 ;;		Unchanged: 0/0
  5509 ;; Data sizes:     COMMON   BANK0   BANK1   BANK2   BANK3   BANK4   BANK5   BANK6
  5510 ;;      Params:         0       0       0       0       0       0       0       0
  5511 ;;      Locals:         2       0       0       0       0       0       0       0
  5512 ;;      Temps:          0       0       0       0       0       0       0       0
  5513 ;;      Totals:         2       0       0       0       0       0       0       0
  5514 ;;Total ram usage:        2 bytes
  5515 ;; Hardware stack levels used: 1
  5516 ;; Hardware stack levels required when called: 5
  5517 ;; This function calls:
  5518 ;;		_I2C_MasterClearIrq
  5519 ;;		_I2C_MasterOpen
  5520 ;; This function is called by:
  5521 ;;		_I2C_Write1ByteRegister
  5522 ;; This function uses a non-reentrant model
  5523 ;;
  5524                           
  5525     032A                     _I2C_Open:	
  5526                           ;psect for function _I2C_Open
  5527                           
  5528                           
  5529                           ;incstack = 0
  5530                           ; Regs used in _I2C_Open: [wreg+status,2+status,0+pclath+cstack]
  5531                           ;I2C_Open@address stored from wreg
  5532     032A  00F2               	movwf	I2C_Open@address
  5533     032B                     l2565:
  5534                           
  5535                           ;D:\yiming\00work\LCD_I2C\LCD_I2C.X\mcc_generated_files\i2c_master.c: 176: i2c_error_t I
      +                          2C_Open(i2c_address_t address);D:\yiming\00work\LCD_I2C\LCD_I2C.X\mcc_generated_files\i2
      +                          c_master.c: 177: {;D:\yiming\00work\LCD_I2C\LCD_I2C.X\mcc_generated_files\i2c_master.c: 
      +                          178:     i2c_error_t returnValue = I2C_BUSY;
  5536     032B  01F3               	clrf	I2C_Open@returnValue
  5537     032C  0AF3               	incf	I2C_Open@returnValue,f
  5538                           
  5539                           ;D:\yiming\00work\LCD_I2C\LCD_I2C.X\mcc_generated_files\i2c_master.c: 180:     if(!I2C_S
      +                          tatus.inUse)
  5540     032D  0021               	movlb	1	; select bank1
  5541     032E  193C               	btfsc	(_I2C_Status^(0+128)+28),2
  5542     032F  2B31               	goto	u841
  5543     0330  2B32               	goto	u840
  5544     0331                     u841:
  5545     0331  2B5E               	goto	l291
  5546     0332                     u840:
  5547     0332                     l2567:
  5548                           
  5549                           ;D:\yiming\00work\LCD_I2C\LCD_I2C.X\mcc_generated_files\i2c_master.c: 181:     {;D:\yimi
      +                          ng\00work\LCD_I2C\LCD_I2C.X\mcc_generated_files\i2c_master.c: 182:         I2C_Status.ad
      +                          dress = address;
  5550     0332  0872               	movf	I2C_Open@address,w
  5551     0333  00B6               	movwf	(_I2C_Status^(0+128)+22)
  5552     0334                     l2569:
  5553                           
  5554                           ;D:\yiming\00work\LCD_I2C\LCD_I2C.X\mcc_generated_files\i2c_master.c: 183:         I2C_S
      +                          tatus.busy = 0;
  5555     0334  10BC               	bcf	(_I2C_Status^(0+128)+28),1
  5556     0335                     l2571:
  5557                           
  5558                           ;D:\yiming\00work\LCD_I2C\LCD_I2C.X\mcc_generated_files\i2c_master.c: 184:         I2C_S
      +                          tatus.inUse = 1;
  5559     0335  153C               	bsf	(_I2C_Status^(0+128)+28),2
  5560     0336                     l2573:
  5561                           
  5562                           ;D:\yiming\00work\LCD_I2C\LCD_I2C.X\mcc_generated_files\i2c_master.c: 185:         I2C_S
      +                          tatus.addressNackCheck = 0;
  5563     0336  103C               	bcf	(_I2C_Status^(0+128)+28),0
  5564                           
  5565                           ;D:\yiming\00work\LCD_I2C\LCD_I2C.X\mcc_generated_files\i2c_master.c: 186:         I2C_S
      +                          tatus.state = I2C_RESET;
  5566     0337  300E               	movlw	14
  5567     0338  00BA               	movwf	(_I2C_Status^(0+128)+26)
  5568                           
  5569                           ;D:\yiming\00work\LCD_I2C\LCD_I2C.X\mcc_generated_files\i2c_master.c: 187:         I2C_S
      +                          tatus.time_out_value = 500;
  5570     0339  30F4               	movlw	244
  5571     033A  00B4               	movwf	(_I2C_Status^(0+128)+20)
  5572     033B  3001               	movlw	1
  5573     033C  00B5               	movwf	(_I2C_Status^(0+128)+21)
  5574     033D                     l2575:
  5575                           
  5576                           ;D:\yiming\00work\LCD_I2C\LCD_I2C.X\mcc_generated_files\i2c_master.c: 188:         I2C_S
      +                          tatus.bufferFree = 1;
  5577     033D  15BC               	bsf	(_I2C_Status^(0+128)+28),3
  5578                           
  5579                           ;D:\yiming\00work\LCD_I2C\LCD_I2C.X\mcc_generated_files\i2c_master.c: 191:         I2C_S
      +                          tatus.callbackTable[I2C_DATA_COMPLETE]=I2C_CallbackReturnStop;
  5580     033E  30E5               	movlw	low _I2C_CallbackReturnStop
  5581     033F  00A0               	movwf	_I2C_Status^(0+128)
  5582     0340  3007               	movlw	high _I2C_CallbackReturnStop
  5583     0341  00A1               	movwf	(_I2C_Status^(0+128)+1)
  5584     0342                     l2577:
  5585                           
  5586                           ;D:\yiming\00work\LCD_I2C\LCD_I2C.X\mcc_generated_files\i2c_master.c: 192:         I2C_S
      +                          tatus.callbackPayload[I2C_DATA_COMPLETE] = ((void*)0);
  5587     0342  01AC               	clrf	(low ((_I2C_Status| 0+12)))^(0+128)
  5588     0343                     l2579:
  5589                           
  5590                           ;D:\yiming\00work\LCD_I2C\LCD_I2C.X\mcc_generated_files\i2c_master.c: 193:         I2C_S
      +                          tatus.callbackTable[I2C_WRITE_COLLISION]=I2C_CallbackReturnStop;
  5591     0343  30E5               	movlw	low _I2C_CallbackReturnStop
  5592     0344  00A2               	movwf	(low ((_I2C_Status| 0+2)))^(0+128)
  5593     0345  3007               	movlw	high _I2C_CallbackReturnStop
  5594     0346  00A3               	movwf	((low ((_I2C_Status| 0+2)))^(0+128)+1)
  5595                           
  5596                           ;D:\yiming\00work\LCD_I2C\LCD_I2C.X\mcc_generated_files\i2c_master.c: 194:         I2C_S
      +                          tatus.callbackPayload[I2C_WRITE_COLLISION] = ((void*)0);
  5597     0347  01AD               	clrf	(low ((_I2C_Status| 0+13)))^(0+128)
  5598     0348                     l2581:
  5599                           
  5600                           ;D:\yiming\00work\LCD_I2C\LCD_I2C.X\mcc_generated_files\i2c_master.c: 195:         I2C_S
      +                          tatus.callbackTable[I2C_ADDR_NACK]=I2C_CallbackReturnStop;
  5601     0348  30E5               	movlw	low _I2C_CallbackReturnStop
  5602     0349  00A4               	movwf	(low ((_I2C_Status| 0+4)))^(0+128)
  5603     034A  3007               	movlw	high _I2C_CallbackReturnStop
  5604     034B  00A5               	movwf	((low ((_I2C_Status| 0+4)))^(0+128)+1)
  5605     034C                     l2583:
  5606                           
  5607                           ;D:\yiming\00work\LCD_I2C\LCD_I2C.X\mcc_generated_files\i2c_master.c: 196:         I2C_S
      +                          tatus.callbackPayload[I2C_ADDR_NACK] = ((void*)0);
  5608     034C  01AE               	clrf	(low ((_I2C_Status| 0+14)))^(0+128)
  5609                           
  5610                           ;D:\yiming\00work\LCD_I2C\LCD_I2C.X\mcc_generated_files\i2c_master.c: 197:         I2C_S
      +                          tatus.callbackTable[I2C_DATA_NACK]=I2C_CallbackReturnStop;
  5611     034D  30E5               	movlw	low _I2C_CallbackReturnStop
  5612     034E  00A6               	movwf	(low ((_I2C_Status| 0+6)))^(0+128)
  5613     034F  3007               	movlw	high _I2C_CallbackReturnStop
  5614     0350  00A7               	movwf	((low ((_I2C_Status| 0+6)))^(0+128)+1)
  5615     0351                     l2585:
  5616                           
  5617                           ;D:\yiming\00work\LCD_I2C\LCD_I2C.X\mcc_generated_files\i2c_master.c: 198:         I2C_S
      +                          tatus.callbackPayload[I2C_DATA_NACK] = ((void*)0);
  5618     0351  01AF               	clrf	(low ((_I2C_Status| 0+15)))^(0+128)
  5619     0352                     l2587:
  5620                           
  5621                           ;D:\yiming\00work\LCD_I2C\LCD_I2C.X\mcc_generated_files\i2c_master.c: 199:         I2C_S
      +                          tatus.callbackTable[I2C_TIMEOUT]=I2C_CallbackReturnReset;
  5622     0352  30E3               	movlw	low _I2C_CallbackReturnReset
  5623     0353  00A8               	movwf	(low ((_I2C_Status| 0+8)))^(0+128)
  5624     0354  3007               	movlw	high _I2C_CallbackReturnReset
  5625     0355  00A9               	movwf	((low ((_I2C_Status| 0+8)))^(0+128)+1)
  5626                           
  5627                           ;D:\yiming\00work\LCD_I2C\LCD_I2C.X\mcc_generated_files\i2c_master.c: 200:         I2C_S
      +                          tatus.callbackPayload[I2C_TIMEOUT] = ((void*)0);
  5628     0356  01B0               	clrf	(low ((_I2C_Status| 0+16)))^(0+128)
  5629     0357                     l2589:
  5630                           
  5631                           ;D:\yiming\00work\LCD_I2C\LCD_I2C.X\mcc_generated_files\i2c_master.c: 202:         I2C_M
      +                          asterClearIrq();
  5632     0357  3187  27E0  3183   	fcall	_I2C_MasterClearIrq
  5633     035A                     l2591:
  5634                           
  5635                           ;D:\yiming\00work\LCD_I2C\LCD_I2C.X\mcc_generated_files\i2c_master.c: 203:         I2C_M
      +                          asterOpen();
  5636     035A  3186  26EE  3183   	fcall	_I2C_MasterOpen
  5637     035D                     l2593:
  5638                           
  5639                           ;D:\yiming\00work\LCD_I2C\LCD_I2C.X\mcc_generated_files\i2c_master.c: 204:         retur
      +                          nValue = I2C_NOERR;
  5640     035D  01F3               	clrf	I2C_Open@returnValue
  5641     035E                     l291:	
  5642                           ;D:\yiming\00work\LCD_I2C\LCD_I2C.X\mcc_generated_files\i2c_master.c: 205:     }
  5643                           
  5644                           
  5645                           ;D:\yiming\00work\LCD_I2C\LCD_I2C.X\mcc_generated_files\i2c_master.c: 206:     return re
      +                          turnValue;
  5646     035E  0873               	movf	I2C_Open@returnValue,w
  5647     035F                     l292:
  5648     035F  0008               	return
  5649     0360                     __end_of_I2C_Open:
  5650                           
  5651                           	psect	text28
  5652     06EE                     __ptext28:	
  5653 ;; *************** function _I2C_MasterOpen *****************
  5654 ;; Defined at:
  5655 ;;		line 543 in file "D:\yiming\00work\LCD_I2C\LCD_I2C.X\mcc_generated_files\i2c_master.c"
  5656 ;; Parameters:    Size  Location     Type
  5657 ;;		None
  5658 ;; Auto vars:     Size  Location     Type
  5659 ;;		None
  5660 ;; Return value:  Size  Location     Type
  5661 ;;                  1    wreg      _Bool 
  5662 ;; Registers used:
  5663 ;;		wreg, status,2
  5664 ;; Tracked objects:
  5665 ;;		On entry : 0/0
  5666 ;;		On exit  : 0/0
  5667 ;;		Unchanged: 0/0
  5668 ;; Data sizes:     COMMON   BANK0   BANK1   BANK2   BANK3   BANK4   BANK5   BANK6
  5669 ;;      Params:         0       0       0       0       0       0       0       0
  5670 ;;      Locals:         0       0       0       0       0       0       0       0
  5671 ;;      Temps:          0       0       0       0       0       0       0       0
  5672 ;;      Totals:         0       0       0       0       0       0       0       0
  5673 ;;Total ram usage:        0 bytes
  5674 ;; Hardware stack levels used: 1
  5675 ;; Hardware stack levels required when called: 4
  5676 ;; This function calls:
  5677 ;;		Nothing
  5678 ;; This function is called by:
  5679 ;;		_I2C_Open
  5680 ;; This function uses a non-reentrant model
  5681 ;;
  5682                           
  5683     06EE                     _I2C_MasterOpen:	
  5684                           ;psect for function _I2C_MasterOpen
  5685                           
  5686     06EE                     l2529:	
  5687                           ;incstack = 0
  5688                           ; Regs used in _I2C_MasterOpen: [wreg+status,2]
  5689                           
  5690                           
  5691                           ;D:\yiming\00work\LCD_I2C\LCD_I2C.X\mcc_generated_files\i2c_master.c: 545:     if(!SSPCO
      +                          N1bits.SSPEN)
  5692     06EE  0024               	movlb	4	; select bank4
  5693     06EF  1A95               	btfsc	21,5	;volatile
  5694     06F0  2EF2               	goto	u811
  5695     06F1  2EF3               	goto	u810
  5696     06F2                     u811:
  5697     06F2  2EFA               	goto	l422
  5698     06F3                     u810:
  5699     06F3                     l2531:
  5700                           
  5701                           ;D:\yiming\00work\LCD_I2C\LCD_I2C.X\mcc_generated_files\i2c_master.c: 546:     {;D:\yimi
      +                          ng\00work\LCD_I2C\LCD_I2C.X\mcc_generated_files\i2c_master.c: 547:         SSPSTAT = 0x0
      +                          0;
  5702     06F3  0194               	clrf	20	;volatile
  5703     06F4                     l2533:
  5704                           
  5705                           ;D:\yiming\00work\LCD_I2C\LCD_I2C.X\mcc_generated_files\i2c_master.c: 548:         SSPCO
      +                          N1 = 0x08;
  5706     06F4  3008               	movlw	8
  5707     06F5  0095               	movwf	21	;volatile
  5708     06F6                     l2535:
  5709                           
  5710                           ;D:\yiming\00work\LCD_I2C\LCD_I2C.X\mcc_generated_files\i2c_master.c: 549:         SSPCO
      +                          N2 = 0x00;
  5711     06F6  0196               	clrf	22	;volatile
  5712                           
  5713                           ;D:\yiming\00work\LCD_I2C\LCD_I2C.X\mcc_generated_files\i2c_master.c: 550:         SSPAD
      +                          D = 0x4F;
  5714     06F7  304F               	movlw	79
  5715     06F8  0092               	movwf	18	;volatile
  5716     06F9                     l2537:
  5717                           
  5718                           ;D:\yiming\00work\LCD_I2C\LCD_I2C.X\mcc_generated_files\i2c_master.c: 551:         SSPCO
      +                          N1bits.SSPEN = 1;
  5719     06F9  1695               	bsf	21,5	;volatile
  5720     06FA                     l422:
  5721     06FA  0008               	return
  5722     06FB                     __end_of_I2C_MasterOpen:
  5723                           
  5724                           	psect	text29
  5725     0785                     __ptext29:	
  5726 ;; *************** function _I2C_MasterWrite *****************
  5727 ;; Defined at:
  5728 ;;		line 251 in file "D:\yiming\00work\LCD_I2C\LCD_I2C.X\mcc_generated_files\i2c_master.c"
  5729 ;; Parameters:    Size  Location     Type
  5730 ;;		None
  5731 ;; Auto vars:     Size  Location     Type
  5732 ;;		None
  5733 ;; Return value:  Size  Location     Type
  5734 ;;                  1    wreg      enum E358
  5735 ;; Registers used:
  5736 ;;		wreg, fsr0l, fsr0h, fsr1l, fsr1h, status,2, status,0, pclath, cstack
  5737 ;; Tracked objects:
  5738 ;;		On entry : 0/0
  5739 ;;		On exit  : 0/0
  5740 ;;		Unchanged: 0/0
  5741 ;; Data sizes:     COMMON   BANK0   BANK1   BANK2   BANK3   BANK4   BANK5   BANK6
  5742 ;;      Params:         0       0       0       0       0       0       0       0
  5743 ;;      Locals:         0       0       0       0       0       0       0       0
  5744 ;;      Temps:          0       0       0       0       0       0       0       0
  5745 ;;      Totals:         0       0       0       0       0       0       0       0
  5746 ;;Total ram usage:        0 bytes
  5747 ;; Hardware stack levels used: 1
  5748 ;; Hardware stack levels required when called: 11
  5749 ;; This function calls:
  5750 ;;		_I2C_MasterOperation
  5751 ;; This function is called by:
  5752 ;;		_I2C_Write1ByteRegister
  5753 ;; This function uses a non-reentrant model
  5754 ;;
  5755                           
  5756     0785                     _I2C_MasterWrite:	
  5757                           ;psect for function _I2C_MasterWrite
  5758                           
  5759     0785                     l3359:	
  5760                           ;incstack = 0
  5761                           ; Regs used in _I2C_MasterWrite: [wreg-fsr1h+status,2+status,0+pclath+cstack]
  5762                           
  5763                           
  5764                           ;D:\yiming\00work\LCD_I2C\LCD_I2C.X\mcc_generated_files\i2c_master.c: 253:     return I2
      +                          C_MasterOperation(0);;	Return value of _I2C_MasterWrite is never used
  5765     0785  3000               	movlw	0
  5766     0786  3184  24FC  3187   	fcall	_I2C_MasterOperation
  5767     0789                     l305:
  5768     0789  0008               	return
  5769     078A                     __end_of_I2C_MasterWrite:
  5770                           
  5771                           	psect	text30
  5772     04FC                     __ptext30:	
  5773 ;; *************** function _I2C_MasterOperation *****************
  5774 ;; Defined at:
  5775 ;;		line 224 in file "D:\yiming\00work\LCD_I2C\LCD_I2C.X\mcc_generated_files\i2c_master.c"
  5776 ;; Parameters:    Size  Location     Type
  5777 ;;  read            1    wreg     _Bool 
  5778 ;; Auto vars:     Size  Location     Type
  5779 ;;  read            1    4[BANK0 ] _Bool 
  5780 ;;  returnValue     1    5[BANK0 ] enum E358
  5781 ;; Return value:  Size  Location     Type
  5782 ;;                  1    wreg      enum E358
  5783 ;; Registers used:
  5784 ;;		wreg, fsr0l, fsr0h, fsr1l, fsr1h, status,2, status,0, pclath, cstack
  5785 ;; Tracked objects:
  5786 ;;		On entry : 0/0
  5787 ;;		On exit  : 0/0
  5788 ;;		Unchanged: 0/0
  5789 ;; Data sizes:     COMMON   BANK0   BANK1   BANK2   BANK3   BANK4   BANK5   BANK6
  5790 ;;      Params:         0       0       0       0       0       0       0       0
  5791 ;;      Locals:         0       2       0       0       0       0       0       0
  5792 ;;      Temps:          0       0       0       0       0       0       0       0
  5793 ;;      Totals:         0       2       0       0       0       0       0       0
  5794 ;;Total ram usage:        2 bytes
  5795 ;; Hardware stack levels used: 1
  5796 ;; Hardware stack levels required when called: 10
  5797 ;; This function calls:
  5798 ;;		_I2C_MasterStart
  5799 ;;		_I2C_Poller
  5800 ;; This function is called by:
  5801 ;;		_I2C_MasterWrite
  5802 ;; This function uses a non-reentrant model
  5803 ;;
  5804                           
  5805     04FC                     _I2C_MasterOperation:	
  5806                           ;psect for function _I2C_MasterOperation
  5807                           
  5808                           
  5809                           ;incstack = 0
  5810                           ; Regs used in _I2C_MasterOperation: [wreg-fsr1h+status,2+status,0+pclath+cstack]
  5811                           ;I2C_MasterOperation@read stored from wreg
  5812     04FC  0020               	movlb	0	; select bank0
  5813     04FD  00CF               	movwf	I2C_MasterOperation@read
  5814     04FE                     l3339:
  5815                           
  5816                           ;D:\yiming\00work\LCD_I2C\LCD_I2C.X\mcc_generated_files\i2c_master.c: 224: i2c_error_t I
      +                          2C_MasterOperation(_Bool read);D:\yiming\00work\LCD_I2C\LCD_I2C.X\mcc_generated_files\i2
      +                          c_master.c: 225: {;D:\yiming\00work\LCD_I2C\LCD_I2C.X\mcc_generated_files\i2c_master.c: 
      +                          226:     i2c_error_t returnValue = I2C_BUSY;
  5817     04FE  01D0               	clrf	I2C_MasterOperation@returnValue
  5818     04FF  0AD0               	incf	I2C_MasterOperation@returnValue,f
  5819                           
  5820                           ;D:\yiming\00work\LCD_I2C\LCD_I2C.X\mcc_generated_files\i2c_master.c: 227:     if(!I2C_S
      +                          tatus.busy)
  5821     0500  0021               	movlb	1	; select bank1
  5822     0501  18BC               	btfsc	(_I2C_Status^(0+128)+28),1
  5823     0502  2D04               	goto	u1491
  5824     0503  2D05               	goto	u1490
  5825     0504                     u1491:
  5826     0504  2D1A               	goto	l3355
  5827     0505                     u1490:
  5828     0505                     l3341:
  5829                           
  5830                           ;D:\yiming\00work\LCD_I2C\LCD_I2C.X\mcc_generated_files\i2c_master.c: 228:     {;D:\yimi
      +                          ng\00work\LCD_I2C\LCD_I2C.X\mcc_generated_files\i2c_master.c: 229:         I2C_Status.bu
      +                          sy = 1;
  5831     0505  14BC               	bsf	(_I2C_Status^(0+128)+28),1
  5832     0506                     l3343:
  5833                           
  5834                           ;D:\yiming\00work\LCD_I2C\LCD_I2C.X\mcc_generated_files\i2c_master.c: 230:         retur
      +                          nValue = I2C_NOERR;
  5835     0506  0020               	movlb	0	; select bank0
  5836     0507  01D0               	clrf	I2C_MasterOperation@returnValue
  5837     0508                     l3345:
  5838                           
  5839                           ;D:\yiming\00work\LCD_I2C\LCD_I2C.X\mcc_generated_files\i2c_master.c: 232:         if(re
      +                          ad)
  5840     0508  084F               	movf	I2C_MasterOperation@read,w
  5841     0509  1903               	btfsc	3,2
  5842     050A  2D0C               	goto	u1501
  5843     050B  2D0D               	goto	u1500
  5844     050C                     u1501:
  5845     050C  2D11               	goto	l3349
  5846     050D                     u1500:
  5847     050D                     l3347:
  5848                           
  5849                           ;D:\yiming\00work\LCD_I2C\LCD_I2C.X\mcc_generated_files\i2c_master.c: 233:         {;D:\
      +                          yiming\00work\LCD_I2C\LCD_I2C.X\mcc_generated_files\i2c_master.c: 234:             I2C_S
      +                          tatus.state = I2C_SEND_ADR_READ;
  5850     050D  0021               	movlb	1	; select bank1
  5851     050E  01BA               	clrf	(_I2C_Status^(0+128)+26)
  5852     050F  0ABA               	incf	(_I2C_Status^(0+128)+26),f
  5853                           
  5854                           ;D:\yiming\00work\LCD_I2C\LCD_I2C.X\mcc_generated_files\i2c_master.c: 235:         }
  5855     0510  2D14               	goto	l3351
  5856     0511                     l3349:
  5857                           
  5858                           ;D:\yiming\00work\LCD_I2C\LCD_I2C.X\mcc_generated_files\i2c_master.c: 237:         {;D:\
      +                          yiming\00work\LCD_I2C\LCD_I2C.X\mcc_generated_files\i2c_master.c: 238:             I2C_S
      +                          tatus.state = I2C_SEND_ADR_WRITE;
  5859     0511  3002               	movlw	2
  5860     0512  0021               	movlb	1	; select bank1
  5861     0513  00BA               	movwf	(_I2C_Status^(0+128)+26)
  5862     0514                     l3351:
  5863                           
  5864                           ;D:\yiming\00work\LCD_I2C\LCD_I2C.X\mcc_generated_files\i2c_master.c: 240:         I2C_M
      +                          asterStart();
  5865     0514  3187  27D7  3184   	fcall	_I2C_MasterStart
  5866     0517                     l3353:
  5867                           
  5868                           ;D:\yiming\00work\LCD_I2C\LCD_I2C.X\mcc_generated_files\i2c_master.c: 241:         I2C_P
      +                          oller();
  5869     0517  3186  26FB  3184   	fcall	_I2C_Poller
  5870     051A                     l3355:
  5871                           
  5872                           ;D:\yiming\00work\LCD_I2C\LCD_I2C.X\mcc_generated_files\i2c_master.c: 243:     return re
      +                          turnValue;
  5873     051A  0020               	movlb	0	; select bank0
  5874     051B  0850               	movf	I2C_MasterOperation@returnValue,w
  5875     051C                     l302:
  5876     051C  0008               	return
  5877     051D                     __end_of_I2C_MasterOperation:
  5878                           
  5879                           	psect	text31
  5880     06FB                     __ptext31:	
  5881 ;; *************** function _I2C_Poller *****************
  5882 ;; Defined at:
  5883 ;;		line 312 in file "D:\yiming\00work\LCD_I2C\LCD_I2C.X\mcc_generated_files\i2c_master.c"
  5884 ;; Parameters:    Size  Location     Type
  5885 ;;		None
  5886 ;; Auto vars:     Size  Location     Type
  5887 ;;		None
  5888 ;; Return value:  Size  Location     Type
  5889 ;;                  1    wreg      void 
  5890 ;; Registers used:
  5891 ;;		wreg, fsr0l, fsr0h, fsr1l, fsr1h, status,2, status,0, pclath, cstack
  5892 ;; Tracked objects:
  5893 ;;		On entry : 0/0
  5894 ;;		On exit  : 0/0
  5895 ;;		Unchanged: 0/0
  5896 ;; Data sizes:     COMMON   BANK0   BANK1   BANK2   BANK3   BANK4   BANK5   BANK6
  5897 ;;      Params:         0       0       0       0       0       0       0       0
  5898 ;;      Locals:         0       0       0       0       0       0       0       0
  5899 ;;      Temps:          0       0       0       0       0       0       0       0
  5900 ;;      Totals:         0       0       0       0       0       0       0       0
  5901 ;;Total ram usage:        0 bytes
  5902 ;; Hardware stack levels used: 1
  5903 ;; Hardware stack levels required when called: 9
  5904 ;; This function calls:
  5905 ;;		_I2C_MasterFsm
  5906 ;;		_I2C_MasterWaitForEvent
  5907 ;; This function is called by:
  5908 ;;		_I2C_MasterOperation
  5909 ;; This function uses a non-reentrant model
  5910 ;;
  5911                           
  5912     06FB                     _I2C_Poller:	
  5913                           ;psect for function _I2C_Poller
  5914                           
  5915     06FB                     l3331:	
  5916                           ;incstack = 0
  5917                           ; Regs used in _I2C_Poller: [wreg-fsr1h+status,2+status,0+pclath+cstack]
  5918                           
  5919                           
  5920                           ;D:\yiming\00work\LCD_I2C\LCD_I2C.X\mcc_generated_files\i2c_master.c: 314:     while(I2C
      +                          _Status.busy)
  5921     06FB  2F02               	goto	l3337
  5922     06FC                     l3333:
  5923                           
  5924                           ;D:\yiming\00work\LCD_I2C\LCD_I2C.X\mcc_generated_files\i2c_master.c: 315:     {;D:\yimi
      +                          ng\00work\LCD_I2C\LCD_I2C.X\mcc_generated_files\i2c_master.c: 316:         I2C_MasterWai
      +                          tForEvent();
  5925     06FC  3187  2779  3186   	fcall	_I2C_MasterWaitForEvent
  5926     06FF                     l3335:
  5927                           
  5928                           ;D:\yiming\00work\LCD_I2C\LCD_I2C.X\mcc_generated_files\i2c_master.c: 317:         I2C_M
      +                          asterFsm();
  5929     06FF  3184  2486  3186   	fcall	_I2C_MasterFsm
  5930     0702                     l3337:
  5931                           
  5932                           ;D:\yiming\00work\LCD_I2C\LCD_I2C.X\mcc_generated_files\i2c_master.c: 314:     while(I2C
      +                          _Status.busy)
  5933     0702  0021               	movlb	1	; select bank1
  5934     0703  18BC               	btfsc	(_I2C_Status^(0+128)+28),1
  5935     0704  2F06               	goto	u1481
  5936     0705  2F07               	goto	u1480
  5937     0706                     u1481:
  5938     0706  2EFC               	goto	l3333
  5939     0707                     u1480:
  5940     0707                     l326:
  5941     0707  0008               	return
  5942     0708                     __end_of_I2C_Poller:
  5943                           
  5944                           	psect	text32
  5945     0779                     __ptext32:	
  5946 ;; *************** function _I2C_MasterWaitForEvent *****************
  5947 ;; Defined at:
  5948 ;;		line 650 in file "D:\yiming\00work\LCD_I2C\LCD_I2C.X\mcc_generated_files\i2c_master.c"
  5949 ;; Parameters:    Size  Location     Type
  5950 ;;		None
  5951 ;; Auto vars:     Size  Location     Type
  5952 ;;		None
  5953 ;; Return value:  Size  Location     Type
  5954 ;;                  1    wreg      void 
  5955 ;; Registers used:
  5956 ;;		None
  5957 ;; Tracked objects:
  5958 ;;		On entry : 0/0
  5959 ;;		On exit  : 0/0
  5960 ;;		Unchanged: 0/0
  5961 ;; Data sizes:     COMMON   BANK0   BANK1   BANK2   BANK3   BANK4   BANK5   BANK6
  5962 ;;      Params:         0       0       0       0       0       0       0       0
  5963 ;;      Locals:         0       0       0       0       0       0       0       0
  5964 ;;      Temps:          0       0       0       0       0       0       0       0
  5965 ;;      Totals:         0       0       0       0       0       0       0       0
  5966 ;;Total ram usage:        0 bytes
  5967 ;; Hardware stack levels used: 1
  5968 ;; Hardware stack levels required when called: 4
  5969 ;; This function calls:
  5970 ;;		Nothing
  5971 ;; This function is called by:
  5972 ;;		_I2C_Poller
  5973 ;; This function uses a non-reentrant model
  5974 ;;
  5975                           
  5976     0779                     _I2C_MasterWaitForEvent:	
  5977                           ;psect for function _I2C_MasterWaitForEvent
  5978                           
  5979     0779                     l464:	
  5980                           ;incstack = 0
  5981                           ; Regs used in _I2C_MasterWaitForEvent: []
  5982                           ;D:\yiming\00work\LCD_I2C\LCD_I2C.X\mcc_generated_files\i2c_master.c: 652:     while(1)
  5983                           
  5984                           
  5985                           ;D:\yiming\00work\LCD_I2C\LCD_I2C.X\mcc_generated_files\i2c_master.c: 653:     {;D:\yimi
      +                          ng\00work\LCD_I2C\LCD_I2C.X\mcc_generated_files\i2c_master.c: 654:         if(PIR1bits.S
      +                          SPIF)
  5986     0779  0020               	movlb	0	; select bank0
  5987     077A  1D91               	btfss	17,3	;volatile
  5988     077B  2F7D               	goto	u771
  5989     077C  2F7E               	goto	u770
  5990     077D                     u771:
  5991     077D  2F79               	goto	l464
  5992     077E                     u770:
  5993     077E                     l468:
  5994     077E  0008               	return
  5995     077F                     __end_of_I2C_MasterWaitForEvent:
  5996                           
  5997                           	psect	text33
  5998     0486                     __ptext33:	
  5999 ;; *************** function _I2C_MasterFsm *****************
  6000 ;; Defined at:
  6001 ;;		line 321 in file "D:\yiming\00work\LCD_I2C\LCD_I2C.X\mcc_generated_files\i2c_master.c"
  6002 ;; Parameters:    Size  Location     Type
  6003 ;;		None
  6004 ;; Auto vars:     Size  Location     Type
  6005 ;;		None
  6006 ;; Return value:  Size  Location     Type
  6007 ;;                  1    wreg      void 
  6008 ;; Registers used:
  6009 ;;		wreg, fsr0l, fsr0h, fsr1l, fsr1h, status,2, status,0, pclath, cstack
  6010 ;; Tracked objects:
  6011 ;;		On entry : 0/0
  6012 ;;		On exit  : 0/0
  6013 ;;		Unchanged: 0/0
  6014 ;; Data sizes:     COMMON   BANK0   BANK1   BANK2   BANK3   BANK4   BANK5   BANK6
  6015 ;;      Params:         0       0       0       0       0       0       0       0
  6016 ;;      Locals:         0       0       0       0       0       0       0       0
  6017 ;;      Temps:          0       2       0       0       0       0       0       0
  6018 ;;      Totals:         0       2       0       0       0       0       0       0
  6019 ;;Total ram usage:        2 bytes
  6020 ;; Hardware stack levels used: 1
  6021 ;; Hardware stack levels required when called: 8
  6022 ;; This function calls:
  6023 ;;		_I2C_DO_ADDRESS_NACK
  6024 ;;		_I2C_DO_IDLE
  6025 ;;		_I2C_DO_RCEN
  6026 ;;		_I2C_DO_RESET
  6027 ;;		_I2C_DO_RX
  6028 ;;		_I2C_DO_RX_ACK
  6029 ;;		_I2C_DO_RX_NACK_RESTART
  6030 ;;		_I2C_DO_RX_NACK_STOP
  6031 ;;		_I2C_DO_SEND_ADR_READ
  6032 ;;		_I2C_DO_SEND_ADR_WRITE
  6033 ;;		_I2C_DO_SEND_RESTART
  6034 ;;		_I2C_DO_SEND_RESTART_READ
  6035 ;;		_I2C_DO_SEND_RESTART_WRITE
  6036 ;;		_I2C_DO_SEND_STOP
  6037 ;;		_I2C_DO_TX
  6038 ;;		_I2C_DO_TX_EMPTY
  6039 ;;		_I2C_MasterClearIrq
  6040 ;;		_I2C_MasterIsNack
  6041 ;; This function is called by:
  6042 ;;		_I2C_Poller
  6043 ;; This function uses a non-reentrant model
  6044 ;;
  6045                           
  6046     0486                     _I2C_MasterFsm:	
  6047                           ;psect for function _I2C_MasterFsm
  6048                           
  6049     0486                     l3321:	
  6050                           ;incstack = 0
  6051                           ; Regs used in _I2C_MasterFsm: [wreg-fsr1h+status,2+status,0+pclath+cstack]
  6052                           
  6053                           
  6054                           ;D:\yiming\00work\LCD_I2C\LCD_I2C.X\mcc_generated_files\i2c_master.c: 323:     I2C_Maste
      +                          rClearIrq();
  6055     0486  3187  27E0  3184   	fcall	_I2C_MasterClearIrq
  6056     0489                     l3323:
  6057                           
  6058                           ;D:\yiming\00work\LCD_I2C\LCD_I2C.X\mcc_generated_files\i2c_master.c: 325:     if(I2C_St
      +                          atus.addressNackCheck && I2C_MasterIsNack())
  6059     0489  0021               	movlb	1	; select bank1
  6060     048A  1C3C               	btfss	(_I2C_Status^(0+128)+28),0
  6061     048B  2C8D               	goto	u1461
  6062     048C  2C8E               	goto	u1460
  6063     048D                     u1461:
  6064     048D  2C99               	goto	l3329
  6065     048E                     u1460:
  6066     048E                     l3325:
  6067     048E  3187  277F  3184   	fcall	_I2C_MasterIsNack
  6068     0491  3A00               	xorlw	0
  6069     0492  1903               	skipnz
  6070     0493  2C95               	goto	u1471
  6071     0494  2C96               	goto	u1470
  6072     0495                     u1471:
  6073     0495  2C99               	goto	l3329
  6074     0496                     u1470:
  6075     0496                     l3327:
  6076                           
  6077                           ;D:\yiming\00work\LCD_I2C\LCD_I2C.X\mcc_generated_files\i2c_master.c: 326:     {;D:\yimi
      +                          ng\00work\LCD_I2C\LCD_I2C.X\mcc_generated_files\i2c_master.c: 327:         I2C_Status.st
      +                          ate = I2C_ADDRESS_NACK;
  6078     0496  300F               	movlw	15
  6079     0497  0021               	movlb	1	; select bank1
  6080     0498  00BA               	movwf	(_I2C_Status^(0+128)+26)
  6081     0499                     l3329:
  6082                           
  6083                           ;D:\yiming\00work\LCD_I2C\LCD_I2C.X\mcc_generated_files\i2c_master.c: 329:     I2C_Statu
      +                          s.state = i2c_fsmStateTable[I2C_Status.state]();
  6084     0499  0021               	movlb	1	; select bank1
  6085     049A  083A               	movf	(_I2C_Status^(0+128)+26),w
  6086     049B  0020               	movlb	0	; select bank0
  6087     049C  00CD               	movwf	??_I2C_MasterFsm
  6088     049D  01CE               	clrf	??_I2C_MasterFsm+1
  6089     049E  35CD               	lslf	??_I2C_MasterFsm,f
  6090     049F  0DCE               	rlf	??_I2C_MasterFsm+1,f
  6091     04A0  30FC               	movlw	low _i2c_fsmStateTable
  6092     04A1  074D               	addwf	??_I2C_MasterFsm,w
  6093     04A2  0084               	movwf	4
  6094     04A3  3003               	movlw	high _i2c_fsmStateTable
  6095     04A4  3D4E               	addwfc	??_I2C_MasterFsm+1,w
  6096     04A5  3880               	iorlw	128
  6097     04A6  0085               	movwf	5
  6098     04A7  3F01               	moviw [1]fsr0
  6099     04A8  008A               	movwf	10
  6100     04A9  3F00               	moviw [0]fsr0
  6101     04AA  000A               	callw
  6102     04AB  3184               	pagesel	$
  6103     04AC  0021               	movlb	1	; select bank1
  6104     04AD  00BA               	movwf	(_I2C_Status^(0+128)+26)
  6105     04AE                     l330:
  6106     04AE  0008               	return
  6107     04AF                     __end_of_I2C_MasterFsm:
  6108                           
  6109                           	psect	text34
  6110     04AF                     __ptext34:	
  6111 ;; *************** function _I2C_DO_ADDRESS_NACK *****************
  6112 ;; Defined at:
  6113 ;;		line 500 in file "D:\yiming\00work\LCD_I2C\LCD_I2C.X\mcc_generated_files\i2c_master.c"
  6114 ;; Parameters:    Size  Location     Type
  6115 ;;		None
  6116 ;; Auto vars:     Size  Location     Type
  6117 ;;		None
  6118 ;; Return value:  Size  Location     Type
  6119 ;;                  1    wreg      enum E3183
  6120 ;; Registers used:
  6121 ;;		wreg, fsr0l, fsr0h, fsr1l, fsr1h, status,2, status,0, pclath, cstack
  6122 ;; Tracked objects:
  6123 ;;		On entry : 0/0
  6124 ;;		On exit  : 0/0
  6125 ;;		Unchanged: 0/0
  6126 ;; Data sizes:     COMMON   BANK0   BANK1   BANK2   BANK3   BANK4   BANK5   BANK6
  6127 ;;      Params:         0       0       0       0       0       0       0       0
  6128 ;;      Locals:         0       0       0       0       0       0       0       0
  6129 ;;      Temps:          0       2       0       0       0       0       0       0
  6130 ;;      Totals:         0       2       0       0       0       0       0       0
  6131 ;;Total ram usage:        2 bytes
  6132 ;; Hardware stack levels used: 1
  6133 ;; Hardware stack levels required when called: 7
  6134 ;; This function calls:
  6135 ;;		NULL
  6136 ;;		_I2C_CallbackReturnReset
  6137 ;;		_I2C_CallbackReturnStop
  6138 ;;		_I2C_DO_SEND_RESTART
  6139 ;;		_I2C_DO_SEND_STOP
  6140 ;;		_wr1RegCompleteHandler
  6141 ;; This function is called by:
  6142 ;;		_I2C_MasterFsm
  6143 ;; This function uses a non-reentrant model
  6144 ;;
  6145                           
  6146     04AF                     _I2C_DO_ADDRESS_NACK:	
  6147                           ;psect for function _I2C_DO_ADDRESS_NACK
  6148                           
  6149     04AF                     l3301:	
  6150                           ;incstack = 0
  6151                           ; Regs used in _I2C_DO_ADDRESS_NACK: [wreg-fsr1h+status,2+status,0+pclath+cstack]
  6152                           
  6153                           
  6154                           ;D:\yiming\00work\LCD_I2C\LCD_I2C.X\mcc_generated_files\i2c_master.c: 502:     I2C_Statu
      +                          s.addressNackCheck = 0;
  6155     04AF  0021               	movlb	1	; select bank1
  6156     04B0  103C               	bcf	(_I2C_Status^(0+128)+28),0
  6157     04B1                     l3303:
  6158                           
  6159                           ;D:\yiming\00work\LCD_I2C\LCD_I2C.X\mcc_generated_files\i2c_master.c: 503:     I2C_Statu
      +                          s.error = I2C_FAIL;
  6160     04B1  3002               	movlw	2
  6161     04B2  00BB               	movwf	(_I2C_Status^(0+128)+27)
  6162                           
  6163                           ;D:\yiming\00work\LCD_I2C\LCD_I2C.X\mcc_generated_files\i2c_master.c: 504:     switch(I2
      +                          C_Status.callbackTable[I2C_ADDR_NACK](I2C_Status.callbackPayload[I2C_ADDR_NACK]))
  6164     04B3  2CBC               	goto	l3315
  6165     04B4                     l3305:
  6166                           
  6167                           ;D:\yiming\00work\LCD_I2C\LCD_I2C.X\mcc_generated_files\i2c_master.c: 508:             r
      +                          eturn I2C_DO_SEND_RESTART();
  6168     04B4  3187  27A3  3184   	fcall	_I2C_DO_SEND_RESTART
  6169     04B7  2CD7               	goto	l410
  6170     04B8                     l3309:
  6171                           
  6172                           ;D:\yiming\00work\LCD_I2C\LCD_I2C.X\mcc_generated_files\i2c_master.c: 510:             r
      +                          eturn I2C_DO_SEND_STOP();
  6173     04B8  3187  279E  3184   	fcall	_I2C_DO_SEND_STOP
  6174     04BB  2CD7               	goto	l410
  6175     04BC                     l3315:
  6176     04BC  082E               	movf	(low ((_I2C_Status| 0+14)))^(0+128),w
  6177     04BD  00F9               	movwf	I2C_CallbackReturnReset@funPtr
  6178     04BE  3004               	movlw	4
  6179     04BF  3EA0               	addlw	(low (_I2C_Status| 0))& (0+255)
  6180     04C0  0086               	movwf	6
  6181     04C1  0187               	clrf	7
  6182     04C2  3F41               	moviw [1]fsr1
  6183     04C3  008A               	movwf	10
  6184     04C4  3F40               	moviw [0]fsr1
  6185     04C5  000A               	callw
  6186     04C6  3184               	pagesel	$
  6187     04C7  0020               	movlb	0	; select bank0
  6188     04C8  00CB               	movwf	??_I2C_DO_ADDRESS_NACK
  6189     04C9  01CC               	clrf	??_I2C_DO_ADDRESS_NACK+1
  6190                           
  6191                           ; Switch on 2 bytes has been partitioned into a top level switch of size 1, and 1 sub-sw
      +                          itches
  6192                           ; Switch size 1, requested type "simple"
  6193                           ; Number of cases is 1, Range of values is 0 to 0
  6194                           ; switch strategies available:
  6195                           ; Name         Instructions Cycles
  6196                           ; simple_byte            4     3 (average)
  6197                           ; direct_byte            8     6 (fixed)
  6198                           ; jumptable            260     6 (fixed)
  6199                           ;	Chosen strategy is simple_byte
  6200     04CA  084C               	movf	??_I2C_DO_ADDRESS_NACK+1,w
  6201     04CB  3A00               	xorlw	0	; case 0
  6202     04CC  1903               	skipnz
  6203     04CD  2CCF               	goto	l3679
  6204     04CE  2CB8               	goto	l3309
  6205     04CF                     l3679:
  6206                           
  6207                           ; Switch size 1, requested type "simple"
  6208                           ; Number of cases is 2, Range of values is 2 to 3
  6209                           ; switch strategies available:
  6210                           ; Name         Instructions Cycles
  6211                           ; simple_byte            7     4 (average)
  6212                           ; direct_byte           13     9 (fixed)
  6213                           ; jumptable            263     9 (fixed)
  6214                           ;	Chosen strategy is simple_byte
  6215     04CF  084B               	movf	??_I2C_DO_ADDRESS_NACK,w
  6216     04D0  3A02               	xorlw	2	; case 2
  6217     04D1  1903               	skipnz
  6218     04D2  2CB4               	goto	l3305
  6219     04D3  3A01               	xorlw	1	; case 3
  6220     04D4  1903               	skipnz
  6221     04D5  2CB4               	goto	l3305
  6222     04D6  2CB8               	goto	l3309
  6223     04D7                     l410:
  6224     04D7  0008               	return
  6225     04D8                     __end_of_I2C_DO_ADDRESS_NACK:
  6226                           
  6227                           	psect	text35
  6228     078A                     __ptext35:	
  6229 ;; *************** function _I2C_DO_RESET *****************
  6230 ;; Defined at:
  6231 ;;		line 494 in file "D:\yiming\00work\LCD_I2C\LCD_I2C.X\mcc_generated_files\i2c_master.c"
  6232 ;; Parameters:    Size  Location     Type
  6233 ;;		None
  6234 ;; Auto vars:     Size  Location     Type
  6235 ;;		None
  6236 ;; Return value:  Size  Location     Type
  6237 ;;                  1    wreg      enum E3183
  6238 ;; Registers used:
  6239 ;;		wreg, status,2
  6240 ;; Tracked objects:
  6241 ;;		On entry : 0/0
  6242 ;;		On exit  : 0/0
  6243 ;;		Unchanged: 0/0
  6244 ;; Data sizes:     COMMON   BANK0   BANK1   BANK2   BANK3   BANK4   BANK5   BANK6
  6245 ;;      Params:         0       0       0       0       0       0       0       0
  6246 ;;      Locals:         0       0       0       0       0       0       0       0
  6247 ;;      Temps:          0       0       0       0       0       0       0       0
  6248 ;;      Totals:         0       0       0       0       0       0       0       0
  6249 ;;Total ram usage:        0 bytes
  6250 ;; Hardware stack levels used: 1
  6251 ;; Hardware stack levels required when called: 4
  6252 ;; This function calls:
  6253 ;;		Nothing
  6254 ;; This function is called by:
  6255 ;;		_I2C_MasterFsm
  6256 ;; This function uses a non-reentrant model
  6257 ;;
  6258                           
  6259     078A                     _I2C_DO_RESET:	
  6260                           ;psect for function _I2C_DO_RESET
  6261                           
  6262     078A                     l2477:	
  6263                           ;incstack = 0
  6264                           ; Regs used in _I2C_DO_RESET: [wreg+status,2]
  6265                           
  6266                           
  6267                           ;D:\yiming\00work\LCD_I2C\LCD_I2C.X\mcc_generated_files\i2c_master.c: 496:     I2C_Statu
      +                          s.busy = 0;
  6268     078A  0021               	movlb	1	; select bank1
  6269     078B  10BC               	bcf	(_I2C_Status^(0+128)+28),1
  6270     078C                     l2479:
  6271                           
  6272                           ;D:\yiming\00work\LCD_I2C\LCD_I2C.X\mcc_generated_files\i2c_master.c: 497:     I2C_Statu
      +                          s.error = I2C_NOERR;
  6273     078C  01BB               	clrf	(_I2C_Status^(0+128)+27)
  6274     078D                     l2481:
  6275                           
  6276                           ;D:\yiming\00work\LCD_I2C\LCD_I2C.X\mcc_generated_files\i2c_master.c: 498:     return I2
      +                          C_RESET;
  6277     078D  300E               	movlw	14
  6278     078E                     l404:
  6279     078E  0008               	return
  6280     078F                     __end_of_I2C_DO_RESET:
  6281                           
  6282                           	psect	text36
  6283     078F                     __ptext36:	
  6284 ;; *************** function _I2C_DO_RX_NACK_RESTART *****************
  6285 ;; Defined at:
  6286 ;;		line 488 in file "D:\yiming\00work\LCD_I2C\LCD_I2C.X\mcc_generated_files\i2c_master.c"
  6287 ;; Parameters:    Size  Location     Type
  6288 ;;		None
  6289 ;; Auto vars:     Size  Location     Type
  6290 ;;		None
  6291 ;; Return value:  Size  Location     Type
  6292 ;;                  1    wreg      enum E3183
  6293 ;; Registers used:
  6294 ;;		wreg, status,2, status,0, pclath, cstack
  6295 ;; Tracked objects:
  6296 ;;		On entry : 0/0
  6297 ;;		On exit  : 0/0
  6298 ;;		Unchanged: 0/0
  6299 ;; Data sizes:     COMMON   BANK0   BANK1   BANK2   BANK3   BANK4   BANK5   BANK6
  6300 ;;      Params:         0       0       0       0       0       0       0       0
  6301 ;;      Locals:         0       0       0       0       0       0       0       0
  6302 ;;      Temps:          0       0       0       0       0       0       0       0
  6303 ;;      Totals:         0       0       0       0       0       0       0       0
  6304 ;;Total ram usage:        0 bytes
  6305 ;; Hardware stack levels used: 1
  6306 ;; Hardware stack levels required when called: 5
  6307 ;; This function calls:
  6308 ;;		_I2C_MasterSendNack
  6309 ;; This function is called by:
  6310 ;;		_I2C_DO_RX
  6311 ;;		_I2C_MasterFsm
  6312 ;; This function uses a non-reentrant model
  6313 ;;
  6314                           
  6315     078F                     _I2C_DO_RX_NACK_RESTART:	
  6316                           ;psect for function _I2C_DO_RX_NACK_RESTART
  6317                           
  6318     078F                     l2315:	
  6319                           ;incstack = 0
  6320                           ; Regs used in _I2C_DO_RX_NACK_RESTART: [wreg+status,2+status,0+pclath+cstack]
  6321                           
  6322                           
  6323                           ;D:\yiming\00work\LCD_I2C\LCD_I2C.X\mcc_generated_files\i2c_master.c: 490:     I2C_Maste
      +                          rSendNack();
  6324     078F  3187  27C4  3187   	fcall	_I2C_MasterSendNack
  6325     0792                     l2317:
  6326                           
  6327                           ;D:\yiming\00work\LCD_I2C\LCD_I2C.X\mcc_generated_files\i2c_master.c: 491:     return I2
      +                          C_SEND_RESTART;
  6328     0792  3009               	movlw	9
  6329     0793                     l401:
  6330     0793  0008               	return
  6331     0794                     __end_of_I2C_DO_RX_NACK_RESTART:
  6332                           
  6333                           	psect	text37
  6334     0794                     __ptext37:	
  6335 ;; *************** function _I2C_DO_RX_NACK_STOP *****************
  6336 ;; Defined at:
  6337 ;;		line 482 in file "D:\yiming\00work\LCD_I2C\LCD_I2C.X\mcc_generated_files\i2c_master.c"
  6338 ;; Parameters:    Size  Location     Type
  6339 ;;		None
  6340 ;; Auto vars:     Size  Location     Type
  6341 ;;		None
  6342 ;; Return value:  Size  Location     Type
  6343 ;;                  1    wreg      enum E3183
  6344 ;; Registers used:
  6345 ;;		wreg, status,2, status,0, pclath, cstack
  6346 ;; Tracked objects:
  6347 ;;		On entry : 0/0
  6348 ;;		On exit  : 0/0
  6349 ;;		Unchanged: 0/0
  6350 ;; Data sizes:     COMMON   BANK0   BANK1   BANK2   BANK3   BANK4   BANK5   BANK6
  6351 ;;      Params:         0       0       0       0       0       0       0       0
  6352 ;;      Locals:         0       0       0       0       0       0       0       0
  6353 ;;      Temps:          0       0       0       0       0       0       0       0
  6354 ;;      Totals:         0       0       0       0       0       0       0       0
  6355 ;;Total ram usage:        0 bytes
  6356 ;; Hardware stack levels used: 1
  6357 ;; Hardware stack levels required when called: 5
  6358 ;; This function calls:
  6359 ;;		_I2C_MasterSendNack
  6360 ;; This function is called by:
  6361 ;;		_I2C_DO_RX
  6362 ;;		_I2C_MasterFsm
  6363 ;; This function uses a non-reentrant model
  6364 ;;
  6365                           
  6366     0794                     _I2C_DO_RX_NACK_STOP:	
  6367                           ;psect for function _I2C_DO_RX_NACK_STOP
  6368                           
  6369     0794                     l2321:	
  6370                           ;incstack = 0
  6371                           ; Regs used in _I2C_DO_RX_NACK_STOP: [wreg+status,2+status,0+pclath+cstack]
  6372                           
  6373                           
  6374                           ;D:\yiming\00work\LCD_I2C\LCD_I2C.X\mcc_generated_files\i2c_master.c: 484:     I2C_Maste
      +                          rSendNack();
  6375     0794  3187  27C4  3187   	fcall	_I2C_MasterSendNack
  6376     0797                     l2323:
  6377                           
  6378                           ;D:\yiming\00work\LCD_I2C\LCD_I2C.X\mcc_generated_files\i2c_master.c: 485:     return I2
      +                          C_SEND_STOP;
  6379     0797  300A               	movlw	10
  6380     0798                     l398:
  6381     0798  0008               	return
  6382     0799                     __end_of_I2C_DO_RX_NACK_STOP:
  6383                           
  6384                           	psect	text38
  6385     0799                     __ptext38:	
  6386 ;; *************** function _I2C_DO_RX_ACK *****************
  6387 ;; Defined at:
  6388 ;;		line 475 in file "D:\yiming\00work\LCD_I2C\LCD_I2C.X\mcc_generated_files\i2c_master.c"
  6389 ;; Parameters:    Size  Location     Type
  6390 ;;		None
  6391 ;; Auto vars:     Size  Location     Type
  6392 ;;		None
  6393 ;; Return value:  Size  Location     Type
  6394 ;;                  1    wreg      enum E3183
  6395 ;; Registers used:
  6396 ;;		wreg, status,2, status,0, pclath, cstack
  6397 ;; Tracked objects:
  6398 ;;		On entry : 0/0
  6399 ;;		On exit  : 0/0
  6400 ;;		Unchanged: 0/0
  6401 ;; Data sizes:     COMMON   BANK0   BANK1   BANK2   BANK3   BANK4   BANK5   BANK6
  6402 ;;      Params:         0       0       0       0       0       0       0       0
  6403 ;;      Locals:         0       0       0       0       0       0       0       0
  6404 ;;      Temps:          0       0       0       0       0       0       0       0
  6405 ;;      Totals:         0       0       0       0       0       0       0       0
  6406 ;;Total ram usage:        0 bytes
  6407 ;; Hardware stack levels used: 1
  6408 ;; Hardware stack levels required when called: 5
  6409 ;; This function calls:
  6410 ;;		_I2C_MasterSendAck
  6411 ;; This function is called by:
  6412 ;;		_I2C_MasterFsm
  6413 ;; This function uses a non-reentrant model
  6414 ;;
  6415                           
  6416     0799                     _I2C_DO_RX_ACK:	
  6417                           ;psect for function _I2C_DO_RX_ACK
  6418                           
  6419     0799                     l2471:	
  6420                           ;incstack = 0
  6421                           ; Regs used in _I2C_DO_RX_ACK: [wreg+status,2+status,0+pclath+cstack]
  6422                           
  6423                           
  6424                           ;D:\yiming\00work\LCD_I2C\LCD_I2C.X\mcc_generated_files\i2c_master.c: 477:     I2C_Maste
      +                          rSendAck();
  6425     0799  3187  27C0  3187   	fcall	_I2C_MasterSendAck
  6426     079C                     l2473:
  6427                           
  6428                           ;D:\yiming\00work\LCD_I2C\LCD_I2C.X\mcc_generated_files\i2c_master.c: 478:     return I2
      +                          C_RCEN;
  6429     079C  3005               	movlw	5
  6430     079D                     l395:
  6431     079D  0008               	return
  6432     079E                     __end_of_I2C_DO_RX_ACK:
  6433                           
  6434                           	psect	text39
  6435     079E                     __ptext39:	
  6436 ;; *************** function _I2C_DO_SEND_STOP *****************
  6437 ;; Defined at:
  6438 ;;		line 469 in file "D:\yiming\00work\LCD_I2C\LCD_I2C.X\mcc_generated_files\i2c_master.c"
  6439 ;; Parameters:    Size  Location     Type
  6440 ;;		None
  6441 ;; Auto vars:     Size  Location     Type
  6442 ;;		None
  6443 ;; Return value:  Size  Location     Type
  6444 ;;                  1    wreg      enum E3183
  6445 ;; Registers used:
  6446 ;;		wreg, status,2, status,0, pclath, cstack
  6447 ;; Tracked objects:
  6448 ;;		On entry : 0/0
  6449 ;;		On exit  : 0/0
  6450 ;;		Unchanged: 0/0
  6451 ;; Data sizes:     COMMON   BANK0   BANK1   BANK2   BANK3   BANK4   BANK5   BANK6
  6452 ;;      Params:         0       0       0       0       0       0       0       0
  6453 ;;      Locals:         0       0       0       0       0       0       0       0
  6454 ;;      Temps:          0       0       0       0       0       0       0       0
  6455 ;;      Totals:         0       0       0       0       0       0       0       0
  6456 ;;Total ram usage:        0 bytes
  6457 ;; Hardware stack levels used: 1
  6458 ;; Hardware stack levels required when called: 5
  6459 ;; This function calls:
  6460 ;;		_I2C_MasterStop
  6461 ;; This function is called by:
  6462 ;;		_I2C_DO_TX
  6463 ;;		_I2C_DO_TX_EMPTY
  6464 ;;		_I2C_DO_ADDRESS_NACK
  6465 ;;		_I2C_MasterFsm
  6466 ;; This function uses a non-reentrant model
  6467 ;;
  6468                           
  6469     079E                     _I2C_DO_SEND_STOP:	
  6470                           ;psect for function _I2C_DO_SEND_STOP
  6471                           
  6472     079E                     l2303:	
  6473                           ;incstack = 0
  6474                           ; Regs used in _I2C_DO_SEND_STOP: [wreg+status,2+status,0+pclath+cstack]
  6475                           
  6476                           
  6477                           ;D:\yiming\00work\LCD_I2C\LCD_I2C.X\mcc_generated_files\i2c_master.c: 471:     I2C_Maste
      +                          rStop();
  6478     079E  3187  27D1  3187   	fcall	_I2C_MasterStop
  6479     07A1                     l2305:
  6480                           
  6481                           ;D:\yiming\00work\LCD_I2C\LCD_I2C.X\mcc_generated_files\i2c_master.c: 472:     return I2
      +                          C_IDLE;
  6482     07A1  3000               	movlw	0
  6483     07A2                     l392:
  6484     07A2  0008               	return
  6485     07A3                     __end_of_I2C_DO_SEND_STOP:
  6486                           
  6487                           	psect	text40
  6488     07A3                     __ptext40:	
  6489 ;; *************** function _I2C_DO_SEND_RESTART *****************
  6490 ;; Defined at:
  6491 ;;		line 463 in file "D:\yiming\00work\LCD_I2C\LCD_I2C.X\mcc_generated_files\i2c_master.c"
  6492 ;; Parameters:    Size  Location     Type
  6493 ;;		None
  6494 ;; Auto vars:     Size  Location     Type
  6495 ;;		None
  6496 ;; Return value:  Size  Location     Type
  6497 ;;                  1    wreg      enum E3183
  6498 ;; Registers used:
  6499 ;;		wreg, status,2, status,0, pclath, cstack
  6500 ;; Tracked objects:
  6501 ;;		On entry : 0/0
  6502 ;;		On exit  : 0/0
  6503 ;;		Unchanged: 0/0
  6504 ;; Data sizes:     COMMON   BANK0   BANK1   BANK2   BANK3   BANK4   BANK5   BANK6
  6505 ;;      Params:         0       0       0       0       0       0       0       0
  6506 ;;      Locals:         0       0       0       0       0       0       0       0
  6507 ;;      Temps:          0       0       0       0       0       0       0       0
  6508 ;;      Totals:         0       0       0       0       0       0       0       0
  6509 ;;Total ram usage:        0 bytes
  6510 ;; Hardware stack levels used: 1
  6511 ;; Hardware stack levels required when called: 5
  6512 ;; This function calls:
  6513 ;;		_I2C_MasterEnableRestart
  6514 ;; This function is called by:
  6515 ;;		_I2C_DO_TX_EMPTY
  6516 ;;		_I2C_DO_ADDRESS_NACK
  6517 ;;		_I2C_MasterFsm
  6518 ;; This function uses a non-reentrant model
  6519 ;;
  6520                           
  6521     07A3                     _I2C_DO_SEND_RESTART:	
  6522                           ;psect for function _I2C_DO_SEND_RESTART
  6523                           
  6524     07A3                     l2329:	
  6525                           ;incstack = 0
  6526                           ; Regs used in _I2C_DO_SEND_RESTART: [wreg+status,2+status,0+pclath+cstack]
  6527                           
  6528                           
  6529                           ;D:\yiming\00work\LCD_I2C\LCD_I2C.X\mcc_generated_files\i2c_master.c: 465:     I2C_Maste
      +                          rEnableRestart();
  6530     07A3  3187  27D4  3187   	fcall	_I2C_MasterEnableRestart
  6531     07A6                     l2331:
  6532                           
  6533                           ;D:\yiming\00work\LCD_I2C\LCD_I2C.X\mcc_generated_files\i2c_master.c: 466:     return I2
      +                          C_SEND_ADR_READ;
  6534     07A6  3001               	movlw	1
  6535     07A7                     l389:
  6536     07A7  0008               	return
  6537     07A8                     __end_of_I2C_DO_SEND_RESTART:
  6538                           
  6539                           	psect	text41
  6540     07A8                     __ptext41:	
  6541 ;; *************** function _I2C_DO_SEND_RESTART_WRITE *****************
  6542 ;; Defined at:
  6543 ;;		line 456 in file "D:\yiming\00work\LCD_I2C\LCD_I2C.X\mcc_generated_files\i2c_master.c"
  6544 ;; Parameters:    Size  Location     Type
  6545 ;;		None
  6546 ;; Auto vars:     Size  Location     Type
  6547 ;;		None
  6548 ;; Return value:  Size  Location     Type
  6549 ;;                  1    wreg      enum E3183
  6550 ;; Registers used:
  6551 ;;		wreg, status,2, status,0, pclath, cstack
  6552 ;; Tracked objects:
  6553 ;;		On entry : 0/0
  6554 ;;		On exit  : 0/0
  6555 ;;		Unchanged: 0/0
  6556 ;; Data sizes:     COMMON   BANK0   BANK1   BANK2   BANK3   BANK4   BANK5   BANK6
  6557 ;;      Params:         0       0       0       0       0       0       0       0
  6558 ;;      Locals:         0       0       0       0       0       0       0       0
  6559 ;;      Temps:          0       0       0       0       0       0       0       0
  6560 ;;      Totals:         0       0       0       0       0       0       0       0
  6561 ;;Total ram usage:        0 bytes
  6562 ;; Hardware stack levels used: 1
  6563 ;; Hardware stack levels required when called: 5
  6564 ;; This function calls:
  6565 ;;		_I2C_MasterEnableRestart
  6566 ;; This function is called by:
  6567 ;;		_I2C_DO_TX
  6568 ;;		_I2C_MasterFsm
  6569 ;; This function uses a non-reentrant model
  6570 ;;
  6571                           
  6572     07A8                     _I2C_DO_SEND_RESTART_WRITE:	
  6573                           ;psect for function _I2C_DO_SEND_RESTART_WRITE
  6574                           
  6575     07A8                     l2297:	
  6576                           ;incstack = 0
  6577                           ; Regs used in _I2C_DO_SEND_RESTART_WRITE: [wreg+status,2+status,0+pclath+cstack]
  6578                           
  6579                           
  6580                           ;D:\yiming\00work\LCD_I2C\LCD_I2C.X\mcc_generated_files\i2c_master.c: 458:     I2C_Maste
      +                          rEnableRestart();
  6581     07A8  3187  27D4  3187   	fcall	_I2C_MasterEnableRestart
  6582     07AB                     l2299:
  6583                           
  6584                           ;D:\yiming\00work\LCD_I2C\LCD_I2C.X\mcc_generated_files\i2c_master.c: 459:     return I2
      +                          C_SEND_ADR_WRITE;
  6585     07AB  3002               	movlw	2
  6586     07AC                     l386:
  6587     07AC  0008               	return
  6588     07AD                     __end_of_I2C_DO_SEND_RESTART_WRITE:
  6589                           
  6590                           	psect	text42
  6591     07AD                     __ptext42:	
  6592 ;; *************** function _I2C_DO_SEND_RESTART_READ *****************
  6593 ;; Defined at:
  6594 ;;		line 450 in file "D:\yiming\00work\LCD_I2C\LCD_I2C.X\mcc_generated_files\i2c_master.c"
  6595 ;; Parameters:    Size  Location     Type
  6596 ;;		None
  6597 ;; Auto vars:     Size  Location     Type
  6598 ;;		None
  6599 ;; Return value:  Size  Location     Type
  6600 ;;                  1    wreg      enum E3183
  6601 ;; Registers used:
  6602 ;;		wreg, status,2, status,0, pclath, cstack
  6603 ;; Tracked objects:
  6604 ;;		On entry : 0/0
  6605 ;;		On exit  : 0/0
  6606 ;;		Unchanged: 0/0
  6607 ;; Data sizes:     COMMON   BANK0   BANK1   BANK2   BANK3   BANK4   BANK5   BANK6
  6608 ;;      Params:         0       0       0       0       0       0       0       0
  6609 ;;      Locals:         0       0       0       0       0       0       0       0
  6610 ;;      Temps:          0       0       0       0       0       0       0       0
  6611 ;;      Totals:         0       0       0       0       0       0       0       0
  6612 ;;Total ram usage:        0 bytes
  6613 ;; Hardware stack levels used: 1
  6614 ;; Hardware stack levels required when called: 5
  6615 ;; This function calls:
  6616 ;;		_I2C_MasterEnableRestart
  6617 ;; This function is called by:
  6618 ;;		_I2C_DO_TX
  6619 ;;		_I2C_MasterFsm
  6620 ;; This function uses a non-reentrant model
  6621 ;;
  6622                           
  6623     07AD                     _I2C_DO_SEND_RESTART_READ:	
  6624                           ;psect for function _I2C_DO_SEND_RESTART_READ
  6625                           
  6626     07AD                     l2291:	
  6627                           ;incstack = 0
  6628                           ; Regs used in _I2C_DO_SEND_RESTART_READ: [wreg+status,2+status,0+pclath+cstack]
  6629                           
  6630                           
  6631                           ;D:\yiming\00work\LCD_I2C\LCD_I2C.X\mcc_generated_files\i2c_master.c: 452:     I2C_Maste
      +                          rEnableRestart();
  6632     07AD  3187  27D4  3187   	fcall	_I2C_MasterEnableRestart
  6633     07B0                     l2293:
  6634                           
  6635                           ;D:\yiming\00work\LCD_I2C\LCD_I2C.X\mcc_generated_files\i2c_master.c: 453:     return I2
      +                          C_SEND_ADR_READ;
  6636     07B0  3001               	movlw	1
  6637     07B1                     l383:
  6638     07B1  0008               	return
  6639     07B2                     __end_of_I2C_DO_SEND_RESTART_READ:
  6640                           
  6641                           	psect	text43
  6642     075A                     __ptext43:	
  6643 ;; *************** function _I2C_DO_RCEN *****************
  6644 ;; Defined at:
  6645 ;;		line 402 in file "D:\yiming\00work\LCD_I2C\LCD_I2C.X\mcc_generated_files\i2c_master.c"
  6646 ;; Parameters:    Size  Location     Type
  6647 ;;		None
  6648 ;; Auto vars:     Size  Location     Type
  6649 ;;		None
  6650 ;; Return value:  Size  Location     Type
  6651 ;;                  1    wreg      enum E3183
  6652 ;; Registers used:
  6653 ;;		wreg, status,2, status,0, pclath, cstack
  6654 ;; Tracked objects:
  6655 ;;		On entry : 0/0
  6656 ;;		On exit  : 0/0
  6657 ;;		Unchanged: 0/0
  6658 ;; Data sizes:     COMMON   BANK0   BANK1   BANK2   BANK3   BANK4   BANK5   BANK6
  6659 ;;      Params:         0       0       0       0       0       0       0       0
  6660 ;;      Locals:         0       0       0       0       0       0       0       0
  6661 ;;      Temps:          0       0       0       0       0       0       0       0
  6662 ;;      Totals:         0       0       0       0       0       0       0       0
  6663 ;;Total ram usage:        0 bytes
  6664 ;; Hardware stack levels used: 1
  6665 ;; Hardware stack levels required when called: 5
  6666 ;; This function calls:
  6667 ;;		_I2C_MasterStartRx
  6668 ;; This function is called by:
  6669 ;;		_I2C_MasterFsm
  6670 ;; This function uses a non-reentrant model
  6671 ;;
  6672                           
  6673     075A                     _I2C_DO_RCEN:	
  6674                           ;psect for function _I2C_DO_RCEN
  6675                           
  6676     075A                     l2437:	
  6677                           ;incstack = 0
  6678                           ; Regs used in _I2C_DO_RCEN: [wreg+status,2+status,0+pclath+cstack]
  6679                           
  6680                           
  6681                           ;D:\yiming\00work\LCD_I2C\LCD_I2C.X\mcc_generated_files\i2c_master.c: 404:     I2C_Statu
      +                          s.addressNackCheck = 0;
  6682     075A  0021               	movlb	1	; select bank1
  6683     075B  103C               	bcf	(_I2C_Status^(0+128)+28),0
  6684     075C                     l2439:
  6685                           
  6686                           ;D:\yiming\00work\LCD_I2C\LCD_I2C.X\mcc_generated_files\i2c_master.c: 405:     I2C_Maste
      +                          rStartRx();
  6687     075C  3187  27CE  3187   	fcall	_I2C_MasterStartRx
  6688     075F                     l2441:
  6689                           
  6690                           ;D:\yiming\00work\LCD_I2C\LCD_I2C.X\mcc_generated_files\i2c_master.c: 406:     return I2
      +                          C_RX;
  6691     075F  3004               	movlw	4
  6692     0760                     l370:
  6693     0760  0008               	return
  6694     0761                     __end_of_I2C_DO_RCEN:
  6695                           
  6696                           	psect	text44
  6697     02A9                     __ptext44:	
  6698 ;; *************** function _I2C_DO_RX *****************
  6699 ;; Defined at:
  6700 ;;		line 378 in file "D:\yiming\00work\LCD_I2C\LCD_I2C.X\mcc_generated_files\i2c_master.c"
  6701 ;; Parameters:    Size  Location     Type
  6702 ;;		None
  6703 ;; Auto vars:     Size  Location     Type
  6704 ;;		None
  6705 ;; Return value:  Size  Location     Type
  6706 ;;                  1    wreg      enum E3183
  6707 ;; Registers used:
  6708 ;;		wreg, fsr0l, fsr0h, fsr1l, fsr1h, status,2, status,0, pclath, cstack
  6709 ;; Tracked objects:
  6710 ;;		On entry : 0/0
  6711 ;;		On exit  : 0/0
  6712 ;;		Unchanged: 0/0
  6713 ;; Data sizes:     COMMON   BANK0   BANK1   BANK2   BANK3   BANK4   BANK5   BANK6
  6714 ;;      Params:         0       0       0       0       0       0       0       0
  6715 ;;      Locals:         0       0       0       0       0       0       0       0
  6716 ;;      Temps:          0       2       0       0       0       0       0       0
  6717 ;;      Totals:         0       2       0       0       0       0       0       0
  6718 ;;Total ram usage:        2 bytes
  6719 ;; Hardware stack levels used: 1
  6720 ;; Hardware stack levels required when called: 7
  6721 ;; This function calls:
  6722 ;;		NULL
  6723 ;;		_I2C_CallbackReturnReset
  6724 ;;		_I2C_CallbackReturnStop
  6725 ;;		_I2C_DO_RX_NACK_RESTART
  6726 ;;		_I2C_DO_RX_NACK_STOP
  6727 ;;		_I2C_MasterGetRxData
  6728 ;;		_I2C_MasterSendAck
  6729 ;;		_wr1RegCompleteHandler
  6730 ;; This function is called by:
  6731 ;;		_I2C_MasterFsm
  6732 ;; This function uses a non-reentrant model
  6733 ;;
  6734                           
  6735     02A9                     _I2C_DO_RX:	
  6736                           ;psect for function _I2C_DO_RX
  6737                           
  6738     02A9                     l3247:	
  6739                           ;incstack = 0
  6740                           ; Regs used in _I2C_DO_RX: [wreg-fsr1h+status,2+status,0+pclath+cstack]
  6741                           
  6742                           
  6743                           ;D:\yiming\00work\LCD_I2C\LCD_I2C.X\mcc_generated_files\i2c_master.c: 380:     *I2C_Stat
      +                          us.data_ptr++ = I2C_MasterGetRxData();
  6744     02A9  0021               	movlb	1	; select bank1
  6745     02AA  0837               	movf	(low ((_I2C_Status| 0+23)))^(0+128),w
  6746     02AB  0086               	movwf	6
  6747     02AC  0187               	clrf	7
  6748     02AD  3187  27CB  3182   	fcall	_I2C_MasterGetRxData
  6749     02B0  0081               	movwf	1
  6750     02B1                     l3249:
  6751     02B1  3001               	movlw	1
  6752     02B2  0020               	movlb	0	; select bank0
  6753     02B3  00CB               	movwf	??_I2C_DO_RX
  6754     02B4  084B               	movf	??_I2C_DO_RX,w
  6755     02B5  0021               	movlb	1	; select bank1
  6756     02B6  07B7               	addwf	(low ((_I2C_Status| 0+23)))^(0+128),f
  6757     02B7                     l3251:
  6758                           
  6759                           ;D:\yiming\00work\LCD_I2C\LCD_I2C.X\mcc_generated_files\i2c_master.c: 381:     if(--I2C_
      +                          Status.data_length)
  6760     02B7  3001               	movlw	1
  6761     02B8  02B8               	subwf	(_I2C_Status^(0+128)+24),f
  6762     02B9  3000               	movlw	0
  6763     02BA  3BB9               	subwfb	((_I2C_Status+1)^(0+128)+24),f
  6764     02BB  0838               	movf	(_I2C_Status^(0+128)+24),w
  6765     02BC  0439               	iorwf	((_I2C_Status+1)^(0+128)+24),w
  6766     02BD  1903               	btfsc	3,2
  6767     02BE  2AC0               	goto	u1451
  6768     02BF  2AC1               	goto	u1450
  6769     02C0                     u1451:
  6770     02C0  2AC6               	goto	l358
  6771     02C1                     u1450:
  6772     02C1                     l3253:
  6773                           
  6774                           ;D:\yiming\00work\LCD_I2C\LCD_I2C.X\mcc_generated_files\i2c_master.c: 382:     {;D:\yimi
      +                          ng\00work\LCD_I2C\LCD_I2C.X\mcc_generated_files\i2c_master.c: 383:         I2C_MasterSen
      +                          dAck();
  6775     02C1  3187  27C0  3182   	fcall	_I2C_MasterSendAck
  6776     02C4                     l3255:
  6777                           
  6778                           ;D:\yiming\00work\LCD_I2C\LCD_I2C.X\mcc_generated_files\i2c_master.c: 384:         retur
      +                          n I2C_RCEN;
  6779     02C4  3005               	movlw	5
  6780     02C5  2AED               	goto	l359
  6781     02C6                     l358:	
  6782                           ;D:\yiming\00work\LCD_I2C\LCD_I2C.X\mcc_generated_files\i2c_master.c: 386:     else
  6783                           
  6784                           
  6785                           ;D:\yiming\00work\LCD_I2C\LCD_I2C.X\mcc_generated_files\i2c_master.c: 387:     {;D:\yimi
      +                          ng\00work\LCD_I2C\LCD_I2C.X\mcc_generated_files\i2c_master.c: 388:         I2C_Status.bu
      +                          fferFree = 1;
  6786     02C6  15BC               	bsf	(_I2C_Status^(0+128)+28),3
  6787                           
  6788                           ;D:\yiming\00work\LCD_I2C\LCD_I2C.X\mcc_generated_files\i2c_master.c: 389:         switc
      +                          h(I2C_Status.callbackTable[I2C_DATA_COMPLETE](I2C_Status.callbackPayload[I2C_DATA_COMPLE
      +                          TE]))
  6789     02C7  2AD0               	goto	l3271
  6790     02C8                     l3261:
  6791                           
  6792                           ;D:\yiming\00work\LCD_I2C\LCD_I2C.X\mcc_generated_files\i2c_master.c: 393:              
      +                             return I2C_DO_RX_NACK_RESTART();
  6793     02C8  3187  278F  3182   	fcall	_I2C_DO_RX_NACK_RESTART
  6794     02CB  2AED               	goto	l359
  6795     02CC                     l3265:
  6796                           
  6797                           ;D:\yiming\00work\LCD_I2C\LCD_I2C.X\mcc_generated_files\i2c_master.c: 397:              
      +                             return I2C_DO_RX_NACK_STOP();
  6798     02CC  3187  2794  3182   	fcall	_I2C_DO_RX_NACK_STOP
  6799     02CF  2AED               	goto	l359
  6800     02D0                     l3271:
  6801     02D0  082C               	movf	(low ((_I2C_Status| 0+12)))^(0+128),w
  6802     02D1  00F9               	movwf	I2C_CallbackReturnReset@funPtr
  6803     02D2  0821               	movf	(_I2C_Status+1)^(0+128),w
  6804     02D3  008A               	movwf	10
  6805     02D4  0820               	movf	_I2C_Status^(0+128),w
  6806     02D5  000A               	callw
  6807     02D6  3182               	pagesel	$
  6808     02D7  0020               	movlb	0	; select bank0
  6809     02D8  00CB               	movwf	??_I2C_DO_RX
  6810     02D9  01CC               	clrf	??_I2C_DO_RX+1
  6811                           
  6812                           ; Switch on 2 bytes has been partitioned into a top level switch of size 1, and 1 sub-sw
      +                          itches
  6813                           ; Switch size 1, requested type "simple"
  6814                           ; Number of cases is 1, Range of values is 0 to 0
  6815                           ; switch strategies available:
  6816                           ; Name         Instructions Cycles
  6817                           ; simple_byte            4     3 (average)
  6818                           ; direct_byte            8     6 (fixed)
  6819                           ; jumptable            260     6 (fixed)
  6820                           ;	Chosen strategy is simple_byte
  6821     02DA  084C               	movf	??_I2C_DO_RX+1,w
  6822     02DB  3A00               	xorlw	0	; case 0
  6823     02DC  1903               	skipnz
  6824     02DD  2ADF               	goto	l3681
  6825     02DE  2ACC               	goto	l3265
  6826     02DF                     l3681:
  6827                           
  6828                           ; Switch size 1, requested type "simple"
  6829                           ; Number of cases is 4, Range of values is 1 to 4
  6830                           ; switch strategies available:
  6831                           ; Name         Instructions Cycles
  6832                           ; simple_byte           13     7 (average)
  6833                           ; direct_byte           17     9 (fixed)
  6834                           ; jumptable            263     9 (fixed)
  6835                           ;	Chosen strategy is simple_byte
  6836     02DF  084B               	movf	??_I2C_DO_RX,w
  6837     02E0  3A01               	xorlw	1	; case 1
  6838     02E1  1903               	skipnz
  6839     02E2  2ACC               	goto	l3265
  6840     02E3  3A03               	xorlw	3	; case 2
  6841     02E4  1903               	skipnz
  6842     02E5  2AC8               	goto	l3261
  6843     02E6  3A01               	xorlw	1	; case 3
  6844     02E7  1903               	skipnz
  6845     02E8  2AC8               	goto	l3261
  6846     02E9  3A07               	xorlw	7	; case 4
  6847     02EA  1903               	skipnz
  6848     02EB  2ACC               	goto	l3265
  6849     02EC  2ACC               	goto	l3265
  6850     02ED                     l359:
  6851     02ED  0008               	return
  6852     02EE                     __end_of_I2C_DO_RX:
  6853                           
  6854                           	psect	text45
  6855     012F                     __ptext45:	
  6856 ;; *************** function _I2C_DO_TX *****************
  6857 ;; Defined at:
  6858 ;;		line 354 in file "D:\yiming\00work\LCD_I2C\LCD_I2C.X\mcc_generated_files\i2c_master.c"
  6859 ;; Parameters:    Size  Location     Type
  6860 ;;		None
  6861 ;; Auto vars:     Size  Location     Type
  6862 ;;		None
  6863 ;; Return value:  Size  Location     Type
  6864 ;;                  1    wreg      enum E3183
  6865 ;; Registers used:
  6866 ;;		wreg, fsr0l, fsr0h, fsr1l, fsr1h, status,2, status,0, pclath, cstack
  6867 ;; Tracked objects:
  6868 ;;		On entry : 0/0
  6869 ;;		On exit  : 0/0
  6870 ;;		Unchanged: 0/0
  6871 ;; Data sizes:     COMMON   BANK0   BANK1   BANK2   BANK3   BANK4   BANK5   BANK6
  6872 ;;      Params:         0       0       0       0       0       0       0       0
  6873 ;;      Locals:         0       0       0       0       0       0       0       0
  6874 ;;      Temps:          0       2       0       0       0       0       0       0
  6875 ;;      Totals:         0       2       0       0       0       0       0       0
  6876 ;;Total ram usage:        2 bytes
  6877 ;; Hardware stack levels used: 1
  6878 ;; Hardware stack levels required when called: 7
  6879 ;; This function calls:
  6880 ;;		NULL
  6881 ;;		_I2C_CallbackReturnReset
  6882 ;;		_I2C_CallbackReturnStop
  6883 ;;		_I2C_DO_SEND_RESTART_READ
  6884 ;;		_I2C_DO_SEND_RESTART_WRITE
  6885 ;;		_I2C_DO_SEND_STOP
  6886 ;;		_I2C_MasterIsNack
  6887 ;;		_I2C_MasterSendTxData
  6888 ;;		_wr1RegCompleteHandler
  6889 ;; This function is called by:
  6890 ;;		_I2C_MasterFsm
  6891 ;; This function uses a non-reentrant model
  6892 ;;
  6893                           
  6894     012F                     _I2C_DO_TX:	
  6895                           ;psect for function _I2C_DO_TX
  6896                           
  6897     012F                     l3213:	
  6898                           ;incstack = 0
  6899                           ; Regs used in _I2C_DO_TX: [wreg-fsr1h+status,2+status,0+pclath+cstack]
  6900                           
  6901                           
  6902                           ;D:\yiming\00work\LCD_I2C\LCD_I2C.X\mcc_generated_files\i2c_master.c: 356:     if(I2C_Ma
      +                          sterIsNack())
  6903     012F  3187  277F  3181   	fcall	_I2C_MasterIsNack
  6904     0132  3A00               	xorlw	0
  6905     0133  1903               	skipnz
  6906     0134  2936               	goto	u1431
  6907     0135  2937               	goto	u1430
  6908     0136                     u1431:
  6909     0136  2966               	goto	l342
  6910     0137                     u1430:
  6911     0137  2944               	goto	l3231
  6912     0138                     l3217:
  6913                           
  6914                           ;D:\yiming\00work\LCD_I2C\LCD_I2C.X\mcc_generated_files\i2c_master.c: 361:              
      +                             return I2C_DO_SEND_RESTART_READ();
  6915     0138  3187  27AD  3181   	fcall	_I2C_DO_SEND_RESTART_READ
  6916     013B  2982               	goto	l345
  6917     013C                     l3221:
  6918                           
  6919                           ;D:\yiming\00work\LCD_I2C\LCD_I2C.X\mcc_generated_files\i2c_master.c: 363:              
      +                               return I2C_DO_SEND_RESTART_WRITE();
  6920     013C  3187  27A8  3181   	fcall	_I2C_DO_SEND_RESTART_WRITE
  6921     013F  2982               	goto	l345
  6922     0140                     l3225:
  6923                           
  6924                           ;D:\yiming\00work\LCD_I2C\LCD_I2C.X\mcc_generated_files\i2c_master.c: 367:              
      +                             return I2C_DO_SEND_STOP();
  6925     0140  3187  279E  3181   	fcall	_I2C_DO_SEND_STOP
  6926     0143  2982               	goto	l345
  6927     0144                     l3231:
  6928     0144  0021               	movlb	1	; select bank1
  6929     0145  082F               	movf	(low ((_I2C_Status| 0+15)))^(0+128),w
  6930     0146  00F9               	movwf	I2C_CallbackReturnReset@funPtr
  6931     0147  3006               	movlw	6
  6932     0148  3EA0               	addlw	(low (_I2C_Status| 0))& (0+255)
  6933     0149  0086               	movwf	6
  6934     014A  0187               	clrf	7
  6935     014B  3F41               	moviw [1]fsr1
  6936     014C  008A               	movwf	10
  6937     014D  3F40               	moviw [0]fsr1
  6938     014E  000A               	callw
  6939     014F  3181               	pagesel	$
  6940     0150  0020               	movlb	0	; select bank0
  6941     0151  00CB               	movwf	??_I2C_DO_TX
  6942     0152  01CC               	clrf	??_I2C_DO_TX+1
  6943                           
  6944                           ; Switch on 2 bytes has been partitioned into a top level switch of size 1, and 1 sub-sw
      +                          itches
  6945                           ; Switch size 1, requested type "simple"
  6946                           ; Number of cases is 1, Range of values is 0 to 0
  6947                           ; switch strategies available:
  6948                           ; Name         Instructions Cycles
  6949                           ; simple_byte            4     3 (average)
  6950                           ; direct_byte            8     6 (fixed)
  6951                           ; jumptable            260     6 (fixed)
  6952                           ;	Chosen strategy is simple_byte
  6953     0153  084C               	movf	??_I2C_DO_TX+1,w
  6954     0154  3A00               	xorlw	0	; case 0
  6955     0155  1903               	skipnz
  6956     0156  2958               	goto	l3683
  6957     0157  2940               	goto	l3225
  6958     0158                     l3683:
  6959                           
  6960                           ; Switch size 1, requested type "simple"
  6961                           ; Number of cases is 4, Range of values is 1 to 4
  6962                           ; switch strategies available:
  6963                           ; Name         Instructions Cycles
  6964                           ; simple_byte           13     7 (average)
  6965                           ; direct_byte           17     9 (fixed)
  6966                           ; jumptable            263     9 (fixed)
  6967                           ;	Chosen strategy is simple_byte
  6968     0158  084B               	movf	??_I2C_DO_TX,w
  6969     0159  3A01               	xorlw	1	; case 1
  6970     015A  1903               	skipnz
  6971     015B  2940               	goto	l3225
  6972     015C  3A03               	xorlw	3	; case 2
  6973     015D  1903               	skipnz
  6974     015E  2938               	goto	l3217
  6975     015F  3A01               	xorlw	1	; case 3
  6976     0160  1903               	skipnz
  6977     0161  293C               	goto	l3221
  6978     0162  3A07               	xorlw	7	; case 4
  6979     0163  1903               	skipnz
  6980     0164  2940               	goto	l3225
  6981     0165  2940               	goto	l3225
  6982     0166                     l342:	
  6983                           ;D:\yiming\00work\LCD_I2C\LCD_I2C.X\mcc_generated_files\i2c_master.c: 370:     else
  6984                           
  6985                           
  6986                           ;D:\yiming\00work\LCD_I2C\LCD_I2C.X\mcc_generated_files\i2c_master.c: 371:     {;D:\yimi
      +                          ng\00work\LCD_I2C\LCD_I2C.X\mcc_generated_files\i2c_master.c: 372:         I2C_Status.ad
      +                          dressNackCheck = 0;
  6987     0166  0021               	movlb	1	; select bank1
  6988     0167  103C               	bcf	(_I2C_Status^(0+128)+28),0
  6989     0168                     l3233:
  6990                           
  6991                           ;D:\yiming\00work\LCD_I2C\LCD_I2C.X\mcc_generated_files\i2c_master.c: 373:         I2C_M
      +                          asterSendTxData(*I2C_Status.data_ptr++);
  6992     0168  3017               	movlw	23
  6993     0169  3EA0               	addlw	(low (_I2C_Status| 0))& (0+255)
  6994     016A  0086               	movwf	6
  6995     016B  0187               	clrf	7
  6996     016C  3F40               	moviw [0]fsr1
  6997     016D  0084               	movwf	4
  6998     016E  0185               	clrf	5
  6999     016F  0A81               	incf	1,f
  7000     0170  0800               	movf	0,w
  7001     0171  3187  27B7  3181   	fcall	_I2C_MasterSendTxData
  7002     0174                     l3235:
  7003                           
  7004                           ;D:\yiming\00work\LCD_I2C\LCD_I2C.X\mcc_generated_files\i2c_master.c: 374:         retur
      +                          n (--I2C_Status.data_length)?I2C_TX:I2C_TX_EMPTY;
  7005     0174  3001               	movlw	1
  7006     0175  0021               	movlb	1	; select bank1
  7007     0176  02B8               	subwf	(_I2C_Status^(0+128)+24),f
  7008     0177  3000               	movlw	0
  7009     0178  3BB9               	subwfb	((_I2C_Status+1)^(0+128)+24),f
  7010     0179  0838               	movf	(_I2C_Status^(0+128)+24),w
  7011     017A  0439               	iorwf	((_I2C_Status+1)^(0+128)+24),w
  7012     017B  1D03               	btfss	3,2
  7013     017C  297E               	goto	u1441
  7014     017D  297F               	goto	u1440
  7015     017E                     u1441:
  7016     017E  2981               	goto	l3239
  7017     017F                     u1440:
  7018     017F                     l3237:
  7019     017F  3006               	movlw	6
  7020     0180  2982               	goto	l345
  7021     0181                     l3239:
  7022     0181  3003               	movlw	3
  7023     0182                     l345:
  7024     0182  0008               	return
  7025     0183                     __end_of_I2C_DO_TX:
  7026                           
  7027                           	psect	text46
  7028     0752                     __ptext46:	
  7029 ;; *************** function _I2C_DO_SEND_ADR_WRITE *****************
  7030 ;; Defined at:
  7031 ;;		line 347 in file "D:\yiming\00work\LCD_I2C\LCD_I2C.X\mcc_generated_files\i2c_master.c"
  7032 ;; Parameters:    Size  Location     Type
  7033 ;;		None
  7034 ;; Auto vars:     Size  Location     Type
  7035 ;;		None
  7036 ;; Return value:  Size  Location     Type
  7037 ;;                  1    wreg      enum E3183
  7038 ;; Registers used:
  7039 ;;		wreg, status,2, status,0, pclath, cstack
  7040 ;; Tracked objects:
  7041 ;;		On entry : 0/0
  7042 ;;		On exit  : 0/0
  7043 ;;		Unchanged: 0/0
  7044 ;; Data sizes:     COMMON   BANK0   BANK1   BANK2   BANK3   BANK4   BANK5   BANK6
  7045 ;;      Params:         0       0       0       0       0       0       0       0
  7046 ;;      Locals:         0       0       0       0       0       0       0       0
  7047 ;;      Temps:          0       0       0       0       0       0       0       0
  7048 ;;      Totals:         0       0       0       0       0       0       0       0
  7049 ;;Total ram usage:        0 bytes
  7050 ;; Hardware stack levels used: 1
  7051 ;; Hardware stack levels required when called: 5
  7052 ;; This function calls:
  7053 ;;		_I2C_MasterSendTxData
  7054 ;; This function is called by:
  7055 ;;		_I2C_MasterFsm
  7056 ;; This function uses a non-reentrant model
  7057 ;;
  7058                           
  7059     0752                     _I2C_DO_SEND_ADR_WRITE:	
  7060                           ;psect for function _I2C_DO_SEND_ADR_WRITE
  7061                           
  7062     0752                     l2363:	
  7063                           ;incstack = 0
  7064                           ; Regs used in _I2C_DO_SEND_ADR_WRITE: [wreg+status,2+status,0+pclath+cstack]
  7065                           
  7066                           
  7067                           ;D:\yiming\00work\LCD_I2C\LCD_I2C.X\mcc_generated_files\i2c_master.c: 349:     I2C_Statu
      +                          s.addressNackCheck = 1;
  7068     0752  0021               	movlb	1	; select bank1
  7069     0753  143C               	bsf	(_I2C_Status^(0+128)+28),0
  7070     0754                     l2365:
  7071                           
  7072                           ;D:\yiming\00work\LCD_I2C\LCD_I2C.X\mcc_generated_files\i2c_master.c: 350:     I2C_Maste
      +                          rSendTxData((uint8_t) (I2C_Status.address << 1));
  7073     0754  3536               	lslf	(_I2C_Status^(0+128)+22),w
  7074     0755  3187  27B7  3187   	fcall	_I2C_MasterSendTxData
  7075     0758                     l2367:
  7076                           
  7077                           ;D:\yiming\00work\LCD_I2C\LCD_I2C.X\mcc_generated_files\i2c_master.c: 351:     return I2
      +                          C_TX;
  7078     0758  3003               	movlw	3
  7079     0759                     l339:
  7080     0759  0008               	return
  7081     075A                     __end_of_I2C_DO_SEND_ADR_WRITE:
  7082                           
  7083                           	psect	text47
  7084     0749                     __ptext47:	
  7085 ;; *************** function _I2C_DO_SEND_ADR_READ *****************
  7086 ;; Defined at:
  7087 ;;		line 340 in file "D:\yiming\00work\LCD_I2C\LCD_I2C.X\mcc_generated_files\i2c_master.c"
  7088 ;; Parameters:    Size  Location     Type
  7089 ;;		None
  7090 ;; Auto vars:     Size  Location     Type
  7091 ;;		None
  7092 ;; Return value:  Size  Location     Type
  7093 ;;                  1    wreg      enum E3183
  7094 ;; Registers used:
  7095 ;;		wreg, status,2, status,0, pclath, cstack
  7096 ;; Tracked objects:
  7097 ;;		On entry : 0/0
  7098 ;;		On exit  : 0/0
  7099 ;;		Unchanged: 0/0
  7100 ;; Data sizes:     COMMON   BANK0   BANK1   BANK2   BANK3   BANK4   BANK5   BANK6
  7101 ;;      Params:         0       0       0       0       0       0       0       0
  7102 ;;      Locals:         0       0       0       0       0       0       0       0
  7103 ;;      Temps:          0       0       0       0       0       0       0       0
  7104 ;;      Totals:         0       0       0       0       0       0       0       0
  7105 ;;Total ram usage:        0 bytes
  7106 ;; Hardware stack levels used: 1
  7107 ;; Hardware stack levels required when called: 5
  7108 ;; This function calls:
  7109 ;;		_I2C_MasterSendTxData
  7110 ;; This function is called by:
  7111 ;;		_I2C_MasterFsm
  7112 ;; This function uses a non-reentrant model
  7113 ;;
  7114                           
  7115     0749                     _I2C_DO_SEND_ADR_READ:	
  7116                           ;psect for function _I2C_DO_SEND_ADR_READ
  7117                           
  7118     0749                     l2355:	
  7119                           ;incstack = 0
  7120                           ; Regs used in _I2C_DO_SEND_ADR_READ: [wreg+status,2+status,0+pclath+cstack]
  7121                           
  7122                           
  7123                           ;D:\yiming\00work\LCD_I2C\LCD_I2C.X\mcc_generated_files\i2c_master.c: 342:     I2C_Statu
      +                          s.addressNackCheck = 1;
  7124     0749  0021               	movlb	1	; select bank1
  7125     074A  143C               	bsf	(_I2C_Status^(0+128)+28),0
  7126     074B                     l2357:
  7127                           
  7128                           ;D:\yiming\00work\LCD_I2C\LCD_I2C.X\mcc_generated_files\i2c_master.c: 343:     I2C_Maste
      +                          rSendTxData((uint8_t) (I2C_Status.address << 1 | 1));
  7129     074B  1403               	setc
  7130     074C  0D36               	rlf	(_I2C_Status^(0+128)+22),w
  7131     074D  3187  27B7  3187   	fcall	_I2C_MasterSendTxData
  7132     0750                     l2359:
  7133                           
  7134                           ;D:\yiming\00work\LCD_I2C\LCD_I2C.X\mcc_generated_files\i2c_master.c: 344:     return I2
      +                          C_RCEN;
  7135     0750  3005               	movlw	5
  7136     0751                     l336:
  7137     0751  0008               	return
  7138     0752                     __end_of_I2C_DO_SEND_ADR_READ:
  7139                           
  7140                           	psect	text48
  7141     07B2                     __ptext48:	
  7142 ;; *************** function _I2C_DO_IDLE *****************
  7143 ;; Defined at:
  7144 ;;		line 333 in file "D:\yiming\00work\LCD_I2C\LCD_I2C.X\mcc_generated_files\i2c_master.c"
  7145 ;; Parameters:    Size  Location     Type
  7146 ;;		None
  7147 ;; Auto vars:     Size  Location     Type
  7148 ;;		None
  7149 ;; Return value:  Size  Location     Type
  7150 ;;                  1    wreg      enum E3183
  7151 ;; Registers used:
  7152 ;;		wreg, status,2
  7153 ;; Tracked objects:
  7154 ;;		On entry : 0/0
  7155 ;;		On exit  : 0/0
  7156 ;;		Unchanged: 0/0
  7157 ;; Data sizes:     COMMON   BANK0   BANK1   BANK2   BANK3   BANK4   BANK5   BANK6
  7158 ;;      Params:         0       0       0       0       0       0       0       0
  7159 ;;      Locals:         0       0       0       0       0       0       0       0
  7160 ;;      Temps:          0       0       0       0       0       0       0       0
  7161 ;;      Totals:         0       0       0       0       0       0       0       0
  7162 ;;Total ram usage:        0 bytes
  7163 ;; Hardware stack levels used: 1
  7164 ;; Hardware stack levels required when called: 4
  7165 ;; This function calls:
  7166 ;;		Nothing
  7167 ;; This function is called by:
  7168 ;;		_I2C_MasterFsm
  7169 ;; This function uses a non-reentrant model
  7170 ;;
  7171                           
  7172     07B2                     _I2C_DO_IDLE:	
  7173                           ;psect for function _I2C_DO_IDLE
  7174                           
  7175     07B2                     l2347:	
  7176                           ;incstack = 0
  7177                           ; Regs used in _I2C_DO_IDLE: [wreg+status,2]
  7178                           
  7179                           
  7180                           ;D:\yiming\00work\LCD_I2C\LCD_I2C.X\mcc_generated_files\i2c_master.c: 335:     I2C_Statu
      +                          s.busy = 0;
  7181     07B2  0021               	movlb	1	; select bank1
  7182     07B3  10BC               	bcf	(_I2C_Status^(0+128)+28),1
  7183     07B4                     l2349:
  7184                           
  7185                           ;D:\yiming\00work\LCD_I2C\LCD_I2C.X\mcc_generated_files\i2c_master.c: 336:     I2C_Statu
      +                          s.error = I2C_NOERR;
  7186     07B4  01BB               	clrf	(_I2C_Status^(0+128)+27)
  7187     07B5                     l2351:
  7188                           
  7189                           ;D:\yiming\00work\LCD_I2C\LCD_I2C.X\mcc_generated_files\i2c_master.c: 337:     return I2
      +                          C_RESET;
  7190     07B5  300E               	movlw	14
  7191     07B6                     l333:
  7192     07B6  0008               	return
  7193     07B7                     __end_of_I2C_DO_IDLE:
  7194                           
  7195                           	psect	text49
  7196     042B                     __ptext49:	
  7197 ;; *************** function _I2C_DO_TX_EMPTY *****************
  7198 ;; Defined at:
  7199 ;;		line 409 in file "D:\yiming\00work\LCD_I2C\LCD_I2C.X\mcc_generated_files\i2c_master.c"
  7200 ;; Parameters:    Size  Location     Type
  7201 ;;		None
  7202 ;; Auto vars:     Size  Location     Type
  7203 ;;		None
  7204 ;; Return value:  Size  Location     Type
  7205 ;;                  1    wreg      enum E3183
  7206 ;; Registers used:
  7207 ;;		wreg, fsr0l, fsr0h, fsr1l, fsr1h, status,2, status,0, pclath, cstack
  7208 ;; Tracked objects:
  7209 ;;		On entry : 0/0
  7210 ;;		On exit  : 0/0
  7211 ;;		Unchanged: 0/0
  7212 ;; Data sizes:     COMMON   BANK0   BANK1   BANK2   BANK3   BANK4   BANK5   BANK6
  7213 ;;      Params:         0       0       0       0       0       0       0       0
  7214 ;;      Locals:         0       0       0       0       0       0       0       0
  7215 ;;      Temps:          0       2       0       0       0       0       0       0
  7216 ;;      Totals:         0       2       0       0       0       0       0       0
  7217 ;;Total ram usage:        2 bytes
  7218 ;; Hardware stack levels used: 1
  7219 ;; Hardware stack levels required when called: 7
  7220 ;; This function calls:
  7221 ;;		NULL
  7222 ;;		_I2C_CallbackReturnReset
  7223 ;;		_I2C_CallbackReturnStop
  7224 ;;		_I2C_DO_SEND_RESTART
  7225 ;;		_I2C_DO_SEND_STOP
  7226 ;;		_I2C_MasterSetIrq
  7227 ;;		_wr1RegCompleteHandler
  7228 ;; This function is called by:
  7229 ;;		_I2C_MasterFsm
  7230 ;; This function uses a non-reentrant model
  7231 ;;
  7232                           
  7233     042B                     _I2C_DO_TX_EMPTY:	
  7234                           ;psect for function _I2C_DO_TX_EMPTY
  7235                           
  7236     042B                     l3277:	
  7237                           ;incstack = 0
  7238                           ; Regs used in _I2C_DO_TX_EMPTY: [wreg-fsr1h+status,2+status,0+pclath+cstack]
  7239                           
  7240                           
  7241                           ;D:\yiming\00work\LCD_I2C\LCD_I2C.X\mcc_generated_files\i2c_master.c: 411:     I2C_Statu
      +                          s.bufferFree = 1;
  7242     042B  0021               	movlb	1	; select bank1
  7243     042C  15BC               	bsf	(_I2C_Status^(0+128)+28),3
  7244                           
  7245                           ;D:\yiming\00work\LCD_I2C\LCD_I2C.X\mcc_generated_files\i2c_master.c: 412:     switch(I2
      +                          C_Status.callbackTable[I2C_DATA_COMPLETE](I2C_Status.callbackPayload[I2C_DATA_COMPLETE])
      +                          )
  7246     042D  2C3B               	goto	l3295
  7247     042E                     l3279:
  7248                           
  7249                           ;D:\yiming\00work\LCD_I2C\LCD_I2C.X\mcc_generated_files\i2c_master.c: 416:             r
      +                          eturn I2C_DO_SEND_RESTART();
  7250     042E  3187  27A3  3184   	fcall	_I2C_DO_SEND_RESTART
  7251     0431  2C58               	goto	l376
  7252     0432                     l3283:
  7253                           
  7254                           ;D:\yiming\00work\LCD_I2C\LCD_I2C.X\mcc_generated_files\i2c_master.c: 418:             I
      +                          2C_MasterSetIrq();
  7255     0432  3187  27C8  3184   	fcall	_I2C_MasterSetIrq
  7256     0435                     l3285:
  7257                           
  7258                           ;D:\yiming\00work\LCD_I2C\LCD_I2C.X\mcc_generated_files\i2c_master.c: 419:             r
      +                          eturn I2C_TX;
  7259     0435  3003               	movlw	3
  7260     0436  2C58               	goto	l376
  7261     0437                     l3289:
  7262                           
  7263                           ;D:\yiming\00work\LCD_I2C\LCD_I2C.X\mcc_generated_files\i2c_master.c: 422:             r
      +                          eturn I2C_DO_SEND_STOP();
  7264     0437  3187  279E  3184   	fcall	_I2C_DO_SEND_STOP
  7265     043A  2C58               	goto	l376
  7266     043B                     l3295:
  7267     043B  082C               	movf	(low ((_I2C_Status| 0+12)))^(0+128),w
  7268     043C  00F9               	movwf	I2C_CallbackReturnReset@funPtr
  7269     043D  0821               	movf	(_I2C_Status+1)^(0+128),w
  7270     043E  008A               	movwf	10
  7271     043F  0820               	movf	_I2C_Status^(0+128),w
  7272     0440  000A               	callw
  7273     0441  3184               	pagesel	$
  7274     0442  0020               	movlb	0	; select bank0
  7275     0443  00CB               	movwf	??_I2C_DO_TX_EMPTY
  7276     0444  01CC               	clrf	??_I2C_DO_TX_EMPTY+1
  7277                           
  7278                           ; Switch on 2 bytes has been partitioned into a top level switch of size 1, and 1 sub-sw
      +                          itches
  7279                           ; Switch size 1, requested type "simple"
  7280                           ; Number of cases is 1, Range of values is 0 to 0
  7281                           ; switch strategies available:
  7282                           ; Name         Instructions Cycles
  7283                           ; simple_byte            4     3 (average)
  7284                           ; direct_byte            8     6 (fixed)
  7285                           ; jumptable            260     6 (fixed)
  7286                           ;	Chosen strategy is simple_byte
  7287     0445  084C               	movf	??_I2C_DO_TX_EMPTY+1,w
  7288     0446  3A00               	xorlw	0	; case 0
  7289     0447  1903               	skipnz
  7290     0448  2C4A               	goto	l3685
  7291     0449  2C37               	goto	l3289
  7292     044A                     l3685:
  7293                           
  7294                           ; Switch size 1, requested type "simple"
  7295                           ; Number of cases is 4, Range of values is 1 to 4
  7296                           ; switch strategies available:
  7297                           ; Name         Instructions Cycles
  7298                           ; simple_byte           13     7 (average)
  7299                           ; direct_byte           17     9 (fixed)
  7300                           ; jumptable            263     9 (fixed)
  7301                           ;	Chosen strategy is simple_byte
  7302     044A  084B               	movf	??_I2C_DO_TX_EMPTY,w
  7303     044B  3A01               	xorlw	1	; case 1
  7304     044C  1903               	skipnz
  7305     044D  2C37               	goto	l3289
  7306     044E  3A03               	xorlw	3	; case 2
  7307     044F  1903               	skipnz
  7308     0450  2C2E               	goto	l3279
  7309     0451  3A01               	xorlw	1	; case 3
  7310     0452  1903               	skipnz
  7311     0453  2C2E               	goto	l3279
  7312     0454  3A07               	xorlw	7	; case 4
  7313     0455  1903               	skipnz
  7314     0456  2C32               	goto	l3283
  7315     0457  2C37               	goto	l3289
  7316     0458                     l376:
  7317     0458  0008               	return
  7318     0459                     __end_of_I2C_DO_TX_EMPTY:
  7319                           
  7320                           	psect	text50
  7321     07C8                     __ptext50:	
  7322 ;; *************** function _I2C_MasterSetIrq *****************
  7323 ;; Defined at:
  7324 ;;		line 645 in file "D:\yiming\00work\LCD_I2C\LCD_I2C.X\mcc_generated_files\i2c_master.c"
  7325 ;; Parameters:    Size  Location     Type
  7326 ;;		None
  7327 ;; Auto vars:     Size  Location     Type
  7328 ;;		None
  7329 ;; Return value:  Size  Location     Type
  7330 ;;                  1    wreg      void 
  7331 ;; Registers used:
  7332 ;;		None
  7333 ;; Tracked objects:
  7334 ;;		On entry : 0/0
  7335 ;;		On exit  : 0/0
  7336 ;;		Unchanged: 0/0
  7337 ;; Data sizes:     COMMON   BANK0   BANK1   BANK2   BANK3   BANK4   BANK5   BANK6
  7338 ;;      Params:         0       0       0       0       0       0       0       0
  7339 ;;      Locals:         0       0       0       0       0       0       0       0
  7340 ;;      Temps:          0       0       0       0       0       0       0       0
  7341 ;;      Totals:         0       0       0       0       0       0       0       0
  7342 ;;Total ram usage:        0 bytes
  7343 ;; Hardware stack levels used: 1
  7344 ;; Hardware stack levels required when called: 4
  7345 ;; This function calls:
  7346 ;;		Nothing
  7347 ;; This function is called by:
  7348 ;;		_I2C_DO_TX_EMPTY
  7349 ;; This function uses a non-reentrant model
  7350 ;;
  7351                           
  7352     07C8                     _I2C_MasterSetIrq:	
  7353                           ;psect for function _I2C_MasterSetIrq
  7354                           
  7355     07C8                     l2335:	
  7356                           ;incstack = 0
  7357                           ; Regs used in _I2C_MasterSetIrq: []
  7358                           
  7359                           
  7360                           ;D:\yiming\00work\LCD_I2C\LCD_I2C.X\mcc_generated_files\i2c_master.c: 647:     PIR1bits.
      +                          SSPIF = 1;
  7361     07C8  0020               	movlb	0	; select bank0
  7362     07C9  1591               	bsf	17,3	;volatile
  7363     07CA                     l461:
  7364     07CA  0008               	return
  7365     07CB                     __end_of_I2C_MasterSetIrq:
  7366                           
  7367                           	psect	text51
  7368     077F                     __ptext51:	
  7369 ;; *************** function _I2C_MasterIsNack *****************
  7370 ;; Defined at:
  7371 ;;		line 598 in file "D:\yiming\00work\LCD_I2C\LCD_I2C.X\mcc_generated_files\i2c_master.c"
  7372 ;; Parameters:    Size  Location     Type
  7373 ;;		None
  7374 ;; Auto vars:     Size  Location     Type
  7375 ;;		None
  7376 ;; Return value:  Size  Location     Type
  7377 ;;                  1    wreg      _Bool 
  7378 ;; Registers used:
  7379 ;;		wreg, status,2, status,0
  7380 ;; Tracked objects:
  7381 ;;		On entry : 0/0
  7382 ;;		On exit  : 0/0
  7383 ;;		Unchanged: 0/0
  7384 ;; Data sizes:     COMMON   BANK0   BANK1   BANK2   BANK3   BANK4   BANK5   BANK6
  7385 ;;      Params:         0       0       0       0       0       0       0       0
  7386 ;;      Locals:         0       0       0       0       0       0       0       0
  7387 ;;      Temps:          0       0       0       0       0       0       0       0
  7388 ;;      Totals:         0       0       0       0       0       0       0       0
  7389 ;;Total ram usage:        0 bytes
  7390 ;; Hardware stack levels used: 1
  7391 ;; Hardware stack levels required when called: 4
  7392 ;; This function calls:
  7393 ;;		Nothing
  7394 ;; This function is called by:
  7395 ;;		_I2C_MasterFsm
  7396 ;;		_I2C_DO_TX
  7397 ;; This function uses a non-reentrant model
  7398 ;;
  7399                           
  7400     077F                     _I2C_MasterIsNack:	
  7401                           ;psect for function _I2C_MasterIsNack
  7402                           
  7403     077F                     l2285:	
  7404                           ;incstack = 0
  7405                           ; Regs used in _I2C_MasterIsNack: [wreg+status,2+status,0]
  7406                           
  7407                           
  7408                           ;D:\yiming\00work\LCD_I2C\LCD_I2C.X\mcc_generated_files\i2c_master.c: 600:     return SS
      +                          PCON2bits.ACKSTAT;
  7409     077F  0024               	movlb	4	; select bank4
  7410     0780  0E16               	swapf	22,w	;volatile
  7411     0781  0C89               	rrf	9,f
  7412     0782  0C89               	rrf	9,f
  7413     0783  3901               	andlw	1
  7414     0784                     l446:
  7415     0784  0008               	return
  7416     0785                     __end_of_I2C_MasterIsNack:
  7417                           
  7418                           	psect	text52
  7419     07B7                     __ptext52:	
  7420 ;; *************** function _I2C_MasterSendTxData *****************
  7421 ;; Defined at:
  7422 ;;		line 568 in file "D:\yiming\00work\LCD_I2C\LCD_I2C.X\mcc_generated_files\i2c_master.c"
  7423 ;; Parameters:    Size  Location     Type
  7424 ;;  data            1    wreg     unsigned char 
  7425 ;; Auto vars:     Size  Location     Type
  7426 ;;  data            1    2[COMMON] unsigned char 
  7427 ;; Return value:  Size  Location     Type
  7428 ;;                  1    wreg      void 
  7429 ;; Registers used:
  7430 ;;		wreg
  7431 ;; Tracked objects:
  7432 ;;		On entry : 0/0
  7433 ;;		On exit  : 0/0
  7434 ;;		Unchanged: 0/0
  7435 ;; Data sizes:     COMMON   BANK0   BANK1   BANK2   BANK3   BANK4   BANK5   BANK6
  7436 ;;      Params:         0       0       0       0       0       0       0       0
  7437 ;;      Locals:         1       0       0       0       0       0       0       0
  7438 ;;      Temps:          0       0       0       0       0       0       0       0
  7439 ;;      Totals:         1       0       0       0       0       0       0       0
  7440 ;;Total ram usage:        1 bytes
  7441 ;; Hardware stack levels used: 1
  7442 ;; Hardware stack levels required when called: 4
  7443 ;; This function calls:
  7444 ;;		Nothing
  7445 ;; This function is called by:
  7446 ;;		_I2C_DO_SEND_ADR_READ
  7447 ;;		_I2C_DO_SEND_ADR_WRITE
  7448 ;;		_I2C_DO_TX
  7449 ;; This function uses a non-reentrant model
  7450 ;;
  7451                           
  7452     07B7                     _I2C_MasterSendTxData:	
  7453                           ;psect for function _I2C_MasterSendTxData
  7454                           
  7455                           
  7456                           ;incstack = 0
  7457                           ; Regs used in _I2C_MasterSendTxData: [wreg]
  7458                           ;I2C_MasterSendTxData@data stored from wreg
  7459     07B7  00F2               	movwf	I2C_MasterSendTxData@data
  7460     07B8                     l2289:
  7461                           
  7462                           ;D:\yiming\00work\LCD_I2C\LCD_I2C.X\mcc_generated_files\i2c_master.c: 568: static __attr
      +                          ibute__((inline)) void I2C_MasterSendTxData(uint8_t data);D:\yiming\00work\LCD_I2C\LCD_I
      +                          2C.X\mcc_generated_files\i2c_master.c: 569: {;D:\yiming\00work\LCD_I2C\LCD_I2C.X\mcc_gen
      +                          erated_files\i2c_master.c: 570:     SSPBUF = data;
  7463     07B8  0872               	movf	I2C_MasterSendTxData@data,w
  7464     07B9  0024               	movlb	4	; select bank4
  7465     07BA  0091               	movwf	17	;volatile
  7466     07BB                     l431:
  7467     07BB  0008               	return
  7468     07BC                     __end_of_I2C_MasterSendTxData:
  7469                           
  7470                           	psect	text53
  7471     07C0                     __ptext53:	
  7472 ;; *************** function _I2C_MasterSendAck *****************
  7473 ;; Defined at:
  7474 ;;		line 603 in file "D:\yiming\00work\LCD_I2C\LCD_I2C.X\mcc_generated_files\i2c_master.c"
  7475 ;; Parameters:    Size  Location     Type
  7476 ;;		None
  7477 ;; Auto vars:     Size  Location     Type
  7478 ;;		None
  7479 ;; Return value:  Size  Location     Type
  7480 ;;                  1    wreg      void 
  7481 ;; Registers used:
  7482 ;;		None
  7483 ;; Tracked objects:
  7484 ;;		On entry : 0/0
  7485 ;;		On exit  : 0/0
  7486 ;;		Unchanged: 0/0
  7487 ;; Data sizes:     COMMON   BANK0   BANK1   BANK2   BANK3   BANK4   BANK5   BANK6
  7488 ;;      Params:         0       0       0       0       0       0       0       0
  7489 ;;      Locals:         0       0       0       0       0       0       0       0
  7490 ;;      Temps:          0       0       0       0       0       0       0       0
  7491 ;;      Totals:         0       0       0       0       0       0       0       0
  7492 ;;Total ram usage:        0 bytes
  7493 ;; Hardware stack levels used: 1
  7494 ;; Hardware stack levels required when called: 4
  7495 ;; This function calls:
  7496 ;;		Nothing
  7497 ;; This function is called by:
  7498 ;;		_I2C_DO_RX
  7499 ;;		_I2C_DO_RX_ACK
  7500 ;; This function uses a non-reentrant model
  7501 ;;
  7502                           
  7503     07C0                     _I2C_MasterSendAck:	
  7504                           ;psect for function _I2C_MasterSendAck
  7505                           
  7506     07C0                     l2313:	
  7507                           ;incstack = 0
  7508                           ; Regs used in _I2C_MasterSendAck: []
  7509                           
  7510                           
  7511                           ;D:\yiming\00work\LCD_I2C\LCD_I2C.X\mcc_generated_files\i2c_master.c: 605:     SSPCON2bi
      +                          ts.ACKDT = 0;
  7512     07C0  0024               	movlb	4	; select bank4
  7513     07C1  1296               	bcf	22,5	;volatile
  7514                           
  7515                           ;D:\yiming\00work\LCD_I2C\LCD_I2C.X\mcc_generated_files\i2c_master.c: 606:     SSPCON2bi
      +                          ts.ACKEN = 1;
  7516     07C2  1616               	bsf	22,4	;volatile
  7517     07C3                     l449:
  7518     07C3  0008               	return
  7519     07C4                     __end_of_I2C_MasterSendAck:
  7520                           
  7521                           	psect	text54
  7522     07CB                     __ptext54:	
  7523 ;; *************** function _I2C_MasterGetRxData *****************
  7524 ;; Defined at:
  7525 ;;		line 563 in file "D:\yiming\00work\LCD_I2C\LCD_I2C.X\mcc_generated_files\i2c_master.c"
  7526 ;; Parameters:    Size  Location     Type
  7527 ;;		None
  7528 ;; Auto vars:     Size  Location     Type
  7529 ;;		None
  7530 ;; Return value:  Size  Location     Type
  7531 ;;                  1    wreg      unsigned char 
  7532 ;; Registers used:
  7533 ;;		wreg
  7534 ;; Tracked objects:
  7535 ;;		On entry : 0/0
  7536 ;;		On exit  : 0/0
  7537 ;;		Unchanged: 0/0
  7538 ;; Data sizes:     COMMON   BANK0   BANK1   BANK2   BANK3   BANK4   BANK5   BANK6
  7539 ;;      Params:         0       0       0       0       0       0       0       0
  7540 ;;      Locals:         0       0       0       0       0       0       0       0
  7541 ;;      Temps:          0       0       0       0       0       0       0       0
  7542 ;;      Totals:         0       0       0       0       0       0       0       0
  7543 ;;Total ram usage:        0 bytes
  7544 ;; Hardware stack levels used: 1
  7545 ;; Hardware stack levels required when called: 4
  7546 ;; This function calls:
  7547 ;;		Nothing
  7548 ;; This function is called by:
  7549 ;;		_I2C_DO_RX
  7550 ;; This function uses a non-reentrant model
  7551 ;;
  7552                           
  7553     07CB                     _I2C_MasterGetRxData:	
  7554                           ;psect for function _I2C_MasterGetRxData
  7555                           
  7556     07CB                     l2309:	
  7557                           ;incstack = 0
  7558                           ; Regs used in _I2C_MasterGetRxData: [wreg]
  7559                           
  7560                           
  7561                           ;D:\yiming\00work\LCD_I2C\LCD_I2C.X\mcc_generated_files\i2c_master.c: 565:     return SS
      +                          PBUF;
  7562     07CB  0024               	movlb	4	; select bank4
  7563     07CC  0811               	movf	17,w	;volatile
  7564     07CD                     l428:
  7565     07CD  0008               	return
  7566     07CE                     __end_of_I2C_MasterGetRxData:
  7567                           
  7568                           	psect	text55
  7569     07C4                     __ptext55:	
  7570 ;; *************** function _I2C_MasterSendNack *****************
  7571 ;; Defined at:
  7572 ;;		line 609 in file "D:\yiming\00work\LCD_I2C\LCD_I2C.X\mcc_generated_files\i2c_master.c"
  7573 ;; Parameters:    Size  Location     Type
  7574 ;;		None
  7575 ;; Auto vars:     Size  Location     Type
  7576 ;;		None
  7577 ;; Return value:  Size  Location     Type
  7578 ;;                  1    wreg      void 
  7579 ;; Registers used:
  7580 ;;		None
  7581 ;; Tracked objects:
  7582 ;;		On entry : 0/0
  7583 ;;		On exit  : 0/0
  7584 ;;		Unchanged: 0/0
  7585 ;; Data sizes:     COMMON   BANK0   BANK1   BANK2   BANK3   BANK4   BANK5   BANK6
  7586 ;;      Params:         0       0       0       0       0       0       0       0
  7587 ;;      Locals:         0       0       0       0       0       0       0       0
  7588 ;;      Temps:          0       0       0       0       0       0       0       0
  7589 ;;      Totals:         0       0       0       0       0       0       0       0
  7590 ;;Total ram usage:        0 bytes
  7591 ;; Hardware stack levels used: 1
  7592 ;; Hardware stack levels required when called: 4
  7593 ;; This function calls:
  7594 ;;		Nothing
  7595 ;; This function is called by:
  7596 ;;		_I2C_DO_RX_NACK_STOP
  7597 ;;		_I2C_DO_RX_NACK_RESTART
  7598 ;; This function uses a non-reentrant model
  7599 ;;
  7600                           
  7601     07C4                     _I2C_MasterSendNack:	
  7602                           ;psect for function _I2C_MasterSendNack
  7603                           
  7604     07C4                     l2275:	
  7605                           ;incstack = 0
  7606                           ; Regs used in _I2C_MasterSendNack: []
  7607                           
  7608                           
  7609                           ;D:\yiming\00work\LCD_I2C\LCD_I2C.X\mcc_generated_files\i2c_master.c: 611:     SSPCON2bi
      +                          ts.ACKDT = 1;
  7610     07C4  0024               	movlb	4	; select bank4
  7611     07C5  1696               	bsf	22,5	;volatile
  7612                           
  7613                           ;D:\yiming\00work\LCD_I2C\LCD_I2C.X\mcc_generated_files\i2c_master.c: 612:     SSPCON2bi
      +                          ts.ACKEN = 1;
  7614     07C6  1616               	bsf	22,4	;volatile
  7615     07C7                     l452:
  7616     07C7  0008               	return
  7617     07C8                     __end_of_I2C_MasterSendNack:
  7618                           
  7619                           	psect	text56
  7620     07CE                     __ptext56:	
  7621 ;; *************** function _I2C_MasterStartRx *****************
  7622 ;; Defined at:
  7623 ;;		line 583 in file "D:\yiming\00work\LCD_I2C\LCD_I2C.X\mcc_generated_files\i2c_master.c"
  7624 ;; Parameters:    Size  Location     Type
  7625 ;;		None
  7626 ;; Auto vars:     Size  Location     Type
  7627 ;;		None
  7628 ;; Return value:  Size  Location     Type
  7629 ;;                  1    wreg      void 
  7630 ;; Registers used:
  7631 ;;		None
  7632 ;; Tracked objects:
  7633 ;;		On entry : 0/0
  7634 ;;		On exit  : 0/0
  7635 ;;		Unchanged: 0/0
  7636 ;; Data sizes:     COMMON   BANK0   BANK1   BANK2   BANK3   BANK4   BANK5   BANK6
  7637 ;;      Params:         0       0       0       0       0       0       0       0
  7638 ;;      Locals:         0       0       0       0       0       0       0       0
  7639 ;;      Temps:          0       0       0       0       0       0       0       0
  7640 ;;      Totals:         0       0       0       0       0       0       0       0
  7641 ;;Total ram usage:        0 bytes
  7642 ;; Hardware stack levels used: 1
  7643 ;; Hardware stack levels required when called: 4
  7644 ;; This function calls:
  7645 ;;		Nothing
  7646 ;; This function is called by:
  7647 ;;		_I2C_DO_RCEN
  7648 ;; This function uses a non-reentrant model
  7649 ;;
  7650                           
  7651     07CE                     _I2C_MasterStartRx:	
  7652                           ;psect for function _I2C_MasterStartRx
  7653                           
  7654     07CE                     l2327:	
  7655                           ;incstack = 0
  7656                           ; Regs used in _I2C_MasterStartRx: []
  7657                           
  7658                           
  7659                           ;D:\yiming\00work\LCD_I2C\LCD_I2C.X\mcc_generated_files\i2c_master.c: 585:     SSPCON2bi
      +                          ts.RCEN = 1;
  7660     07CE  0024               	movlb	4	; select bank4
  7661     07CF  1596               	bsf	22,3	;volatile
  7662     07D0                     l437:
  7663     07D0  0008               	return
  7664     07D1                     __end_of_I2C_MasterStartRx:
  7665                           
  7666                           	psect	text57
  7667     07E3                     __ptext57:	
  7668 ;; *************** function _I2C_CallbackReturnReset *****************
  7669 ;; Defined at:
  7670 ;;		line 525 in file "D:\yiming\00work\LCD_I2C\LCD_I2C.X\mcc_generated_files\i2c_master.c"
  7671 ;; Parameters:    Size  Location     Type
  7672 ;;  funPtr          1    9[COMMON] PTR void 
  7673 ;;		 -> NULL(0), I2C_Write1ByteRegister@data(1), 
  7674 ;; Auto vars:     Size  Location     Type
  7675 ;;		None
  7676 ;; Return value:  Size  Location     Type
  7677 ;;                  1    wreg      enum E363
  7678 ;; Registers used:
  7679 ;;		wreg
  7680 ;; Tracked objects:
  7681 ;;		On entry : 0/0
  7682 ;;		On exit  : 0/0
  7683 ;;		Unchanged: 0/0
  7684 ;; Data sizes:     COMMON   BANK0   BANK1   BANK2   BANK3   BANK4   BANK5   BANK6
  7685 ;;      Params:         1       0       0       0       0       0       0       0
  7686 ;;      Locals:         0       0       0       0       0       0       0       0
  7687 ;;      Temps:          0       0       0       0       0       0       0       0
  7688 ;;      Totals:         1       0       0       0       0       0       0       0
  7689 ;;Total ram usage:        1 bytes
  7690 ;; Hardware stack levels used: 1
  7691 ;; Hardware stack levels required when called: 4
  7692 ;; This function calls:
  7693 ;;		Nothing
  7694 ;; This function is called by:
  7695 ;;		_I2C_Open
  7696 ;;		_I2C_DO_TX
  7697 ;;		_I2C_DO_RX
  7698 ;;		_I2C_DO_TX_EMPTY
  7699 ;;		_I2C_DO_ADDRESS_NACK
  7700 ;; This function uses a non-reentrant model
  7701 ;;
  7702                           
  7703     07E3                     _I2C_CallbackReturnReset:	
  7704                           ;psect for function _I2C_CallbackReturnReset
  7705                           
  7706     07E3                     l2341:	
  7707                           ;incstack = 0
  7708                           ; Regs used in _I2C_CallbackReturnReset: [wreg]
  7709                           
  7710                           
  7711                           ;D:\yiming\00work\LCD_I2C\LCD_I2C.X\mcc_generated_files\i2c_master.c: 525: i2c_operation
      +                          s_t I2C_CallbackReturnReset(void *funPtr);D:\yiming\00work\LCD_I2C\LCD_I2C.X\mcc_generat
      +                          ed_files\i2c_master.c: 526: {;D:\yiming\00work\LCD_I2C\LCD_I2C.X\mcc_generated_files\i2c
      +                          _master.c: 527:     return I2C_RESET_LINK;
  7712     07E3  3005               	movlw	5
  7713     07E4                     l418:
  7714     07E4  0008               	return
  7715     07E5                     __end_of_I2C_CallbackReturnReset:
  7716                           
  7717                           	psect	text58
  7718     07E5                     __ptext58:	
  7719 ;; *************** function _I2C_CallbackReturnStop *****************
  7720 ;; Defined at:
  7721 ;;		line 520 in file "D:\yiming\00work\LCD_I2C\LCD_I2C.X\mcc_generated_files\i2c_master.c"
  7722 ;; Parameters:    Size  Location     Type
  7723 ;;  funPtr          1    9[COMMON] PTR void 
  7724 ;;		 -> NULL(0), I2C_Write1ByteRegister@data(1), 
  7725 ;; Auto vars:     Size  Location     Type
  7726 ;;		None
  7727 ;; Return value:  Size  Location     Type
  7728 ;;                  1    wreg      enum E363
  7729 ;; Registers used:
  7730 ;;		wreg
  7731 ;; Tracked objects:
  7732 ;;		On entry : 0/0
  7733 ;;		On exit  : 0/0
  7734 ;;		Unchanged: 0/0
  7735 ;; Data sizes:     COMMON   BANK0   BANK1   BANK2   BANK3   BANK4   BANK5   BANK6
  7736 ;;      Params:         1       0       0       0       0       0       0       0
  7737 ;;      Locals:         0       0       0       0       0       0       0       0
  7738 ;;      Temps:          0       0       0       0       0       0       0       0
  7739 ;;      Totals:         1       0       0       0       0       0       0       0
  7740 ;;Total ram usage:        1 bytes
  7741 ;; Hardware stack levels used: 1
  7742 ;; Hardware stack levels required when called: 4
  7743 ;; This function calls:
  7744 ;;		Nothing
  7745 ;; This function is called by:
  7746 ;;		_I2C_Open
  7747 ;;		_I2C_SetCallback
  7748 ;;		_I2C_DO_TX
  7749 ;;		_I2C_DO_RX
  7750 ;;		_I2C_DO_TX_EMPTY
  7751 ;;		_I2C_DO_ADDRESS_NACK
  7752 ;; This function uses a non-reentrant model
  7753 ;;
  7754                           
  7755     07E5                     _I2C_CallbackReturnStop:	
  7756                           ;psect for function _I2C_CallbackReturnStop
  7757                           
  7758     07E5                     l2337:	
  7759                           ;incstack = 0
  7760                           ; Regs used in _I2C_CallbackReturnStop: [wreg]
  7761                           
  7762                           
  7763                           ;D:\yiming\00work\LCD_I2C\LCD_I2C.X\mcc_generated_files\i2c_master.c: 520: i2c_operation
      +                          s_t I2C_CallbackReturnStop(void *funPtr);D:\yiming\00work\LCD_I2C\LCD_I2C.X\mcc_generate
      +                          d_files\i2c_master.c: 521: {;D:\yiming\00work\LCD_I2C\LCD_I2C.X\mcc_generated_files\i2c_
      +                          master.c: 522:     return I2C_STOP;
  7764     07E5  3001               	movlw	1
  7765     07E6                     l415:
  7766     07E6  0008               	return
  7767     07E7                     __end_of_I2C_CallbackReturnStop:
  7768                           
  7769                           	psect	text59
  7770     06A2                     __ptext59:	
  7771 ;; *************** function _wr1RegCompleteHandler *****************
  7772 ;; Defined at:
  7773 ;;		line 156 in file "D:\yiming\00work\LCD_I2C\LCD_I2C.X\mcc_generated_files\examples\i2c_master_example.c"
  7774 ;; Parameters:    Size  Location     Type
  7775 ;;  ptr             1    9[COMMON] PTR void 
  7776 ;;		 -> NULL(0), I2C_Write1ByteRegister@data(1), 
  7777 ;; Auto vars:     Size  Location     Type
  7778 ;;		None
  7779 ;; Return value:  Size  Location     Type
  7780 ;;                  1    wreg      enum E363
  7781 ;; Registers used:
  7782 ;;		wreg, fsr1l, fsr1h, status,2, status,0, pclath, cstack
  7783 ;; Tracked objects:
  7784 ;;		On entry : 0/0
  7785 ;;		On exit  : 0/0
  7786 ;;		Unchanged: 0/0
  7787 ;; Data sizes:     COMMON   BANK0   BANK1   BANK2   BANK3   BANK4   BANK5   BANK6
  7788 ;;      Params:         1       0       0       0       0       0       0       0
  7789 ;;      Locals:         0       0       0       0       0       0       0       0
  7790 ;;      Temps:          0       0       0       0       0       0       0       0
  7791 ;;      Totals:         1       0       0       0       0       0       0       0
  7792 ;;Total ram usage:        1 bytes
  7793 ;; Hardware stack levels used: 1
  7794 ;; Hardware stack levels required when called: 6
  7795 ;; This function calls:
  7796 ;;		_I2C_SetBuffer
  7797 ;;		_I2C_SetDataCompleteCallback
  7798 ;; This function is called by:
  7799 ;;		_I2C_Write1ByteRegister
  7800 ;;		_I2C_DO_TX
  7801 ;;		_I2C_DO_RX
  7802 ;;		_I2C_DO_TX_EMPTY
  7803 ;;		_I2C_DO_ADDRESS_NACK
  7804 ;; This function uses a non-reentrant model
  7805 ;;
  7806                           
  7807     06A2                     _wr1RegCompleteHandler:	
  7808                           ;psect for function _wr1RegCompleteHandler
  7809                           
  7810     06A2                     l2277:	
  7811                           ;incstack = 0
  7812                           ; Regs used in _wr1RegCompleteHandler: [wreg+fsr1l+fsr1h+status,2+status,0+pclath+cstack
      +                          ]
  7813                           
  7814                           
  7815                           ;D:\yiming\00work\LCD_I2C\LCD_I2C.X\mcc_generated_files\examples\i2c_master_example.c: 1
      +                          56: static i2c_operations_t wr1RegCompleteHandler(void *ptr);D:\yiming\00work\LCD_I2C\LC
      +                          D_I2C.X\mcc_generated_files\examples\i2c_master_example.c: 157: {;D:\yiming\00work\LCD_I
      +                          2C\LCD_I2C.X\mcc_generated_files\examples\i2c_master_example.c: 158:     I2C_SetBuffer(p
      +                          tr,1);
  7816     06A2  3001               	movlw	1
  7817     06A3  00F2               	movwf	I2C_SetBuffer@bufferSize
  7818     06A4  3000               	movlw	0
  7819     06A5  00F3               	movwf	I2C_SetBuffer@bufferSize+1
  7820     06A6  0879               	movf	wr1RegCompleteHandler@ptr,w
  7821     06A7  3186  26D3  3186   	fcall	_I2C_SetBuffer
  7822     06AA                     l2279:
  7823                           
  7824                           ;D:\yiming\00work\LCD_I2C\LCD_I2C.X\mcc_generated_files\examples\i2c_master_example.c: 1
      +                          59:     I2C_SetDataCompleteCallback(((void*)0),((void*)0));
  7825     06AA  3000               	movlw	0
  7826     06AB  00F6               	movwf	I2C_SetDataCompleteCallback@cb
  7827     06AC  00F7               	movwf	I2C_SetDataCompleteCallback@cb+1
  7828     06AD  01F8               	clrf	I2C_SetDataCompleteCallback@ptr
  7829     06AE  3187  272C  3186   	fcall	_I2C_SetDataCompleteCallback
  7830     06B1                     l2281:
  7831                           
  7832                           ;D:\yiming\00work\LCD_I2C\LCD_I2C.X\mcc_generated_files\examples\i2c_master_example.c: 1
      +                          60:     return I2C_CONTINUE;
  7833     06B1  3004               	movlw	4
  7834     06B2                     l191:
  7835     06B2  0008               	return
  7836     06B3                     __end_of_wr1RegCompleteHandler:
  7837                           
  7838                           	psect	text60
  7839     072C                     __ptext60:	
  7840 ;; *************** function _I2C_SetDataCompleteCallback *****************
  7841 ;; Defined at:
  7842 ;;		line 273 in file "D:\yiming\00work\LCD_I2C\LCD_I2C.X\mcc_generated_files\i2c_master.c"
  7843 ;; Parameters:    Size  Location     Type
  7844 ;;  cb              2    6[COMMON] PTR FTN(PTR void ,)enum 
  7845 ;;		 -> NULL(1), wr1RegCompleteHandler(1), 
  7846 ;;  ptr             1    8[COMMON] PTR void 
  7847 ;;		 -> NULL(0), I2C_Write1ByteRegister@data(1), 
  7848 ;; Auto vars:     Size  Location     Type
  7849 ;;		None
  7850 ;; Return value:  Size  Location     Type
  7851 ;;                  1    wreg      void 
  7852 ;; Registers used:
  7853 ;;		wreg, fsr1l, fsr1h, status,2, status,0, pclath, cstack
  7854 ;; Tracked objects:
  7855 ;;		On entry : 0/0
  7856 ;;		On exit  : 0/0
  7857 ;;		Unchanged: 0/0
  7858 ;; Data sizes:     COMMON   BANK0   BANK1   BANK2   BANK3   BANK4   BANK5   BANK6
  7859 ;;      Params:         3       0       0       0       0       0       0       0
  7860 ;;      Locals:         0       0       0       0       0       0       0       0
  7861 ;;      Temps:          0       0       0       0       0       0       0       0
  7862 ;;      Totals:         3       0       0       0       0       0       0       0
  7863 ;;Total ram usage:        3 bytes
  7864 ;; Hardware stack levels used: 1
  7865 ;; Hardware stack levels required when called: 5
  7866 ;; This function calls:
  7867 ;;		_I2C_SetCallback
  7868 ;; This function is called by:
  7869 ;;		_I2C_Write1ByteRegister
  7870 ;;		_wr1RegCompleteHandler
  7871 ;; This function uses a non-reentrant model
  7872 ;;
  7873                           
  7874     072C                     _I2C_SetDataCompleteCallback:	
  7875                           ;psect for function _I2C_SetDataCompleteCallback
  7876                           
  7877     072C                     l2263:	
  7878                           ;incstack = 0
  7879                           ; Regs used in _I2C_SetDataCompleteCallback: [wreg+fsr1l+fsr1h+status,2+status,0+pclath+
      +                          cstack]
  7880                           
  7881                           
  7882                           ;D:\yiming\00work\LCD_I2C\LCD_I2C.X\mcc_generated_files\i2c_master.c: 273: void I2C_SetD
      +                          ataCompleteCallback(i2c_callback_t cb, void *ptr);D:\yiming\00work\LCD_I2C\LCD_I2C.X\mcc
      +                          _generated_files\i2c_master.c: 274: {;D:\yiming\00work\LCD_I2C\LCD_I2C.X\mcc_generated_f
      +                          iles\i2c_master.c: 275:     I2C_SetCallback(I2C_DATA_COMPLETE, cb, ptr);
  7883     072C  0877               	movf	I2C_SetDataCompleteCallback@cb+1,w
  7884     072D  00F3               	movwf	I2C_SetCallback@cb+1
  7885     072E  0876               	movf	I2C_SetDataCompleteCallback@cb,w
  7886     072F  00F2               	movwf	I2C_SetCallback@cb
  7887     0730  0878               	movf	I2C_SetDataCompleteCallback@ptr,w
  7888     0731  00F4               	movwf	I2C_SetCallback@ptr
  7889     0732  3000               	movlw	0
  7890     0733  3184  24D8  3187   	fcall	_I2C_SetCallback
  7891     0736                     l312:
  7892     0736  0008               	return
  7893     0737                     __end_of_I2C_SetDataCompleteCallback:
  7894                           
  7895                           	psect	text61
  7896     04D8                     __ptext61:	
  7897 ;; *************** function _I2C_SetCallback *****************
  7898 ;; Defined at:
  7899 ;;		line 298 in file "D:\yiming\00work\LCD_I2C\LCD_I2C.X\mcc_generated_files\i2c_master.c"
  7900 ;; Parameters:    Size  Location     Type
  7901 ;;  idx             1    wreg     enum E3201
  7902 ;;  cb              2    2[COMMON] PTR FTN(PTR void ,)enum 
  7903 ;;		 -> NULL(1), wr1RegCompleteHandler(1), 
  7904 ;;  ptr             1    4[COMMON] PTR void 
  7905 ;;		 -> NULL(0), I2C_Write1ByteRegister@data(1), 
  7906 ;; Auto vars:     Size  Location     Type
  7907 ;;  idx             1    5[COMMON] enum E3201
  7908 ;; Return value:  Size  Location     Type
  7909 ;;                  1    wreg      void 
  7910 ;; Registers used:
  7911 ;;		wreg, fsr1l, fsr1h, status,2, status,0
  7912 ;; Tracked objects:
  7913 ;;		On entry : 0/0
  7914 ;;		On exit  : 0/0
  7915 ;;		Unchanged: 0/0
  7916 ;; Data sizes:     COMMON   BANK0   BANK1   BANK2   BANK3   BANK4   BANK5   BANK6
  7917 ;;      Params:         3       0       0       0       0       0       0       0
  7918 ;;      Locals:         1       0       0       0       0       0       0       0
  7919 ;;      Temps:          0       0       0       0       0       0       0       0
  7920 ;;      Totals:         4       0       0       0       0       0       0       0
  7921 ;;Total ram usage:        4 bytes
  7922 ;; Hardware stack levels used: 1
  7923 ;; Hardware stack levels required when called: 4
  7924 ;; This function calls:
  7925 ;;		Nothing
  7926 ;; This function is called by:
  7927 ;;		_I2C_SetDataCompleteCallback
  7928 ;;		_I2C_SetAddressNackCallback
  7929 ;; This function uses a non-reentrant model
  7930 ;;
  7931                           
  7932     04D8                     _I2C_SetCallback:	
  7933                           ;psect for function _I2C_SetCallback
  7934                           
  7935                           
  7936                           ;incstack = 0
  7937                           ; Regs used in _I2C_SetCallback: [wreg+fsr1l+fsr1h+status,2+status,0]
  7938                           ;I2C_SetCallback@idx stored from wreg
  7939     04D8  00F5               	movwf	I2C_SetCallback@idx
  7940     04D9                     l2257:
  7941                           
  7942                           ;D:\yiming\00work\LCD_I2C\LCD_I2C.X\mcc_generated_files\i2c_master.c: 298: static void I
      +                          2C_SetCallback(i2c_callbackIndex_t idx, i2c_callback_t cb, void *ptr);D:\yiming\00work\L
      +                          CD_I2C\LCD_I2C.X\mcc_generated_files\i2c_master.c: 299: {;D:\yiming\00work\LCD_I2C\LCD_I
      +                          2C.X\mcc_generated_files\i2c_master.c: 300:     if(cb)
  7943     04D9  0872               	movf	I2C_SetCallback@cb,w
  7944     04DA  0473               	iorwf	I2C_SetCallback@cb+1,w
  7945     04DB  1903               	btfsc	3,2
  7946     04DC  2CDE               	goto	u721
  7947     04DD  2CDF               	goto	u720
  7948     04DE                     u721:
  7949     04DE  2CEE               	goto	l2261
  7950     04DF                     u720:
  7951     04DF                     l2259:
  7952                           
  7953                           ;D:\yiming\00work\LCD_I2C\LCD_I2C.X\mcc_generated_files\i2c_master.c: 301:     {;D:\yimi
      +                          ng\00work\LCD_I2C\LCD_I2C.X\mcc_generated_files\i2c_master.c: 302:         I2C_Status.ca
      +                          llbackTable[idx] = cb;
  7954     04DF  3575               	lslf	I2C_SetCallback@idx,w
  7955     04E0  3EA0               	addlw	(low (_I2C_Status| 0))& (0+255)
  7956     04E1  0086               	movwf	6
  7957     04E2  0187               	clrf	7
  7958     04E3  0872               	movf	I2C_SetCallback@cb,w
  7959     04E4  3FC0               	movwi [0]fsr1
  7960     04E5  0873               	movf	I2C_SetCallback@cb+1,w
  7961     04E6  3FC1               	movwi [1]fsr1
  7962                           
  7963                           ;D:\yiming\00work\LCD_I2C\LCD_I2C.X\mcc_generated_files\i2c_master.c: 303:         I2C_S
      +                          tatus.callbackPayload[idx] = ptr;
  7964     04E7  0875               	movf	I2C_SetCallback@idx,w
  7965     04E8  3EAC               	addlw	(low ((_I2C_Status| 0+12)))& (0+255)
  7966     04E9  0086               	movwf	6
  7967     04EA  0187               	clrf	7
  7968     04EB  0874               	movf	I2C_SetCallback@ptr,w
  7969     04EC  0081               	movwf	1
  7970                           
  7971                           ;D:\yiming\00work\LCD_I2C\LCD_I2C.X\mcc_generated_files\i2c_master.c: 304:     }
  7972     04ED  2CFB               	goto	l320
  7973     04EE                     l2261:
  7974                           
  7975                           ;D:\yiming\00work\LCD_I2C\LCD_I2C.X\mcc_generated_files\i2c_master.c: 306:     {;D:\yimi
      +                          ng\00work\LCD_I2C\LCD_I2C.X\mcc_generated_files\i2c_master.c: 307:         I2C_Status.ca
      +                          llbackTable[idx] = I2C_CallbackReturnStop;
  7976     04EE  3575               	lslf	I2C_SetCallback@idx,w
  7977     04EF  3EA0               	addlw	(low (_I2C_Status| 0))& (0+255)
  7978     04F0  0086               	movwf	6
  7979     04F1  0187               	clrf	7
  7980     04F2  30E5               	movlw	low _I2C_CallbackReturnStop
  7981     04F3  3FC0               	movwi [0]fsr1
  7982     04F4  3007               	movlw	high _I2C_CallbackReturnStop
  7983     04F5  3FC1               	movwi [1]fsr1
  7984                           
  7985                           ;D:\yiming\00work\LCD_I2C\LCD_I2C.X\mcc_generated_files\i2c_master.c: 308:         I2C_S
      +                          tatus.callbackPayload[idx] = ((void*)0);
  7986     04F6  0875               	movf	I2C_SetCallback@idx,w
  7987     04F7  3EAC               	addlw	(low ((_I2C_Status| 0+12)))& (0+255)
  7988     04F8  0086               	movwf	6
  7989     04F9  0187               	clrf	7
  7990     04FA  0181               	clrf	1
  7991     04FB                     l320:
  7992     04FB  0008               	return
  7993     04FC                     __end_of_I2C_SetCallback:
  7994                           
  7995                           	psect	text62
  7996     06D3                     __ptext62:	
  7997 ;; *************** function _I2C_SetBuffer *****************
  7998 ;; Defined at:
  7999 ;;		line 263 in file "D:\yiming\00work\LCD_I2C\LCD_I2C.X\mcc_generated_files\i2c_master.c"
  8000 ;; Parameters:    Size  Location     Type
  8001 ;;  buffer          1    wreg     PTR void 
  8002 ;;		 -> NULL(0), I2C_Write1ByteRegister@reg(1), I2C_Write1ByteRegister@data(1), 
  8003 ;;  bufferSize      2    2[COMMON] unsigned int 
  8004 ;; Auto vars:     Size  Location     Type
  8005 ;;  buffer          1    4[COMMON] PTR void 
  8006 ;;		 -> NULL(0), I2C_Write1ByteRegister@reg(1), I2C_Write1ByteRegister@data(1), 
  8007 ;; Return value:  Size  Location     Type
  8008 ;;                  1    wreg      void 
  8009 ;; Registers used:
  8010 ;;		wreg
  8011 ;; Tracked objects:
  8012 ;;		On entry : 0/0
  8013 ;;		On exit  : 0/0
  8014 ;;		Unchanged: 0/0
  8015 ;; Data sizes:     COMMON   BANK0   BANK1   BANK2   BANK3   BANK4   BANK5   BANK6
  8016 ;;      Params:         2       0       0       0       0       0       0       0
  8017 ;;      Locals:         1       0       0       0       0       0       0       0
  8018 ;;      Temps:          0       0       0       0       0       0       0       0
  8019 ;;      Totals:         3       0       0       0       0       0       0       0
  8020 ;;Total ram usage:        3 bytes
  8021 ;; Hardware stack levels used: 1
  8022 ;; Hardware stack levels required when called: 4
  8023 ;; This function calls:
  8024 ;;		Nothing
  8025 ;; This function is called by:
  8026 ;;		_I2C_Write1ByteRegister
  8027 ;;		_wr1RegCompleteHandler
  8028 ;; This function uses a non-reentrant model
  8029 ;;
  8030                           
  8031     06D3                     _I2C_SetBuffer:	
  8032                           ;psect for function _I2C_SetBuffer
  8033                           
  8034                           
  8035                           ;incstack = 0
  8036                           ; Regs used in _I2C_SetBuffer: [wreg]
  8037                           ;I2C_SetBuffer@buffer stored from wreg
  8038     06D3  00F4               	movwf	I2C_SetBuffer@buffer
  8039     06D4                     l2265:
  8040                           
  8041                           ;D:\yiming\00work\LCD_I2C\LCD_I2C.X\mcc_generated_files\i2c_master.c: 263: void I2C_SetB
      +                          uffer(void *buffer, size_t bufferSize);D:\yiming\00work\LCD_I2C\LCD_I2C.X\mcc_generated_
      +                          files\i2c_master.c: 264: {;D:\yiming\00work\LCD_I2C\LCD_I2C.X\mcc_generated_files\i2c_ma
      +                          ster.c: 265:     if(I2C_Status.bufferFree)
  8042     06D4  0021               	movlb	1	; select bank1
  8043     06D5  1DBC               	btfss	(_I2C_Status^(0+128)+28),3
  8044     06D6  2ED8               	goto	u731
  8045     06D7  2ED9               	goto	u730
  8046     06D8                     u731:
  8047     06D8  2EE0               	goto	l309
  8048     06D9                     u730:
  8049     06D9                     l2267:
  8050                           
  8051                           ;D:\yiming\00work\LCD_I2C\LCD_I2C.X\mcc_generated_files\i2c_master.c: 266:     {;D:\yimi
      +                          ng\00work\LCD_I2C\LCD_I2C.X\mcc_generated_files\i2c_master.c: 267:         I2C_Status.da
      +                          ta_ptr = buffer;
  8052     06D9  0874               	movf	I2C_SetBuffer@buffer,w
  8053     06DA  00B7               	movwf	(low ((_I2C_Status| 0+23)))^(0+128)
  8054                           
  8055                           ;D:\yiming\00work\LCD_I2C\LCD_I2C.X\mcc_generated_files\i2c_master.c: 268:         I2C_S
      +                          tatus.data_length = bufferSize;
  8056     06DB  0873               	movf	I2C_SetBuffer@bufferSize+1,w
  8057     06DC  00B9               	movwf	((_I2C_Status+1)^(0+128)+24)
  8058     06DD  0872               	movf	I2C_SetBuffer@bufferSize,w
  8059     06DE  00B8               	movwf	(_I2C_Status^(0+128)+24)
  8060     06DF                     l2269:
  8061                           
  8062                           ;D:\yiming\00work\LCD_I2C\LCD_I2C.X\mcc_generated_files\i2c_master.c: 269:         I2C_S
      +                          tatus.bufferFree = 0;
  8063     06DF  11BC               	bcf	(_I2C_Status^(0+128)+28),3
  8064     06E0                     l309:
  8065     06E0  0008               	return
  8066     06E1                     __end_of_I2C_SetBuffer:
  8067                           
  8068                           	psect	text63
  8069     07D1                     __ptext63:	
  8070 ;; *************** function _I2C_MasterStop *****************
  8071 ;; Defined at:
  8072 ;;		line 593 in file "D:\yiming\00work\LCD_I2C\LCD_I2C.X\mcc_generated_files\i2c_master.c"
  8073 ;; Parameters:    Size  Location     Type
  8074 ;;		None
  8075 ;; Auto vars:     Size  Location     Type
  8076 ;;		None
  8077 ;; Return value:  Size  Location     Type
  8078 ;;                  1    wreg      void 
  8079 ;; Registers used:
  8080 ;;		None
  8081 ;; Tracked objects:
  8082 ;;		On entry : 0/0
  8083 ;;		On exit  : 0/0
  8084 ;;		Unchanged: 0/0
  8085 ;; Data sizes:     COMMON   BANK0   BANK1   BANK2   BANK3   BANK4   BANK5   BANK6
  8086 ;;      Params:         0       0       0       0       0       0       0       0
  8087 ;;      Locals:         0       0       0       0       0       0       0       0
  8088 ;;      Temps:          0       0       0       0       0       0       0       0
  8089 ;;      Totals:         0       0       0       0       0       0       0       0
  8090 ;;Total ram usage:        0 bytes
  8091 ;; Hardware stack levels used: 1
  8092 ;; Hardware stack levels required when called: 4
  8093 ;; This function calls:
  8094 ;;		Nothing
  8095 ;; This function is called by:
  8096 ;;		_I2C_DO_SEND_STOP
  8097 ;; This function uses a non-reentrant model
  8098 ;;
  8099                           
  8100     07D1                     _I2C_MasterStop:	
  8101                           ;psect for function _I2C_MasterStop
  8102                           
  8103     07D1                     l2273:	
  8104                           ;incstack = 0
  8105                           ; Regs used in _I2C_MasterStop: []
  8106                           
  8107                           
  8108                           ;D:\yiming\00work\LCD_I2C\LCD_I2C.X\mcc_generated_files\i2c_master.c: 595:     SSPCON2bi
      +                          ts.PEN = 1;
  8109     07D1  0024               	movlb	4	; select bank4
  8110     07D2  1516               	bsf	22,2	;volatile
  8111     07D3                     l443:
  8112     07D3  0008               	return
  8113     07D4                     __end_of_I2C_MasterStop:
  8114                           
  8115                           	psect	text64
  8116     07D4                     __ptext64:	
  8117 ;; *************** function _I2C_MasterEnableRestart *****************
  8118 ;; Defined at:
  8119 ;;		line 573 in file "D:\yiming\00work\LCD_I2C\LCD_I2C.X\mcc_generated_files\i2c_master.c"
  8120 ;; Parameters:    Size  Location     Type
  8121 ;;		None
  8122 ;; Auto vars:     Size  Location     Type
  8123 ;;		None
  8124 ;; Return value:  Size  Location     Type
  8125 ;;                  1    wreg      void 
  8126 ;; Registers used:
  8127 ;;		None
  8128 ;; Tracked objects:
  8129 ;;		On entry : 0/0
  8130 ;;		On exit  : 0/0
  8131 ;;		Unchanged: 0/0
  8132 ;; Data sizes:     COMMON   BANK0   BANK1   BANK2   BANK3   BANK4   BANK5   BANK6
  8133 ;;      Params:         0       0       0       0       0       0       0       0
  8134 ;;      Locals:         0       0       0       0       0       0       0       0
  8135 ;;      Temps:          0       0       0       0       0       0       0       0
  8136 ;;      Totals:         0       0       0       0       0       0       0       0
  8137 ;;Total ram usage:        0 bytes
  8138 ;; Hardware stack levels used: 1
  8139 ;; Hardware stack levels required when called: 4
  8140 ;; This function calls:
  8141 ;;		Nothing
  8142 ;; This function is called by:
  8143 ;;		_I2C_DO_SEND_RESTART_READ
  8144 ;;		_I2C_DO_SEND_RESTART_WRITE
  8145 ;;		_I2C_DO_SEND_RESTART
  8146 ;; This function uses a non-reentrant model
  8147 ;;
  8148                           
  8149     07D4                     _I2C_MasterEnableRestart:	
  8150                           ;psect for function _I2C_MasterEnableRestart
  8151                           
  8152     07D4                     l2271:	
  8153                           ;incstack = 0
  8154                           ; Regs used in _I2C_MasterEnableRestart: []
  8155                           
  8156                           
  8157                           ;D:\yiming\00work\LCD_I2C\LCD_I2C.X\mcc_generated_files\i2c_master.c: 575:     SSPCON2bi
      +                          ts.RSEN = 1;
  8158     07D4  0024               	movlb	4	; select bank4
  8159     07D5  1496               	bsf	22,1	;volatile
  8160     07D6                     l434:
  8161     07D6  0008               	return
  8162     07D7                     __end_of_I2C_MasterEnableRestart:
  8163                           
  8164                           	psect	text65
  8165     07D7                     __ptext65:	
  8166 ;; *************** function _I2C_MasterStart *****************
  8167 ;; Defined at:
  8168 ;;		line 588 in file "D:\yiming\00work\LCD_I2C\LCD_I2C.X\mcc_generated_files\i2c_master.c"
  8169 ;; Parameters:    Size  Location     Type
  8170 ;;		None
  8171 ;; Auto vars:     Size  Location     Type
  8172 ;;		None
  8173 ;; Return value:  Size  Location     Type
  8174 ;;                  1    wreg      void 
  8175 ;; Registers used:
  8176 ;;		None
  8177 ;; Tracked objects:
  8178 ;;		On entry : 0/0
  8179 ;;		On exit  : 0/0
  8180 ;;		Unchanged: 0/0
  8181 ;; Data sizes:     COMMON   BANK0   BANK1   BANK2   BANK3   BANK4   BANK5   BANK6
  8182 ;;      Params:         0       0       0       0       0       0       0       0
  8183 ;;      Locals:         0       0       0       0       0       0       0       0
  8184 ;;      Temps:          0       0       0       0       0       0       0       0
  8185 ;;      Totals:         0       0       0       0       0       0       0       0
  8186 ;;Total ram usage:        0 bytes
  8187 ;; Hardware stack levels used: 1
  8188 ;; Hardware stack levels required when called: 4
  8189 ;; This function calls:
  8190 ;;		Nothing
  8191 ;; This function is called by:
  8192 ;;		_I2C_MasterOperation
  8193 ;; This function uses a non-reentrant model
  8194 ;;
  8195                           
  8196     07D7                     _I2C_MasterStart:	
  8197                           ;psect for function _I2C_MasterStart
  8198                           
  8199     07D7                     l2519:	
  8200                           ;incstack = 0
  8201                           ; Regs used in _I2C_MasterStart: []
  8202                           
  8203                           
  8204                           ;D:\yiming\00work\LCD_I2C\LCD_I2C.X\mcc_generated_files\i2c_master.c: 590:     SSPCON2bi
      +                          ts.SEN = 1;
  8205     07D7  0024               	movlb	4	; select bank4
  8206     07D8  1416               	bsf	22,0	;volatile
  8207     07D9                     l440:
  8208     07D9  0008               	return
  8209     07DA                     __end_of_I2C_MasterStart:
  8210                           
  8211                           	psect	text66
  8212     05E8                     __ptext66:	
  8213 ;; *************** function _I2C_Close *****************
  8214 ;; Defined at:
  8215 ;;		line 209 in file "D:\yiming\00work\LCD_I2C\LCD_I2C.X\mcc_generated_files\i2c_master.c"
  8216 ;; Parameters:    Size  Location     Type
  8217 ;;		None
  8218 ;; Auto vars:     Size  Location     Type
  8219 ;;  returnValue     1    2[COMMON] enum E358
  8220 ;; Return value:  Size  Location     Type
  8221 ;;                  1    wreg      enum E358
  8222 ;; Registers used:
  8223 ;;		wreg, status,2, status,0, pclath, cstack
  8224 ;; Tracked objects:
  8225 ;;		On entry : 0/0
  8226 ;;		On exit  : 0/0
  8227 ;;		Unchanged: 0/0
  8228 ;; Data sizes:     COMMON   BANK0   BANK1   BANK2   BANK3   BANK4   BANK5   BANK6
  8229 ;;      Params:         0       0       0       0       0       0       0       0
  8230 ;;      Locals:         1       0       0       0       0       0       0       0
  8231 ;;      Temps:          0       0       0       0       0       0       0       0
  8232 ;;      Totals:         1       0       0       0       0       0       0       0
  8233 ;;Total ram usage:        1 bytes
  8234 ;; Hardware stack levels used: 1
  8235 ;; Hardware stack levels required when called: 5
  8236 ;; This function calls:
  8237 ;;		_I2C_MasterClearIrq
  8238 ;;		_I2C_MasterClose
  8239 ;;		_I2C_MasterDisableIrq
  8240 ;; This function is called by:
  8241 ;;		_I2C_Write1ByteRegister
  8242 ;; This function uses a non-reentrant model
  8243 ;;
  8244                           
  8245     05E8                     _I2C_Close:	
  8246                           ;psect for function _I2C_Close
  8247                           
  8248     05E8                     l2603:	
  8249                           ;incstack = 0
  8250                           ; Regs used in _I2C_Close: [wreg+status,2+status,0+pclath+cstack]
  8251                           
  8252                           
  8253                           ;D:\yiming\00work\LCD_I2C\LCD_I2C.X\mcc_generated_files\i2c_master.c: 211:     i2c_error
      +                          _t returnValue = I2C_BUSY;
  8254     05E8  01F2               	clrf	I2C_Close@returnValue
  8255     05E9  0AF2               	incf	I2C_Close@returnValue,f
  8256                           
  8257                           ;D:\yiming\00work\LCD_I2C\LCD_I2C.X\mcc_generated_files\i2c_master.c: 212:     if(!I2C_S
      +                          tatus.busy)
  8258     05EA  0021               	movlb	1	; select bank1
  8259     05EB  18BC               	btfsc	(_I2C_Status^(0+128)+28),1
  8260     05EC  2DEE               	goto	u851
  8261     05ED  2DEF               	goto	u850
  8262     05EE                     u851:
  8263     05EE  2DFE               	goto	l2617
  8264     05EF                     u850:
  8265     05EF                     l2605:
  8266                           
  8267                           ;D:\yiming\00work\LCD_I2C\LCD_I2C.X\mcc_generated_files\i2c_master.c: 213:     {;D:\yimi
      +                          ng\00work\LCD_I2C\LCD_I2C.X\mcc_generated_files\i2c_master.c: 214:         I2C_Status.in
      +                          Use = 0;
  8268     05EF  113C               	bcf	(_I2C_Status^(0+128)+28),2
  8269     05F0                     l2607:
  8270                           
  8271                           ;D:\yiming\00work\LCD_I2C\LCD_I2C.X\mcc_generated_files\i2c_master.c: 215:         I2C_S
      +                          tatus.address = 0xff;
  8272     05F0  30FF               	movlw	255
  8273     05F1  00B6               	movwf	(_I2C_Status^(0+128)+22)
  8274     05F2                     l2609:
  8275                           
  8276                           ;D:\yiming\00work\LCD_I2C\LCD_I2C.X\mcc_generated_files\i2c_master.c: 216:         I2C_M
      +                          asterClearIrq();
  8277     05F2  3187  27E0  3185   	fcall	_I2C_MasterClearIrq
  8278     05F5                     l2611:
  8279                           
  8280                           ;D:\yiming\00work\LCD_I2C\LCD_I2C.X\mcc_generated_files\i2c_master.c: 217:         I2C_M
      +                          asterDisableIrq();
  8281     05F5  3187  27DA  3185   	fcall	_I2C_MasterDisableIrq
  8282     05F8                     l2613:
  8283                           
  8284                           ;D:\yiming\00work\LCD_I2C\LCD_I2C.X\mcc_generated_files\i2c_master.c: 218:         I2C_M
      +                          asterClose();
  8285     05F8  3187  27DD  3185   	fcall	_I2C_MasterClose
  8286     05FB                     l2615:
  8287                           
  8288                           ;D:\yiming\00work\LCD_I2C\LCD_I2C.X\mcc_generated_files\i2c_master.c: 219:         retur
      +                          nValue = I2C_Status.error;
  8289     05FB  0021               	movlb	1	; select bank1
  8290     05FC  083B               	movf	(_I2C_Status^(0+128)+27),w
  8291     05FD  00F2               	movwf	I2C_Close@returnValue
  8292     05FE                     l2617:
  8293                           
  8294                           ;D:\yiming\00work\LCD_I2C\LCD_I2C.X\mcc_generated_files\i2c_master.c: 221:     return re
      +                          turnValue;
  8295     05FE  0872               	movf	I2C_Close@returnValue,w
  8296     05FF                     l296:
  8297     05FF  0008               	return
  8298     0600                     __end_of_I2C_Close:
  8299                           
  8300                           	psect	text67
  8301     07DA                     __ptext67:	
  8302 ;; *************** function _I2C_MasterDisableIrq *****************
  8303 ;; Defined at:
  8304 ;;		line 635 in file "D:\yiming\00work\LCD_I2C\LCD_I2C.X\mcc_generated_files\i2c_master.c"
  8305 ;; Parameters:    Size  Location     Type
  8306 ;;		None
  8307 ;; Auto vars:     Size  Location     Type
  8308 ;;		None
  8309 ;; Return value:  Size  Location     Type
  8310 ;;                  1    wreg      void 
  8311 ;; Registers used:
  8312 ;;		None
  8313 ;; Tracked objects:
  8314 ;;		On entry : 0/0
  8315 ;;		On exit  : 0/0
  8316 ;;		Unchanged: 0/0
  8317 ;; Data sizes:     COMMON   BANK0   BANK1   BANK2   BANK3   BANK4   BANK5   BANK6
  8318 ;;      Params:         0       0       0       0       0       0       0       0
  8319 ;;      Locals:         0       0       0       0       0       0       0       0
  8320 ;;      Temps:          0       0       0       0       0       0       0       0
  8321 ;;      Totals:         0       0       0       0       0       0       0       0
  8322 ;;Total ram usage:        0 bytes
  8323 ;; Hardware stack levels used: 1
  8324 ;; Hardware stack levels required when called: 4
  8325 ;; This function calls:
  8326 ;;		Nothing
  8327 ;; This function is called by:
  8328 ;;		_I2C_Close
  8329 ;; This function uses a non-reentrant model
  8330 ;;
  8331                           
  8332     07DA                     _I2C_MasterDisableIrq:	
  8333                           ;psect for function _I2C_MasterDisableIrq
  8334                           
  8335     07DA                     l2541:	
  8336                           ;incstack = 0
  8337                           ; Regs used in _I2C_MasterDisableIrq: []
  8338                           
  8339                           
  8340                           ;D:\yiming\00work\LCD_I2C\LCD_I2C.X\mcc_generated_files\i2c_master.c: 637:     PIE1bits.
      +                          SSPIE = 0;
  8341     07DA  0021               	movlb	1	; select bank1
  8342     07DB  1191               	bcf	17,3	;volatile
  8343     07DC                     l455:
  8344     07DC  0008               	return
  8345     07DD                     __end_of_I2C_MasterDisableIrq:
  8346                           
  8347                           	psect	text68
  8348     07DD                     __ptext68:	
  8349 ;; *************** function _I2C_MasterClose *****************
  8350 ;; Defined at:
  8351 ;;		line 557 in file "D:\yiming\00work\LCD_I2C\LCD_I2C.X\mcc_generated_files\i2c_master.c"
  8352 ;; Parameters:    Size  Location     Type
  8353 ;;		None
  8354 ;; Auto vars:     Size  Location     Type
  8355 ;;		None
  8356 ;; Return value:  Size  Location     Type
  8357 ;;                  1    wreg      void 
  8358 ;; Registers used:
  8359 ;;		None
  8360 ;; Tracked objects:
  8361 ;;		On entry : 0/0
  8362 ;;		On exit  : 0/0
  8363 ;;		Unchanged: 0/0
  8364 ;; Data sizes:     COMMON   BANK0   BANK1   BANK2   BANK3   BANK4   BANK5   BANK6
  8365 ;;      Params:         0       0       0       0       0       0       0       0
  8366 ;;      Locals:         0       0       0       0       0       0       0       0
  8367 ;;      Temps:          0       0       0       0       0       0       0       0
  8368 ;;      Totals:         0       0       0       0       0       0       0       0
  8369 ;;Total ram usage:        0 bytes
  8370 ;; Hardware stack levels used: 1
  8371 ;; Hardware stack levels required when called: 4
  8372 ;; This function calls:
  8373 ;;		Nothing
  8374 ;; This function is called by:
  8375 ;;		_I2C_Close
  8376 ;; This function uses a non-reentrant model
  8377 ;;
  8378                           
  8379     07DD                     _I2C_MasterClose:	
  8380                           ;psect for function _I2C_MasterClose
  8381                           
  8382     07DD                     l2543:	
  8383                           ;incstack = 0
  8384                           ; Regs used in _I2C_MasterClose: []
  8385                           
  8386                           
  8387                           ;D:\yiming\00work\LCD_I2C\LCD_I2C.X\mcc_generated_files\i2c_master.c: 560:     SSPCON1bi
      +                          ts.SSPEN = 0;
  8388     07DD  0024               	movlb	4	; select bank4
  8389     07DE  1295               	bcf	21,5	;volatile
  8390     07DF                     l425:
  8391     07DF  0008               	return
  8392     07E0                     __end_of_I2C_MasterClose:
  8393                           
  8394                           	psect	text69
  8395     07E0                     __ptext69:	
  8396 ;; *************** function _I2C_MasterClearIrq *****************
  8397 ;; Defined at:
  8398 ;;		line 640 in file "D:\yiming\00work\LCD_I2C\LCD_I2C.X\mcc_generated_files\i2c_master.c"
  8399 ;; Parameters:    Size  Location     Type
  8400 ;;		None
  8401 ;; Auto vars:     Size  Location     Type
  8402 ;;		None
  8403 ;; Return value:  Size  Location     Type
  8404 ;;                  1    wreg      void 
  8405 ;; Registers used:
  8406 ;;		None
  8407 ;; Tracked objects:
  8408 ;;		On entry : 0/0
  8409 ;;		On exit  : 0/0
  8410 ;;		Unchanged: 0/0
  8411 ;; Data sizes:     COMMON   BANK0   BANK1   BANK2   BANK3   BANK4   BANK5   BANK6
  8412 ;;      Params:         0       0       0       0       0       0       0       0
  8413 ;;      Locals:         0       0       0       0       0       0       0       0
  8414 ;;      Temps:          0       0       0       0       0       0       0       0
  8415 ;;      Totals:         0       0       0       0       0       0       0       0
  8416 ;;Total ram usage:        0 bytes
  8417 ;; Hardware stack levels used: 1
  8418 ;; Hardware stack levels required when called: 4
  8419 ;; This function calls:
  8420 ;;		Nothing
  8421 ;; This function is called by:
  8422 ;;		_I2C_Open
  8423 ;;		_I2C_Close
  8424 ;;		_I2C_MasterFsm
  8425 ;; This function uses a non-reentrant model
  8426 ;;
  8427                           
  8428     07E0                     _I2C_MasterClearIrq:	
  8429                           ;psect for function _I2C_MasterClearIrq
  8430                           
  8431     07E0                     l2345:	
  8432                           ;incstack = 0
  8433                           ; Regs used in _I2C_MasterClearIrq: []
  8434                           
  8435                           
  8436                           ;D:\yiming\00work\LCD_I2C\LCD_I2C.X\mcc_generated_files\i2c_master.c: 642:     PIR1bits.
      +                          SSPIF = 0;
  8437     07E0  0020               	movlb	0	; select bank0
  8438     07E1  1191               	bcf	17,3	;volatile
  8439     07E2                     l458:
  8440     07E2  0008               	return
  8441     07E3                     __end_of_I2C_MasterClearIrq:
  8442                           
  8443                           	psect	text70
  8444     021C                     __ptext70:	
  8445 ;; *************** function _KEY_Init *****************
  8446 ;; Defined at:
  8447 ;;		line 17 in file "D:\yiming\00work\LCD_I2C\LCD_I2C.X\Key.c"
  8448 ;; Parameters:    Size  Location     Type
  8449 ;;		None
  8450 ;; Auto vars:     Size  Location     Type
  8451 ;;  i               1    7[COMMON] unsigned char 
  8452 ;; Return value:  Size  Location     Type
  8453 ;;                  1    wreg      void 
  8454 ;; Registers used:
  8455 ;;		wreg, fsr1l, fsr1h, status,2, status,0, pclath, cstack
  8456 ;; Tracked objects:
  8457 ;;		On entry : 0/0
  8458 ;;		On exit  : 0/0
  8459 ;;		Unchanged: 0/0
  8460 ;; Data sizes:     COMMON   BANK0   BANK1   BANK2   BANK3   BANK4   BANK5   BANK6
  8461 ;;      Params:         0       0       0       0       0       0       0       0
  8462 ;;      Locals:         1       0       0       0       0       0       0       0
  8463 ;;      Temps:          1       0       0       0       0       0       0       0
  8464 ;;      Totals:         2       0       0       0       0       0       0       0
  8465 ;;Total ram usage:        2 bytes
  8466 ;; Hardware stack levels used: 1
  8467 ;; Hardware stack levels required when called: 5
  8468 ;; This function calls:
  8469 ;;		___bmul
  8470 ;; This function is called by:
  8471 ;;		_main
  8472 ;; This function uses a non-reentrant model
  8473 ;;
  8474                           
  8475     021C                     _KEY_Init:	
  8476                           ;psect for function _KEY_Init
  8477                           
  8478     021C                     l2877:	
  8479                           ;incstack = 0
  8480                           ; Regs used in _KEY_Init: [wreg+fsr1l+fsr1h+status,2+status,0+pclath+cstack]
  8481                           
  8482                           
  8483                           ;D:\yiming\00work\LCD_I2C\LCD_I2C.X\Key.c: 18:   for (uint8_t i = 0; i < 4; i++) {
  8484     021C  01F7               	clrf	KEY_Init@i
  8485     021D                     l2883:
  8486                           
  8487                           ;D:\yiming\00work\LCD_I2C\LCD_I2C.X\Key.c: 19:     key[i].state = KEY_IDLE;
  8488     021D  300B               	movlw	11
  8489     021E  00F2               	movwf	___bmul@multiplicand
  8490     021F  0877               	movf	KEY_Init@i,w
  8491     0220  3186  2643  3182   	fcall	___bmul
  8492     0223  3E40               	addlw	(low (_key| (0+256)))& (0+255)
  8493     0224  0086               	movwf	6
  8494     0225  3001               	movlw	1	; select bank2/3
  8495     0226  0087               	movwf	7
  8496     0227  0181               	clrf	1
  8497                           
  8498                           ;D:\yiming\00work\LCD_I2C\LCD_I2C.X\Key.c: 20:     key[i].press_time_ms = 0;
  8499     0228  300B               	movlw	11
  8500     0229  00F2               	movwf	___bmul@multiplicand
  8501     022A  0877               	movf	KEY_Init@i,w
  8502     022B  3186  2643  3182   	fcall	___bmul
  8503     022E  3E41               	addlw	(low ((_key| (0+256)+1)))& (0+255)
  8504     022F  0086               	movwf	6
  8505     0230  3001               	movlw	1	; select bank2/3
  8506     0231  0087               	movwf	7
  8507     0232  3000               	movlw	0
  8508     0233  3FC0               	movwi [0]fsr1
  8509     0234  3FC1               	movwi [1]fsr1
  8510                           
  8511                           ;D:\yiming\00work\LCD_I2C\LCD_I2C.X\Key.c: 21:     key[i].release_time_ms = 0;
  8512     0235  300B               	movlw	11
  8513     0236  00F2               	movwf	___bmul@multiplicand
  8514     0237  0877               	movf	KEY_Init@i,w
  8515     0238  3186  2643  3182   	fcall	___bmul
  8516     023B  3E45               	addlw	(low ((_key| (0+256)+5)))& (0+255)
  8517     023C  0086               	movwf	6
  8518     023D  3001               	movlw	1	; select bank2/3
  8519     023E  0087               	movwf	7
  8520     023F  3000               	movlw	0
  8521     0240  3FC0               	movwi [0]fsr1
  8522     0241  3FC1               	movwi [1]fsr1
  8523                           
  8524                           ;D:\yiming\00work\LCD_I2C\LCD_I2C.X\Key.c: 22:     key[i].fLong = 0;
  8525     0242  300B               	movlw	11
  8526     0243  00F2               	movwf	___bmul@multiplicand
  8527     0244  0877               	movf	KEY_Init@i,w
  8528     0245  3186  2643  3182   	fcall	___bmul
  8529     0248  3E47               	addlw	(low ((_key| (0+256)+7)))& (0+255)
  8530     0249  0086               	movwf	6
  8531     024A  3001               	movlw	1	; select bank2/3
  8532     024B  0087               	movwf	7
  8533     024C  0181               	clrf	1
  8534                           
  8535                           ;D:\yiming\00work\LCD_I2C\LCD_I2C.X\Key.c: 23:     key[i].fShort = 0;
  8536     024D  300B               	movlw	11
  8537     024E  00F2               	movwf	___bmul@multiplicand
  8538     024F  0877               	movf	KEY_Init@i,w
  8539     0250  3186  2643  3182   	fcall	___bmul
  8540     0253  3E49               	addlw	(low ((_key| (0+256)+9)))& (0+255)
  8541     0254  0086               	movwf	6
  8542     0255  3001               	movlw	1	; select bank2/3
  8543     0256  0087               	movwf	7
  8544     0257  0181               	clrf	1
  8545     0258                     l2885:
  8546                           
  8547                           ;D:\yiming\00work\LCD_I2C\LCD_I2C.X\Key.c: 24:   }
  8548     0258  3001               	movlw	1
  8549     0259  00F6               	movwf	??_KEY_Init
  8550     025A  0876               	movf	??_KEY_Init,w
  8551     025B  07F7               	addwf	KEY_Init@i,f
  8552     025C                     l2887:
  8553     025C  3004               	movlw	4
  8554     025D  0277               	subwf	KEY_Init@i,w
  8555     025E  1C03               	skipc
  8556     025F  2A61               	goto	u1231
  8557     0260  2A62               	goto	u1230
  8558     0261                     u1231:
  8559     0261  2A1D               	goto	l2883
  8560     0262                     u1230:
  8561     0262                     l15:
  8562     0262  0008               	return
  8563     0263                     __end_of_KEY_Init:
  8564                           
  8565                           	psect	text71
  8566     0643                     __ptext71:	
  8567 ;; *************** function ___bmul *****************
  8568 ;; Defined at:
  8569 ;;		line 4 in file "c:\PROGRA~1\MICROC~1\xc8\v2.46\pic\sources\c99\common\Umul8.c"
  8570 ;; Parameters:    Size  Location     Type
  8571 ;;  multiplier      1    wreg     unsigned char 
  8572 ;;  multiplicand    1    2[COMMON] unsigned char 
  8573 ;; Auto vars:     Size  Location     Type
  8574 ;;  multiplier      1    5[COMMON] unsigned char 
  8575 ;;  product         1    4[COMMON] unsigned char 
  8576 ;; Return value:  Size  Location     Type
  8577 ;;                  1    wreg      unsigned char 
  8578 ;; Registers used:
  8579 ;;		wreg, status,2, status,0
  8580 ;; Tracked objects:
  8581 ;;		On entry : 0/0
  8582 ;;		On exit  : 0/0
  8583 ;;		Unchanged: 0/0
  8584 ;; Data sizes:     COMMON   BANK0   BANK1   BANK2   BANK3   BANK4   BANK5   BANK6
  8585 ;;      Params:         1       0       0       0       0       0       0       0
  8586 ;;      Locals:         2       0       0       0       0       0       0       0
  8587 ;;      Temps:          1       0       0       0       0       0       0       0
  8588 ;;      Totals:         4       0       0       0       0       0       0       0
  8589 ;;Total ram usage:        4 bytes
  8590 ;; Hardware stack levels used: 1
  8591 ;; Hardware stack levels required when called: 4
  8592 ;; This function calls:
  8593 ;;		Nothing
  8594 ;; This function is called by:
  8595 ;;		_KEY_Init
  8596 ;;		_KEY_ScanAll
  8597 ;; This function uses a non-reentrant model
  8598 ;;
  8599                           
  8600     0643                     ___bmul:	
  8601                           ;psect for function ___bmul
  8602                           
  8603                           
  8604                           ;incstack = 0
  8605                           ; Regs used in ___bmul: [wreg+status,2+status,0]
  8606                           ;___bmul@multiplier stored from wreg
  8607     0643  00F5               	movwf	___bmul@multiplier
  8608     0644                     l2805:
  8609     0644  01F4               	clrf	___bmul@product
  8610     0645                     l2807:
  8611     0645  1C75               	btfss	___bmul@multiplier,0
  8612     0646  2E48               	goto	u1071
  8613     0647  2E49               	goto	u1070
  8614     0648                     u1071:
  8615     0648  2E4D               	goto	l2811
  8616     0649                     u1070:
  8617     0649                     l2809:
  8618     0649  0872               	movf	___bmul@multiplicand,w
  8619     064A  00F3               	movwf	??___bmul
  8620     064B  0873               	movf	??___bmul,w
  8621     064C  07F4               	addwf	___bmul@product,f
  8622     064D                     l2811:
  8623     064D  1003               	clrc
  8624     064E  0DF2               	rlf	___bmul@multiplicand,f
  8625     064F                     l2813:
  8626     064F  1003               	clrc
  8627     0650  0CF5               	rrf	___bmul@multiplier,f
  8628     0651  0875               	movf	___bmul@multiplier,w
  8629     0652  1D03               	btfss	3,2
  8630     0653  2E55               	goto	u1081
  8631     0654  2E56               	goto	u1080
  8632     0655                     u1081:
  8633     0655  2E45               	goto	l2807
  8634     0656                     u1080:
  8635     0656                     l2815:
  8636     0656  0874               	movf	___bmul@product,w
  8637     0657                     l826:
  8638     0657  0008               	return
  8639     0658                     __end_of___bmul:
  8640                           
  8641                           	psect	intentry
  8642     0004                     __pintentry:	
  8643 ;; *************** function _INTERRUPT_InterruptManager *****************
  8644 ;; Defined at:
  8645 ;;		line 52 in file "D:\yiming\00work\LCD_I2C\LCD_I2C.X\mcc_generated_files\interrupt_manager.c"
  8646 ;; Parameters:    Size  Location     Type
  8647 ;;		None
  8648 ;; Auto vars:     Size  Location     Type
  8649 ;;		None
  8650 ;; Return value:  Size  Location     Type
  8651 ;;                  1    wreg      void 
  8652 ;; Registers used:
  8653 ;;		wreg, status,2, status,0, pclath, cstack
  8654 ;; Tracked objects:
  8655 ;;		On entry : 0/0
  8656 ;;		On exit  : 0/0
  8657 ;;		Unchanged: 0/0
  8658 ;; Data sizes:     COMMON   BANK0   BANK1   BANK2   BANK3   BANK4   BANK5   BANK6
  8659 ;;      Params:         0       0       0       0       0       0       0       0
  8660 ;;      Locals:         0       0       0       0       0       0       0       0
  8661 ;;      Temps:          0       0       0       0       0       0       0       0
  8662 ;;      Totals:         0       0       0       0       0       0       0       0
  8663 ;;Total ram usage:        0 bytes
  8664 ;; Hardware stack levels used: 1
  8665 ;; Hardware stack levels required when called: 3
  8666 ;; This function calls:
  8667 ;;		_TMR0_ISR
  8668 ;;		_TMR1_ISR
  8669 ;; This function is called by:
  8670 ;;		Interrupt level 1
  8671 ;; This function uses a non-reentrant model
  8672 ;;
  8673                           
  8674     0004                     _INTERRUPT_InterruptManager:
  8675                           
  8676                           ;incstack = 0
  8677     0004  147E               	bsf	int$flags,0	;set compiler interrupt flag (level 1)
  8678                           
  8679                           ; Regs used in _INTERRUPT_InterruptManager: [wreg+status,2+status,0+pclath+cstack]
  8680     0005  3180               	pagesel	$
  8681     0006                     i1l3091:
  8682                           
  8683                           ;D:\yiming\00work\LCD_I2C\LCD_I2C.X\mcc_generated_files\interrupt_manager.c: 55:     if(
      +                          INTCONbits.TMR0IE == 1 && INTCONbits.TMR0IF == 1)
  8684     0006  1E8B               	btfss	11,5	;volatile
  8685     0007  2809               	goto	u138_21
  8686     0008  280A               	goto	u138_20
  8687     0009                     u138_21:
  8688     0009  2812               	goto	i1l483
  8689     000A                     u138_20:
  8690     000A                     i1l3093:
  8691     000A  1D0B               	btfss	11,2	;volatile
  8692     000B  280D               	goto	u139_21
  8693     000C  280E               	goto	u139_20
  8694     000D                     u139_21:
  8695     000D  2812               	goto	i1l483
  8696     000E                     u139_20:
  8697     000E                     i1l3095:
  8698                           
  8699                           ;D:\yiming\00work\LCD_I2C\LCD_I2C.X\mcc_generated_files\interrupt_manager.c: 56:     {;D
      +                          :\yiming\00work\LCD_I2C\LCD_I2C.X\mcc_generated_files\interrupt_manager.c: 57:         T
      +                          MR0_ISR();
  8700     000E  3186  2600  3180   	fcall	_TMR0_ISR
  8701                           
  8702                           ;D:\yiming\00work\LCD_I2C\LCD_I2C.X\mcc_generated_files\interrupt_manager.c: 58:     }
  8703     0011  2824               	goto	i1l489
  8704     0012                     i1l483:	
  8705                           ;D:\yiming\00work\LCD_I2C\LCD_I2C.X\mcc_generated_files\interrupt_manager.c: 59:     els
      +                          e if(INTCONbits.PEIE == 1)
  8706                           
  8707     0012  1F0B               	btfss	11,6	;volatile
  8708     0013  2815               	goto	u140_21
  8709     0014  2816               	goto	u140_20
  8710     0015                     u140_21:
  8711     0015  2824               	goto	i1l489
  8712     0016                     u140_20:
  8713     0016                     i1l3097:
  8714                           
  8715                           ;D:\yiming\00work\LCD_I2C\LCD_I2C.X\mcc_generated_files\interrupt_manager.c: 60:     {;D
      +                          :\yiming\00work\LCD_I2C\LCD_I2C.X\mcc_generated_files\interrupt_manager.c: 61:         i
      +                          f(PIE1bits.TMR1IE == 1 && PIR1bits.TMR1IF == 1)
  8716     0016  0021               	movlb	1	; select bank1
  8717     0017  1C11               	btfss	17,0	;volatile
  8718     0018  281A               	goto	u141_21
  8719     0019  281B               	goto	u141_20
  8720     001A                     u141_21:
  8721     001A  2824               	goto	i1l488
  8722     001B                     u141_20:
  8723     001B                     i1l3099:
  8724     001B  0020               	movlb	0	; select bank0
  8725     001C  1C11               	btfss	17,0	;volatile
  8726     001D  281F               	goto	u142_21
  8727     001E  2820               	goto	u142_20
  8728     001F                     u142_21:
  8729     001F  2824               	goto	i1l488
  8730     0020                     u142_20:
  8731     0020                     i1l3101:
  8732                           
  8733                           ;D:\yiming\00work\LCD_I2C\LCD_I2C.X\mcc_generated_files\interrupt_manager.c: 62:        
      +                           {;D:\yiming\00work\LCD_I2C\LCD_I2C.X\mcc_generated_files\interrupt_manager.c: 63:      
      +                                 TMR1_ISR();
  8734     0020  3186  2618  3180   	fcall	_TMR1_ISR
  8735                           
  8736                           ;D:\yiming\00work\LCD_I2C\LCD_I2C.X\mcc_generated_files\interrupt_manager.c: 64:        
      +                           }
  8737     0023  2824               	goto	i1l489
  8738     0024                     i1l488:	
  8739                           ;D:\yiming\00work\LCD_I2C\LCD_I2C.X\mcc_generated_files\interrupt_manager.c: 71:     {;D
      +                          :\yiming\00work\LCD_I2C\LCD_I2C.X\mcc_generated_files\interrupt_manager.c: 73:     }
  8740                           
  8741     0024                     i1l489:
  8742     0024  107E               	bcf	int$flags,0	;clear compiler interrupt flag (level 1)
  8743     0025  0009               	retfie
  8744     0026                     __end_of_INTERRUPT_InterruptManager:
  8745                           
  8746                           	psect	text73
  8747     0618                     __ptext73:	
  8748 ;; *************** function _TMR1_ISR *****************
  8749 ;; Defined at:
  8750 ;;		line 157 in file "D:\yiming\00work\LCD_I2C\LCD_I2C.X\mcc_generated_files\tmr1.c"
  8751 ;; Parameters:    Size  Location     Type
  8752 ;;		None
  8753 ;; Auto vars:     Size  Location     Type
  8754 ;;		None
  8755 ;; Return value:  Size  Location     Type
  8756 ;;                  1    wreg      void 
  8757 ;; Registers used:
  8758 ;;		wreg, status,2, status,0, pclath, cstack
  8759 ;; Tracked objects:
  8760 ;;		On entry : 0/0
  8761 ;;		On exit  : 0/0
  8762 ;;		Unchanged: 0/0
  8763 ;; Data sizes:     COMMON   BANK0   BANK1   BANK2   BANK3   BANK4   BANK5   BANK6
  8764 ;;      Params:         0       0       0       0       0       0       0       0
  8765 ;;      Locals:         0       0       0       0       0       0       0       0
  8766 ;;      Temps:          0       0       0       0       0       0       0       0
  8767 ;;      Totals:         0       0       0       0       0       0       0       0
  8768 ;;Total ram usage:        0 bytes
  8769 ;; Hardware stack levels used: 1
  8770 ;; Hardware stack levels required when called: 1
  8771 ;; This function calls:
  8772 ;;		NULL
  8773 ;;		_TMR1_10msEven
  8774 ;;		_TMR1_WriteTimer
  8775 ;; This function is called by:
  8776 ;;		_INTERRUPT_InterruptManager
  8777 ;; This function uses a non-reentrant model
  8778 ;;
  8779                           
  8780     0618                     _TMR1_ISR:	
  8781                           ;psect for function _TMR1_ISR
  8782                           
  8783     0618                     i1l2967:	
  8784                           ;incstack = 0
  8785                           ; Regs used in _TMR1_ISR: [wreg+status,2+status,0+pclath+cstack]
  8786                           
  8787                           
  8788                           ;D:\yiming\00work\LCD_I2C\LCD_I2C.X\mcc_generated_files\tmr1.c: 161:     PIR1bits.TMR1IF
      +                           = 0;
  8789     0618  0020               	movlb	0	; select bank0
  8790     0619  1011               	bcf	17,0	;volatile
  8791     061A                     i1l2969:
  8792                           
  8793                           ;D:\yiming\00work\LCD_I2C\LCD_I2C.X\mcc_generated_files\tmr1.c: 162:     TMR1_WriteTimer
      +                          (timer1ReloadVal);
  8794     061A  082B               	movf	_timer1ReloadVal+1,w	;volatile
  8795     061B  00F1               	movwf	TMR1_WriteTimer@timerVal+1
  8796     061C  082A               	movf	_timer1ReloadVal,w	;volatile
  8797     061D  00F0               	movwf	TMR1_WriteTimer@timerVal
  8798     061E  3186  26B3  3186   	fcall	_TMR1_WriteTimer
  8799     0621                     i1l2971:
  8800                           
  8801                           ;D:\yiming\00work\LCD_I2C\LCD_I2C.X\mcc_generated_files\tmr1.c: 164:     if(TMR1_Interru
      +                          ptHandler)
  8802     0621  0020               	movlb	0	; select bank0
  8803     0622  0828               	movf	_TMR1_InterruptHandler,w
  8804     0623  0429               	iorwf	_TMR1_InterruptHandler+1,w
  8805     0624  1903               	btfsc	3,2
  8806     0625  2E27               	goto	u126_21
  8807     0626  2E28               	goto	u126_20
  8808     0627                     u126_21:
  8809     0627  2E2D               	goto	i1l644
  8810     0628                     u126_20:
  8811     0628                     i1l2973:
  8812                           
  8813                           ;D:\yiming\00work\LCD_I2C\LCD_I2C.X\mcc_generated_files\tmr1.c: 165:     {;D:\yiming\00w
      +                          ork\LCD_I2C\LCD_I2C.X\mcc_generated_files\tmr1.c: 166:         TMR1_InterruptHandler();
  8814     0628  0829               	movf	_TMR1_InterruptHandler+1,w
  8815     0629  008A               	movwf	10
  8816     062A  0828               	movf	_TMR1_InterruptHandler,w
  8817     062B  000A               	callw
  8818     062C  3186               	pagesel	$
  8819     062D                     i1l644:
  8820     062D  0008               	return
  8821     062E                     __end_of_TMR1_ISR:
  8822                           
  8823                           	psect	text74
  8824     06B3                     __ptext74:	
  8825 ;; *************** function _TMR1_WriteTimer *****************
  8826 ;; Defined at:
  8827 ;;		line 120 in file "D:\yiming\00work\LCD_I2C\LCD_I2C.X\mcc_generated_files\tmr1.c"
  8828 ;; Parameters:    Size  Location     Type
  8829 ;;  timerVal        2    0[COMMON] unsigned short 
  8830 ;; Auto vars:     Size  Location     Type
  8831 ;;		None
  8832 ;; Return value:  Size  Location     Type
  8833 ;;                  1    wreg      void 
  8834 ;; Registers used:
  8835 ;;		wreg, status,2
  8836 ;; Tracked objects:
  8837 ;;		On entry : 0/0
  8838 ;;		On exit  : 0/0
  8839 ;;		Unchanged: 0/0
  8840 ;; Data sizes:     COMMON   BANK0   BANK1   BANK2   BANK3   BANK4   BANK5   BANK6
  8841 ;;      Params:         2       0       0       0       0       0       0       0
  8842 ;;      Locals:         0       0       0       0       0       0       0       0
  8843 ;;      Temps:          0       0       0       0       0       0       0       0
  8844 ;;      Totals:         2       0       0       0       0       0       0       0
  8845 ;;Total ram usage:        2 bytes
  8846 ;; Hardware stack levels used: 1
  8847 ;; This function calls:
  8848 ;;		Nothing
  8849 ;; This function is called by:
  8850 ;;		_TMR1_ISR
  8851 ;; This function uses a non-reentrant model
  8852 ;;
  8853                           
  8854     06B3                     _TMR1_WriteTimer:	
  8855                           ;psect for function _TMR1_WriteTimer
  8856                           
  8857     06B3                     i1l2777:	
  8858                           ;incstack = 0
  8859                           ; Regs used in _TMR1_WriteTimer: [wreg+status,2]
  8860                           
  8861                           
  8862                           ;D:\yiming\00work\LCD_I2C\LCD_I2C.X\mcc_generated_files\tmr1.c: 120: void TMR1_WriteTime
      +                          r(uint16_t timerVal);D:\yiming\00work\LCD_I2C\LCD_I2C.X\mcc_generated_files\tmr1.c: 121:
      +                           {;D:\yiming\00work\LCD_I2C\LCD_I2C.X\mcc_generated_files\tmr1.c: 122:     if (T1CONbits
      +                          .nT1SYNC == 1)
  8863     06B3  0020               	movlb	0	; select bank0
  8864     06B4  1D18               	btfss	24,2	;volatile
  8865     06B5  2EB7               	goto	u102_21
  8866     06B6  2EB8               	goto	u102_20
  8867     06B7                     u102_21:
  8868     06B7  2EBF               	goto	i1l2787
  8869     06B8                     u102_20:
  8870     06B8                     i1l2779:
  8871                           
  8872                           ;D:\yiming\00work\LCD_I2C\LCD_I2C.X\mcc_generated_files\tmr1.c: 123:     {;D:\yiming\00w
      +                          ork\LCD_I2C\LCD_I2C.X\mcc_generated_files\tmr1.c: 125:         T1CONbits.TMR1ON = 0;
  8873     06B8  1018               	bcf	24,0	;volatile
  8874     06B9                     i1l2781:
  8875                           
  8876                           ;D:\yiming\00work\LCD_I2C\LCD_I2C.X\mcc_generated_files\tmr1.c: 128:         TMR1H = (ui
      +                          nt8_t)(timerVal >> 8);
  8877     06B9  0871               	movf	TMR1_WriteTimer@timerVal+1,w
  8878     06BA  0097               	movwf	23	;volatile
  8879     06BB                     i1l2783:
  8880                           
  8881                           ;D:\yiming\00work\LCD_I2C\LCD_I2C.X\mcc_generated_files\tmr1.c: 129:         TMR1L = (ui
      +                          nt8_t)timerVal;
  8882     06BB  0870               	movf	TMR1_WriteTimer@timerVal,w
  8883     06BC  0096               	movwf	22	;volatile
  8884     06BD                     i1l2785:
  8885                           
  8886                           ;D:\yiming\00work\LCD_I2C\LCD_I2C.X\mcc_generated_files\tmr1.c: 132:         T1CONbits.T
      +                          MR1ON =1;
  8887     06BD  1418               	bsf	24,0	;volatile
  8888                           
  8889                           ;D:\yiming\00work\LCD_I2C\LCD_I2C.X\mcc_generated_files\tmr1.c: 133:     }
  8890     06BE  2EC3               	goto	i1l634
  8891     06BF                     i1l2787:
  8892                           
  8893                           ;D:\yiming\00work\LCD_I2C\LCD_I2C.X\mcc_generated_files\tmr1.c: 135:     {;D:\yiming\00w
      +                          ork\LCD_I2C\LCD_I2C.X\mcc_generated_files\tmr1.c: 137:         TMR1H = (uint8_t)(timerVa
      +                          l >> 8);
  8894     06BF  0871               	movf	TMR1_WriteTimer@timerVal+1,w
  8895     06C0  0097               	movwf	23	;volatile
  8896     06C1                     i1l2789:
  8897                           
  8898                           ;D:\yiming\00work\LCD_I2C\LCD_I2C.X\mcc_generated_files\tmr1.c: 138:         TMR1L = (ui
      +                          nt8_t)timerVal;
  8899     06C1  0870               	movf	TMR1_WriteTimer@timerVal,w
  8900     06C2  0096               	movwf	22	;volatile
  8901     06C3                     i1l634:
  8902     06C3  0008               	return
  8903     06C4                     __end_of_TMR1_WriteTimer:
  8904                           
  8905                           	psect	text75
  8906     0360                     __ptext75:	
  8907 ;; *************** function _TMR1_10msEven *****************
  8908 ;; Defined at:
  8909 ;;		line 35 in file "D:\yiming\00work\LCD_I2C\LCD_I2C.X\TimerEven.c"
  8910 ;; Parameters:    Size  Location     Type
  8911 ;;		None
  8912 ;; Auto vars:     Size  Location     Type
  8913 ;;		None
  8914 ;; Return value:  Size  Location     Type
  8915 ;;                  1    wreg      void 
  8916 ;; Registers used:
  8917 ;;		wreg, status,2
  8918 ;; Tracked objects:
  8919 ;;		On entry : 0/0
  8920 ;;		On exit  : 0/0
  8921 ;;		Unchanged: 0/0
  8922 ;; Data sizes:     COMMON   BANK0   BANK1   BANK2   BANK3   BANK4   BANK5   BANK6
  8923 ;;      Params:         0       0       0       0       0       0       0       0
  8924 ;;      Locals:         0       0       0       0       0       0       0       0
  8925 ;;      Temps:          0       0       0       0       0       0       0       0
  8926 ;;      Totals:         0       0       0       0       0       0       0       0
  8927 ;;Total ram usage:        0 bytes
  8928 ;; Hardware stack levels used: 1
  8929 ;; This function calls:
  8930 ;;		Nothing
  8931 ;; This function is called by:
  8932 ;;		_main
  8933 ;;		_TMR1_ISR
  8934 ;; This function uses a non-reentrant model
  8935 ;;
  8936                           
  8937     0360                     _TMR1_10msEven:	
  8938                           ;psect for function _TMR1_10msEven
  8939                           
  8940     0360                     i1l2689:	
  8941                           ;incstack = 0
  8942                           ; Regs used in _TMR1_10msEven: [wreg+status,2]
  8943                           
  8944                           
  8945                           ;D:\yiming\00work\LCD_I2C\LCD_I2C.X\TimerEven.c: 36:   T1_10ms_cnt++;
  8946     0360  3001               	movlw	1
  8947     0361  0020               	movlb	0	; select bank0
  8948     0362  07BA               	addwf	_T1_10ms_cnt,f
  8949     0363  3000               	movlw	0
  8950     0364  3DBB               	addwfc	_T1_10ms_cnt+1,f
  8951                           
  8952                           ;D:\yiming\00work\LCD_I2C\LCD_I2C.X\TimerEven.c: 37:   T1_100ms_cnt++;
  8953     0365  3001               	movlw	1
  8954     0366  07B8               	addwf	_T1_100ms_cnt,f
  8955     0367  3000               	movlw	0
  8956     0368  3DB9               	addwfc	_T1_100ms_cnt+1,f
  8957                           
  8958                           ;D:\yiming\00work\LCD_I2C\LCD_I2C.X\TimerEven.c: 38:   T1_1000ms_cnt++;
  8959     0369  3001               	movlw	1
  8960     036A  07B6               	addwf	_T1_1000ms_cnt,f
  8961     036B  3000               	movlw	0
  8962     036C  3DB7               	addwfc	_T1_1000ms_cnt+1,f
  8963                           
  8964                           ;D:\yiming\00work\LCD_I2C\LCD_I2C.X\TimerEven.c: 40:   x1T_cnt++;
  8965     036D  3001               	movlw	1
  8966     036E  07B4               	addwf	_x1T_cnt,f
  8967     036F  3000               	movlw	0
  8968     0370  3DB5               	addwfc	_x1T_cnt+1,f
  8969     0371                     i1l2691:
  8970                           
  8971                           ;D:\yiming\00work\LCD_I2C\LCD_I2C.X\TimerEven.c: 41:   fT1_10ms=1;
  8972     0371  01C1               	clrf	_fT1_10ms
  8973     0372  0AC1               	incf	_fT1_10ms,f
  8974                           
  8975                           ;D:\yiming\00work\LCD_I2C\LCD_I2C.X\TimerEven.c: 43:   if (T1_100ms_cnt >= 10) {
  8976     0373  3000               	movlw	0
  8977     0374  0239               	subwf	_T1_100ms_cnt+1,w
  8978     0375  300A               	movlw	10
  8979     0376  1903               	skipnz
  8980     0377  0238               	subwf	_T1_100ms_cnt,w
  8981     0378  1C03               	skipc
  8982     0379  2B7B               	goto	u96_21
  8983     037A  2B7C               	goto	u96_20
  8984     037B                     u96_21:
  8985     037B  2B84               	goto	i1l2699
  8986     037C                     u96_20:
  8987     037C                     i1l2693:
  8988                           
  8989                           ;D:\yiming\00work\LCD_I2C\LCD_I2C.X\TimerEven.c: 44:     T1_100ms_cnt=0;
  8990     037C  01B8               	clrf	_T1_100ms_cnt
  8991     037D  01B9               	clrf	_T1_100ms_cnt+1
  8992     037E                     i1l2695:
  8993                           
  8994                           ;D:\yiming\00work\LCD_I2C\LCD_I2C.X\TimerEven.c: 45:     x10T_cnt++;
  8995     037E  3001               	movlw	1
  8996     037F  07B2               	addwf	_x10T_cnt,f
  8997     0380  3000               	movlw	0
  8998     0381  3DB3               	addwfc	_x10T_cnt+1,f
  8999     0382                     i1l2697:
  9000                           
  9001                           ;D:\yiming\00work\LCD_I2C\LCD_I2C.X\TimerEven.c: 46:     fT1_100ms=1;
  9002     0382  01C0               	clrf	_fT1_100ms
  9003     0383  0AC0               	incf	_fT1_100ms,f
  9004     0384                     i1l2699:
  9005                           
  9006                           ;D:\yiming\00work\LCD_I2C\LCD_I2C.X\TimerEven.c: 49:   if (T1_1000ms_cnt >= 100) {
  9007     0384  3000               	movlw	0
  9008     0385  0237               	subwf	_T1_1000ms_cnt+1,w
  9009     0386  3064               	movlw	100
  9010     0387  1903               	skipnz
  9011     0388  0236               	subwf	_T1_1000ms_cnt,w
  9012     0389  1C03               	skipc
  9013     038A  2B8C               	goto	u97_21
  9014     038B  2B8D               	goto	u97_20
  9015     038C                     u97_21:
  9016     038C  2B95               	goto	i1l100
  9017     038D                     u97_20:
  9018     038D                     i1l2701:
  9019                           
  9020                           ;D:\yiming\00work\LCD_I2C\LCD_I2C.X\TimerEven.c: 50:     T1_1000ms_cnt=0;
  9021     038D  01B6               	clrf	_T1_1000ms_cnt
  9022     038E  01B7               	clrf	_T1_1000ms_cnt+1
  9023     038F                     i1l2703:
  9024                           
  9025                           ;D:\yiming\00work\LCD_I2C\LCD_I2C.X\TimerEven.c: 51:     x100T_cnt++;
  9026     038F  3001               	movlw	1
  9027     0390  07B0               	addwf	_x100T_cnt,f
  9028     0391  3000               	movlw	0
  9029     0392  3DB1               	addwfc	_x100T_cnt+1,f
  9030     0393                     i1l2705:
  9031                           
  9032                           ;D:\yiming\00work\LCD_I2C\LCD_I2C.X\TimerEven.c: 52:     fT1_1second=1;
  9033     0393  01BF               	clrf	_fT1_1second
  9034     0394  0ABF               	incf	_fT1_1second,f
  9035     0395                     i1l100:
  9036     0395  0008               	return
  9037     0396                     __end_of_TMR1_10msEven:
  9038                           
  9039                           	psect	text76
  9040     0600                     __ptext76:	
  9041 ;; *************** function _TMR0_ISR *****************
  9042 ;; Defined at:
  9043 ;;		line 108 in file "D:\yiming\00work\LCD_I2C\LCD_I2C.X\mcc_generated_files\tmr0.c"
  9044 ;; Parameters:    Size  Location     Type
  9045 ;;		None
  9046 ;; Auto vars:     Size  Location     Type
  9047 ;;		None
  9048 ;; Return value:  Size  Location     Type
  9049 ;;                  1    wreg      void 
  9050 ;; Registers used:
  9051 ;;		wreg, status,2, status,0, pclath, cstack
  9052 ;; Tracked objects:
  9053 ;;		On entry : 0/0
  9054 ;;		On exit  : 0/0
  9055 ;;		Unchanged: 0/0
  9056 ;; Data sizes:     COMMON   BANK0   BANK1   BANK2   BANK3   BANK4   BANK5   BANK6
  9057 ;;      Params:         0       0       0       0       0       0       0       0
  9058 ;;      Locals:         0       0       0       0       0       0       0       0
  9059 ;;      Temps:          0       0       0       0       0       0       0       0
  9060 ;;      Totals:         0       0       0       0       0       0       0       0
  9061 ;;Total ram usage:        0 bytes
  9062 ;; Hardware stack levels used: 1
  9063 ;; Hardware stack levels required when called: 2
  9064 ;; This function calls:
  9065 ;;		_TMR0_CallBack
  9066 ;; This function is called by:
  9067 ;;		_INTERRUPT_InterruptManager
  9068 ;; This function uses a non-reentrant model
  9069 ;;
  9070                           
  9071     0600                     _TMR0_ISR:	
  9072                           ;psect for function _TMR0_ISR
  9073                           
  9074     0600                     i1l2959:	
  9075                           ;incstack = 0
  9076                           ; Regs used in _TMR0_ISR: [wreg+status,2+status,0+pclath+cstack]
  9077                           
  9078                           
  9079                           ;D:\yiming\00work\LCD_I2C\LCD_I2C.X\mcc_generated_files\tmr0.c: 110:     static volatile
      +                           uint16_t CountCallBack = 0;;D:\yiming\00work\LCD_I2C\LCD_I2C.X\mcc_generated_files\tmr0
      +                          .c: 113:     INTCONbits.TMR0IF = 0;
  9080     0600  110B               	bcf	11,2	;volatile
  9081     0601                     i1l2961:
  9082                           
  9083                           ;D:\yiming\00work\LCD_I2C\LCD_I2C.X\mcc_generated_files\tmr0.c: 115:     TMR0 = timer0Re
      +                          loadVal;
  9084     0601  087A               	movf	_timer0ReloadVal,w	;volatile
  9085     0602  0020               	movlb	0	; select bank0
  9086     0603  0095               	movwf	21	;volatile
  9087                           
  9088                           ;D:\yiming\00work\LCD_I2C\LCD_I2C.X\mcc_generated_files\tmr0.c: 118:     if (++CountCall
      +                          Back >= 2)
  9089     0604  3001               	movlw	1
  9090     0605  07AC               	addwf	TMR0_ISR@CountCallBack,f	;volatile
  9091     0606  3000               	movlw	0
  9092     0607  3DAD               	addwfc	TMR0_ISR@CountCallBack+1,f	;volatile
  9093     0608  3000               	movlw	0
  9094     0609  022D               	subwf	TMR0_ISR@CountCallBack+1,w	;volatile
  9095     060A  3002               	movlw	2
  9096     060B  1903               	skipnz
  9097     060C  022C               	subwf	TMR0_ISR@CountCallBack,w	;volatile
  9098     060D  1C03               	skipc
  9099     060E  2E10               	goto	u125_21
  9100     060F  2E11               	goto	u125_20
  9101     0610                     u125_21:
  9102     0610  2E17               	goto	i1l587
  9103     0611                     u125_20:
  9104     0611                     i1l2963:
  9105                           
  9106                           ;D:\yiming\00work\LCD_I2C\LCD_I2C.X\mcc_generated_files\tmr0.c: 119:     {;D:\yiming\00w
      +                          ork\LCD_I2C\LCD_I2C.X\mcc_generated_files\tmr0.c: 121:         TMR0_CallBack();
  9107     0611  3187  2708  3186   	fcall	_TMR0_CallBack
  9108     0614                     i1l2965:
  9109                           
  9110                           ;D:\yiming\00work\LCD_I2C\LCD_I2C.X\mcc_generated_files\tmr0.c: 124:         CountCallBa
      +                          ck = 0;
  9111     0614  0020               	movlb	0	; select bank0
  9112     0615  01AC               	clrf	TMR0_ISR@CountCallBack	;volatile
  9113     0616  01AD               	clrf	TMR0_ISR@CountCallBack+1	;volatile
  9114     0617                     i1l587:
  9115     0617  0008               	return
  9116     0618                     __end_of_TMR0_ISR:
  9117                           
  9118                           	psect	text77
  9119     0708                     __ptext77:	
  9120 ;; *************** function _TMR0_CallBack *****************
  9121 ;; Defined at:
  9122 ;;		line 130 in file "D:\yiming\00work\LCD_I2C\LCD_I2C.X\mcc_generated_files\tmr0.c"
  9123 ;; Parameters:    Size  Location     Type
  9124 ;;		None
  9125 ;; Auto vars:     Size  Location     Type
  9126 ;;		None
  9127 ;; Return value:  Size  Location     Type
  9128 ;;                  1    wreg      void 
  9129 ;; Registers used:
  9130 ;;		wreg, status,2, status,0, pclath, cstack
  9131 ;; Tracked objects:
  9132 ;;		On entry : 0/0
  9133 ;;		On exit  : 0/0
  9134 ;;		Unchanged: 0/0
  9135 ;; Data sizes:     COMMON   BANK0   BANK1   BANK2   BANK3   BANK4   BANK5   BANK6
  9136 ;;      Params:         0       0       0       0       0       0       0       0
  9137 ;;      Locals:         0       0       0       0       0       0       0       0
  9138 ;;      Temps:          0       0       0       0       0       0       0       0
  9139 ;;      Totals:         0       0       0       0       0       0       0       0
  9140 ;;Total ram usage:        0 bytes
  9141 ;; Hardware stack levels used: 1
  9142 ;; Hardware stack levels required when called: 1
  9143 ;; This function calls:
  9144 ;;		NULL
  9145 ;;		_TMR0_10msEven
  9146 ;; This function is called by:
  9147 ;;		_TMR0_ISR
  9148 ;; This function uses a non-reentrant model
  9149 ;;
  9150                           
  9151     0708                     _TMR0_CallBack:	
  9152                           ;psect for function _TMR0_CallBack
  9153                           
  9154     0708                     i1l2773:	
  9155                           ;incstack = 0
  9156                           ; Regs used in _TMR0_CallBack: [wreg+status,2+status,0+pclath+cstack]
  9157                           
  9158                           
  9159                           ;D:\yiming\00work\LCD_I2C\LCD_I2C.X\mcc_generated_files\tmr0.c: 134:     if(TMR0_Interru
      +                          ptHandler)
  9160     0708  0020               	movlb	0	; select bank0
  9161     0709  082E               	movf	_TMR0_InterruptHandler,w
  9162     070A  042F               	iorwf	_TMR0_InterruptHandler+1,w
  9163     070B  1903               	btfsc	3,2
  9164     070C  2F0E               	goto	u101_21
  9165     070D  2F0F               	goto	u101_20
  9166     070E                     u101_21:
  9167     070E  2F14               	goto	i1l591
  9168     070F                     u101_20:
  9169     070F                     i1l2775:
  9170                           
  9171                           ;D:\yiming\00work\LCD_I2C\LCD_I2C.X\mcc_generated_files\tmr0.c: 135:     {;D:\yiming\00w
      +                          ork\LCD_I2C\LCD_I2C.X\mcc_generated_files\tmr0.c: 136:         TMR0_InterruptHandler();
  9172     070F  082F               	movf	_TMR0_InterruptHandler+1,w
  9173     0710  008A               	movwf	10
  9174     0711  082E               	movf	_TMR0_InterruptHandler,w
  9175     0712  000A               	callw
  9176     0713  3187               	pagesel	$
  9177     0714                     i1l591:
  9178     0714  0008               	return
  9179     0715                     __end_of_TMR0_CallBack:
  9180                           
  9181                           	psect	text78
  9182     0658                     __ptext78:	
  9183 ;; *************** function _TMR0_10msEven *****************
  9184 ;; Defined at:
  9185 ;;		line 24 in file "D:\yiming\00work\LCD_I2C\LCD_I2C.X\TimerEven.c"
  9186 ;; Parameters:    Size  Location     Type
  9187 ;;		None
  9188 ;; Auto vars:     Size  Location     Type
  9189 ;;		None
  9190 ;; Return value:  Size  Location     Type
  9191 ;;                  1    wreg      void 
  9192 ;; Registers used:
  9193 ;;		wreg, status,2, status,0
  9194 ;; Tracked objects:
  9195 ;;		On entry : 0/0
  9196 ;;		On exit  : 0/0
  9197 ;;		Unchanged: 0/0
  9198 ;; Data sizes:     COMMON   BANK0   BANK1   BANK2   BANK3   BANK4   BANK5   BANK6
  9199 ;;      Params:         0       0       0       0       0       0       0       0
  9200 ;;      Locals:         0       0       0       0       0       0       0       0
  9201 ;;      Temps:          1       0       0       0       0       0       0       0
  9202 ;;      Totals:         1       0       0       0       0       0       0       0
  9203 ;;Total ram usage:        1 bytes
  9204 ;; Hardware stack levels used: 1
  9205 ;; This function calls:
  9206 ;;		Nothing
  9207 ;; This function is called by:
  9208 ;;		_main
  9209 ;;		_TMR0_CallBack
  9210 ;; This function uses a non-reentrant model
  9211 ;;
  9212                           
  9213     0658                     _TMR0_10msEven:	
  9214                           ;psect for function _TMR0_10msEven
  9215                           
  9216     0658                     i1l2651:	
  9217                           ;incstack = 0
  9218                           ; Regs used in _TMR0_10msEven: [wreg+status,2+status,0]
  9219                           
  9220                           
  9221                           ;D:\yiming\00work\LCD_I2C\LCD_I2C.X\TimerEven.c: 25:   T0_10ms_cnt++;
  9222     0658  3001               	movlw	1
  9223     0659  00F0               	movwf	??_TMR0_10msEven
  9224     065A  0870               	movf	??_TMR0_10msEven,w
  9225     065B  0020               	movlb	0	; select bank0
  9226     065C  07C5               	addwf	_T0_10ms_cnt,f
  9227     065D                     i1l2653:
  9228                           
  9229                           ;D:\yiming\00work\LCD_I2C\LCD_I2C.X\TimerEven.c: 26:   fT0_fT10ms = 1;
  9230     065D  01C4               	clrf	_fT0_fT10ms
  9231     065E  0AC4               	incf	_fT0_fT10ms,f
  9232                           
  9233                           ;D:\yiming\00work\LCD_I2C\LCD_I2C.X\TimerEven.c: 27:   T0_1second_cnt++;
  9234     065F  3001               	movlw	1
  9235     0660  00F0               	movwf	??_TMR0_10msEven
  9236     0661  0870               	movf	??_TMR0_10msEven,w
  9237     0662  07C2               	addwf	_T0_1second_cnt,f
  9238     0663                     i1l2655:
  9239                           
  9240                           ;D:\yiming\00work\LCD_I2C\LCD_I2C.X\TimerEven.c: 28:   if(T0_1second_cnt>=100){
  9241     0663  3064               	movlw	100
  9242     0664  0242               	subwf	_T0_1second_cnt,w
  9243     0665  1C03               	skipc
  9244     0666  2E68               	goto	u92_21
  9245     0667  2E69               	goto	u92_20
  9246     0668                     u92_21:
  9247     0668  2E6C               	goto	i1l95
  9248     0669                     u92_20:
  9249     0669                     i1l2657:
  9250                           
  9251                           ;D:\yiming\00work\LCD_I2C\LCD_I2C.X\TimerEven.c: 29:     T0_1second_cnt=0;
  9252     0669  01C2               	clrf	_T0_1second_cnt
  9253     066A                     i1l2659:
  9254                           
  9255                           ;D:\yiming\00work\LCD_I2C\LCD_I2C.X\TimerEven.c: 30:     fT0_1second=1;
  9256     066A  01C3               	clrf	_fT0_1second
  9257     066B  0AC3               	incf	_fT0_1second,f
  9258     066C                     i1l95:
  9259     066C  0008               	return
  9260     066D                     __end_of_TMR0_10msEven:
  9261     007E                     btemp	set	126	;btemp
  9262     007E                     int$flags	set	126
  9263     007E                     wtemp0	set	126
  9264                           
  9265                           	psect	idloc
  9266                           
  9267                           ;Config register IDLOC0 @ 0x8000
  9268                           ;	unspecified, using default values
  9269     8000                     	org	32768
  9270     8000  3FFF               	dw	16383
  9271                           
  9272                           ;Config register IDLOC1 @ 0x8001
  9273                           ;	unspecified, using default values
  9274     8001                     	org	32769
  9275     8001  3FFF               	dw	16383
  9276                           
  9277                           ;Config register IDLOC2 @ 0x8002
  9278                           ;	unspecified, using default values
  9279     8002                     	org	32770
  9280     8002  3FFF               	dw	16383
  9281                           
  9282                           ;Config register IDLOC3 @ 0x8003
  9283                           ;	unspecified, using default values
  9284     8003                     	org	32771
  9285     8003  3FFF               	dw	16383
  9286                           
  9287                           	psect	config
  9288                           
  9289                           ;Config register CONFIG1 @ 0x8007
  9290                           ;	Oscillator Selection
  9291                           ;	FOSC = INTOSC, INTOSC oscillator: I/O function on CLKIN pin
  9292                           ;	Watchdog Timer Enable
  9293                           ;	WDTE = OFF, WDT disabled
  9294                           ;	Power-up Timer Enable
  9295                           ;	PWRTE = OFF, PWRT disabled
  9296                           ;	MCLR Pin Function Select
  9297                           ;	MCLRE = ON, MCLR/VPP pin function is MCLR
  9298                           ;	Flash Program Memory Code Protection
  9299                           ;	CP = OFF, Program memory code protection is disabled
  9300                           ;	Data Memory Code Protection
  9301                           ;	CPD = OFF, Data memory code protection is disabled
  9302                           ;	Brown-out Reset Enable
  9303                           ;	BOREN = ON, Brown-out Reset enabled
  9304                           ;	Clock Out Enable
  9305                           ;	CLKOUTEN = OFF, CLKOUT function is disabled. I/O or oscillator function on the CLKOUT 
      +                          pin
  9306                           ;	Internal/External Switchover
  9307                           ;	IESO = ON, Internal/External Switchover mode is enabled
  9308                           ;	Fail-Safe Clock Monitor Enable
  9309                           ;	FCMEN = ON, Fail-Safe Clock Monitor is enabled
  9310     8007                     	org	32775
  9311     8007  3FE4               	dw	16356
  9312                           
  9313                           ;Config register CONFIG2 @ 0x8008
  9314                           ;	Flash Memory Self-Write Protection
  9315                           ;	WRT = OFF, Write protection off
  9316                           ;	Voltage Regulator Capacitor Enable
  9317                           ;	VCAPEN = OFF, All VCAP pin functionality is disabled
  9318                           ;	PLL Enable
  9319                           ;	PLLEN = ON, 4x PLL enabled
  9320                           ;	Stack Overflow/Underflow Reset Enable
  9321                           ;	STVREN = ON, Stack Overflow or Underflow will cause a Reset
  9322                           ;	Brown-out Reset Voltage Selection
  9323                           ;	BORV = LO, Brown-out Reset Voltage (Vbor), low trip point selected.
  9324                           ;	Low-Voltage Programming Enable
  9325                           ;	LVP = OFF, High-voltage on MCLR/VPP must be used for programming
  9326     8008                     	org	32776
  9327     8008  1FFF               	dw	8191

Data Sizes:
    Strings     30
    Constant    32
    Data        27
    BSS         170
    Persistent  32
    Stack       0

Auto Spaces:
    Space          Size  Autos    Used
    COMMON           14     10      12
    BANK0            80     21      73
    BANK1            80     13      80
    BANK2            80      0      76
    BANK3            80      0       0
    BANK4            80      0       0
    BANK5            80      0       0
    BANK6            16      0       0

Pointer List with Targets:

    cb$0	PTR void  size(1) Largest target is 1
		 -> I2C_Write1ByteRegister@data(BANK0[1]), NULL(NULL[0]), 

    cb$0	PTR void  size(1) Largest target is 1
		 -> I2C_Write1ByteRegister@data(BANK0[1]), NULL(NULL[0]), 

    f$.$buffer	PTR unsigned char  size(2) Largest target is 0

    f$.$source	PTR const unsigned char  size(2) Largest target is 0

    fputc@fp	PTR struct _IO_FILE size(1) Largest target is 11
		 -> sprintf@f(BANK1[11]), 

    fputc@fp$.$buffer	PTR unsigned char  size(2) Largest target is 0

    fputc@fp$.$source	PTR const unsigned char  size(2) Largest target is 0

    I2C_CallbackReturnReset@funPtr	PTR void  size(1) Largest target is 1
		 -> I2C_Write1ByteRegister@data(BANK0[1]), NULL(NULL[0]), 

    I2C_CallbackReturnStop@funPtr	PTR void  size(1) Largest target is 1
		 -> I2C_Write1ByteRegister@data(BANK0[1]), NULL(NULL[0]), 

    I2C_DO_TX$1837	PTR FTN(PTR void ,)enum E363 size(2) Largest target is 1
		 -> I2C_CallbackReturnReset(), I2C_CallbackReturnStop(), wr1RegCompleteHandler(), NULL(), 

    I2C_DO_TX$1837$0	PTR void  size(1) Largest target is 1
		 -> I2C_Write1ByteRegister@data(BANK0[1]), NULL(NULL[0]), 

    I2C_DO_TX$1842	PTR void  size(1) Largest target is 1
		 -> I2C_Write1ByteRegister@data(BANK0[1]), NULL(NULL[0]), 

    i2c_fsmStateTable	const PTR FTN()enum E3183[16] size(2) Largest target is 1
		 -> I2C_DO_ADDRESS_NACK(), I2C_DO_IDLE(), I2C_DO_RCEN(), I2C_DO_RESET(), 
		 -> I2C_DO_RX(), I2C_DO_RX_ACK(), I2C_DO_RX_NACK_RESTART(), I2C_DO_RX_NACK_STOP(), 
		 -> I2C_DO_SEND_ADR_READ(), I2C_DO_SEND_ADR_WRITE(), I2C_DO_SEND_RESTART(), I2C_DO_SEND_RESTART_READ(), 
		 -> I2C_DO_SEND_RESTART_WRITE(), I2C_DO_SEND_STOP(), I2C_DO_TX(), I2C_DO_TX_EMPTY(), 

    I2C_MasterFsm$1836	const PTR FTN()enum E3183 size(2) Largest target is 1
		 -> I2C_DO_ADDRESS_NACK(), I2C_DO_IDLE(), I2C_DO_RCEN(), I2C_DO_RESET(), 
		 -> I2C_DO_RX(), I2C_DO_RX_ACK(), I2C_DO_RX_NACK_RESTART(), I2C_DO_RX_NACK_STOP(), 
		 -> I2C_DO_SEND_ADR_READ(), I2C_DO_SEND_ADR_WRITE(), I2C_DO_SEND_RESTART(), I2C_DO_SEND_RESTART_READ(), 
		 -> I2C_DO_SEND_RESTART_WRITE(), I2C_DO_SEND_STOP(), I2C_DO_TX(), I2C_DO_TX_EMPTY(), 

    I2C_SetAddressNackCallback@cb	PTR FTN(PTR void ,)enum E363 size(2) Largest target is 1
		 -> NULL(), 

    I2C_SetAddressNackCallback@ptr	PTR void  size(2) Largest target is 0
		 -> NULL(NULL[0]), 

    I2C_SetBuffer@buffer	PTR void  size(1) Largest target is 1
		 -> I2C_Write1ByteRegister@data(BANK0[1]), I2C_Write1ByteRegister@reg(BANK0[1]), NULL(NULL[0]), 

    I2C_SetCallback@cb	PTR FTN(PTR void ,)enum E363 size(2) Largest target is 1
		 -> wr1RegCompleteHandler(), NULL(), 

    I2C_SetCallback@ptr	PTR void  size(1) Largest target is 1
		 -> I2C_Write1ByteRegister@data(BANK0[1]), NULL(NULL[0]), 

    I2C_SetDataCompleteCallback@cb	PTR FTN(PTR void ,)enum E363 size(2) Largest target is 1
		 -> wr1RegCompleteHandler(), NULL(), 

    I2C_SetDataCompleteCallback@ptr	PTR void  size(1) Largest target is 1
		 -> I2C_Write1ByteRegister@data(BANK0[1]), NULL(NULL[0]), 

    I2C_Status$callbackPayload	PTR void [6] size(1) Largest target is 1
		 -> I2C_Write1ByteRegister@data(BANK0[1]), NULL(NULL[0]), 

    I2C_Status$callbackTable	PTR FTN(PTR void ,)enum E363[6] size(2) Largest target is 1
		 -> I2C_CallbackReturnReset(), I2C_CallbackReturnStop(), wr1RegCompleteHandler(), NULL(), 

    I2C_Status$data_ptr	PTR unsigned char  size(1) Largest target is 1
		 -> I2C_Write1ByteRegister@data(BANK0[1]), I2C_Write1ByteRegister@reg(BANK0[1]), NULL(NULL[0]), 

    LCD_Print@str	PTR const unsigned char  size(1) Largest target is 17
		 -> buf(BANK1[17]), 

    NULL$0	PTR void  size(1) Largest target is 1
		 -> I2C_Write1ByteRegister@data(BANK0[1]), NULL(NULL[0]), 

    S1491$buffer	PTR unsigned char  size(2) Largest target is 0

    S1491$source	PTR const unsigned char  size(2) Largest target is 0

    S366$0$0	PTR void  size(1) Largest target is 1
		 -> I2C_Write1ByteRegister@data(BANK0[1]), NULL(NULL[0]), 

    S366$callbackPayload	PTR void [6] size(1) Largest target is 1
		 -> I2C_Write1ByteRegister@data(BANK0[1]), NULL(NULL[0]), 

    S366$callbackTable	PTR FTN(PTR void ,)enum E363[6] size(2) Largest target is 1
		 -> I2C_CallbackReturnReset(), I2C_CallbackReturnStop(), wr1RegCompleteHandler(), NULL(), 

    S366$data_ptr	PTR unsigned char  size(1) Largest target is 1
		 -> I2C_Write1ByteRegister@data(BANK0[1]), I2C_Write1ByteRegister@reg(BANK0[1]), NULL(NULL[0]), 

    sprintf@ap	PTR void [1] size(1) Largest target is 2
		 -> ?_sprintf(BANK0[2]), 

    sprintf@fmt	PTR const unsigned char  size(2) Largest target is 15
		 -> STR_1(CODE[15]), STR_2(CODE[15]), 

    sprintf@s	PTR unsigned char  size(1) Largest target is 17
		 -> buf(BANK1[17]), 

    TMR0_InterruptHandler	PTR FTN()void  size(2) Largest target is 1
		 -> TMR0_10msEven(), NULL(), 

    TMR0_SetInterruptHandler@InterruptHandler	PTR FTN()void  size(2) Largest target is 1
		 -> TMR0_10msEven(), 

    TMR1_InterruptHandler	PTR FTN()void  size(2) Largest target is 1
		 -> TMR1_10msEven(), NULL(), 

    TMR1_SetInterruptHandler@InterruptHandler	PTR FTN()void  size(2) Largest target is 1
		 -> TMR1_10msEven(), 

    vfpfcnvrt@ap	PTR PTR void  size(1) Largest target is 1
		 -> sprintf@ap(BANK1[1]), 

    vfpfcnvrt@fmt	PTR PTR unsigned char  size(1) Largest target is 2
		 -> vfprintf@cfmt(BANK0[2]), 

    vfpfcnvrt@fp	PTR struct _IO_FILE size(1) Largest target is 11
		 -> sprintf@f(BANK1[11]), 

    vfprintf@ap	PTR PTR void  size(1) Largest target is 1
		 -> sprintf@ap(BANK1[1]), 

    vfprintf@cfmt	PTR unsigned char  size(2) Largest target is 15
		 -> STR_1(CODE[15]), STR_2(CODE[15]), 

    vfprintf@fmt	PTR const unsigned char  size(2) Largest target is 15
		 -> STR_1(CODE[15]), STR_2(CODE[15]), 

    vfprintf@fp	PTR struct _IO_FILE size(1) Largest target is 11
		 -> sprintf@f(BANK1[11]), 

    wr1RegCompleteHandler@ptr	PTR void  size(1) Largest target is 1
		 -> I2C_Write1ByteRegister@data(BANK0[1]), NULL(NULL[0]), 


Critical Paths under _main in COMMON

    _vfpfcnvrt->_fputc
    _RelayControl_Init->___lwdiv
    _I2C_Write1ByteRegister->_I2C_SetAddressNackCallback
    _I2C_SetAddressNackCallback->_I2C_SetCallback
    _I2C_DO_TX_EMPTY->_I2C_CallbackReturnReset
    _I2C_DO_TX_EMPTY->_I2C_CallbackReturnStop
    _I2C_DO_TX_EMPTY->_wr1RegCompleteHandler
    _I2C_DO_TX->_I2C_CallbackReturnReset
    _I2C_DO_TX->_I2C_CallbackReturnStop
    _I2C_DO_TX->_wr1RegCompleteHandler
    _I2C_DO_SEND_ADR_WRITE->_I2C_MasterSendTxData
    _I2C_DO_RX->_I2C_CallbackReturnReset
    _I2C_DO_RX->_I2C_CallbackReturnStop
    _I2C_DO_RX->_wr1RegCompleteHandler
    _I2C_DO_ADDRESS_NACK->_I2C_CallbackReturnReset
    _I2C_DO_ADDRESS_NACK->_I2C_CallbackReturnStop
    _I2C_DO_ADDRESS_NACK->_wr1RegCompleteHandler
    _wr1RegCompleteHandler->_I2C_SetDataCompleteCallback
    _I2C_SetDataCompleteCallback->_I2C_SetCallback
    _KEY_Init->___bmul

Critical Paths under _INTERRUPT_InterruptManager in COMMON

    _TMR1_ISR->_TMR1_WriteTimer
    _TMR0_CallBack->_TMR0_10msEven

Critical Paths under _main in BANK0

    _main->_LCD_SetCursor
    _sprintf->_vfprintf
    _vfprintf->_vfpfcnvrt
    _LCD_SetCursor->_LCD_Command
    _LCD_Print->_LCD_Data
    _LCD_Data->_PCF8574_LCD_SendNibble
    _LCD_Init->_LCD_Command
    _LCD_Command->_PCF8574_LCD_SendNibble
    _PCF8574_LCD_SendNibble->_I2C_Write1ByteRegister
    _I2C_MasterWrite->_I2C_MasterOperation
    _I2C_Poller->_I2C_MasterFsm
    _I2C_MasterFsm->_I2C_DO_ADDRESS_NACK
    _I2C_MasterFsm->_I2C_DO_RX
    _I2C_MasterFsm->_I2C_DO_TX
    _I2C_MasterFsm->_I2C_DO_TX_EMPTY

Critical Paths under _INTERRUPT_InterruptManager in BANK0

    None.

Critical Paths under _main in BANK1

    _main->_sprintf

Critical Paths under _INTERRUPT_InterruptManager in BANK1

    None.

Critical Paths under _main in BANK2

    None.

Critical Paths under _INTERRUPT_InterruptManager in BANK2

    None.

Critical Paths under _main in BANK3

    None.

Critical Paths under _INTERRUPT_InterruptManager in BANK3

    None.

Critical Paths under _main in BANK4

    None.

Critical Paths under _INTERRUPT_InterruptManager in BANK4

    None.

Critical Paths under _main in BANK5

    None.

Critical Paths under _INTERRUPT_InterruptManager in BANK5

    None.

Critical Paths under _main in BANK6

    None.

Critical Paths under _INTERRUPT_InterruptManager in BANK6

    None.

Call Graph Tables:

 ---------------------------------------------------------------------------------
 (Depth) Function   	        Calls       Base Space   Used Autos Params    Refs
 ---------------------------------------------------------------------------------
 (0) _main                                                 0     0      0   40995
                           _KEY_Init
                           _LCD_Init
                          _LCD_Print
                      _LCD_SetCursor
                  _RelayControl_Init
                  _SYSTEM_Initialize
           _TMR0_SetInterruptHandler
           _TMR1_SetInterruptHandler
                            _sprintf
 ---------------------------------------------------------------------------------
 (1) _sprintf                                             18    16      2    2129
                                             14 BANK0      3     1      2
                                              0 BANK1     13    13      0
                           _vfprintf
 ---------------------------------------------------------------------------------
 (2) _vfprintf                                             7     4      3    1577
                                              7 BANK0      7     4      3
                          _vfpfcnvrt
 ---------------------------------------------------------------------------------
 (3) _vfpfcnvrt                                           11     9      2    1179
                                              0 BANK0      7     5      2
                              _fputc
 ---------------------------------------------------------------------------------
 (4) _fputc                                                8     5      3     777
                                              2 COMMON     8     5      3
                              _putch
 ---------------------------------------------------------------------------------
 (5) _putch                                                1     1      0       0
 ---------------------------------------------------------------------------------
 (1) _TMR1_SetInterruptHandler                             2     0      2      98
                                              2 COMMON     2     0      2
 ---------------------------------------------------------------------------------
 (1) _TMR0_SetInterruptHandler                             2     0      2      98
                                              2 COMMON     2     0      2
 ---------------------------------------------------------------------------------
 (1) _SYSTEM_Initialize                                    0     0      0       0
                     _I2C_Initialize
              _OSCILLATOR_Initialize
             _PIN_MANAGER_Initialize
                    _TMR0_Initialize
                    _TMR1_Initialize
                     _WDT_Initialize
 ---------------------------------------------------------------------------------
 (2) _WDT_Initialize                                       0     0      0       0
 ---------------------------------------------------------------------------------
 (2) _TMR1_Initialize                                      0     0      0       0
 ---------------------------------------------------------------------------------
 (2) _TMR0_Initialize                                      0     0      0       0
 ---------------------------------------------------------------------------------
 (2) _PIN_MANAGER_Initialize                               0     0      0       0
 ---------------------------------------------------------------------------------
 (2) _OSCILLATOR_Initialize                                0     0      0       0
 ---------------------------------------------------------------------------------
 (2) _I2C_Initialize                                       0     0      0       0
 ---------------------------------------------------------------------------------
 (1) _RelayControl_Init                                    2     2      0    3844
                                              0 BANK0      2     2      0
                            ___lwdiv
                            ___lwmod
                             ___wmul
 ---------------------------------------------------------------------------------
 (2) ___wmul                                               6     2      4    2146
                                              2 COMMON     6     2      4
 ---------------------------------------------------------------------------------
 (2) ___lwmod                                              6     2      4     592
                                              2 COMMON     6     2      4
 ---------------------------------------------------------------------------------
 (2) ___lwdiv                                              8     4      4     905
                                              2 COMMON     8     4      4
 ---------------------------------------------------------------------------------
 (1) _LCD_SetCursor                                        6     5      1    8796
                                             15 BANK0      6     5      1
                        _LCD_Command
 ---------------------------------------------------------------------------------
 (1) _LCD_Print                                            2     2      0    8654
                                             15 BANK0      2     2      0
                           _LCD_Data
 ---------------------------------------------------------------------------------
 (2) _LCD_Data                                             2     2      0    8517
                                             13 BANK0      2     2      0
             _PCF8574_LCD_SendNibble
 ---------------------------------------------------------------------------------
 (1) _LCD_Init                                             2     2      0   16972
                                             15 BANK0      2     2      0
                        _LCD_Command
             _PCF8574_LCD_SendNibble
 ---------------------------------------------------------------------------------
 (2) _LCD_Command                                          2     2      0    8517
                                             13 BANK0      2     2      0
             _PCF8574_LCD_SendNibble
 ---------------------------------------------------------------------------------
 (3) _PCF8574_LCD_SendNibble                               4     3      1    8455
                                              9 BANK0      4     3      1
             _I2C_Write1ByteRegister
 ---------------------------------------------------------------------------------
 (4) _I2C_Write1ByteRegister                               3     1      2    7605
                                              6 BANK0      3     1      2
                          _I2C_Close
                    _I2C_MasterWrite
                           _I2C_Open
         _I2C_SetAddressNackCallback
                      _I2C_SetBuffer
        _I2C_SetDataCompleteCallback
 ---------------------------------------------------------------------------------
 (5) _I2C_SetAddressNackCallback                           4     0      4     654
                                              6 COMMON     4     0      4
                    _I2C_SetCallback
 ---------------------------------------------------------------------------------
 (5) _I2C_Open                                             2     2      0      46
                                              2 COMMON     2     2      0
                 _I2C_MasterClearIrq
                     _I2C_MasterOpen
 ---------------------------------------------------------------------------------
 (6) _I2C_MasterOpen                                       0     0      0       0
 ---------------------------------------------------------------------------------
 (5) _I2C_MasterWrite                                      0     0      0    5342
                _I2C_MasterOperation
 ---------------------------------------------------------------------------------
 (6) _I2C_MasterOperation                                  2     2      0    5342
                                              4 BANK0      2     2      0
                    _I2C_MasterStart
                         _I2C_Poller
 ---------------------------------------------------------------------------------
 (7) _I2C_Poller                                           0     0      0    5274
                      _I2C_MasterFsm
             _I2C_MasterWaitForEvent
 ---------------------------------------------------------------------------------
 (8) _I2C_MasterWaitForEvent                               0     0      0       0
 ---------------------------------------------------------------------------------
 (8) _I2C_MasterFsm                                        2     2      0    5274
                                              2 BANK0      2     2      0
                _I2C_DO_ADDRESS_NACK *
                        _I2C_DO_IDLE *
                        _I2C_DO_RCEN *
                       _I2C_DO_RESET *
                          _I2C_DO_RX *
                      _I2C_DO_RX_ACK *
             _I2C_DO_RX_NACK_RESTART *
                _I2C_DO_RX_NACK_STOP *
               _I2C_DO_SEND_ADR_READ *
              _I2C_DO_SEND_ADR_WRITE *
                _I2C_DO_SEND_RESTART *
           _I2C_DO_SEND_RESTART_READ *
          _I2C_DO_SEND_RESTART_WRITE *
                   _I2C_DO_SEND_STOP *
                          _I2C_DO_TX *
                    _I2C_DO_TX_EMPTY *
                 _I2C_MasterClearIrq
                   _I2C_MasterIsNack
 ---------------------------------------------------------------------------------
 (9) _I2C_DO_TX_EMPTY                                      2     2      0    1302
                                              0 BANK0      2     2      0
                                NULL *
            _I2C_CallbackReturnReset *
             _I2C_CallbackReturnStop *
                _I2C_DO_SEND_RESTART
                   _I2C_DO_SEND_STOP
                   _I2C_MasterSetIrq
              _wr1RegCompleteHandler *
 ---------------------------------------------------------------------------------
 (10) _I2C_MasterSetIrq                                    0     0      0       0
 ---------------------------------------------------------------------------------
 (9) _I2C_DO_TX                                            2     2      0    1324
                                              0 BANK0      2     2      0
                                NULL *
            _I2C_CallbackReturnReset *
             _I2C_CallbackReturnStop *
           _I2C_DO_SEND_RESTART_READ
          _I2C_DO_SEND_RESTART_WRITE
                   _I2C_DO_SEND_STOP
                   _I2C_MasterIsNack
               _I2C_MasterSendTxData
              _wr1RegCompleteHandler *
 ---------------------------------------------------------------------------------
 (9) _I2C_MasterIsNack                                     0     0      0       0
 ---------------------------------------------------------------------------------
 (10) _I2C_DO_SEND_RESTART_WRITE                           0     0      0       0
            _I2C_MasterEnableRestart
 ---------------------------------------------------------------------------------
 (10) _I2C_DO_SEND_RESTART_READ                            0     0      0       0
            _I2C_MasterEnableRestart
 ---------------------------------------------------------------------------------
 (9) _I2C_DO_SEND_ADR_WRITE                                0     0      0      22
               _I2C_MasterSendTxData
 ---------------------------------------------------------------------------------
 (9) _I2C_DO_SEND_ADR_READ                                 0     0      0      22
               _I2C_MasterSendTxData
 ---------------------------------------------------------------------------------
 (10) _I2C_MasterSendTxData                                1     1      0      22
                                              2 COMMON     1     1      0
 ---------------------------------------------------------------------------------
 (9) _I2C_DO_RX_ACK                                        0     0      0       0
                  _I2C_MasterSendAck
 ---------------------------------------------------------------------------------
 (9) _I2C_DO_RX                                            2     2      0    1302
                                              0 BANK0      2     2      0
                                NULL *
            _I2C_CallbackReturnReset *
             _I2C_CallbackReturnStop *
             _I2C_DO_RX_NACK_RESTART
                _I2C_DO_RX_NACK_STOP
                _I2C_MasterGetRxData
                  _I2C_MasterSendAck
              _wr1RegCompleteHandler *
 ---------------------------------------------------------------------------------
 (10) _I2C_MasterSendAck                                   0     0      0       0
 ---------------------------------------------------------------------------------
 (10) _I2C_MasterGetRxData                                 0     0      0       0
 ---------------------------------------------------------------------------------
 (9) _I2C_DO_RX_NACK_STOP                                  0     0      0       0
                 _I2C_MasterSendNack
 ---------------------------------------------------------------------------------
 (9) _I2C_DO_RX_NACK_RESTART                               0     0      0       0
                 _I2C_MasterSendNack
 ---------------------------------------------------------------------------------
 (10) _I2C_MasterSendNack                                  0     0      0       0
 ---------------------------------------------------------------------------------
 (9) _I2C_DO_RESET                                         0     0      0       0
 ---------------------------------------------------------------------------------
 (9) _I2C_DO_RCEN                                          0     0      0       0
                  _I2C_MasterStartRx
 ---------------------------------------------------------------------------------
 (10) _I2C_MasterStartRx                                   0     0      0       0
 ---------------------------------------------------------------------------------
 (9) _I2C_DO_IDLE                                          0     0      0       0
 ---------------------------------------------------------------------------------
 (9) _I2C_DO_ADDRESS_NACK                                  2     2      0    1302
                                              0 BANK0      2     2      0
                                NULL *
            _I2C_CallbackReturnReset *
             _I2C_CallbackReturnStop *
                _I2C_DO_SEND_RESTART
                   _I2C_DO_SEND_STOP
              _wr1RegCompleteHandler *
 ---------------------------------------------------------------------------------
 (10) _wr1RegCompleteHandler                               1     0      1    1090
                                              9 COMMON     1     0      1
                      _I2C_SetBuffer
        _I2C_SetDataCompleteCallback
 ---------------------------------------------------------------------------------
 (5) _I2C_SetDataCompleteCallback                          3     0      3     806
                                              6 COMMON     3     0      3
                    _I2C_SetCallback
 ---------------------------------------------------------------------------------
 (6) _I2C_SetCallback                                      4     1      3     458
                                              2 COMMON     4     1      3
 ---------------------------------------------------------------------------------
 (5) _I2C_SetBuffer                                        3     1      2     262
                                              2 COMMON     3     1      2
 ---------------------------------------------------------------------------------
 (10) _I2C_DO_SEND_STOP                                    0     0      0       0
                     _I2C_MasterStop
 ---------------------------------------------------------------------------------
 (11) _I2C_MasterStop                                      0     0      0       0
 ---------------------------------------------------------------------------------
 (10) _I2C_DO_SEND_RESTART                                 0     0      0       0
            _I2C_MasterEnableRestart
 ---------------------------------------------------------------------------------
 (11) _I2C_MasterEnableRestart                             0     0      0       0
 ---------------------------------------------------------------------------------
 (10) _I2C_CallbackReturnStop                              1     0      1       0
                                              9 COMMON     1     0      1
 ---------------------------------------------------------------------------------
 (10) _I2C_CallbackReturnReset                             1     0      1     212
                                              9 COMMON     1     0      1
 ---------------------------------------------------------------------------------
 (15) NULL(Fake)                                           1     0      1       0
 ---------------------------------------------------------------------------------
 (7) _I2C_MasterStart                                      0     0      0       0
 ---------------------------------------------------------------------------------
 (5) _I2C_Close                                            1     1      0      24
                                              2 COMMON     1     1      0
                 _I2C_MasterClearIrq
                    _I2C_MasterClose
               _I2C_MasterDisableIrq
 ---------------------------------------------------------------------------------
 (6) _I2C_MasterDisableIrq                                 0     0      0       0
 ---------------------------------------------------------------------------------
 (6) _I2C_MasterClose                                      0     0      0       0
 ---------------------------------------------------------------------------------
 (6) _I2C_MasterClearIrq                                   0     0      0       0
 ---------------------------------------------------------------------------------
 (1) _KEY_Init                                             2     2      0     404
                                              6 COMMON     2     2      0
                             ___bmul
 ---------------------------------------------------------------------------------
 (2) ___bmul                                               4     3      1     248
                                              2 COMMON     4     3      1
 ---------------------------------------------------------------------------------
 Estimated maximum stack depth 15
 ---------------------------------------------------------------------------------
 (Depth) Function   	        Calls       Base Space   Used Autos Params    Refs
 ---------------------------------------------------------------------------------
 (13) _INTERRUPT_InterruptManager                          0     0      0     164
                           _TMR0_ISR
                           _TMR1_ISR
 ---------------------------------------------------------------------------------
 (14) _TMR1_ISR                                            0     0      0     164
                                NULL *
                      _TMR1_10msEven *
                    _TMR1_WriteTimer
 ---------------------------------------------------------------------------------
 (15) _TMR1_WriteTimer                                     2     0      2     164
                                              0 COMMON     2     0      2
 ---------------------------------------------------------------------------------
 (15) _TMR1_10msEven                                       0     0      0       0
 ---------------------------------------------------------------------------------
 (14) _TMR0_ISR                                            0     0      0       0
                      _TMR0_CallBack
 ---------------------------------------------------------------------------------
 (15) _TMR0_CallBack                                       0     0      0       0
                                NULL *
                      _TMR0_10msEven *
 ---------------------------------------------------------------------------------
 (16) _TMR0_10msEven                                       1     1      0       0
                                              0 COMMON     1     1      0
 ---------------------------------------------------------------------------------
 (15) NULL(Fake)                                           1     0      1       0
 ---------------------------------------------------------------------------------
 Estimated maximum stack depth 16
 ---------------------------------------------------------------------------------

 Call Graph Graphs:

 _main (ROOT)
   _KEY_Init
     ___bmul
   _LCD_Init
     _LCD_Command
       _PCF8574_LCD_SendNibble
         _I2C_Write1ByteRegister
           _I2C_Close
             _I2C_MasterClearIrq
             _I2C_MasterClose
             _I2C_MasterDisableIrq
           _I2C_MasterWrite
             _I2C_MasterOperation
               _I2C_MasterStart
               _I2C_Poller
                 _I2C_MasterFsm
                   _I2C_DO_ADDRESS_NACK *
                     NULL(Fake) *
                     _I2C_CallbackReturnReset *
                     _I2C_CallbackReturnStop *
                     _I2C_DO_SEND_RESTART *
                       _I2C_MasterEnableRestart
                     _I2C_DO_SEND_STOP *
                       _I2C_MasterStop
                     _wr1RegCompleteHandler *
                       _I2C_SetBuffer
                       _I2C_SetDataCompleteCallback
                         _I2C_SetCallback
                   _I2C_DO_IDLE *
                   _I2C_DO_RCEN *
                     _I2C_MasterStartRx
                   _I2C_DO_RESET *
                   _I2C_DO_RX *
                     NULL(Fake) *
                     _I2C_CallbackReturnReset *
                     _I2C_CallbackReturnStop *
                     _I2C_DO_RX_NACK_RESTART *
                       _I2C_MasterSendNack
                     _I2C_DO_RX_NACK_STOP *
                       _I2C_MasterSendNack
                     _I2C_MasterGetRxData *
                     _I2C_MasterSendAck *
                     _wr1RegCompleteHandler *
                   _I2C_DO_RX_ACK *
                     _I2C_MasterSendAck
                   _I2C_DO_RX_NACK_RESTART *
                   _I2C_DO_RX_NACK_STOP *
                   _I2C_DO_SEND_ADR_READ *
                     _I2C_MasterSendTxData
                   _I2C_DO_SEND_ADR_WRITE *
                     _I2C_MasterSendTxData
                   _I2C_DO_SEND_RESTART *
                   _I2C_DO_SEND_RESTART_READ *
                     _I2C_MasterEnableRestart
                   _I2C_DO_SEND_RESTART_WRITE *
                     _I2C_MasterEnableRestart
                   _I2C_DO_SEND_STOP *
                   _I2C_DO_TX *
                     NULL(Fake) *
                     _I2C_CallbackReturnReset *
                     _I2C_CallbackReturnStop *
                     _I2C_DO_SEND_RESTART_READ *
                     _I2C_DO_SEND_RESTART_WRITE *
                     _I2C_DO_SEND_STOP *
                     _I2C_MasterIsNack *
                     _I2C_MasterSendTxData *
                     _wr1RegCompleteHandler *
                   _I2C_DO_TX_EMPTY *
                     NULL(Fake) *
                     _I2C_CallbackReturnReset *
                     _I2C_CallbackReturnStop *
                     _I2C_DO_SEND_RESTART *
                     _I2C_DO_SEND_STOP *
                     _I2C_MasterSetIrq *
                     _wr1RegCompleteHandler *
                   _I2C_MasterClearIrq *
                   _I2C_MasterIsNack *
                 _I2C_MasterWaitForEvent
           _I2C_Open
             _I2C_MasterClearIrq
             _I2C_MasterOpen
           _I2C_SetAddressNackCallback
             _I2C_SetCallback
           _I2C_SetBuffer
           _I2C_SetDataCompleteCallback
     _PCF8574_LCD_SendNibble
   _LCD_Print
     _LCD_Data
       _PCF8574_LCD_SendNibble
   _LCD_SetCursor
     _LCD_Command
   _RelayControl_Init
     ___lwdiv
     ___lwmod
     ___wmul
   _SYSTEM_Initialize
     _I2C_Initialize
     _OSCILLATOR_Initialize
     _PIN_MANAGER_Initialize
     _TMR0_Initialize
     _TMR1_Initialize
     _WDT_Initialize
   _TMR0_SetInterruptHandler
   _TMR1_SetInterruptHandler
   _sprintf
     _vfprintf
       _vfpfcnvrt
         _fputc
           _putch

 _INTERRUPT_InterruptManager (ROOT)
   _TMR0_ISR
     _TMR0_CallBack
       NULL(Fake) *
       _TMR0_10msEven *
   _TMR1_ISR
     NULL(Fake) *
     _TMR1_10msEven *
     _TMR1_WriteTimer *

 Address spaces:
Name               Size   Autos  Total    Cost      Usage
BIGRAM             1F0      0       0       0        0.0%
EEDATA             100      0       0       0        0.0%
NULL                 0      0       0       0        0.0%
CODE                 0      0       0       0        0.0%
BITCOMMON            E      0       0       1        0.0%
BITSFR0              0      0       0       1        0.0%
SFR0                 0      0       0       1        0.0%
COMMON               E      A       C       2       85.7%
BITSFR1              0      0       0       2        0.0%
SFR1                 0      0       0       2        0.0%
BITSFR2              0      0       0       3        0.0%
SFR2                 0      0       0       3        0.0%
STACK                0      0       0       3        0.0%
BITSFR3              0      0       0       4        0.0%
SFR3                 0      0       0       4        0.0%
ABS                  0      0      F1       4        0.0%
BITBANK0            50      0       0       5        0.0%
BITSFR4              0      0       0       5        0.0%
SFR4                 0      0       0       5        0.0%
BANK0               50     15      49       6       91.2%
BITSFR5              0      0       0       6        0.0%
SFR5                 0      0       0       6        0.0%
BITBANK1            50      0       0       7        0.0%
BITSFR6              0      0       0       7        0.0%
SFR6                 0      0       0       7        0.0%
BANK1               50      D      50       8      100.0%
BITSFR7              0      0       0       8        0.0%
SFR7                 0      0       0       8        0.0%
BITBANK2            50      0       0       9        0.0%
BITSFR8              0      0       0       9        0.0%
SFR8                 0      0       0       9        0.0%
BANK2               50      0      4C      10       95.0%
BITSFR9              0      0       0      10        0.0%
SFR9                 0      0       0      10        0.0%
BITBANK3            50      0       0      11        0.0%
BITSFR10             0      0       0      11        0.0%
SFR10                0      0       0      11        0.0%
BANK3               50      0       0      12        0.0%
BITSFR11             0      0       0      12        0.0%
SFR11                0      0       0      12        0.0%
BITBANK4            50      0       0      13        0.0%
BITSFR12             0      0       0      13        0.0%
SFR12                0      0       0      13        0.0%
BANK4               50      0       0      14        0.0%
BITSFR13             0      0       0      14        0.0%
SFR13                0      0       0      14        0.0%
BITBANK5            50      0       0      15        0.0%
BITSFR14             0      0       0      15        0.0%
SFR14                0      0       0      15        0.0%
BANK5               50      0       0      16        0.0%
BITSFR15             0      0       0      16        0.0%
SFR15                0      0       0      16        0.0%
BITBANK6            10      0       0      17        0.0%
BITSFR16             0      0       0      17        0.0%
SFR16                0      0       0      17        0.0%
BANK6               10      0       0      18        0.0%
BITSFR17             0      0       0      18        0.0%
SFR17                0      0       0      18        0.0%
BITSFR18             0      0       0      19        0.0%
SFR18                0      0       0      19        0.0%
DATA                 0      0      F1      19        0.0%
BITSFR19             0      0       0      20        0.0%
SFR19                0      0       0      20        0.0%
BITSFR20             0      0       0      21        0.0%
SFR20                0      0       0      21        0.0%
BITSFR21             0      0       0      22        0.0%
SFR21                0      0       0      22        0.0%
BITSFR22             0      0       0      23        0.0%
SFR22                0      0       0      23        0.0%
BITSFR23             0      0       0      24        0.0%
SFR23                0      0       0      24        0.0%
BITSFR24             0      0       0      25        0.0%
SFR24                0      0       0      25        0.0%
BITSFR25             0      0       0      26        0.0%
SFR25                0      0       0      26        0.0%
BITSFR26             0      0       0      27        0.0%
SFR26                0      0       0      27        0.0%
BITSFR27             0      0       0      28        0.0%
SFR27                0      0       0      28        0.0%
BITSFR28             0      0       0      29        0.0%
SFR28                0      0       0      29        0.0%
BITSFR29             0      0       0      30        0.0%
SFR29                0      0       0      30        0.0%
BITSFR30             0      0       0      31        0.0%
SFR30                0      0       0      31        0.0%
BITSFR31             0      0       0      32        0.0%
SFR31                0      0       0      32        0.0%


Microchip Technology PIC Macro Assembler V2.46 build 20240104201356 
Symbol Table                                                                                   Wed Nov 19 13:44:01 2025

                  ??_I2C_DO_SEND_ADR_READ 0072                        ?_RelayControl_Init 0070  
                          ___bmul@product 0074                   ??_I2C_DO_SEND_ADR_WRITE 0073  
                            ?_LCD_Command 0070                                        l15 0262  
                                      l65 00CC                       ___wmul@multiplicand 0074  
                         _timer0ReloadVal 007A                             _LCD_SetCursor 062E  
                   ??_I2C_DO_SEND_RESTART 0072                                       l111 0598  
                                     l114 053C                                       l122 0642  
                                     l108 0485                                       l117 012E  
                                     l302 051C                                       l320 04FB  
                                     l312 0736                                       l128 05E7  
                                     l401 0793                                       l305 0789  
                                     l410 04D7                                       l330 04AE  
                                     l162 02A6                                       l315 072B  
                                     l163 02A6                                       l404 078E  
                                     l309 06E0                                       l333 07B6  
                                     l342 0166                                       l326 0707  
                                     l422 06FA                                       l191 06B2  
                                     l415 07E6                                       l431 07BB  
                                     l440 07D9                                       l336 0751  
                                     l520 0720                                       l425 07DF  
                                     l345 0182                                       l434 07D6  
                                     l418 07E4                                       l370 0760  
                                     l514 067F                                       l443 07D3  
                                     l339 0759                                       l291 035E  
                                     l523 07BF                                       l452 07C7  
                                     l428 07CD                                       l292 035F  
                                     l188 03FB                                       l620 06A1  
                                     l437 07D0                                       l461 07CA  
                                     l517 071B                                       l446 0784  
                                     l358 02C6                                       l455 07DC  
                                     l359 02ED                                       l383 07B1  
                                     l296 05FF                                       l376 0458  
                                     l392 07A2                                       l464 0779  
                                     l800 0566                                       l288 0748  
                                     l449 07C3                                       l458 07E2  
                                     l386 07AC                                       l802 057A  
                                     l554 05CF                                       l395 079D  
                                     l468 077E                                       l572 06ED  
                                     l389 07A7                                       l398 0798  
                                     l647 0772                                       l826 0657  
                                     l594 0778                       ??_RelayControl_Init 007A  
                                     u720 04DF                                       u721 04DE  
                                     u730 06D9                                       u810 06F3  
                                     u731 06D8                                       u811 06F2  
                                     u840 0332                                       u841 0331  
                                     u850 05EF                                       u770 077E  
                                     u851 05EE                                       u771 077D  
                         _timer1ReloadVal 002A                                       _buf 00C1  
                                     _key 0140                    _I2C_MasterWaitForEvent 0779  
                                     wreg 0009              ??_I2C_SetAddressNackCallback 007A  
                  _I2C_Write1ByteRegister 03CA                  ??_I2C_CallbackReturnStop 007A  
                            _I2C_DO_RESET 078A                                      l1080 0329  
                                    l1304 01D2                                      l1090 03C9  
                                    l1315 07E8                                      l2303 079E  
                                    l1263 055B                                      l2313 07C0  
                                    l2305 07A1                                      l2321 0794  
                                    l2331 07A6                                      l2323 0797  
                                    l2315 078F                                      l1292 05B4  
                                    l2261 04EE                                      l2341 07E3  
                                    l2309 07CB                                      l3221 013C  
                                    l3213 012F                                      l2317 0792  
                                    l3301 04AF                                      l1286 021B  
                                    l2271 07D4                                      l2263 072C  
                                    l2327 07CE                                      l2335 07C8  
                                    l2351 07B5                                      l3231 0144  
                                    l3303 04B1                                      l2345 07E0  
                                    l2273 07D1                                      l2265 06D4  
                                    l2257 04D9                                      l2281 06B1  
                                    l2337 07E5                                      l3233 0168  
                                    l3225 0140                                      l3217 0138  
                                    l2441 075F                                      l2329 07A3  
                                    l3305 04B4                                      l3321 0486  
                                    l3401 047C                                      l2611 05F5  
                                    l2603 05E8                                      l2267 06D9  
                                    l2259 04DF                                      l2275 07C4  
                                    l2347 07B2                                      l2355 0749  
                                    l2363 0752                                      l3235 0174  
                                    l3251 02B7                                      l2291 07AD  
                                    l3315 04BC                                      l3323 0489  
                                    l3331 06FB                                      l2531 06F3  
                                    l3411 01F9                                      l3403 01D5  
                                    l2541 07DA                                      l2613 05F8  
                                    l2605 05EF                                      l2269 06DF  
                                    l2277 06A2                                      l2285 077F  
                                    l2349 07B4                                      l2357 074B  
                                    l2365 0754                                      l3237 017F  
                                    l3261 02C8                                      l3253 02C1  
                                    l2437 075A                                      l2293 07B0  
                                    l3309 04B8                                      l3325 048E  
                                    l3333 06FC                                      l3341 0505  
                                    l2533 06F4                                      l3421 057D  
                                    l3501 0061                                      l3405 01E6  
                                    l2543 07DD                                      l2615 05FB  
                                    l2607 05F0                                      l2519 07D7  
                                    l2279 06AA                                      l2359 0750  
                                    l2367 0758                                      l3239 0181  
                                    l3271 02D0                                      l3255 02C4  
                                    l3247 02A9                                      l2439 075C  
                                    l2471 0799                                      l3327 0496  
                                    l3335 06FF                                      l3351 0514  
                                    l3343 0506                                      l2535 06F6  
                                    l3423 058F                                      l3431 055E  
                                    l3511 007C                                      l3503 0061  
                                    l3407 01EE                                      l3415 0203  
                                    l2609 05F2                                      l2617 05FE  
                                    l2289 07B8                                      l3265 02CC  
                                    l3249 02B1                                      l2297 07A8  
                                    l2473 079C                                      l2481 078D  
                                    l3329 0499                                      l3337 0702  
                                    l3353 0517                                      l3345 0508  
                                    l2537 06F9                                      l2529 06EE  
                                    l3425 051F                                      l3433 0562  
                                    l3521 00B0                                      l3513 008A  
                                    l3505 0064                                      l2721 0747  
                                    l3409 01F5                                      l2811 064D  
                                    l3283 0432                                      l2299 07AB  
                                    l3347 050D                                      l3355 051A  
                                    l3339 04FE                                      l2571 0335  
                                    l3371 03E7                                      l3363 03CC  
                                    l3531 00EE                                      l3427 0533  
                                    l3451 02FE                                      l3443 02EE  
                                    l3435 056B                                      l3523 00BE  
                                    l3515 0098                                      l3507 0066  
                                    l2715 0740                                      l2731 05C1  
                                    l2723 05B5                                      l2813 064F  
                                    l2805 0644                                      l3285 0435  
                                    l3277 042B                                      l2477 078A  
                                    l3349 0511                                      l2581 0348  
                                    l2573 0336                                      l2565 032B  
                                    l3373 03F0                                      l3365 03CC  
                                    l3533 00F7                                      l3525 00CD  
                                    l3541 0630                                      l3461 031A  
                                    l3453 0302                                      l3445 02F0  
                                    l3437 0570                                      l3429 055C  
                                    l3517 009A                                      l3509 006A  
                                    l2717 0742                                      l2741 0715  
                                    l2733 05C5                                      l2725 05BA  
                                    l3381 018D                                      l2815 0656  
                                    l2807 0645                                      l3279 042E  
                                    l3295 043B                                      l2479 078C  
                                    l3359 0785                                      l2591 035A  
                                    l2583 034C                                      l2575 033D  
                                    l2567 0332                                      l3375 03F3  
                                    l3367 03D6                                      l3535 0106  
                                    l3527 00D9                                      l3551 05DF  
                                    l3543 0638                                      l3463 031F  
                                    l3455 0306                                      l3447 02F6  
                                    l3471 039C                                      l3439 0576  
                                    l3519 009E                                      l2719 0744  
                                    l2743 0718                                      l2735 05C7  
                                    l2727 05BD                                      l2751 0693  
                                    l3383 0192                                      l2809 0649  
                                    l3289 0437                                      l2593 035D  
                                    l2585 0351                                      l2577 0342  
                                    l2569 0334                                      l3369 03DF  
                                    l3393 045B                                      l3537 010C  
                                    l3529 00DF                                      l3545 05D2  
                                    l3457 0315                                      l3449 02F9  
                                    l3465 0325                                      l3481 03B6  
                                    l3473 039F                                      l2745 0719  
                                    l2737 05CB                                      l2729 05BF  
                                    l2761 069E                                      l2753 0695  
                                    l3385 019C                                      l3377 0183  
                                    l3561 0552                                      l3553 053F  
                                    l2587 0352                                      l2579 0343  
                                    l3395 046A                                      l3539 0125  
                                    l3547 05D3                                      l3459 0319  
                                    l3483 03BA                                      l3475 03A4  
                                    l2739 05CD                                      l2771 06EC  
                                    l2763 06E1                                      l2755 0697  
                                    l2747 07BC                                      l3387 01BA  
                                    l3379 0188                                      l3491 059B  
                                    l3555 0543                                      l2589 0357  
                                    l2597 0721                                      l3397 046B  
                                    l3549 05DA                                      l3485 03BF  
                                    l3477 03A8                                      l3469 0396  
                                    l2765 06E6                                      l2757 0698  
                                    l2749 0691                                      l2941 066D  
                                    l3389 01C9                                      l3493 05A0  
                                    l3557 0545                                      l3581 027A  
                                    l3399 0473                                      l3479 03AC  
                                    l3487 03C5                                      l2767 06E9  
                                    l2759 069C                                      l2943 0773  
                                    l3495 05A8                                      l3559 0547  
                                    l3591 028E                                      l3583 027D  
                                    l3575 0263                                      l3681 02DF  
                                    l2769 06EB                                      l2945 076D  
                                    l3497 05B2                                      l3593 0292  
                                    l3585 027E                                      l3577 0274  
                                    l2883 021D                                      l3683 0158  
                                    l3595 0299                                      l3587 027F  
                                    l3579 0277                                      l2885 0258  
                                    l2877 021C                                      l3685 044A  
                                    l3597 02A2                                      l3589 0285  
                                    l2887 025C                                      l3679 04CF  
                                    STR_1 041C                                      STR_2 06C4  
                                    u1000 0720                                      u1001 071F  
                                    u1070 0649                                      u1230 0262  
                                    u1071 0648                                      u1231 0261  
                                    u1080 0656                                      u1081 0655  
                                    u1500 050D                                      u1501 050C  
                                    _LATA 010C                                      u1430 0137  
                                    u1510 03D6                                      _LATB 010D  
                                    u1431 0136                                      u1511 03D5  
                                    _LATC 010E                                      u1440 017F  
                                    u1520 03FB                                      u1441 017E  
                                    u1521 03FA                                      _LATE 0110  
                                    u1450 02C1                                      u1530 0188  
                                    u1451 02C0                                      u1531 0187  
                                    u1460 048E                                      u1700 0315  
                                    u1620 0562                                      u1540 018D  
                                    u1461 048D                                      u1605 0581  
                                    u1701 0314                                      u1621 0561  
                                    u1541 018C                                      u1470 0496  
                                    u1550 019C                                      u1471 0495  
                                    u1615 0524                                      u1551 019B  
                                    u1480 0707                                      u1800 05E7  
                                    u1720 0325                                      u1560 01BA  
                                    u1481 0706                                      u1801 05E6  
                                    u1721 0324                                      u1705 0311  
                                    u1561 01B9                                      u1490 0505  
                                    u1730 039C                                      u1650 0576  
                                    u1491 0504                                      u1715 031B  
                                    u1731 039B                                      u1651 0575  
                                    u1635 0567                                      u1580 046A  
                                    u1660 02F6                                      u1581 0469  
                                    u1661 02F5                                      u1645 056C  
                                    u1565 01B6                                      u1750 03AC  
                                    u1590 01E6                                      u1575 045E  
                                    u1751 03AB                                      u1591 01E5  
                                    u1680 0306                                      u1760 03B6  
                                    u1817 0537                                      u1681 0305  
                                    u1761 03B5                                      u1745 03A0  
                                    u1827 00D3                                      u1675 02FA  
                                    u1780 03C5                                      u1837 00E3  
                                    u1781 03C4                                      u1765 03B2  
                                    u1790 05B2                                      u1847 00F2  
                                    u1695 0307                                      u1775 03BB  
                                    u1791 05B1                                      u1857 0101  
                                    u1867 0110                                      u1877 0129  
                                    u1887 0593                                      u1897 0477  
                                    i1l95 066C                                      _PLLR 04D6  
                                    _TMR0 0015                                      _WPUB 020D  
                                    _WPUE 0210                                      _dbuf 0120  
                                    _main 0263                  ?_I2C_CallbackReturnReset 0079  
                                    _prec 0026                                      fsr0h 0005  
                                    fsr1h 0007                                      indf0 0000  
                                    fsr0l 0004                                      indf1 0001  
                                    fsr1l 0006                          __end_of_I2C_Open 0360  
                                    btemp 007E                 __end_of_RelayControl_Init 00CD  
                                    start 0026                ??_TMR1_SetInterruptHandler 0074  
                       ___bmul@multiplier 0075                          ?_I2C_MasterClose 0070  
                        __end_of_LCD_Data 053D                   __end_of_TMR0_Initialize 06EE  
                        __end_of_LCD_Init 012F                              LCD_Data@data 0059  
                          ?_LCD_SetCursor 005A                          ?_I2C_MasterStart 0070  
                           _I2C_DO_RX_ACK 0799                          ?_I2C_MasterWrite 0070  
           __end_of_OSCILLATOR_Initialize 0721                                     ?_main 0070  
                                   _T1CON 0018                           __end_of___lwdiv 032A  
                                   i1l100 0395                          __end_of_KEY_Init 0263  
                         __end_of___lwmod 03CA                                     i1l634 06C3  
                                   i1l483 0012                                     i1l644 062D  
                                   i1l591 0714                                     i1l488 0024  
                                   i1l489 0024                                     i1l587 0617  
                            vfpfcnvrt@fmt 004B                  PCF8574_LCD_SendNibble@rs 0054  
                                   _TMR1H 0017                                     _TMR1L 0016  
                       ??_I2C_DO_TX_EMPTY 004B                                     _TRISA 008C  
                                   _TRISB 008D                                     _TRISC 008E  
                                   _TRISE 0090                                     u92_20 0669  
                                   u92_21 0668                                     u96_20 037C  
                                   u96_21 037B                                     u97_20 038D  
                                   u97_21 038C                 ?_TMR0_SetInterruptHandler 0072  
                   RelayControl_Init@temp 004B                          __end_of_TMR0_ISR 0618  
                        __end_of_TMR1_ISR 062E                         __end_of_I2C_DO_RX 02EE  
                       __end_of_I2C_DO_TX 0183                                     _flags 003E  
                          _WDT_Initialize 07BC                                     _fputc 0183  
                       __end_of_I2C_Close 0600            I2C_MasterOperation@returnValue 0050  
                                   _width 0024                                     _putch 07E8  
                 _I2C_MasterEnableRestart 07D4                   __end_of_TMR1_Initialize 06A2  
                                   pclath 000A                          ?_I2C_SetCallback 0072  
            I2C_SetAddressNackCallback@cb 0076                                     status 0003  
                                   wtemp0 007E                           __end_of_sprintf 055C  
                       ?_I2C_DO_SEND_STOP 0070                                _fT0_fT10ms 0044  
                         _TMR1_WriteTimer 06B3                        ??_I2C_DO_SEND_STOP 0072  
                         __initialization 0028                              __end_of_main 02A9  
               ?_I2C_DO_SEND_RESTART_READ 0070                            ?_I2C_DO_RX_ACK 0070  
             ?_INTERRUPT_InterruptManager 0070                     __end_of_TMR0_10msEven 066D  
                                  ??_main 007A                         ?_I2C_MasterIsNack 0070  
                       ?_I2C_MasterSetIrq 0070                     __end_of_TMR1_10msEven 0396  
                       __end_of_LCD_Print 05E8                        ??_I2C_MasterIsNack 0072  
                  __end_of_WDT_Initialize 07C0                        ??_I2C_MasterSetIrq 0072  
                            LCD_Print@str 005B           __end_of_I2C_CallbackReturnReset 07E5  
                                  ?_fputc 0072                                    _APFCON 011D  
           I2C_SetDataCompleteCallback@cb 0076                                    _ANSELA 018C  
                                  ?_putch 0070                                    _ANSELB 018D  
                                  _BORCON 0116                                    _T1GCON 0019  
                            ??_I2C_Poller 007A                                    u101_20 070F  
                                  u101_21 070E                                    u102_20 06B8  
                                  u102_21 06B7                   TMR1_WriteTimer@timerVal 0070  
                                  i1l3101 0020                                    i1l3091 0006  
                                  i1l2701 038D                                    i1l3093 000A  
                                  i1l2703 038F                                    i1l3095 000E  
                                  i1l2705 0393                                    i1l3097 0016  
                                  i1l2651 0658                                    i1l3099 001B  
                                  i1l2653 065D                                    i1l2655 0663  
                                  i1l2657 0669                                    i1l2659 066A  
                                  i1l2691 0371                                    i1l2773 0708  
                                  i1l2693 037C                                    i1l2781 06B9  
                                  i1l2775 070F                                    i1l2695 037E  
                                  i1l2783 06BB                                    u140_20 0016  
                                  i1l2961 0601                                    i1l2697 0382  
                                  i1l2689 0360                                    i1l2785 06BD  
                                  i1l2777 06B3                                    u140_21 0015  
                                  i1l2963 0611                                    i1l2699 0384  
                                  i1l2779 06B8                                    i1l2787 06BF  
                                  i1l2971 0621                                    i1l2965 0614  
                                  i1l2789 06C1                                    i1l2973 0628  
                                  i1l2959 0600                                    i1l2967 0618  
                                  u125_20 0611                                    u141_20 001B  
                                  u125_21 0610                                    i1l2969 061A  
                                  u141_21 001A                                    u126_20 0628  
                                  u142_20 0020                                    u126_21 0627  
                                  u142_21 001F                                    u138_20 000A  
                                  u138_21 0009                                    u139_20 000E  
                                  u139_21 000D                                    _OSCCON 0099  
                                  _WDTCON 0097                                    _SSPADD 0212  
                                  _SSPBUF 0211                       _I2C_MasterGetRxData 07CB  
                            vfprintf@cfmt 0057                                    ___bmul 0643  
                                  ___wmul 055C                             _I2C_MasterFsm 0486  
                         ??_LCD_SetCursor 007A                                 ??___lwdiv 0076  
                               ??___lwmod 0076                          ?_TMR0_Initialize 0070  
                       I2C_SetCallback@cb 0072                             _I2C_SetBuffer 06D3  
                      __end_of_I2C_Poller 0708              __end_of_I2C_MasterDisableIrq 07DD  
                             _fT0_1second 0043                                    fputc@c 0072  
                     _I2C_DO_ADDRESS_NACK 04AF                              __pdataCOMMON 007B  
                    ?_I2C_MasterGetRxData 0070                                 ?_I2C_Open 0070  
                             _fT1_1second 003F        __end_of_I2C_SetAddressNackCallback 072C  
              _I2C_SetAddressNackCallback 0721                           ?_WDT_Initialize 0070  
               ??_I2C_MasterEnableRestart 0072                                    putch@c 0070  
                   __end_of_TMR0_CallBack 0715                          __end_of_vfprintf 05B5  
TMR1_SetInterruptHandler@InterruptHandler 0072  TMR0_SetInterruptHandler@InterruptHandler 0072  
                          _T0_1second_cnt 0042                                 ??_sprintf 005B  
                 __end_of_TMR1_WriteTimer 06C4                          ?_TMR1_Initialize 0070  
                       _SYSTEM_Initialize 066D                                 ?_LCD_Data 0070  
                 __end_of__initialization 005D                                 ?_LCD_Init 0070  
                     _I2C_MasterOperation 04FC                        ?_SYSTEM_Initialize 0070  
                    ?_I2C_DO_ADDRESS_NACK 0070                                 ?_KEY_Init 0070  
                     ___bmul@multiplicand 0072                            __pcstackCOMMON 0070  
                          ?_I2C_MasterFsm 0070                           ??_I2C_DO_RX_ACK 0072  
                            __pidataBANK0 0737                              __pidataBANK1 0680  
                  _I2C_CallbackReturnStop 07E5                       ??_SYSTEM_Initialize 0072  
                               ?_TMR0_ISR 0070                                 ?_TMR1_ISR 0070  
                           __end_of_fputc 01D3                             __end_of_putch 07E9  
                          ?_I2C_SetBuffer 0072                   ?_I2C_MasterWaitForEvent 0070  
           __end_of_I2C_DO_SEND_ADR_WRITE 075A                ?_I2C_DO_SEND_RESTART_WRITE 0070  
                    ?_I2C_MasterOperation 0070                     ??_I2C_MasterGetRxData 0072  
                 ?_I2C_Write1ByteRegister 0051                            _OPTION_REGbits 0095  
                   TMR0_ISR@CountCallBack 002C                                ??_I2C_Open 0072  
              __end_of_I2C_MasterClearIrq 07E3                                   ??_fputc 0075  
               __end_of_SYSTEM_Initialize 0680                                   ??_putch 0072  
                       _I2C_MasterSendAck 07C0                                 KEY_Init@i 0077  
                              __pbssBANK0 0020                                __pbssBANK1 00A0  
                              __pbssBANK2 0120                             ??_I2C_DO_IDLE 0072  
                           ??_I2C_DO_RCEN 0072                               _LongKey_cnt 00BD  
                              ??_LCD_Data 0058              __end_of_I2C_MasterSendTxData 07BC  
                      ?_I2C_MasterSendAck 0070                                ??_LCD_Init 005A  
                       _I2C_MasterStartRx 07CE                     ??_I2C_DO_ADDRESS_NACK 004B  
                     _I2C_DO_RX_NACK_STOP 0794                        ?_I2C_MasterStartRx 0070  
              __end_of_I2C_MasterSendNack 07C8                                ??_KEY_Init 0076  
                   _wr1RegCompleteHandler 06A2                                __pmaintext 0263  
                     ??_I2C_MasterSendAck 0072                                   ?___bmul 0072  
             __end_of_I2C_DO_SEND_RESTART 07A8                           _I2C_DO_TX_EMPTY 042B  
        __end_of_TMR0_SetInterruptHandler 0779                       I2C_SetBuffer@buffer 0074  
                                 ?___wmul 0072                                ??_TMR0_ISR 0071  
                              ??_TMR1_ISR 0072                                __pintentry 0004  
          __end_of_I2C_MasterWaitForEvent 077F                       ??_I2C_MasterStartRx 0072  
                   ??_I2C_MasterOperation 007A            I2C_SetDataCompleteCallback@ptr 0078  
          __end_of_I2C_Write1ByteRegister 03FC                  ??_I2C_DO_RX_NACK_RESTART 0072  
       __end_of_I2C_DO_SEND_RESTART_WRITE 07AD                      ?_I2C_DO_RX_NACK_STOP 0070  
               __end_of_I2C_MasterSendAck 07C4                                   _OSCTUNE 0098  
                                 _SSPCON1 0215                                   _SSPCON2 0216  
                                 _SSPSTAT 0214                          ?_TMR1_WriteTimer 0070  
               __end_of_I2C_MasterStartRx 07D1                      I2C_Close@returnValue 0072  
            ?_I2C_SetDataCompleteCallback 0076                                 _I2C_DO_RX 02A9  
                               _I2C_DO_TX 012F          __end_of_I2C_DO_SEND_RESTART_READ 07B2  
                            _T1_100ms_cnt 0038                                 _I2C_Close 05E8  
                ??_PCF8574_LCD_SendNibble 0055                      _I2C_MasterDisableIrq 07DA  
                                 _ModeStr 00D2                           ??_I2C_MasterFsm 004D  
                     __end_of_I2C_DO_IDLE 07B7                       __end_of_I2C_DO_RCEN 0761  
                                 _x1T_cnt 0034                           ??_I2C_SetBuffer 0074  
                                 ___lwdiv 02EE                                   ___lwmod 0396  
                               ?_vfprintf 0052                   I2C_SetBuffer@bufferSize 0072  
                LCD_SetCursor@row_offsets 005B                            _I2C_MasterOpen 06EE  
                          _I2C_MasterStop 07D1                            _I2C_Initialize 0740  
                                 __ptext1 053D                                   __ptext2 0599  
                                 __ptext3 01D3                                   __ptext4 0183  
                                 __ptext5 07E8                                   __ptext6 076D  
                                 __ptext7 0773                                   __ptext8 066D  
                                 __ptext9 07BC                     ??_I2C_DO_RX_NACK_STOP 0072  
                               _T1CONbits 0018                     _OSCILLATOR_Initialize 0715  
                      I2C_SetCallback@idx 0075                  ??_PIN_MANAGER_Initialize 0072  
           I2C_CallbackReturnReset@funPtr 0079                 ?_TMR1_SetInterruptHandler 0072  
                      I2C_SetCallback@ptr 0074                  wr1RegCompleteHandler@ptr 0079  
               I2C_Write1ByteRegister@reg 0051                                 _LCD_Print 05D0  
                                 _sprintf 053D                                   clrloop0 0768  
                    end_of_initialization 005D                                ?_I2C_DO_RX 0070  
                              ?_I2C_DO_TX 0070                          LCD_SetCursor@col 005F  
                        LCD_SetCursor@row 005A                                   fputc@fp 0074  
                                 init_ram 0761                            LCD_Command@cmd 0059  
                              ?_I2C_Close 0070                                   initloop 0762  
                 __end_of_I2C_DO_TX_EMPTY 0459                     ?_I2C_MasterDisableIrq 0070  
                  ?_wr1RegCompleteHandler 0079                             _SetTimer1_cnt 0066  
                           _SetTimer2_cnt 0064                         __end_of_vfpfcnvrt 021C  
                  __end_of_I2C_MasterOpen 06FB                    __end_of_I2C_MasterStop 07D4  
                  __end_of_I2C_Initialize 0749                                ??_vfprintf 0055  
                        ??_WDT_Initialize 0072                  _TMR0_SetInterruptHandler 0773  
                    _I2C_MasterSendTxData 07B7               ?_I2C_SetAddressNackCallback 0076  
                              ?_LCD_Print 0070                               _I2C_DO_IDLE 07B2  
                             _I2C_DO_RCEN 075A             I2C_Write1ByteRegister@address 0053  
                 ?_I2C_CallbackReturnStop 0079                  _I2C_DO_SEND_RESTART_READ 07AD  
            I2C_CallbackReturnStop@funPtr 0079                           ?_I2C_MasterOpen 0070  
                               _x100T_cnt 0030                           ?_I2C_MasterStop 0070  
                         ?_I2C_Initialize 0070                             ??_LCD_Command 0058  
                 _I2C_CallbackReturnReset 07E3                            __end_of___bmul 0658  
                               _fT1_100ms 0040                               vfpfcnvrt@ap 004C  
                             vfpfcnvrt@fp 0051                            __end_of___wmul 057B  
              PCF8574_LCD_SendNibble@data 0057                     __end_of_LCD_SetCursor 0643  
                           __pidataCOMMON 07E7                     ?_I2C_MasterSendTxData 0070  
                  ?_OSCILLATOR_Initialize 0070               ??_I2C_DO_SEND_RESTART_WRITE 0072  
                     start_initialization 0028                             ?_I2C_DO_RESET 0070  
                             ??_I2C_DO_RX 004B                               ??_I2C_DO_TX 004B  
                       ??_I2C_MasterClose 0072                    ??_I2C_MasterDisableIrq 0072  
                             ??_I2C_Close 0072                         ??_I2C_MasterStart 0072  
                               _RelayMode 004A                         ??_I2C_MasterWrite 007A  
          __end_of_I2C_CallbackReturnStop 07E7                    _I2C_DO_RX_NACK_RESTART 078F  
                        ?_I2C_DO_TX_EMPTY 0070                        _I2C_MasterClearIrq 07E0  
                             vfprintf@fmt 0052                                  ??___bmul 0073  
                                ??___wmul 0076                       ?_I2C_MasterClearIrq 0070  
             __end_of_I2C_MasterGetRxData 07CE                               __pdataBANK0 0060  
                             __pdataBANK1 00D2                     __end_of_I2C_DO_RX_ACK 079E  
                        _I2C_DO_SEND_STOP 079E                         ??_I2C_SetCallback 0075  
                     I2C_Open@returnValue 0073                        _I2C_MasterSendNack 07C4  
                  _PCF8574_LCD_SendNibble 0459                  ?_I2C_MasterEnableRestart 0070  
                           _TMR0_10msEven 0658                         _i2c_fsmStateTable 03FC  
                   _I2C_DO_SEND_ADR_WRITE 0752                       __end_of_LCD_Command 0599  
                             __pbssCOMMON 007A                             _TMR1_10msEven 0360  
                               ___latbits 0002                             __pcstackBANK0 004B  
                           __pcstackBANK1 00E3                            ??_I2C_DO_RESET 0072  
                     ?_I2C_MasterSendNack 0070                               ??_LCD_Print 005A  
            __end_of_I2C_DO_SEND_ADR_READ 0752                      ??_I2C_MasterClearIrq 0072  
             __end_of_I2C_DO_ADDRESS_NACK 04D8                          _I2C_MasterIsNack 077F  
               _I2C_DO_SEND_RESTART_WRITE 07A8                          _I2C_MasterSetIrq 07C8  
                   _TMR0_InterruptHandler 002E                          ___lwdiv@dividend 0074  
                  _PIN_MANAGER_Initialize 05B5                 ??_I2C_CallbackReturnReset 007A  
             __end_of_I2C_MasterOperation 051D                      ??_I2C_MasterSendNack 0072  
        __end_of_TMR1_SetInterruptHandler 0773                                  ?___lwdiv 0072  
                                ?___lwmod 0072                    ??_I2C_MasterSendTxData 0072  
               __end_of_i2c_fsmStateTable 041C              ??_INTERRUPT_InterruptManager 0072  
                          ?_TMR0_10msEven 0070                            ?_TMR1_10msEven 0070  
                 I2C_MasterOperation@read 004F                                  _I2C_Open 032A  
                           _T1_1000ms_cnt 0036                          ___lwdiv@quotient 0078  
                               _key_level 0020                                  ?_sprintf 0059  
                           _TMR0_CallBack 0708                   ??_wr1RegCompleteHandler 007A  
                             _T0_10ms_cnt 0045                                  _LCD_Data 051D  
                       ??_TMR0_Initialize 0072                                  _LCD_Init 00CD  
                          ___wmul@product 0076                               _T1_10ms_cnt 003A  
                               clear_ram0 0767                                  _PIE1bits 0091  
                                _KEY_Init 021C                ??_TMR0_SetInterruptHandler 0074  
                                _PIR1bits 0011                     __end_of_I2C_MasterFsm 04AF  
             __end_of_I2C_DO_RX_NACK_STOP 0799                                  _TMR0_ISR 0600  
                                _TMR1_ISR 0618           __end_of_I2C_MasterEnableRestart 07D7  
                             _LCD_Command 057B                                 _vfpfcnvrt 01D3  
                   __end_of_I2C_SetBuffer 06E1                         ??_TMR1_Initialize 0072  
                       ___wmul@multiplier 0072                    ?_I2C_DO_SEND_ADR_WRITE 0070  
                I2C_MasterSendTxData@data 0072                            ?_TMR0_CallBack 0070  
                                _fT1_10ms 0041                ??_I2C_DO_SEND_RESTART_READ 0072  
                      LCD_SetCursor@F3264 0060                                _I2C_Poller 06FB  
                                _x10T_cnt 0032                                _I2C_Status 00A0  
                            ?_I2C_DO_IDLE 0070                              ?_I2C_DO_RCEN 0070  
            PCF8574_LCD_SendNibble@nibble 0056                          ??_I2C_MasterOpen 0072  
                        ??_I2C_MasterStop 0072                  ??_I2C_MasterWaitForEvent 0072  
                        ??_I2C_Initialize 0072                                vfprintf@ap 0054  
                              vfprintf@fp 0056                      __end_of_I2C_DO_RESET 078F  
                ??_I2C_Write1ByteRegister 007A                   ??_OSCILLATOR_Initialize 0072  
                         ??_TMR0_10msEven 0070                      _I2C_DO_SEND_ADR_READ 0749  
                              ?_vfpfcnvrt 004B                  _TMR1_SetInterruptHandler 076D  
                         ??_TMR1_10msEven 0070                     _TMR1_InterruptHandler 0028  
                         _I2C_MasterClose 07DD             I2C_SetAddressNackCallback@ptr 0078  
                              sprintf@fmt 0059                           I2C_Open@address 0072  
                         _I2C_MasterStart 07D7                           _I2C_MasterWrite 0785  
                         ___lwdiv@divisor 0072                           ___lwdiv@counter 0077  
                                __ptext10 0691                                  __ptext11 06E1  
                                __ptext20 05D0                                  __ptext12 05B5  
                                __ptext21 051D                                  __ptext13 0715  
                              _T1GCONbits 0019                                  __ptext30 04FC  
                                __ptext22 00CD                                  __ptext14 0740  
                                __ptext31 06FB                                  __ptext23 057B  
                                __ptext15 0061                                  __ptext40 07A3  
                                __ptext32 0779                                  __ptext24 0459  
                                __ptext16 055C                                  __ptext41 07A8  
                                __ptext33 0486                                  __ptext25 03CA  
                                __ptext17 0396                                  __ptext50 07C8  
                                __ptext42 07AD                                  __ptext34 04AF  
                                __ptext26 0721                                  __ptext18 02EE  
                                __ptext51 077F                                  __ptext43 075A  
                                __ptext35 078A                                  __ptext27 032A  
                                __ptext19 062E                                  __ptext60 072C  
                                __ptext52 07B7                                  __ptext44 02A9  
                                __ptext36 078F                                  __ptext28 06EE  
                                __ptext61 04D8                                  __ptext53 07C0  
                                __ptext45 012F                                  __ptext37 0794  
                                __ptext29 0785                                  __ptext70 021C  
                                __ptext62 06D3                                  __ptext54 07CB  
                                __ptext46 0752                                  __ptext38 0799  
                                __ptext71 0643                                  __ptext63 07D1  
                                __ptext55 07C4                                  __ptext47 0749  
                                __ptext39 079E                                  __ptext64 07D4  
                                __ptext56 07CE                                  __ptext48 07B2  
                                __ptext73 0618                                  __ptext65 07D7  
                                __ptext57 07E3                                  __ptext49 042B  
                                __ptext74 06B3                                  __ptext66 05E8  
                                __ptext58 07E5                                  __ptext75 0360  
                                __ptext67 07DA                                  __ptext59 06A2  
                                __ptext76 0600                                  __ptext68 07DD  
                                __ptext77 0708                                  __ptext69 07E0  
                                __ptext78 0658                           _SetTimer1_digi1 007B  
                         _SetTimer1_digi2 0049                           _SetTimer1_digi3 0048  
                         _SetTimer2_digi1 0068                           _SetTimer2_digi2 0047  
                         _SetTimer2_digi3 0046       __end_of_I2C_SetDataCompleteCallback 0737  
             _I2C_SetDataCompleteCallback 072C                   ?_I2C_DO_RX_NACK_RESTART 0070  
                __end_of_I2C_DO_SEND_STOP 07A3                              _ShortKey_cnt 003C  
                         _I2C_SetCallback 04D8             ??_I2C_SetDataCompleteCallback 0079  
              I2C_Write1ByteRegister@data 0052                                  int$flags 007E  
                   ?_I2C_DO_SEND_ADR_READ 0070                   ?_PCF8574_LCD_SendNibble 0054  
                                _vfprintf 0599        __end_of_INTERRUPT_InterruptManager 0026  
              _INTERRUPT_InterruptManager 0004                         ??_TMR1_WriteTimer 0072  
                __end_of_I2C_MasterIsNack 0785                  __end_of_I2C_MasterSetIrq 07CB  
                              _INTCONbits 000B                           ??_TMR0_CallBack 0071  
          __end_of_I2C_DO_RX_NACK_RESTART 0794                                  intlevel1 0000  
                             ?_I2C_Poller 0070                                 sprintf@ap 00E3  
                        ___lwmod@dividend 0074                   ?_PIN_MANAGER_Initialize 0070  
                     _I2C_DO_SEND_RESTART 07A3            __end_of_PCF8574_LCD_SendNibble 0486  
                 __end_of_I2C_MasterClose 07E0                               ??_vfpfcnvrt 004D  
                 __end_of_I2C_MasterStart 07DA                   __end_of_I2C_MasterWrite 078A  
                           __pstringtext1 03FC                             __pstringtext2 06C4  
                           __pstringtext3 0000                      ?_I2C_DO_SEND_RESTART 0070  
                              _OPTION_REG 0095                                  sprintf@f 00E5  
                                sprintf@s 00E4                           ___lwmod@divisor 0072  
                         _TMR0_Initialize 06E1                           ___lwmod@counter 0077  
                             _SSPCON1bits 0215                               _SSPCON2bits 0216  
                 __end_of_I2C_SetCallback 04FC            __end_of_PIN_MANAGER_Initialize 05D0  
           __end_of_wr1RegCompleteHandler 06B3                           _TMR1_Initialize 0691  
                       _RelayControl_Init 0061  
