

Microchip MPLAB XC8 Assembler V2.46 build 20240104201356 
                                                                                               Sat Nov 15 10:56:24 2025

Microchip MPLAB XC8 C Compiler v2.46 (Free license) build 20240104201356 Og1 
     1                           	processor	16F1936
     2                           	pagewidth 120
     3                           	opt	flic
     4                           	psect	idataBANK0,global,class=CODE,delta=2,noexec
     5                           	psect	stringtext1,global,class=STRCODE,delta=2,noexec
     6                           	psect	nvBANK0,global,class=BANK0,space=1,delta=1,noexec
     7                           	psect	stringtext2,global,class=STRCODE,delta=2,noexec
     8                           	psect	stringtext3,global,class=STRCODE,delta=2,noexec
     9                           	psect	stringtext4,global,class=STRCODE,delta=2,noexec
    10                           	psect	cinit,global,class=CODE,merge=1,delta=2
    11                           	psect	bssCOMMON,global,class=COMMON,space=1,delta=1,noexec
    12                           	psect	bssBANK0,global,class=BANK0,space=1,delta=1,noexec
    13                           	psect	dataBANK0,global,class=BANK0,space=1,delta=1,noexec
    14                           	psect	bssBANK1,global,class=BANK1,space=1,delta=1,noexec
    15                           	psect	bssBANK2,global,class=BANK2,space=1,delta=1,noexec
    16                           	psect	clrtext,global,class=CODE,delta=2
    17                           	psect	cstackCOMMON,global,class=COMMON,space=1,delta=1,noexec
    18                           	psect	cstackBANK0,global,class=BANK0,space=1,delta=1,noexec
    19                           	psect	maintext,global,class=CODE,merge=1,split=1,delta=2
    20                           	psect	text1,local,class=CODE,merge=1,delta=2,group=3
    21                           	psect	text2,local,class=CODE,merge=1,delta=2,group=1
    22                           	psect	text3,local,class=CODE,merge=1,delta=2,group=1
    23                           	psect	text4,local,class=CODE,merge=1,delta=2,group=3
    24                           	psect	text5,local,class=CODE,merge=1,delta=2,group=3
    25                           	psect	text6,local,class=CODE,merge=1,delta=2,group=3
    26                           	psect	text7,local,class=CODE,merge=1,delta=2,group=2
    27                           	psect	text8,local,class=CODE,merge=1,delta=2,group=2
    28                           	psect	text9,local,class=CODE,merge=1,delta=2
    29                           	psect	text10,local,class=CODE,merge=1,delta=2
    30                           	psect	text11,local,class=CODE,merge=1,delta=2
    31                           	psect	text12,local,class=CODE,merge=1,delta=2
    32                           	psect	text13,local,class=CODE,merge=1,delta=2
    33                           	psect	text14,local,class=CODE,merge=1,delta=2
    34                           	psect	text15,local,class=CODE,merge=1,delta=2
    35                           	psect	text16,local,class=CODE,merge=1,delta=2
    36                           	psect	text17,local,class=CODE,merge=1,delta=2
    37                           	psect	text18,local,class=CODE,merge=1,delta=2
    38                           	psect	text19,local,class=CODE,merge=1,delta=2
    39                           	psect	text20,local,class=CODE,merge=1,delta=2
    40                           	psect	text21,local,class=CODE,merge=1,delta=2
    41                           	psect	text22,local,class=CODE,merge=1,delta=2
    42                           	psect	text23,local,class=CODE,merge=1,delta=2
    43                           	psect	text24,local,class=CODE,merge=1,delta=2
    44                           	psect	text25,local,class=CODE,merge=1,delta=2
    45                           	psect	text26,local,class=CODE,merge=1,delta=2
    46                           	psect	text27,local,class=CODE,merge=1,delta=2
    47                           	psect	text28,local,class=CODE,merge=1,delta=2
    48                           	psect	text29,local,class=CODE,merge=1,inline,delta=2
    49                           	psect	text30,local,class=CODE,merge=1,delta=2
    50                           	psect	text31,local,class=CODE,merge=1,delta=2
    51                           	psect	text32,local,class=CODE,merge=1,delta=2
    52                           	psect	text33,local,class=CODE,merge=1,inline,delta=2
    53                           	psect	text34,local,class=CODE,merge=1,inline,delta=2
    54                           	psect	text35,local,class=CODE,merge=1,delta=2
    55                           	psect	text36,local,class=CODE,merge=1,delta=2
    56                           	psect	text37,local,class=CODE,merge=1,delta=2
    57                           	psect	text38,local,class=CODE,merge=1,delta=2
    58                           	psect	text39,local,class=CODE,merge=1,delta=2
    59                           	psect	text40,local,class=CODE,merge=1,delta=2
    60                           	psect	text41,local,class=CODE,merge=1,delta=2
    61                           	psect	text42,local,class=CODE,merge=1,delta=2
    62                           	psect	text43,local,class=CODE,merge=1,delta=2
    63                           	psect	text44,local,class=CODE,merge=1,delta=2
    64                           	psect	text45,local,class=CODE,merge=1,delta=2
    65                           	psect	text46,local,class=CODE,merge=1,delta=2
    66                           	psect	text47,local,class=CODE,merge=1,delta=2
    67                           	psect	text48,local,class=CODE,merge=1,delta=2
    68                           	psect	text49,local,class=CODE,merge=1,delta=2
    69                           	psect	text50,local,class=CODE,merge=1,delta=2
    70                           	psect	text51,local,class=CODE,merge=1,inline,delta=2
    71                           	psect	text52,local,class=CODE,merge=1,inline,delta=2
    72                           	psect	text53,local,class=CODE,merge=1,inline,delta=2
    73                           	psect	text54,local,class=CODE,merge=1,inline,delta=2
    74                           	psect	text55,local,class=CODE,merge=1,inline,delta=2
    75                           	psect	text56,local,class=CODE,merge=1,inline,delta=2
    76                           	psect	text57,local,class=CODE,merge=1,inline,delta=2
    77                           	psect	text58,local,class=CODE,merge=1,delta=2
    78                           	psect	text59,local,class=CODE,merge=1,delta=2
    79                           	psect	text60,local,class=CODE,merge=1,delta=2
    80                           	psect	text61,local,class=CODE,merge=1,delta=2
    81                           	psect	text62,local,class=CODE,merge=1,delta=2
    82                           	psect	text63,local,class=CODE,merge=1,delta=2
    83                           	psect	text64,local,class=CODE,merge=1,delta=2
    84                           	psect	text65,local,class=CODE,merge=1,delta=2
    85                           	psect	text66,local,class=CODE,merge=1,delta=2
    86                           	psect	text67,local,class=CODE,merge=1,delta=2
    87                           	psect	text68,local,class=CODE,merge=1,inline,delta=2
    88                           	psect	text69,local,class=CODE,merge=1,inline,delta=2
    89                           	psect	text70,local,class=CODE,merge=1,inline,delta=2
    90                           	psect	text71,local,class=CODE,merge=1,delta=2
    91                           	psect	text72,local,class=CODE,merge=1,inline,delta=2
    92                           	psect	text73,local,class=CODE,merge=1,inline,delta=2
    93                           	psect	text74,local,class=CODE,merge=1,inline,delta=2
    94                           	psect	text75,local,class=CODE,merge=1,delta=2
    95                           	psect	text76,local,class=CODE,merge=1,delta=2
    96                           	psect	text77,local,class=CODE,merge=1,delta=2
    97                           	psect	intentry,global,class=CODE,delta=2
    98                           	psect	text79,local,class=CODE,merge=1,delta=2
    99                           	psect	text80,local,class=CODE,merge=1,delta=2
   100                           	psect	text81,local,class=CODE,merge=1,delta=2
   101                           	psect	text82,local,class=CODE,merge=1,delta=2
   102                           	psect	text83,local,class=CODE,merge=1,delta=2
   103                           	psect	text84,local,class=CODE,merge=1,delta=2
   104                           	psect	text85,local,class=CODE,merge=1,delta=2
   105                           	psect	text86,local,class=CODE,merge=1,delta=2
   106                           	psect	text87,local,class=CODE,merge=1,delta=2
   107                           	psect	text88,local,class=CODE,merge=1,inline,delta=2
   108                           	psect	config,global,abs,ovrld,class=CONFIG,space=4,delta=2,noexec
   109                           	dabs	1,0x7E,2
   110     0000                     
   111                           ; Generated 27/03/2025 GMT
   112                           ; 
   113                           ; Copyright © 2025, Microchip Technology Inc. and its subsidiaries ("Microchip")
   114                           ; All rights reserved.
   115                           ; 
   116                           ; This software is developed by Microchip Technology Inc. and its subsidiaries ("Microch
      +                          ip").
   117                           ; 
   118                           ; Redistribution and use in source and binary forms, with or without modification, are
   119                           ; permitted provided that the following conditions are met:
   120                           ; 
   121                           ;     1. Redistributions of source code must retain the above copyright notice, this lis
      +                          t of
   122                           ;        conditions and the following disclaimer.
   123                           ; 
   124                           ;     2. Redistributions in binary form must reproduce the above copyright notice, this 
      +                          list
   125                           ;        of conditions and the following disclaimer in the documentation and/or other
   126                           ;        materials provided with the distribution. Publication is not required when
   127                           ;        this file is used in an embedded application.
   128                           ; 
   129                           ;     3. Microchip's name may not be used to endorse or promote products derived from th
      +                          is
   130                           ;        software without specific prior written permission.
   131                           ; 
   132                           ; THIS SOFTWARE IS PROVIDED BY MICROCHIP "AS IS" AND ANY EXPRESS OR IMPLIED WARRANTIES,
   133                           ; INCLUDING, BUT NOT LIMITED TO, THE IMPLIED WARRANTIES OF MERCHANTABILITY AND FITNESS F
      +                          OR
   134                           ; PURPOSE ARE DISCLAIMED.  IN NO EVENT SHALL MICROCHIP BE LIABLE FOR ANY DIRECT, INDIREC
      +                          T,
   135                           ; INCIDENTAL, SPECIAL, EXEMPLARY, OR CONSEQUENTIAL DAMAGES (INCLUDING BUT NOT LIMITED TO
   136                           ; PROCUREMENT OF SUBSTITUTE GOODS OR SERVICES; LOSS OF USE, DATA OR PROFITS; OR BUSINESS
   137                           ; INTERRUPTION) HOWSOEVER CAUSED AND ON ANY THEORY OF LIABILITY, WHETHER IN CONTRACT, ST
      +                          RICT
   138                           ; LIABILITY, OR TORT (INCLUDING NEGLIGENCE OR OTHERWISE) ARISING IN ANY WAY OUT OF THE U
      +                          SE OF
   139                           ; THIS SOFTWARE, EVEN IF ADVISED OF THE POSSIBILITY OF SUCH DAMAGE.
   140                           ; 
   141                           ; 
   142                           ; Code-generator required, PIC16F1936 Definitions
   143                           ; 
   144                           ; SFR Addresses
   145     0000                     	;# 
   146     0001                     	;# 
   147     0002                     	;# 
   148     0003                     	;# 
   149     0004                     	;# 
   150     0005                     	;# 
   151     0006                     	;# 
   152     0007                     	;# 
   153     0008                     	;# 
   154     0009                     	;# 
   155     000A                     	;# 
   156     000B                     	;# 
   157     000C                     	;# 
   158     000D                     	;# 
   159     000E                     	;# 
   160     0010                     	;# 
   161     0011                     	;# 
   162     0012                     	;# 
   163     0013                     	;# 
   164     0015                     	;# 
   165     0016                     	;# 
   166     0016                     	;# 
   167     0017                     	;# 
   168     0018                     	;# 
   169     0019                     	;# 
   170     001A                     	;# 
   171     001B                     	;# 
   172     001C                     	;# 
   173     001E                     	;# 
   174     001F                     	;# 
   175     008C                     	;# 
   176     008D                     	;# 
   177     008E                     	;# 
   178     0090                     	;# 
   179     0091                     	;# 
   180     0092                     	;# 
   181     0093                     	;# 
   182     0095                     	;# 
   183     0096                     	;# 
   184     0097                     	;# 
   185     0098                     	;# 
   186     0099                     	;# 
   187     009A                     	;# 
   188     009B                     	;# 
   189     009B                     	;# 
   190     009C                     	;# 
   191     009D                     	;# 
   192     009E                     	;# 
   193     010C                     	;# 
   194     010D                     	;# 
   195     010E                     	;# 
   196     0110                     	;# 
   197     0111                     	;# 
   198     0112                     	;# 
   199     0113                     	;# 
   200     0114                     	;# 
   201     0115                     	;# 
   202     0116                     	;# 
   203     0117                     	;# 
   204     0118                     	;# 
   205     0119                     	;# 
   206     011A                     	;# 
   207     011B                     	;# 
   208     011D                     	;# 
   209     018C                     	;# 
   210     018D                     	;# 
   211     0191                     	;# 
   212     0191                     	;# 
   213     0192                     	;# 
   214     0193                     	;# 
   215     0193                     	;# 
   216     0193                     	;# 
   217     0194                     	;# 
   218     0195                     	;# 
   219     0196                     	;# 
   220     0199                     	;# 
   221     019A                     	;# 
   222     019B                     	;# 
   223     019B                     	;# 
   224     019B                     	;# 
   225     019B                     	;# 
   226     019C                     	;# 
   227     019C                     	;# 
   228     019D                     	;# 
   229     019E                     	;# 
   230     019F                     	;# 
   231     020D                     	;# 
   232     0210                     	;# 
   233     0211                     	;# 
   234     0212                     	;# 
   235     0213                     	;# 
   236     0214                     	;# 
   237     0215                     	;# 
   238     0215                     	;# 
   239     0216                     	;# 
   240     0217                     	;# 
   241     0291                     	;# 
   242     0291                     	;# 
   243     0292                     	;# 
   244     0293                     	;# 
   245     0294                     	;# 
   246     0295                     	;# 
   247     0295                     	;# 
   248     0296                     	;# 
   249     0298                     	;# 
   250     0298                     	;# 
   251     0299                     	;# 
   252     029A                     	;# 
   253     029B                     	;# 
   254     029C                     	;# 
   255     029C                     	;# 
   256     029D                     	;# 
   257     029E                     	;# 
   258     029F                     	;# 
   259     0311                     	;# 
   260     0311                     	;# 
   261     0312                     	;# 
   262     0313                     	;# 
   263     0314                     	;# 
   264     0315                     	;# 
   265     0315                     	;# 
   266     0316                     	;# 
   267     0318                     	;# 
   268     0318                     	;# 
   269     0319                     	;# 
   270     031A                     	;# 
   271     031C                     	;# 
   272     031C                     	;# 
   273     031D                     	;# 
   274     031E                     	;# 
   275     0394                     	;# 
   276     0395                     	;# 
   277     0396                     	;# 
   278     0415                     	;# 
   279     0416                     	;# 
   280     0417                     	;# 
   281     041C                     	;# 
   282     041D                     	;# 
   283     041E                     	;# 
   284     0791                     	;# 
   285     0792                     	;# 
   286     0793                     	;# 
   287     0794                     	;# 
   288     0795                     	;# 
   289     0798                     	;# 
   290     0799                     	;# 
   291     07A0                     	;# 
   292     07A1                     	;# 
   293     07A3                     	;# 
   294     07A4                     	;# 
   295     07A6                     	;# 
   296     07A7                     	;# 
   297     07A9                     	;# 
   298     07AA                     	;# 
   299     0FE4                     	;# 
   300     0FE5                     	;# 
   301     0FE6                     	;# 
   302     0FE7                     	;# 
   303     0FE8                     	;# 
   304     0FE9                     	;# 
   305     0FEA                     	;# 
   306     0FEB                     	;# 
   307     0FED                     	;# 
   308     0FEE                     	;# 
   309     0FEF                     	;# 
   310     0000                     	;# 
   311     0001                     	;# 
   312     0002                     	;# 
   313     0003                     	;# 
   314     0004                     	;# 
   315     0005                     	;# 
   316     0006                     	;# 
   317     0007                     	;# 
   318     0008                     	;# 
   319     0009                     	;# 
   320     000A                     	;# 
   321     000B                     	;# 
   322     000C                     	;# 
   323     000D                     	;# 
   324     000E                     	;# 
   325     0010                     	;# 
   326     0011                     	;# 
   327     0012                     	;# 
   328     0013                     	;# 
   329     0015                     	;# 
   330     0016                     	;# 
   331     0016                     	;# 
   332     0017                     	;# 
   333     0018                     	;# 
   334     0019                     	;# 
   335     001A                     	;# 
   336     001B                     	;# 
   337     001C                     	;# 
   338     001E                     	;# 
   339     001F                     	;# 
   340     008C                     	;# 
   341     008D                     	;# 
   342     008E                     	;# 
   343     0090                     	;# 
   344     0091                     	;# 
   345     0092                     	;# 
   346     0093                     	;# 
   347     0095                     	;# 
   348     0096                     	;# 
   349     0097                     	;# 
   350     0098                     	;# 
   351     0099                     	;# 
   352     009A                     	;# 
   353     009B                     	;# 
   354     009B                     	;# 
   355     009C                     	;# 
   356     009D                     	;# 
   357     009E                     	;# 
   358     010C                     	;# 
   359     010D                     	;# 
   360     010E                     	;# 
   361     0110                     	;# 
   362     0111                     	;# 
   363     0112                     	;# 
   364     0113                     	;# 
   365     0114                     	;# 
   366     0115                     	;# 
   367     0116                     	;# 
   368     0117                     	;# 
   369     0118                     	;# 
   370     0119                     	;# 
   371     011A                     	;# 
   372     011B                     	;# 
   373     011D                     	;# 
   374     018C                     	;# 
   375     018D                     	;# 
   376     0191                     	;# 
   377     0191                     	;# 
   378     0192                     	;# 
   379     0193                     	;# 
   380     0193                     	;# 
   381     0193                     	;# 
   382     0194                     	;# 
   383     0195                     	;# 
   384     0196                     	;# 
   385     0199                     	;# 
   386     019A                     	;# 
   387     019B                     	;# 
   388     019B                     	;# 
   389     019B                     	;# 
   390     019B                     	;# 
   391     019C                     	;# 
   392     019C                     	;# 
   393     019D                     	;# 
   394     019E                     	;# 
   395     019F                     	;# 
   396     020D                     	;# 
   397     0210                     	;# 
   398     0211                     	;# 
   399     0212                     	;# 
   400     0213                     	;# 
   401     0214                     	;# 
   402     0215                     	;# 
   403     0215                     	;# 
   404     0216                     	;# 
   405     0217                     	;# 
   406     0291                     	;# 
   407     0291                     	;# 
   408     0292                     	;# 
   409     0293                     	;# 
   410     0294                     	;# 
   411     0295                     	;# 
   412     0295                     	;# 
   413     0296                     	;# 
   414     0298                     	;# 
   415     0298                     	;# 
   416     0299                     	;# 
   417     029A                     	;# 
   418     029B                     	;# 
   419     029C                     	;# 
   420     029C                     	;# 
   421     029D                     	;# 
   422     029E                     	;# 
   423     029F                     	;# 
   424     0311                     	;# 
   425     0311                     	;# 
   426     0312                     	;# 
   427     0313                     	;# 
   428     0314                     	;# 
   429     0315                     	;# 
   430     0315                     	;# 
   431     0316                     	;# 
   432     0318                     	;# 
   433     0318                     	;# 
   434     0319                     	;# 
   435     031A                     	;# 
   436     031C                     	;# 
   437     031C                     	;# 
   438     031D                     	;# 
   439     031E                     	;# 
   440     0394                     	;# 
   441     0395                     	;# 
   442     0396                     	;# 
   443     0415                     	;# 
   444     0416                     	;# 
   445     0417                     	;# 
   446     041C                     	;# 
   447     041D                     	;# 
   448     041E                     	;# 
   449     0791                     	;# 
   450     0792                     	;# 
   451     0793                     	;# 
   452     0794                     	;# 
   453     0795                     	;# 
   454     0798                     	;# 
   455     0799                     	;# 
   456     07A0                     	;# 
   457     07A1                     	;# 
   458     07A3                     	;# 
   459     07A4                     	;# 
   460     07A6                     	;# 
   461     07A7                     	;# 
   462     07A9                     	;# 
   463     07AA                     	;# 
   464     0FE4                     	;# 
   465     0FE5                     	;# 
   466     0FE6                     	;# 
   467     0FE7                     	;# 
   468     0FE8                     	;# 
   469     0FE9                     	;# 
   470     0FEA                     	;# 
   471     0FEB                     	;# 
   472     0FED                     	;# 
   473     0FEE                     	;# 
   474     0FEF                     	;# 
   475     0000                     	;# 
   476     0001                     	;# 
   477     0002                     	;# 
   478     0003                     	;# 
   479     0004                     	;# 
   480     0005                     	;# 
   481     0006                     	;# 
   482     0007                     	;# 
   483     0008                     	;# 
   484     0009                     	;# 
   485     000A                     	;# 
   486     000B                     	;# 
   487     000C                     	;# 
   488     000D                     	;# 
   489     000E                     	;# 
   490     0010                     	;# 
   491     0011                     	;# 
   492     0012                     	;# 
   493     0013                     	;# 
   494     0015                     	;# 
   495     0016                     	;# 
   496     0016                     	;# 
   497     0017                     	;# 
   498     0018                     	;# 
   499     0019                     	;# 
   500     001A                     	;# 
   501     001B                     	;# 
   502     001C                     	;# 
   503     001E                     	;# 
   504     001F                     	;# 
   505     008C                     	;# 
   506     008D                     	;# 
   507     008E                     	;# 
   508     0090                     	;# 
   509     0091                     	;# 
   510     0092                     	;# 
   511     0093                     	;# 
   512     0095                     	;# 
   513     0096                     	;# 
   514     0097                     	;# 
   515     0098                     	;# 
   516     0099                     	;# 
   517     009A                     	;# 
   518     009B                     	;# 
   519     009B                     	;# 
   520     009C                     	;# 
   521     009D                     	;# 
   522     009E                     	;# 
   523     010C                     	;# 
   524     010D                     	;# 
   525     010E                     	;# 
   526     0110                     	;# 
   527     0111                     	;# 
   528     0112                     	;# 
   529     0113                     	;# 
   530     0114                     	;# 
   531     0115                     	;# 
   532     0116                     	;# 
   533     0117                     	;# 
   534     0118                     	;# 
   535     0119                     	;# 
   536     011A                     	;# 
   537     011B                     	;# 
   538     011D                     	;# 
   539     018C                     	;# 
   540     018D                     	;# 
   541     0191                     	;# 
   542     0191                     	;# 
   543     0192                     	;# 
   544     0193                     	;# 
   545     0193                     	;# 
   546     0193                     	;# 
   547     0194                     	;# 
   548     0195                     	;# 
   549     0196                     	;# 
   550     0199                     	;# 
   551     019A                     	;# 
   552     019B                     	;# 
   553     019B                     	;# 
   554     019B                     	;# 
   555     019B                     	;# 
   556     019C                     	;# 
   557     019C                     	;# 
   558     019D                     	;# 
   559     019E                     	;# 
   560     019F                     	;# 
   561     020D                     	;# 
   562     0210                     	;# 
   563     0211                     	;# 
   564     0212                     	;# 
   565     0213                     	;# 
   566     0214                     	;# 
   567     0215                     	;# 
   568     0215                     	;# 
   569     0216                     	;# 
   570     0217                     	;# 
   571     0291                     	;# 
   572     0291                     	;# 
   573     0292                     	;# 
   574     0293                     	;# 
   575     0294                     	;# 
   576     0295                     	;# 
   577     0295                     	;# 
   578     0296                     	;# 
   579     0298                     	;# 
   580     0298                     	;# 
   581     0299                     	;# 
   582     029A                     	;# 
   583     029B                     	;# 
   584     029C                     	;# 
   585     029C                     	;# 
   586     029D                     	;# 
   587     029E                     	;# 
   588     029F                     	;# 
   589     0311                     	;# 
   590     0311                     	;# 
   591     0312                     	;# 
   592     0313                     	;# 
   593     0314                     	;# 
   594     0315                     	;# 
   595     0315                     	;# 
   596     0316                     	;# 
   597     0318                     	;# 
   598     0318                     	;# 
   599     0319                     	;# 
   600     031A                     	;# 
   601     031C                     	;# 
   602     031C                     	;# 
   603     031D                     	;# 
   604     031E                     	;# 
   605     0394                     	;# 
   606     0395                     	;# 
   607     0396                     	;# 
   608     0415                     	;# 
   609     0416                     	;# 
   610     0417                     	;# 
   611     041C                     	;# 
   612     041D                     	;# 
   613     041E                     	;# 
   614     0791                     	;# 
   615     0792                     	;# 
   616     0793                     	;# 
   617     0794                     	;# 
   618     0795                     	;# 
   619     0798                     	;# 
   620     0799                     	;# 
   621     07A0                     	;# 
   622     07A1                     	;# 
   623     07A3                     	;# 
   624     07A4                     	;# 
   625     07A6                     	;# 
   626     07A7                     	;# 
   627     07A9                     	;# 
   628     07AA                     	;# 
   629     0FE4                     	;# 
   630     0FE5                     	;# 
   631     0FE6                     	;# 
   632     0FE7                     	;# 
   633     0FE8                     	;# 
   634     0FE9                     	;# 
   635     0FEA                     	;# 
   636     0FEB                     	;# 
   637     0FED                     	;# 
   638     0FEE                     	;# 
   639     0FEF                     	;# 
   640     0000                     	;# 
   641     0001                     	;# 
   642     0002                     	;# 
   643     0003                     	;# 
   644     0004                     	;# 
   645     0005                     	;# 
   646     0006                     	;# 
   647     0007                     	;# 
   648     0008                     	;# 
   649     0009                     	;# 
   650     000A                     	;# 
   651     000B                     	;# 
   652     000C                     	;# 
   653     000D                     	;# 
   654     000E                     	;# 
   655     0010                     	;# 
   656     0011                     	;# 
   657     0012                     	;# 
   658     0013                     	;# 
   659     0015                     	;# 
   660     0016                     	;# 
   661     0016                     	;# 
   662     0017                     	;# 
   663     0018                     	;# 
   664     0019                     	;# 
   665     001A                     	;# 
   666     001B                     	;# 
   667     001C                     	;# 
   668     001E                     	;# 
   669     001F                     	;# 
   670     008C                     	;# 
   671     008D                     	;# 
   672     008E                     	;# 
   673     0090                     	;# 
   674     0091                     	;# 
   675     0092                     	;# 
   676     0093                     	;# 
   677     0095                     	;# 
   678     0096                     	;# 
   679     0097                     	;# 
   680     0098                     	;# 
   681     0099                     	;# 
   682     009A                     	;# 
   683     009B                     	;# 
   684     009B                     	;# 
   685     009C                     	;# 
   686     009D                     	;# 
   687     009E                     	;# 
   688     010C                     	;# 
   689     010D                     	;# 
   690     010E                     	;# 
   691     0110                     	;# 
   692     0111                     	;# 
   693     0112                     	;# 
   694     0113                     	;# 
   695     0114                     	;# 
   696     0115                     	;# 
   697     0116                     	;# 
   698     0117                     	;# 
   699     0118                     	;# 
   700     0119                     	;# 
   701     011A                     	;# 
   702     011B                     	;# 
   703     011D                     	;# 
   704     018C                     	;# 
   705     018D                     	;# 
   706     0191                     	;# 
   707     0191                     	;# 
   708     0192                     	;# 
   709     0193                     	;# 
   710     0193                     	;# 
   711     0193                     	;# 
   712     0194                     	;# 
   713     0195                     	;# 
   714     0196                     	;# 
   715     0199                     	;# 
   716     019A                     	;# 
   717     019B                     	;# 
   718     019B                     	;# 
   719     019B                     	;# 
   720     019B                     	;# 
   721     019C                     	;# 
   722     019C                     	;# 
   723     019D                     	;# 
   724     019E                     	;# 
   725     019F                     	;# 
   726     020D                     	;# 
   727     0210                     	;# 
   728     0211                     	;# 
   729     0212                     	;# 
   730     0213                     	;# 
   731     0214                     	;# 
   732     0215                     	;# 
   733     0215                     	;# 
   734     0216                     	;# 
   735     0217                     	;# 
   736     0291                     	;# 
   737     0291                     	;# 
   738     0292                     	;# 
   739     0293                     	;# 
   740     0294                     	;# 
   741     0295                     	;# 
   742     0295                     	;# 
   743     0296                     	;# 
   744     0298                     	;# 
   745     0298                     	;# 
   746     0299                     	;# 
   747     029A                     	;# 
   748     029B                     	;# 
   749     029C                     	;# 
   750     029C                     	;# 
   751     029D                     	;# 
   752     029E                     	;# 
   753     029F                     	;# 
   754     0311                     	;# 
   755     0311                     	;# 
   756     0312                     	;# 
   757     0313                     	;# 
   758     0314                     	;# 
   759     0315                     	;# 
   760     0315                     	;# 
   761     0316                     	;# 
   762     0318                     	;# 
   763     0318                     	;# 
   764     0319                     	;# 
   765     031A                     	;# 
   766     031C                     	;# 
   767     031C                     	;# 
   768     031D                     	;# 
   769     031E                     	;# 
   770     0394                     	;# 
   771     0395                     	;# 
   772     0396                     	;# 
   773     0415                     	;# 
   774     0416                     	;# 
   775     0417                     	;# 
   776     041C                     	;# 
   777     041D                     	;# 
   778     041E                     	;# 
   779     0791                     	;# 
   780     0792                     	;# 
   781     0793                     	;# 
   782     0794                     	;# 
   783     0795                     	;# 
   784     0798                     	;# 
   785     0799                     	;# 
   786     07A0                     	;# 
   787     07A1                     	;# 
   788     07A3                     	;# 
   789     07A4                     	;# 
   790     07A6                     	;# 
   791     07A7                     	;# 
   792     07A9                     	;# 
   793     07AA                     	;# 
   794     0FE4                     	;# 
   795     0FE5                     	;# 
   796     0FE6                     	;# 
   797     0FE7                     	;# 
   798     0FE8                     	;# 
   799     0FE9                     	;# 
   800     0FEA                     	;# 
   801     0FEB                     	;# 
   802     0FED                     	;# 
   803     0FEE                     	;# 
   804     0FEF                     	;# 
   805     0000                     	;# 
   806     0001                     	;# 
   807     0002                     	;# 
   808     0003                     	;# 
   809     0004                     	;# 
   810     0005                     	;# 
   811     0006                     	;# 
   812     0007                     	;# 
   813     0008                     	;# 
   814     0009                     	;# 
   815     000A                     	;# 
   816     000B                     	;# 
   817     000C                     	;# 
   818     000D                     	;# 
   819     000E                     	;# 
   820     0010                     	;# 
   821     0011                     	;# 
   822     0012                     	;# 
   823     0013                     	;# 
   824     0015                     	;# 
   825     0016                     	;# 
   826     0016                     	;# 
   827     0017                     	;# 
   828     0018                     	;# 
   829     0019                     	;# 
   830     001A                     	;# 
   831     001B                     	;# 
   832     001C                     	;# 
   833     001E                     	;# 
   834     001F                     	;# 
   835     008C                     	;# 
   836     008D                     	;# 
   837     008E                     	;# 
   838     0090                     	;# 
   839     0091                     	;# 
   840     0092                     	;# 
   841     0093                     	;# 
   842     0095                     	;# 
   843     0096                     	;# 
   844     0097                     	;# 
   845     0098                     	;# 
   846     0099                     	;# 
   847     009A                     	;# 
   848     009B                     	;# 
   849     009B                     	;# 
   850     009C                     	;# 
   851     009D                     	;# 
   852     009E                     	;# 
   853     010C                     	;# 
   854     010D                     	;# 
   855     010E                     	;# 
   856     0110                     	;# 
   857     0111                     	;# 
   858     0112                     	;# 
   859     0113                     	;# 
   860     0114                     	;# 
   861     0115                     	;# 
   862     0116                     	;# 
   863     0117                     	;# 
   864     0118                     	;# 
   865     0119                     	;# 
   866     011A                     	;# 
   867     011B                     	;# 
   868     011D                     	;# 
   869     018C                     	;# 
   870     018D                     	;# 
   871     0191                     	;# 
   872     0191                     	;# 
   873     0192                     	;# 
   874     0193                     	;# 
   875     0193                     	;# 
   876     0193                     	;# 
   877     0194                     	;# 
   878     0195                     	;# 
   879     0196                     	;# 
   880     0199                     	;# 
   881     019A                     	;# 
   882     019B                     	;# 
   883     019B                     	;# 
   884     019B                     	;# 
   885     019B                     	;# 
   886     019C                     	;# 
   887     019C                     	;# 
   888     019D                     	;# 
   889     019E                     	;# 
   890     019F                     	;# 
   891     020D                     	;# 
   892     0210                     	;# 
   893     0211                     	;# 
   894     0212                     	;# 
   895     0213                     	;# 
   896     0214                     	;# 
   897     0215                     	;# 
   898     0215                     	;# 
   899     0216                     	;# 
   900     0217                     	;# 
   901     0291                     	;# 
   902     0291                     	;# 
   903     0292                     	;# 
   904     0293                     	;# 
   905     0294                     	;# 
   906     0295                     	;# 
   907     0295                     	;# 
   908     0296                     	;# 
   909     0298                     	;# 
   910     0298                     	;# 
   911     0299                     	;# 
   912     029A                     	;# 
   913     029B                     	;# 
   914     029C                     	;# 
   915     029C                     	;# 
   916     029D                     	;# 
   917     029E                     	;# 
   918     029F                     	;# 
   919     0311                     	;# 
   920     0311                     	;# 
   921     0312                     	;# 
   922     0313                     	;# 
   923     0314                     	;# 
   924     0315                     	;# 
   925     0315                     	;# 
   926     0316                     	;# 
   927     0318                     	;# 
   928     0318                     	;# 
   929     0319                     	;# 
   930     031A                     	;# 
   931     031C                     	;# 
   932     031C                     	;# 
   933     031D                     	;# 
   934     031E                     	;# 
   935     0394                     	;# 
   936     0395                     	;# 
   937     0396                     	;# 
   938     0415                     	;# 
   939     0416                     	;# 
   940     0417                     	;# 
   941     041C                     	;# 
   942     041D                     	;# 
   943     041E                     	;# 
   944     0791                     	;# 
   945     0792                     	;# 
   946     0793                     	;# 
   947     0794                     	;# 
   948     0795                     	;# 
   949     0798                     	;# 
   950     0799                     	;# 
   951     07A0                     	;# 
   952     07A1                     	;# 
   953     07A3                     	;# 
   954     07A4                     	;# 
   955     07A6                     	;# 
   956     07A7                     	;# 
   957     07A9                     	;# 
   958     07AA                     	;# 
   959     0FE4                     	;# 
   960     0FE5                     	;# 
   961     0FE6                     	;# 
   962     0FE7                     	;# 
   963     0FE8                     	;# 
   964     0FE9                     	;# 
   965     0FEA                     	;# 
   966     0FEB                     	;# 
   967     0FED                     	;# 
   968     0FEE                     	;# 
   969     0FEF                     	;# 
   970     0000                     	;# 
   971     0001                     	;# 
   972     0002                     	;# 
   973     0003                     	;# 
   974     0004                     	;# 
   975     0005                     	;# 
   976     0006                     	;# 
   977     0007                     	;# 
   978     0008                     	;# 
   979     0009                     	;# 
   980     000A                     	;# 
   981     000B                     	;# 
   982     000C                     	;# 
   983     000D                     	;# 
   984     000E                     	;# 
   985     0010                     	;# 
   986     0011                     	;# 
   987     0012                     	;# 
   988     0013                     	;# 
   989     0015                     	;# 
   990     0016                     	;# 
   991     0016                     	;# 
   992     0017                     	;# 
   993     0018                     	;# 
   994     0019                     	;# 
   995     001A                     	;# 
   996     001B                     	;# 
   997     001C                     	;# 
   998     001E                     	;# 
   999     001F                     	;# 
  1000     008C                     	;# 
  1001     008D                     	;# 
  1002     008E                     	;# 
  1003     0090                     	;# 
  1004     0091                     	;# 
  1005     0092                     	;# 
  1006     0093                     	;# 
  1007     0095                     	;# 
  1008     0096                     	;# 
  1009     0097                     	;# 
  1010     0098                     	;# 
  1011     0099                     	;# 
  1012     009A                     	;# 
  1013     009B                     	;# 
  1014     009B                     	;# 
  1015     009C                     	;# 
  1016     009D                     	;# 
  1017     009E                     	;# 
  1018     010C                     	;# 
  1019     010D                     	;# 
  1020     010E                     	;# 
  1021     0110                     	;# 
  1022     0111                     	;# 
  1023     0112                     	;# 
  1024     0113                     	;# 
  1025     0114                     	;# 
  1026     0115                     	;# 
  1027     0116                     	;# 
  1028     0117                     	;# 
  1029     0118                     	;# 
  1030     0119                     	;# 
  1031     011A                     	;# 
  1032     011B                     	;# 
  1033     011D                     	;# 
  1034     018C                     	;# 
  1035     018D                     	;# 
  1036     0191                     	;# 
  1037     0191                     	;# 
  1038     0192                     	;# 
  1039     0193                     	;# 
  1040     0193                     	;# 
  1041     0193                     	;# 
  1042     0194                     	;# 
  1043     0195                     	;# 
  1044     0196                     	;# 
  1045     0199                     	;# 
  1046     019A                     	;# 
  1047     019B                     	;# 
  1048     019B                     	;# 
  1049     019B                     	;# 
  1050     019B                     	;# 
  1051     019C                     	;# 
  1052     019C                     	;# 
  1053     019D                     	;# 
  1054     019E                     	;# 
  1055     019F                     	;# 
  1056     020D                     	;# 
  1057     0210                     	;# 
  1058     0211                     	;# 
  1059     0212                     	;# 
  1060     0213                     	;# 
  1061     0214                     	;# 
  1062     0215                     	;# 
  1063     0215                     	;# 
  1064     0216                     	;# 
  1065     0217                     	;# 
  1066     0291                     	;# 
  1067     0291                     	;# 
  1068     0292                     	;# 
  1069     0293                     	;# 
  1070     0294                     	;# 
  1071     0295                     	;# 
  1072     0295                     	;# 
  1073     0296                     	;# 
  1074     0298                     	;# 
  1075     0298                     	;# 
  1076     0299                     	;# 
  1077     029A                     	;# 
  1078     029B                     	;# 
  1079     029C                     	;# 
  1080     029C                     	;# 
  1081     029D                     	;# 
  1082     029E                     	;# 
  1083     029F                     	;# 
  1084     0311                     	;# 
  1085     0311                     	;# 
  1086     0312                     	;# 
  1087     0313                     	;# 
  1088     0314                     	;# 
  1089     0315                     	;# 
  1090     0315                     	;# 
  1091     0316                     	;# 
  1092     0318                     	;# 
  1093     0318                     	;# 
  1094     0319                     	;# 
  1095     031A                     	;# 
  1096     031C                     	;# 
  1097     031C                     	;# 
  1098     031D                     	;# 
  1099     031E                     	;# 
  1100     0394                     	;# 
  1101     0395                     	;# 
  1102     0396                     	;# 
  1103     0415                     	;# 
  1104     0416                     	;# 
  1105     0417                     	;# 
  1106     041C                     	;# 
  1107     041D                     	;# 
  1108     041E                     	;# 
  1109     0791                     	;# 
  1110     0792                     	;# 
  1111     0793                     	;# 
  1112     0794                     	;# 
  1113     0795                     	;# 
  1114     0798                     	;# 
  1115     0799                     	;# 
  1116     07A0                     	;# 
  1117     07A1                     	;# 
  1118     07A3                     	;# 
  1119     07A4                     	;# 
  1120     07A6                     	;# 
  1121     07A7                     	;# 
  1122     07A9                     	;# 
  1123     07AA                     	;# 
  1124     0FE4                     	;# 
  1125     0FE5                     	;# 
  1126     0FE6                     	;# 
  1127     0FE7                     	;# 
  1128     0FE8                     	;# 
  1129     0FE9                     	;# 
  1130     0FEA                     	;# 
  1131     0FEB                     	;# 
  1132     0FED                     	;# 
  1133     0FEE                     	;# 
  1134     0FEF                     	;# 
  1135     0000                     	;# 
  1136     0001                     	;# 
  1137     0002                     	;# 
  1138     0003                     	;# 
  1139     0004                     	;# 
  1140     0005                     	;# 
  1141     0006                     	;# 
  1142     0007                     	;# 
  1143     0008                     	;# 
  1144     0009                     	;# 
  1145     000A                     	;# 
  1146     000B                     	;# 
  1147     000C                     	;# 
  1148     000D                     	;# 
  1149     000E                     	;# 
  1150     0010                     	;# 
  1151     0011                     	;# 
  1152     0012                     	;# 
  1153     0013                     	;# 
  1154     0015                     	;# 
  1155     0016                     	;# 
  1156     0016                     	;# 
  1157     0017                     	;# 
  1158     0018                     	;# 
  1159     0019                     	;# 
  1160     001A                     	;# 
  1161     001B                     	;# 
  1162     001C                     	;# 
  1163     001E                     	;# 
  1164     001F                     	;# 
  1165     008C                     	;# 
  1166     008D                     	;# 
  1167     008E                     	;# 
  1168     0090                     	;# 
  1169     0091                     	;# 
  1170     0092                     	;# 
  1171     0093                     	;# 
  1172     0095                     	;# 
  1173     0096                     	;# 
  1174     0097                     	;# 
  1175     0098                     	;# 
  1176     0099                     	;# 
  1177     009A                     	;# 
  1178     009B                     	;# 
  1179     009B                     	;# 
  1180     009C                     	;# 
  1181     009D                     	;# 
  1182     009E                     	;# 
  1183     010C                     	;# 
  1184     010D                     	;# 
  1185     010E                     	;# 
  1186     0110                     	;# 
  1187     0111                     	;# 
  1188     0112                     	;# 
  1189     0113                     	;# 
  1190     0114                     	;# 
  1191     0115                     	;# 
  1192     0116                     	;# 
  1193     0117                     	;# 
  1194     0118                     	;# 
  1195     0119                     	;# 
  1196     011A                     	;# 
  1197     011B                     	;# 
  1198     011D                     	;# 
  1199     018C                     	;# 
  1200     018D                     	;# 
  1201     0191                     	;# 
  1202     0191                     	;# 
  1203     0192                     	;# 
  1204     0193                     	;# 
  1205     0193                     	;# 
  1206     0193                     	;# 
  1207     0194                     	;# 
  1208     0195                     	;# 
  1209     0196                     	;# 
  1210     0199                     	;# 
  1211     019A                     	;# 
  1212     019B                     	;# 
  1213     019B                     	;# 
  1214     019B                     	;# 
  1215     019B                     	;# 
  1216     019C                     	;# 
  1217     019C                     	;# 
  1218     019D                     	;# 
  1219     019E                     	;# 
  1220     019F                     	;# 
  1221     020D                     	;# 
  1222     0210                     	;# 
  1223     0211                     	;# 
  1224     0212                     	;# 
  1225     0213                     	;# 
  1226     0214                     	;# 
  1227     0215                     	;# 
  1228     0215                     	;# 
  1229     0216                     	;# 
  1230     0217                     	;# 
  1231     0291                     	;# 
  1232     0291                     	;# 
  1233     0292                     	;# 
  1234     0293                     	;# 
  1235     0294                     	;# 
  1236     0295                     	;# 
  1237     0295                     	;# 
  1238     0296                     	;# 
  1239     0298                     	;# 
  1240     0298                     	;# 
  1241     0299                     	;# 
  1242     029A                     	;# 
  1243     029B                     	;# 
  1244     029C                     	;# 
  1245     029C                     	;# 
  1246     029D                     	;# 
  1247     029E                     	;# 
  1248     029F                     	;# 
  1249     0311                     	;# 
  1250     0311                     	;# 
  1251     0312                     	;# 
  1252     0313                     	;# 
  1253     0314                     	;# 
  1254     0315                     	;# 
  1255     0315                     	;# 
  1256     0316                     	;# 
  1257     0318                     	;# 
  1258     0318                     	;# 
  1259     0319                     	;# 
  1260     031A                     	;# 
  1261     031C                     	;# 
  1262     031C                     	;# 
  1263     031D                     	;# 
  1264     031E                     	;# 
  1265     0394                     	;# 
  1266     0395                     	;# 
  1267     0396                     	;# 
  1268     0415                     	;# 
  1269     0416                     	;# 
  1270     0417                     	;# 
  1271     041C                     	;# 
  1272     041D                     	;# 
  1273     041E                     	;# 
  1274     0791                     	;# 
  1275     0792                     	;# 
  1276     0793                     	;# 
  1277     0794                     	;# 
  1278     0795                     	;# 
  1279     0798                     	;# 
  1280     0799                     	;# 
  1281     07A0                     	;# 
  1282     07A1                     	;# 
  1283     07A3                     	;# 
  1284     07A4                     	;# 
  1285     07A6                     	;# 
  1286     07A7                     	;# 
  1287     07A9                     	;# 
  1288     07AA                     	;# 
  1289     0FE4                     	;# 
  1290     0FE5                     	;# 
  1291     0FE6                     	;# 
  1292     0FE7                     	;# 
  1293     0FE8                     	;# 
  1294     0FE9                     	;# 
  1295     0FEA                     	;# 
  1296     0FEB                     	;# 
  1297     0FED                     	;# 
  1298     0FEE                     	;# 
  1299     0FEF                     	;# 
  1300     0000                     	;# 
  1301     0001                     	;# 
  1302     0002                     	;# 
  1303     0003                     	;# 
  1304     0004                     	;# 
  1305     0005                     	;# 
  1306     0006                     	;# 
  1307     0007                     	;# 
  1308     0008                     	;# 
  1309     0009                     	;# 
  1310     000A                     	;# 
  1311     000B                     	;# 
  1312     000C                     	;# 
  1313     000D                     	;# 
  1314     000E                     	;# 
  1315     0010                     	;# 
  1316     0011                     	;# 
  1317     0012                     	;# 
  1318     0013                     	;# 
  1319     0015                     	;# 
  1320     0016                     	;# 
  1321     0016                     	;# 
  1322     0017                     	;# 
  1323     0018                     	;# 
  1324     0019                     	;# 
  1325     001A                     	;# 
  1326     001B                     	;# 
  1327     001C                     	;# 
  1328     001E                     	;# 
  1329     001F                     	;# 
  1330     008C                     	;# 
  1331     008D                     	;# 
  1332     008E                     	;# 
  1333     0090                     	;# 
  1334     0091                     	;# 
  1335     0092                     	;# 
  1336     0093                     	;# 
  1337     0095                     	;# 
  1338     0096                     	;# 
  1339     0097                     	;# 
  1340     0098                     	;# 
  1341     0099                     	;# 
  1342     009A                     	;# 
  1343     009B                     	;# 
  1344     009B                     	;# 
  1345     009C                     	;# 
  1346     009D                     	;# 
  1347     009E                     	;# 
  1348     010C                     	;# 
  1349     010D                     	;# 
  1350     010E                     	;# 
  1351     0110                     	;# 
  1352     0111                     	;# 
  1353     0112                     	;# 
  1354     0113                     	;# 
  1355     0114                     	;# 
  1356     0115                     	;# 
  1357     0116                     	;# 
  1358     0117                     	;# 
  1359     0118                     	;# 
  1360     0119                     	;# 
  1361     011A                     	;# 
  1362     011B                     	;# 
  1363     011D                     	;# 
  1364     018C                     	;# 
  1365     018D                     	;# 
  1366     0191                     	;# 
  1367     0191                     	;# 
  1368     0192                     	;# 
  1369     0193                     	;# 
  1370     0193                     	;# 
  1371     0193                     	;# 
  1372     0194                     	;# 
  1373     0195                     	;# 
  1374     0196                     	;# 
  1375     0199                     	;# 
  1376     019A                     	;# 
  1377     019B                     	;# 
  1378     019B                     	;# 
  1379     019B                     	;# 
  1380     019B                     	;# 
  1381     019C                     	;# 
  1382     019C                     	;# 
  1383     019D                     	;# 
  1384     019E                     	;# 
  1385     019F                     	;# 
  1386     020D                     	;# 
  1387     0210                     	;# 
  1388     0211                     	;# 
  1389     0212                     	;# 
  1390     0213                     	;# 
  1391     0214                     	;# 
  1392     0215                     	;# 
  1393     0215                     	;# 
  1394     0216                     	;# 
  1395     0217                     	;# 
  1396     0291                     	;# 
  1397     0291                     	;# 
  1398     0292                     	;# 
  1399     0293                     	;# 
  1400     0294                     	;# 
  1401     0295                     	;# 
  1402     0295                     	;# 
  1403     0296                     	;# 
  1404     0298                     	;# 
  1405     0298                     	;# 
  1406     0299                     	;# 
  1407     029A                     	;# 
  1408     029B                     	;# 
  1409     029C                     	;# 
  1410     029C                     	;# 
  1411     029D                     	;# 
  1412     029E                     	;# 
  1413     029F                     	;# 
  1414     0311                     	;# 
  1415     0311                     	;# 
  1416     0312                     	;# 
  1417     0313                     	;# 
  1418     0314                     	;# 
  1419     0315                     	;# 
  1420     0315                     	;# 
  1421     0316                     	;# 
  1422     0318                     	;# 
  1423     0318                     	;# 
  1424     0319                     	;# 
  1425     031A                     	;# 
  1426     031C                     	;# 
  1427     031C                     	;# 
  1428     031D                     	;# 
  1429     031E                     	;# 
  1430     0394                     	;# 
  1431     0395                     	;# 
  1432     0396                     	;# 
  1433     0415                     	;# 
  1434     0416                     	;# 
  1435     0417                     	;# 
  1436     041C                     	;# 
  1437     041D                     	;# 
  1438     041E                     	;# 
  1439     0791                     	;# 
  1440     0792                     	;# 
  1441     0793                     	;# 
  1442     0794                     	;# 
  1443     0795                     	;# 
  1444     0798                     	;# 
  1445     0799                     	;# 
  1446     07A0                     	;# 
  1447     07A1                     	;# 
  1448     07A3                     	;# 
  1449     07A4                     	;# 
  1450     07A6                     	;# 
  1451     07A7                     	;# 
  1452     07A9                     	;# 
  1453     07AA                     	;# 
  1454     0FE4                     	;# 
  1455     0FE5                     	;# 
  1456     0FE6                     	;# 
  1457     0FE7                     	;# 
  1458     0FE8                     	;# 
  1459     0FE9                     	;# 
  1460     0FEA                     	;# 
  1461     0FEB                     	;# 
  1462     0FED                     	;# 
  1463     0FEE                     	;# 
  1464     0FEF                     	;# 
  1465     0000                     	;# 
  1466     0001                     	;# 
  1467     0002                     	;# 
  1468     0003                     	;# 
  1469     0004                     	;# 
  1470     0005                     	;# 
  1471     0006                     	;# 
  1472     0007                     	;# 
  1473     0008                     	;# 
  1474     0009                     	;# 
  1475     000A                     	;# 
  1476     000B                     	;# 
  1477     000C                     	;# 
  1478     000D                     	;# 
  1479     000E                     	;# 
  1480     0010                     	;# 
  1481     0011                     	;# 
  1482     0012                     	;# 
  1483     0013                     	;# 
  1484     0015                     	;# 
  1485     0016                     	;# 
  1486     0016                     	;# 
  1487     0017                     	;# 
  1488     0018                     	;# 
  1489     0019                     	;# 
  1490     001A                     	;# 
  1491     001B                     	;# 
  1492     001C                     	;# 
  1493     001E                     	;# 
  1494     001F                     	;# 
  1495     008C                     	;# 
  1496     008D                     	;# 
  1497     008E                     	;# 
  1498     0090                     	;# 
  1499     0091                     	;# 
  1500     0092                     	;# 
  1501     0093                     	;# 
  1502     0095                     	;# 
  1503     0096                     	;# 
  1504     0097                     	;# 
  1505     0098                     	;# 
  1506     0099                     	;# 
  1507     009A                     	;# 
  1508     009B                     	;# 
  1509     009B                     	;# 
  1510     009C                     	;# 
  1511     009D                     	;# 
  1512     009E                     	;# 
  1513     010C                     	;# 
  1514     010D                     	;# 
  1515     010E                     	;# 
  1516     0110                     	;# 
  1517     0111                     	;# 
  1518     0112                     	;# 
  1519     0113                     	;# 
  1520     0114                     	;# 
  1521     0115                     	;# 
  1522     0116                     	;# 
  1523     0117                     	;# 
  1524     0118                     	;# 
  1525     0119                     	;# 
  1526     011A                     	;# 
  1527     011B                     	;# 
  1528     011D                     	;# 
  1529     018C                     	;# 
  1530     018D                     	;# 
  1531     0191                     	;# 
  1532     0191                     	;# 
  1533     0192                     	;# 
  1534     0193                     	;# 
  1535     0193                     	;# 
  1536     0193                     	;# 
  1537     0194                     	;# 
  1538     0195                     	;# 
  1539     0196                     	;# 
  1540     0199                     	;# 
  1541     019A                     	;# 
  1542     019B                     	;# 
  1543     019B                     	;# 
  1544     019B                     	;# 
  1545     019B                     	;# 
  1546     019C                     	;# 
  1547     019C                     	;# 
  1548     019D                     	;# 
  1549     019E                     	;# 
  1550     019F                     	;# 
  1551     020D                     	;# 
  1552     0210                     	;# 
  1553     0211                     	;# 
  1554     0212                     	;# 
  1555     0213                     	;# 
  1556     0214                     	;# 
  1557     0215                     	;# 
  1558     0215                     	;# 
  1559     0216                     	;# 
  1560     0217                     	;# 
  1561     0291                     	;# 
  1562     0291                     	;# 
  1563     0292                     	;# 
  1564     0293                     	;# 
  1565     0294                     	;# 
  1566     0295                     	;# 
  1567     0295                     	;# 
  1568     0296                     	;# 
  1569     0298                     	;# 
  1570     0298                     	;# 
  1571     0299                     	;# 
  1572     029A                     	;# 
  1573     029B                     	;# 
  1574     029C                     	;# 
  1575     029C                     	;# 
  1576     029D                     	;# 
  1577     029E                     	;# 
  1578     029F                     	;# 
  1579     0311                     	;# 
  1580     0311                     	;# 
  1581     0312                     	;# 
  1582     0313                     	;# 
  1583     0314                     	;# 
  1584     0315                     	;# 
  1585     0315                     	;# 
  1586     0316                     	;# 
  1587     0318                     	;# 
  1588     0318                     	;# 
  1589     0319                     	;# 
  1590     031A                     	;# 
  1591     031C                     	;# 
  1592     031C                     	;# 
  1593     031D                     	;# 
  1594     031E                     	;# 
  1595     0394                     	;# 
  1596     0395                     	;# 
  1597     0396                     	;# 
  1598     0415                     	;# 
  1599     0416                     	;# 
  1600     0417                     	;# 
  1601     041C                     	;# 
  1602     041D                     	;# 
  1603     041E                     	;# 
  1604     0791                     	;# 
  1605     0792                     	;# 
  1606     0793                     	;# 
  1607     0794                     	;# 
  1608     0795                     	;# 
  1609     0798                     	;# 
  1610     0799                     	;# 
  1611     07A0                     	;# 
  1612     07A1                     	;# 
  1613     07A3                     	;# 
  1614     07A4                     	;# 
  1615     07A6                     	;# 
  1616     07A7                     	;# 
  1617     07A9                     	;# 
  1618     07AA                     	;# 
  1619     0FE4                     	;# 
  1620     0FE5                     	;# 
  1621     0FE6                     	;# 
  1622     0FE7                     	;# 
  1623     0FE8                     	;# 
  1624     0FE9                     	;# 
  1625     0FEA                     	;# 
  1626     0FEB                     	;# 
  1627     0FED                     	;# 
  1628     0FEE                     	;# 
  1629     0FEF                     	;# 
  1630     0000                     	;# 
  1631     0001                     	;# 
  1632     0002                     	;# 
  1633     0003                     	;# 
  1634     0004                     	;# 
  1635     0005                     	;# 
  1636     0006                     	;# 
  1637     0007                     	;# 
  1638     0008                     	;# 
  1639     0009                     	;# 
  1640     000A                     	;# 
  1641     000B                     	;# 
  1642     000C                     	;# 
  1643     000D                     	;# 
  1644     000E                     	;# 
  1645     0010                     	;# 
  1646     0011                     	;# 
  1647     0012                     	;# 
  1648     0013                     	;# 
  1649     0015                     	;# 
  1650     0016                     	;# 
  1651     0016                     	;# 
  1652     0017                     	;# 
  1653     0018                     	;# 
  1654     0019                     	;# 
  1655     001A                     	;# 
  1656     001B                     	;# 
  1657     001C                     	;# 
  1658     001E                     	;# 
  1659     001F                     	;# 
  1660     008C                     	;# 
  1661     008D                     	;# 
  1662     008E                     	;# 
  1663     0090                     	;# 
  1664     0091                     	;# 
  1665     0092                     	;# 
  1666     0093                     	;# 
  1667     0095                     	;# 
  1668     0096                     	;# 
  1669     0097                     	;# 
  1670     0098                     	;# 
  1671     0099                     	;# 
  1672     009A                     	;# 
  1673     009B                     	;# 
  1674     009B                     	;# 
  1675     009C                     	;# 
  1676     009D                     	;# 
  1677     009E                     	;# 
  1678     010C                     	;# 
  1679     010D                     	;# 
  1680     010E                     	;# 
  1681     0110                     	;# 
  1682     0111                     	;# 
  1683     0112                     	;# 
  1684     0113                     	;# 
  1685     0114                     	;# 
  1686     0115                     	;# 
  1687     0116                     	;# 
  1688     0117                     	;# 
  1689     0118                     	;# 
  1690     0119                     	;# 
  1691     011A                     	;# 
  1692     011B                     	;# 
  1693     011D                     	;# 
  1694     018C                     	;# 
  1695     018D                     	;# 
  1696     0191                     	;# 
  1697     0191                     	;# 
  1698     0192                     	;# 
  1699     0193                     	;# 
  1700     0193                     	;# 
  1701     0193                     	;# 
  1702     0194                     	;# 
  1703     0195                     	;# 
  1704     0196                     	;# 
  1705     0199                     	;# 
  1706     019A                     	;# 
  1707     019B                     	;# 
  1708     019B                     	;# 
  1709     019B                     	;# 
  1710     019B                     	;# 
  1711     019C                     	;# 
  1712     019C                     	;# 
  1713     019D                     	;# 
  1714     019E                     	;# 
  1715     019F                     	;# 
  1716     020D                     	;# 
  1717     0210                     	;# 
  1718     0211                     	;# 
  1719     0212                     	;# 
  1720     0213                     	;# 
  1721     0214                     	;# 
  1722     0215                     	;# 
  1723     0215                     	;# 
  1724     0216                     	;# 
  1725     0217                     	;# 
  1726     0291                     	;# 
  1727     0291                     	;# 
  1728     0292                     	;# 
  1729     0293                     	;# 
  1730     0294                     	;# 
  1731     0295                     	;# 
  1732     0295                     	;# 
  1733     0296                     	;# 
  1734     0298                     	;# 
  1735     0298                     	;# 
  1736     0299                     	;# 
  1737     029A                     	;# 
  1738     029B                     	;# 
  1739     029C                     	;# 
  1740     029C                     	;# 
  1741     029D                     	;# 
  1742     029E                     	;# 
  1743     029F                     	;# 
  1744     0311                     	;# 
  1745     0311                     	;# 
  1746     0312                     	;# 
  1747     0313                     	;# 
  1748     0314                     	;# 
  1749     0315                     	;# 
  1750     0315                     	;# 
  1751     0316                     	;# 
  1752     0318                     	;# 
  1753     0318                     	;# 
  1754     0319                     	;# 
  1755     031A                     	;# 
  1756     031C                     	;# 
  1757     031C                     	;# 
  1758     031D                     	;# 
  1759     031E                     	;# 
  1760     0394                     	;# 
  1761     0395                     	;# 
  1762     0396                     	;# 
  1763     0415                     	;# 
  1764     0416                     	;# 
  1765     0417                     	;# 
  1766     041C                     	;# 
  1767     041D                     	;# 
  1768     041E                     	;# 
  1769     0791                     	;# 
  1770     0792                     	;# 
  1771     0793                     	;# 
  1772     0794                     	;# 
  1773     0795                     	;# 
  1774     0798                     	;# 
  1775     0799                     	;# 
  1776     07A0                     	;# 
  1777     07A1                     	;# 
  1778     07A3                     	;# 
  1779     07A4                     	;# 
  1780     07A6                     	;# 
  1781     07A7                     	;# 
  1782     07A9                     	;# 
  1783     07AA                     	;# 
  1784     0FE4                     	;# 
  1785     0FE5                     	;# 
  1786     0FE6                     	;# 
  1787     0FE7                     	;# 
  1788     0FE8                     	;# 
  1789     0FE9                     	;# 
  1790     0FEA                     	;# 
  1791     0FEB                     	;# 
  1792     0FED                     	;# 
  1793     0FEE                     	;# 
  1794     0FEF                     	;# 
  1795     0000                     	;# 
  1796     0001                     	;# 
  1797     0002                     	;# 
  1798     0003                     	;# 
  1799     0004                     	;# 
  1800     0005                     	;# 
  1801     0006                     	;# 
  1802     0007                     	;# 
  1803     0008                     	;# 
  1804     0009                     	;# 
  1805     000A                     	;# 
  1806     000B                     	;# 
  1807     000C                     	;# 
  1808     000D                     	;# 
  1809     000E                     	;# 
  1810     0010                     	;# 
  1811     0011                     	;# 
  1812     0012                     	;# 
  1813     0013                     	;# 
  1814     0015                     	;# 
  1815     0016                     	;# 
  1816     0016                     	;# 
  1817     0017                     	;# 
  1818     0018                     	;# 
  1819     0019                     	;# 
  1820     001A                     	;# 
  1821     001B                     	;# 
  1822     001C                     	;# 
  1823     001E                     	;# 
  1824     001F                     	;# 
  1825     008C                     	;# 
  1826     008D                     	;# 
  1827     008E                     	;# 
  1828     0090                     	;# 
  1829     0091                     	;# 
  1830     0092                     	;# 
  1831     0093                     	;# 
  1832     0095                     	;# 
  1833     0096                     	;# 
  1834     0097                     	;# 
  1835     0098                     	;# 
  1836     0099                     	;# 
  1837     009A                     	;# 
  1838     009B                     	;# 
  1839     009B                     	;# 
  1840     009C                     	;# 
  1841     009D                     	;# 
  1842     009E                     	;# 
  1843     010C                     	;# 
  1844     010D                     	;# 
  1845     010E                     	;# 
  1846     0110                     	;# 
  1847     0111                     	;# 
  1848     0112                     	;# 
  1849     0113                     	;# 
  1850     0114                     	;# 
  1851     0115                     	;# 
  1852     0116                     	;# 
  1853     0117                     	;# 
  1854     0118                     	;# 
  1855     0119                     	;# 
  1856     011A                     	;# 
  1857     011B                     	;# 
  1858     011D                     	;# 
  1859     018C                     	;# 
  1860     018D                     	;# 
  1861     0191                     	;# 
  1862     0191                     	;# 
  1863     0192                     	;# 
  1864     0193                     	;# 
  1865     0193                     	;# 
  1866     0193                     	;# 
  1867     0194                     	;# 
  1868     0195                     	;# 
  1869     0196                     	;# 
  1870     0199                     	;# 
  1871     019A                     	;# 
  1872     019B                     	;# 
  1873     019B                     	;# 
  1874     019B                     	;# 
  1875     019B                     	;# 
  1876     019C                     	;# 
  1877     019C                     	;# 
  1878     019D                     	;# 
  1879     019E                     	;# 
  1880     019F                     	;# 
  1881     020D                     	;# 
  1882     0210                     	;# 
  1883     0211                     	;# 
  1884     0212                     	;# 
  1885     0213                     	;# 
  1886     0214                     	;# 
  1887     0215                     	;# 
  1888     0215                     	;# 
  1889     0216                     	;# 
  1890     0217                     	;# 
  1891     0291                     	;# 
  1892     0291                     	;# 
  1893     0292                     	;# 
  1894     0293                     	;# 
  1895     0294                     	;# 
  1896     0295                     	;# 
  1897     0295                     	;# 
  1898     0296                     	;# 
  1899     0298                     	;# 
  1900     0298                     	;# 
  1901     0299                     	;# 
  1902     029A                     	;# 
  1903     029B                     	;# 
  1904     029C                     	;# 
  1905     029C                     	;# 
  1906     029D                     	;# 
  1907     029E                     	;# 
  1908     029F                     	;# 
  1909     0311                     	;# 
  1910     0311                     	;# 
  1911     0312                     	;# 
  1912     0313                     	;# 
  1913     0314                     	;# 
  1914     0315                     	;# 
  1915     0315                     	;# 
  1916     0316                     	;# 
  1917     0318                     	;# 
  1918     0318                     	;# 
  1919     0319                     	;# 
  1920     031A                     	;# 
  1921     031C                     	;# 
  1922     031C                     	;# 
  1923     031D                     	;# 
  1924     031E                     	;# 
  1925     0394                     	;# 
  1926     0395                     	;# 
  1927     0396                     	;# 
  1928     0415                     	;# 
  1929     0416                     	;# 
  1930     0417                     	;# 
  1931     041C                     	;# 
  1932     041D                     	;# 
  1933     041E                     	;# 
  1934     0791                     	;# 
  1935     0792                     	;# 
  1936     0793                     	;# 
  1937     0794                     	;# 
  1938     0795                     	;# 
  1939     0798                     	;# 
  1940     0799                     	;# 
  1941     07A0                     	;# 
  1942     07A1                     	;# 
  1943     07A3                     	;# 
  1944     07A4                     	;# 
  1945     07A6                     	;# 
  1946     07A7                     	;# 
  1947     07A9                     	;# 
  1948     07AA                     	;# 
  1949     0FE4                     	;# 
  1950     0FE5                     	;# 
  1951     0FE6                     	;# 
  1952     0FE7                     	;# 
  1953     0FE8                     	;# 
  1954     0FE9                     	;# 
  1955     0FEA                     	;# 
  1956     0FEB                     	;# 
  1957     0FED                     	;# 
  1958     0FEE                     	;# 
  1959     0FEF                     	;# 
  1960                           
  1961                           	psect	idataBANK0
  1962     0E55                     __pidataBANK0:
  1963                           
  1964                           ;initializer for LCD_SetCursor@F3270
  1965     0E55  3400               	retlw	0
  1966     0E56  3440               	retlw	64
  1967     0E57  3414               	retlw	20
  1968     0E58  3454               	retlw	84
  1969                           
  1970                           	psect	stringtext1
  1971     06D5                     __pstringtext1:
  1972     06D5                     _i2c_fsmStateTable:
  1973     06D5  3459               	retlw	low _I2C_DO_IDLE
  1974     06D6  340E               	retlw	high _I2C_DO_IDLE
  1975     06D7  34C4               	retlw	low _I2C_DO_SEND_ADR_READ
  1976     06D8  340E               	retlw	high _I2C_DO_SEND_ADR_READ
  1977     06D9  34BC               	retlw	low _I2C_DO_SEND_ADR_WRITE
  1978     06DA  340E               	retlw	high _I2C_DO_SEND_ADR_WRITE
  1979     06DB  3472               	retlw	low _I2C_DO_TX
  1980     06DC  3403               	retlw	high _I2C_DO_TX
  1981     06DD  346D               	retlw	low _I2C_DO_RX
  1982     06DE  3404               	retlw	high _I2C_DO_RX
  1983     06DF  34B5               	retlw	low _I2C_DO_RCEN
  1984     06E0  340E               	retlw	high _I2C_DO_RCEN
  1985     06E1  3465               	retlw	low _I2C_DO_TX_EMPTY
  1986     06E2  3405               	retlw	high _I2C_DO_TX_EMPTY
  1987     06E3  345E               	retlw	low _I2C_DO_SEND_RESTART_READ
  1988     06E4  340E               	retlw	high _I2C_DO_SEND_RESTART_READ
  1989     06E5  3463               	retlw	low _I2C_DO_SEND_RESTART_WRITE
  1990     06E6  340E               	retlw	high _I2C_DO_SEND_RESTART_WRITE
  1991     06E7  3468               	retlw	low _I2C_DO_SEND_RESTART
  1992     06E8  340E               	retlw	high _I2C_DO_SEND_RESTART
  1993     06E9  346D               	retlw	low _I2C_DO_SEND_STOP
  1994     06EA  340E               	retlw	high _I2C_DO_SEND_STOP
  1995     06EB  3472               	retlw	low _I2C_DO_RX_ACK
  1996     06EC  340E               	retlw	high _I2C_DO_RX_ACK
  1997     06ED  3477               	retlw	low _I2C_DO_RX_NACK_STOP
  1998     06EE  340E               	retlw	high _I2C_DO_RX_NACK_STOP
  1999     06EF  347C               	retlw	low _I2C_DO_RX_NACK_RESTART
  2000     06F0  340E               	retlw	high _I2C_DO_RX_NACK_RESTART
  2001     06F1  3481               	retlw	low _I2C_DO_RESET
  2002     06F2  340E               	retlw	high _I2C_DO_RESET
  2003     06F3  34C4               	retlw	low _I2C_DO_ADDRESS_NACK
  2004     06F4  3405               	retlw	high _I2C_DO_ADDRESS_NACK
  2005     06F5                     __end_of_i2c_fsmStateTable:
  2006                           
  2007                           	psect	nvBANK0
  2008     0061                     __pnvBANK0:
  2009     0061                     _TMR0_InterruptHandler:
  2010     0061                     	ds	2
  2011     0063                     _TMR1_InterruptHandler:
  2012     0063                     	ds	2
  2013     000D                     _PORTBbits	set	13
  2014     0015                     _TMR0	set	21
  2015     000B                     _INTCONbits	set	11
  2016     0019                     _T1GCONbits	set	25
  2017     0018                     _T1CONbits	set	24
  2018     0018                     _T1CON	set	24
  2019     0016                     _TMR1L	set	22
  2020     0017                     _TMR1H	set	23
  2021     0019                     _T1GCON	set	25
  2022     0011                     _PIR1bits	set	17
  2023     0012                     _PIR2bits	set	18
  2024     0095                     _OPTION_REG	set	149
  2025     0097                     _WDTCON	set	151
  2026     0098                     _OSCTUNE	set	152
  2027     0099                     _OSCCON	set	153
  2028     0095                     _OPTION_REGbits	set	149
  2029     008E                     _TRISC	set	142
  2030     008D                     _TRISB	set	141
  2031     008C                     _TRISA	set	140
  2032     0090                     _TRISE	set	144
  2033     0091                     _PIE1bits	set	145
  2034     010E                     _LATCbits	set	270
  2035     0116                     _BORCON	set	278
  2036     011D                     _APFCON	set	285
  2037     010E                     _LATC	set	270
  2038     010D                     _LATB	set	269
  2039     010C                     _LATA	set	268
  2040     0110                     _LATE	set	272
  2041     018C                     _ANSELA	set	396
  2042     018D                     _ANSELB	set	397
  2043     020D                     _WPUB	set	525
  2044     0210                     _WPUE	set	528
  2045     0214                     _SSPSTATbits	set	532
  2046     0216                     _SSPCON2bits	set	534
  2047     0211                     _SSPBUF	set	529
  2048     0215                     _SSPCON1bits	set	533
  2049     0212                     _SSPADD	set	530
  2050     0216                     _SSPCON2	set	534
  2051     0215                     _SSPCON1	set	533
  2052     0214                     _SSPSTAT	set	532
  2053                           
  2054                           	psect	stringtext2
  2055     1000                     __pstringtext2:
  2056     1000                     STR_1:
  2057     1000  3442               	retlw	66	;'B'
  2058     1001  3454               	retlw	84	;'T'
  2059     1002  344E               	retlw	78	;'N'
  2060     1003  3420               	retlw	32	;' '
  2061     1004  3425               	retlw	37	;'%'
  2062     1005  3464               	retlw	100	;'d'
  2063     1006  3420               	retlw	32	;' '
  2064     1007  3453               	retlw	83	;'S'
  2065     1008  3468               	retlw	104	;'h'
  2066     1009  346F               	retlw	111	;'o'
  2067     100A  3472               	retlw	114	;'r'
  2068     100B  3474               	retlw	116	;'t'
  2069     100C  3400               	retlw	0
  2070                           
  2071                           	psect	stringtext3
  2072     100D                     __pstringtext3:
  2073     100D                     STR_2:
  2074     100D  3442               	retlw	66	;'B'
  2075     100E  3454               	retlw	84	;'T'
  2076     100F  344E               	retlw	78	;'N'
  2077     1010  3420               	retlw	32	;' '
  2078     1011  3425               	retlw	37	;'%'
  2079     1012  3464               	retlw	100	;'d'
  2080     1013  3420               	retlw	32	;' '
  2081     1014  344C               	retlw	76	;'L'
  2082     1015  346F               	retlw	111	;'o'
  2083     1016  346E               	retlw	110	;'n'
  2084     1017  3467               	retlw	103	;'g'
  2085     1018  3400               	retlw	0
  2086                           
  2087                           	psect	stringtext4
  2088     0000                     __pstringtext4:
  2089                           
  2090                           	psect	cinit
  2091     0028                     start_initialization:	
  2092                           ; #config settings
  2093                           
  2094     0028                     __initialization:
  2095                           
  2096                           ; Initialize objects allocated to BANK0
  2097     0028  318E  2655  3180   	fcall	__pidataBANK0	;fetch initializer
  2098     002B  00E5               	movwf	__pdataBANK0& (0+127)
  2099     002C  318E  2656  3180   	fcall	__pidataBANK0+1	;fetch initializer
  2100     002F  00E6               	movwf	(__pdataBANK0+1)& (0+127)
  2101     0030  318E  2657  3180   	fcall	__pidataBANK0+2	;fetch initializer
  2102     0033  00E7               	movwf	(__pdataBANK0+2)& (0+127)
  2103     0034  318E  2658  3180   	fcall	__pidataBANK0+3	;fetch initializer
  2104     0037  00E8               	movwf	(__pdataBANK0+3)& (0+127)
  2105                           
  2106                           ; Clear objects allocated to COMMON
  2107     0038  01F5               	clrf	__pbssCOMMON& (0+127)
  2108     0039  01F6               	clrf	(__pbssCOMMON+1)& (0+127)
  2109     003A  01F7               	clrf	(__pbssCOMMON+2)& (0+127)
  2110     003B  01F8               	clrf	(__pbssCOMMON+3)& (0+127)
  2111                           
  2112                           ; Clear objects allocated to BANK0
  2113     003C  3056               	movlw	low __pbssBANK0
  2114     003D  0084               	movwf	4
  2115     003E  3000               	movlw	high __pbssBANK0
  2116     003F  0085               	movwf	5
  2117     0040  300B               	movlw	11
  2118     0041  318E  26AF  3180   	fcall	clear_ram0
  2119                           
  2120                           ; Clear objects allocated to BANK1
  2121     0044  30A0               	movlw	low __pbssBANK1
  2122     0045  0084               	movwf	4
  2123     0046  3000               	movlw	high __pbssBANK1
  2124     0047  0085               	movwf	5
  2125     0048  304E               	movlw	78
  2126     0049  318E  26AF  3180   	fcall	clear_ram0
  2127                           
  2128                           ; Clear objects allocated to BANK2
  2129     004C  3020               	movlw	low __pbssBANK2
  2130     004D  0084               	movwf	4
  2131     004E  3001               	movlw	high __pbssBANK2
  2132     004F  0085               	movwf	5
  2133     0050  3020               	movlw	32
  2134     0051  318E  26AF  3180   	fcall	clear_ram0
  2135     0054                     end_of_initialization:	
  2136                           ;End of C runtime variable initialization code
  2137                           
  2138     0054                     __end_of__initialization:
  2139     0054  107E               	bcf	int$flags,0	;clear compiler interrupt flag (level 1)
  2140     0055  0020               	movlb	0
  2141     0056  3182  2A37         	ljmp	_main	;jump to C main() function
  2142                           
  2143                           	psect	bssCOMMON
  2144     0075                     __pbssCOMMON:
  2145     0075                     _timer1ReloadVal:
  2146     0075                     	ds	2
  2147     0077                     _fT1_1ms_flag:
  2148     0077                     	ds	1
  2149     0078                     _timer0ReloadVal:
  2150     0078                     	ds	1
  2151                           
  2152                           	psect	bssBANK0
  2153     0056                     __pbssBANK0:
  2154     0056                     _width:
  2155     0056                     	ds	2
  2156     0058                     _prec:
  2157     0058                     	ds	2
  2158     005A                     _T1_1ms_cnt:
  2159     005A                     	ds	2
  2160     005C                     TMR0_ISR@CountCallBack:
  2161     005C                     	ds	2
  2162     005E                     TMR1_ISR@CountCallBack:
  2163     005E                     	ds	2
  2164     0060                     _flags:
  2165     0060                     	ds	1
  2166                           
  2167                           	psect	dataBANK0
  2168     0065                     __pdataBANK0:
  2169     0065                     LCD_SetCursor@F3270:
  2170     0065                     	ds	4
  2171                           
  2172                           	psect	bssBANK1
  2173     00A0                     __pbssBANK1:
  2174     00A0                     _I2C_Status:
  2175     00A0                     	ds	29
  2176     00BD                     _g_keys:
  2177     00BD                     	ds	32
  2178     00DD                     _buf:
  2179     00DD                     	ds	17
  2180                           
  2181                           	psect	bssBANK2
  2182     0120                     __pbssBANK2:
  2183     0120                     _dbuf:
  2184     0120                     	ds	32
  2185                           
  2186                           	psect	clrtext
  2187     0EAF                     clear_ram0:	
  2188                           ;	Called with FSR0 containing the base address, and
  2189                           ;	WREG with the size to clear
  2190                           
  2191     0EAF  0064               	clrwdt	;clear the watchdog before getting into this loop
  2192     0EB0                     clrloop0:
  2193     0EB0  0180               	clrf	0	;clear RAM location pointed to by FSR
  2194     0EB1  3101               	addfsr 0,1
  2195     0EB2  0B89               	decfsz	9,f	;Have we reached the end of clearing yet?
  2196     0EB3  2EB0               	goto	clrloop0	;have we reached the end yet?
  2197     0EB4  3400               	retlw	0	;all done for this memory range, return
  2198                           
  2199                           	psect	cstackCOMMON
  2200     0070                     __pcstackCOMMON:
  2201     0070                     ?_I2C_Open:
  2202     0070                     ?_I2C_MasterWrite:	
  2203                           ; 1 bytes @ 0x0
  2204                           
  2205     0070                     ?_I2C_Close:	
  2206                           ; 1 bytes @ 0x0
  2207                           
  2208     0070                     ?_I2C_DO_IDLE:	
  2209                           ; 1 bytes @ 0x0
  2210                           
  2211     0070                     ?_I2C_DO_SEND_ADR_READ:	
  2212                           ; 1 bytes @ 0x0
  2213                           
  2214     0070                     ?_I2C_DO_SEND_ADR_WRITE:	
  2215                           ; 1 bytes @ 0x0
  2216                           
  2217     0070                     ?_I2C_DO_TX:	
  2218                           ; 1 bytes @ 0x0
  2219                           
  2220     0070                     ?_I2C_DO_RX:	
  2221                           ; 1 bytes @ 0x0
  2222                           
  2223     0070                     ?_I2C_DO_RCEN:	
  2224                           ; 1 bytes @ 0x0
  2225                           
  2226     0070                     ?_I2C_DO_TX_EMPTY:	
  2227                           ; 1 bytes @ 0x0
  2228                           
  2229     0070                     ?_I2C_DO_SEND_RESTART_READ:	
  2230                           ; 1 bytes @ 0x0
  2231                           
  2232     0070                     ?_I2C_DO_SEND_RESTART_WRITE:	
  2233                           ; 1 bytes @ 0x0
  2234                           
  2235     0070                     ?_I2C_DO_SEND_RESTART:	
  2236                           ; 1 bytes @ 0x0
  2237                           
  2238     0070                     ?_I2C_DO_SEND_STOP:	
  2239                           ; 1 bytes @ 0x0
  2240                           
  2241     0070                     ?_I2C_DO_RX_ACK:	
  2242                           ; 1 bytes @ 0x0
  2243                           
  2244     0070                     ?_I2C_DO_RX_NACK_STOP:	
  2245                           ; 1 bytes @ 0x0
  2246                           
  2247     0070                     ?_I2C_DO_RX_NACK_RESTART:	
  2248                           ; 1 bytes @ 0x0
  2249                           
  2250     0070                     ?_I2C_DO_RESET:	
  2251                           ; 1 bytes @ 0x0
  2252                           
  2253     0070                     ?_I2C_DO_ADDRESS_NACK:	
  2254                           ; 1 bytes @ 0x0
  2255                           
  2256     0070                     ?_I2C_MasterClearIrq:	
  2257                           ; 1 bytes @ 0x0
  2258                           
  2259     0070                     ?_I2C_MasterOpen:	
  2260                           ; 1 bytes @ 0x0
  2261                           
  2262     0070                     ?_I2C_MasterDisableIrq:	
  2263                           ; 1 bytes @ 0x0
  2264                           
  2265     0070                     ?_I2C_MasterClose:	
  2266                           ; 1 bytes @ 0x0
  2267                           
  2268     0070                     ?_I2C_MasterStart:	
  2269                           ; 1 bytes @ 0x0
  2270                           
  2271     0070                     ?_I2C_Poller:	
  2272                           ; 1 bytes @ 0x0
  2273                           
  2274     0070                     ?_I2C_MasterWaitForEvent:	
  2275                           ; 1 bytes @ 0x0
  2276                           
  2277     0070                     ?_I2C_MasterFsm:	
  2278                           ; 1 bytes @ 0x0
  2279                           
  2280     0070                     ?_I2C_MasterIsNack:	
  2281                           ; 1 bytes @ 0x0
  2282                           
  2283     0070                     ?_I2C_MasterSendTxData:	
  2284                           ; 1 bytes @ 0x0
  2285                           
  2286     0070                     ?_I2C_MasterGetRxData:	
  2287                           ; 1 bytes @ 0x0
  2288                           
  2289     0070                     ?_I2C_MasterSendAck:	
  2290                           ; 1 bytes @ 0x0
  2291                           
  2292     0070                     ?_I2C_MasterStartRx:	
  2293                           ; 1 bytes @ 0x0
  2294                           
  2295     0070                     ?_I2C_MasterSetIrq:	
  2296                           ; 1 bytes @ 0x0
  2297                           
  2298     0070                     ?_I2C_MasterEnableRestart:	
  2299                           ; 1 bytes @ 0x0
  2300                           
  2301     0070                     ?_I2C_MasterStop:	
  2302                           ; 1 bytes @ 0x0
  2303                           
  2304     0070                     ?_I2C_MasterSendNack:	
  2305                           ; 1 bytes @ 0x0
  2306                           
  2307     0070                     ?_OSCILLATOR_Initialize:	
  2308                           ; 1 bytes @ 0x0
  2309                           
  2310     0070                     ?_WDT_Initialize:	
  2311                           ; 1 bytes @ 0x0
  2312                           
  2313     0070                     ?_TMR1_Initialize:	
  2314                           ; 1 bytes @ 0x0
  2315                           
  2316     0070                     ?_TMR0_Initialize:	
  2317                           ; 1 bytes @ 0x0
  2318                           
  2319     0070                     ?_TMR1_CallBack:	
  2320                           ; 1 bytes @ 0x0
  2321                           
  2322     0070                     ??_TMR1_CallBack:	
  2323                           ; 1 bytes @ 0x0
  2324                           
  2325     0070                     ?_TMR0_ISR:	
  2326                           ; 1 bytes @ 0x0
  2327                           
  2328     0070                     ?_TMR0_DefaultInterruptHandler:	
  2329                           ; 1 bytes @ 0x0
  2330                           
  2331     0070                     ??_TMR0_DefaultInterruptHandler:	
  2332                           ; 1 bytes @ 0x0
  2333                           
  2334     0070                     ?_TMR0_CallBack:	
  2335                           ; 1 bytes @ 0x0
  2336                           
  2337     0070                     ?_TMR0_Even_10msEV:	
  2338                           ; 1 bytes @ 0x0
  2339                           
  2340     0070                     ?_TMR1_EvenHandler:	
  2341                           ; 1 bytes @ 0x0
  2342                           
  2343     0070                     ??_TMR1_EvenHandler:	
  2344                           ; 1 bytes @ 0x0
  2345                           
  2346     0070                     ?_LCD_Init:	
  2347                           ; 1 bytes @ 0x0
  2348                           
  2349     0070                     ?_Key_Init:	
  2350                           ; 1 bytes @ 0x0
  2351                           
  2352     0070                     ?_Key_ShortPressed:	
  2353                           ; 1 bytes @ 0x0
  2354                           
  2355     0070                     ?_LCD_Print:	
  2356                           ; 1 bytes @ 0x0
  2357                           
  2358     0070                     ?_Key_LongPressed:	
  2359                           ; 1 bytes @ 0x0
  2360                           
  2361     0070                     ?_LCD_functionSet:	
  2362                           ; 1 bytes @ 0x0
  2363                           
  2364     0070                     ?_Key_ScanTask:	
  2365                           ; 1 bytes @ 0x0
  2366                           
  2367     0070                     ?_putch:	
  2368                           ; 1 bytes @ 0x0
  2369                           
  2370     0070                     ?_I2C_Initialize:	
  2371                           ; 1 bytes @ 0x0
  2372                           
  2373     0070                     ?_I2C_MasterOperation:	
  2374                           ; 1 bytes @ 0x0
  2375                           
  2376     0070                     ?_PIN_MANAGER_Initialize:	
  2377                           ; 1 bytes @ 0x0
  2378                           
  2379     0070                     ?_SYSTEM_Initialize:	
  2380                           ; 1 bytes @ 0x0
  2381                           
  2382     0070                     ?_TMR1_WriteTimer:	
  2383                           ; 1 bytes @ 0x0
  2384                           
  2385     0070                     ?_TMR1_ISR:	
  2386                           ; 1 bytes @ 0x0
  2387                           
  2388     0070                     ?_INTERRUPT_InterruptManager:	
  2389                           ; 1 bytes @ 0x0
  2390                           
  2391     0070                     ?_LCD_Command:	
  2392                           ; 1 bytes @ 0x0
  2393                           
  2394     0070                     ?_LCD_Data:	
  2395                           ; 1 bytes @ 0x0
  2396                           
  2397     0070                     ?_key_hw_read:	
  2398                           ; 1 bytes @ 0x0
  2399                           
  2400     0070                     ??_key_hw_read:	
  2401                           ; 1 bytes @ 0x0
  2402                           
  2403     0070                     ?_main:	
  2404                           ; 1 bytes @ 0x0
  2405                           
  2406     0070                     key_hw_read@idx:	
  2407                           ; 2 bytes @ 0x0
  2408                           
  2409     0070                     putch@c:	
  2410                           ; 1 bytes @ 0x0
  2411                           
  2412     0070                     TMR1_WriteTimer@timerVal:	
  2413                           ; 1 bytes @ 0x0
  2414                           
  2415                           
  2416                           ; 2 bytes @ 0x0
  2417     0070                     	ds	1
  2418     0071                     ??_Key_ScanTask:
  2419                           
  2420                           ; 1 bytes @ 0x1
  2421     0071                     	ds	1
  2422     0072                     ??_TMR1_WriteTimer:
  2423     0072                     ??_TMR1_ISR:	
  2424                           ; 1 bytes @ 0x2
  2425                           
  2426                           
  2427                           ; 1 bytes @ 0x2
  2428     0072                     	ds	1
  2429     0073                     Key_ScanTask@i:
  2430                           
  2431                           ; 1 bytes @ 0x3
  2432     0073                     	ds	1
  2433     0074                     Key_ScanTask@key:
  2434                           
  2435                           ; 1 bytes @ 0x4
  2436     0074                     	ds	1
  2437     0075                     ??_I2C_Open:
  2438     0075                     ??_I2C_SetDataCompleteCallback:	
  2439                           ; 1 bytes @ 0x5
  2440                           
  2441     0075                     ??_rd1RegCompleteHandler:	
  2442                           ; 1 bytes @ 0x5
  2443                           
  2444     0075                     ??_I2C_SetBuffer:	
  2445                           ; 1 bytes @ 0x5
  2446                           
  2447     0075                     ??_I2C_SetAddressNackCallback:	
  2448                           ; 1 bytes @ 0x5
  2449                           
  2450     0075                     ??_I2C_MasterWrite:	
  2451                           ; 1 bytes @ 0x5
  2452                           
  2453     0075                     ??_I2C_Close:	
  2454                           ; 1 bytes @ 0x5
  2455                           
  2456     0075                     ??_rd2RegCompleteHandler:	
  2457                           ; 1 bytes @ 0x5
  2458                           
  2459     0075                     ??_wr1RegCompleteHandler:	
  2460                           ; 1 bytes @ 0x5
  2461                           
  2462     0075                     ??_wr2RegCompleteHandler:	
  2463                           ; 1 bytes @ 0x5
  2464                           
  2465     0075                     ??_rdBlkRegCompleteHandler:	
  2466                           ; 1 bytes @ 0x5
  2467                           
  2468     0075                     ??_I2C_DO_IDLE:	
  2469                           ; 1 bytes @ 0x5
  2470                           
  2471     0075                     ??_I2C_DO_SEND_ADR_READ:	
  2472                           ; 1 bytes @ 0x5
  2473                           
  2474     0075                     ??_I2C_DO_SEND_ADR_WRITE:	
  2475                           ; 1 bytes @ 0x5
  2476                           
  2477     0075                     ??_I2C_DO_RCEN:	
  2478                           ; 1 bytes @ 0x5
  2479                           
  2480     0075                     ??_I2C_DO_SEND_RESTART_READ:	
  2481                           ; 1 bytes @ 0x5
  2482                           
  2483     0075                     ??_I2C_DO_SEND_RESTART_WRITE:	
  2484                           ; 1 bytes @ 0x5
  2485                           
  2486     0075                     ??_I2C_DO_SEND_RESTART:	
  2487                           ; 1 bytes @ 0x5
  2488                           
  2489     0075                     ??_I2C_DO_SEND_STOP:	
  2490                           ; 1 bytes @ 0x5
  2491                           
  2492     0075                     ??_I2C_DO_RX_ACK:	
  2493                           ; 1 bytes @ 0x5
  2494                           
  2495     0075                     ??_I2C_DO_RX_NACK_STOP:	
  2496                           ; 1 bytes @ 0x5
  2497                           
  2498     0075                     ??_I2C_DO_RX_NACK_RESTART:	
  2499                           ; 1 bytes @ 0x5
  2500                           
  2501     0075                     ??_I2C_DO_RESET:	
  2502                           ; 1 bytes @ 0x5
  2503                           
  2504     0075                     ??_I2C_CallbackReturnStop:	
  2505                           ; 1 bytes @ 0x5
  2506                           
  2507     0075                     ??_I2C_CallbackReturnReset:	
  2508                           ; 1 bytes @ 0x5
  2509                           
  2510     0075                     ??_I2C_MasterClearIrq:	
  2511                           ; 1 bytes @ 0x5
  2512                           
  2513     0075                     ??_I2C_MasterOpen:	
  2514                           ; 1 bytes @ 0x5
  2515                           
  2516     0075                     ??_I2C_MasterDisableIrq:	
  2517                           ; 1 bytes @ 0x5
  2518                           
  2519     0075                     ??_I2C_MasterClose:	
  2520                           ; 1 bytes @ 0x5
  2521                           
  2522     0075                     ??_I2C_MasterStart:	
  2523                           ; 1 bytes @ 0x5
  2524                           
  2525     0075                     ??_I2C_Poller:	
  2526                           ; 1 bytes @ 0x5
  2527                           
  2528     0075                     ??_I2C_SetCallback:	
  2529                           ; 1 bytes @ 0x5
  2530                           
  2531     0075                     ??_I2C_MasterWaitForEvent:	
  2532                           ; 1 bytes @ 0x5
  2533                           
  2534     0075                     ??_I2C_MasterIsNack:	
  2535                           ; 1 bytes @ 0x5
  2536                           
  2537     0075                     ??_I2C_MasterSendTxData:	
  2538                           ; 1 bytes @ 0x5
  2539                           
  2540     0075                     ??_I2C_MasterGetRxData:	
  2541                           ; 1 bytes @ 0x5
  2542                           
  2543     0075                     ??_I2C_MasterSendAck:	
  2544                           ; 1 bytes @ 0x5
  2545                           
  2546     0075                     ??_I2C_MasterStartRx:	
  2547                           ; 1 bytes @ 0x5
  2548                           
  2549     0075                     ??_I2C_MasterSetIrq:	
  2550                           ; 1 bytes @ 0x5
  2551                           
  2552     0075                     ??_I2C_MasterEnableRestart:	
  2553                           ; 1 bytes @ 0x5
  2554                           
  2555     0075                     ??_I2C_MasterStop:	
  2556                           ; 1 bytes @ 0x5
  2557                           
  2558     0075                     ??_I2C_MasterSendNack:	
  2559                           ; 1 bytes @ 0x5
  2560                           
  2561     0075                     ??_OSCILLATOR_Initialize:	
  2562                           ; 1 bytes @ 0x5
  2563                           
  2564     0075                     ??_WDT_Initialize:	
  2565                           ; 1 bytes @ 0x5
  2566                           
  2567     0075                     ??_TMR1_Initialize:	
  2568                           ; 1 bytes @ 0x5
  2569                           
  2570     0075                     ??_TMR0_Initialize:	
  2571                           ; 1 bytes @ 0x5
  2572                           
  2573     0075                     ??_TMR0_ISR:	
  2574                           ; 1 bytes @ 0x5
  2575                           
  2576     0075                     ??_TMR0_SetInterruptHandler:	
  2577                           ; 1 bytes @ 0x5
  2578                           
  2579     0075                     ??_TMR0_CallBack:	
  2580                           ; 1 bytes @ 0x5
  2581                           
  2582     0075                     ??_TMR0_Even_10msEV:	
  2583                           ; 1 bytes @ 0x5
  2584                           
  2585     0075                     ??_LCD_SetCursor:	
  2586                           ; 1 bytes @ 0x5
  2587                           
  2588     0075                     ??_LCD_functionSet:	
  2589                           ; 1 bytes @ 0x5
  2590                           
  2591     0075                     ??_putch:	
  2592                           ; 1 bytes @ 0x5
  2593                           
  2594     0075                     ??_I2C_Write1ByteRegister:	
  2595                           ; 1 bytes @ 0x5
  2596                           
  2597     0075                     ??_I2C_Initialize:	
  2598                           ; 1 bytes @ 0x5
  2599                           
  2600     0075                     ??_I2C_MasterOperation:	
  2601                           ; 1 bytes @ 0x5
  2602                           
  2603     0075                     ??_PIN_MANAGER_Initialize:	
  2604                           ; 1 bytes @ 0x5
  2605                           
  2606     0075                     ??_SYSTEM_Initialize:	
  2607                           ; 1 bytes @ 0x5
  2608                           
  2609     0075                     ??_TMR1_SetInterruptHandler:	
  2610                           ; 1 bytes @ 0x5
  2611                           
  2612     0075                     ??_INTERRUPT_InterruptManager:	
  2613                           ; 1 bytes @ 0x5
  2614                           
  2615     0075                     ??_LCD_Command:	
  2616                           ; 1 bytes @ 0x5
  2617                           
  2618     0075                     ??_LCD_Data:	
  2619                           ; 1 bytes @ 0x5
  2620                           
  2621                           
  2622                           	psect	cstackBANK0
  2623     0020                     __pcstackBANK0:	
  2624                           ; 1 bytes @ 0x5
  2625                           
  2626     0020                     ?_I2C_SetBuffer:
  2627     0020                     ?_I2C_SetCallback:	
  2628                           ; 1 bytes @ 0x0
  2629                           
  2630     0020                     ?_TMR0_SetInterruptHandler:	
  2631                           ; 1 bytes @ 0x0
  2632                           
  2633     0020                     ??_Key_Init:	
  2634                           ; 1 bytes @ 0x0
  2635                           
  2636     0020                     ??_Key_ShortPressed:	
  2637                           ; 1 bytes @ 0x0
  2638                           
  2639     0020                     ??_Key_LongPressed:	
  2640                           ; 1 bytes @ 0x0
  2641                           
  2642     0020                     ?_TMR1_SetInterruptHandler:	
  2643                           ; 1 bytes @ 0x0
  2644                           
  2645     0020                     ?_fputc:	
  2646                           ; 1 bytes @ 0x0
  2647                           
  2648     0020                     ?___awdiv:	
  2649                           ; 2 bytes @ 0x0
  2650                           
  2651     0020                     ?___awmod:	
  2652                           ; 2 bytes @ 0x0
  2653                           
  2654     0020                     I2C_Open@address:	
  2655                           ; 2 bytes @ 0x0
  2656                           
  2657     0020                     I2C_Close@returnValue:	
  2658                           ; 1 bytes @ 0x0
  2659                           
  2660     0020                     I2C_MasterSendTxData@data:	
  2661                           ; 1 bytes @ 0x0
  2662                           
  2663     0020                     I2C_SetBuffer@bufferSize:	
  2664                           ; 1 bytes @ 0x0
  2665                           
  2666     0020                     I2C_SetCallback@cb:	
  2667                           ; 2 bytes @ 0x0
  2668                           
  2669     0020                     TMR1_SetInterruptHandler@InterruptHandler:	
  2670                           ; 2 bytes @ 0x0
  2671                           
  2672     0020                     TMR0_SetInterruptHandler@InterruptHandler:	
  2673                           ; 2 bytes @ 0x0
  2674                           
  2675     0020                     ___awdiv@divisor:	
  2676                           ; 2 bytes @ 0x0
  2677                           
  2678     0020                     ___awmod@divisor:	
  2679                           ; 2 bytes @ 0x0
  2680                           
  2681     0020                     fputc@c:	
  2682                           ; 2 bytes @ 0x0
  2683                           
  2684                           
  2685                           ; 2 bytes @ 0x0
  2686     0020                     	ds	1
  2687     0021                     I2C_Open@returnValue:
  2688     0021                     Key_Init@i:	
  2689                           ; 1 bytes @ 0x1
  2690                           
  2691     0021                     Key_ShortPressed@idx:	
  2692                           ; 1 bytes @ 0x1
  2693                           
  2694     0021                     Key_LongPressed@idx:	
  2695                           ; 1 bytes @ 0x1
  2696                           
  2697                           
  2698                           ; 1 bytes @ 0x1
  2699     0021                     	ds	1
  2700     0022                     I2C_SetBuffer@buffer:
  2701     0022                     I2C_SetCallback@ptr:	
  2702                           ; 1 bytes @ 0x2
  2703                           
  2704     0022                     fputc@fp:	
  2705                           ; 1 bytes @ 0x2
  2706                           
  2707     0022                     ___awdiv@dividend:	
  2708                           ; 1 bytes @ 0x2
  2709                           
  2710     0022                     ___awmod@dividend:	
  2711                           ; 2 bytes @ 0x2
  2712                           
  2713                           
  2714                           ; 2 bytes @ 0x2
  2715     0022                     	ds	1
  2716     0023                     ??_fputc:
  2717     0023                     I2C_SetCallback@idx:	
  2718                           ; 1 bytes @ 0x3
  2719                           
  2720                           
  2721                           ; 1 bytes @ 0x3
  2722     0023                     	ds	1
  2723     0024                     ?_I2C_SetDataCompleteCallback:
  2724     0024                     ?_I2C_SetAddressNackCallback:	
  2725                           ; 1 bytes @ 0x4
  2726                           
  2727     0024                     ??___awdiv:	
  2728                           ; 1 bytes @ 0x4
  2729                           
  2730     0024                     ??___awmod:	
  2731                           ; 1 bytes @ 0x4
  2732                           
  2733     0024                     I2C_SetDataCompleteCallback@cb:	
  2734                           ; 1 bytes @ 0x4
  2735                           
  2736     0024                     I2C_SetAddressNackCallback@cb:	
  2737                           ; 2 bytes @ 0x4
  2738                           
  2739                           
  2740                           ; 2 bytes @ 0x4
  2741     0024                     	ds	1
  2742     0025                     ___awdiv@counter:
  2743     0025                     ___awmod@counter:	
  2744                           ; 1 bytes @ 0x5
  2745                           
  2746                           
  2747                           ; 1 bytes @ 0x5
  2748     0025                     	ds	1
  2749     0026                     I2C_SetDataCompleteCallback@ptr:
  2750     0026                     ___awdiv@sign:	
  2751                           ; 1 bytes @ 0x6
  2752                           
  2753     0026                     ___awmod@sign:	
  2754                           ; 1 bytes @ 0x6
  2755                           
  2756     0026                     I2C_SetAddressNackCallback@ptr:	
  2757                           ; 1 bytes @ 0x6
  2758                           
  2759                           
  2760                           ; 2 bytes @ 0x6
  2761     0026                     	ds	1
  2762     0027                     ?_rd1RegCompleteHandler:
  2763     0027                     ?_rd2RegCompleteHandler:	
  2764                           ; 1 bytes @ 0x7
  2765                           
  2766     0027                     ?_wr1RegCompleteHandler:	
  2767                           ; 1 bytes @ 0x7
  2768                           
  2769     0027                     ?_wr2RegCompleteHandler:	
  2770                           ; 1 bytes @ 0x7
  2771                           
  2772     0027                     ?_rdBlkRegCompleteHandler:	
  2773                           ; 1 bytes @ 0x7
  2774                           
  2775     0027                     ?_I2C_CallbackReturnStop:	
  2776                           ; 1 bytes @ 0x7
  2777                           
  2778     0027                     ?_I2C_CallbackReturnReset:	
  2779                           ; 1 bytes @ 0x7
  2780                           
  2781     0027                     ?_abs:	
  2782                           ; 1 bytes @ 0x7
  2783                           
  2784     0027                     rd1RegCompleteHandler@ptr:	
  2785                           ; 2 bytes @ 0x7
  2786                           
  2787     0027                     rd2RegCompleteHandler@ptr:	
  2788                           ; 1 bytes @ 0x7
  2789                           
  2790     0027                     wr1RegCompleteHandler@ptr:	
  2791                           ; 1 bytes @ 0x7
  2792                           
  2793     0027                     wr2RegCompleteHandler@ptr:	
  2794                           ; 1 bytes @ 0x7
  2795                           
  2796     0027                     rdBlkRegCompleteHandler@ptr:	
  2797                           ; 1 bytes @ 0x7
  2798                           
  2799     0027                     I2C_CallbackReturnStop@funPtr:	
  2800                           ; 1 bytes @ 0x7
  2801                           
  2802     0027                     I2C_CallbackReturnReset@funPtr:	
  2803                           ; 1 bytes @ 0x7
  2804                           
  2805     0027                     ___awdiv@quotient:	
  2806                           ; 1 bytes @ 0x7
  2807                           
  2808     0027                     abs@a:	
  2809                           ; 2 bytes @ 0x7
  2810                           
  2811                           
  2812                           ; 2 bytes @ 0x7
  2813     0027                     	ds	1
  2814     0028                     ??_I2C_DO_TX:
  2815     0028                     ??_I2C_DO_RX:	
  2816                           ; 1 bytes @ 0x8
  2817                           
  2818     0028                     ??_I2C_DO_TX_EMPTY:	
  2819                           ; 1 bytes @ 0x8
  2820                           
  2821     0028                     ??_I2C_DO_ADDRESS_NACK:	
  2822                           ; 1 bytes @ 0x8
  2823                           
  2824                           
  2825                           ; 1 bytes @ 0x8
  2826     0028                     	ds	1
  2827     0029                     ??_abs:
  2828                           
  2829                           ; 1 bytes @ 0x9
  2830     0029                     	ds	1
  2831     002A                     ??_I2C_MasterFsm:
  2832                           
  2833                           ; 1 bytes @ 0xA
  2834     002A                     	ds	1
  2835     002B                     ?_vfpfcnvrt:
  2836     002B                     vfpfcnvrt@fmt:	
  2837                           ; 1 bytes @ 0xB
  2838                           
  2839                           
  2840                           ; 1 bytes @ 0xB
  2841     002B                     	ds	1
  2842     002C                     I2C_MasterOperation@read:
  2843     002C                     vfpfcnvrt@ap:	
  2844                           ; 1 bytes @ 0xC
  2845                           
  2846                           
  2847                           ; 1 bytes @ 0xC
  2848     002C                     	ds	1
  2849     002D                     ??_vfpfcnvrt:
  2850     002D                     I2C_MasterOperation@returnValue:	
  2851                           ; 1 bytes @ 0xD
  2852                           
  2853                           
  2854                           ; 1 bytes @ 0xD
  2855     002D                     	ds	1
  2856     002E                     ?_I2C_Write1ByteRegister:
  2857     002E                     I2C_Write1ByteRegister@reg:	
  2858                           ; 1 bytes @ 0xE
  2859                           
  2860                           
  2861                           ; 1 bytes @ 0xE
  2862     002E                     	ds	1
  2863     002F                     I2C_Write1ByteRegister@data:
  2864                           
  2865                           ; 1 bytes @ 0xF
  2866     002F                     	ds	1
  2867     0030                     I2C_Write1ByteRegister@address:
  2868                           
  2869                           ; 1 bytes @ 0x10
  2870     0030                     	ds	1
  2871     0031                     ?_PCF8574_LCD_SendNibble:
  2872     0031                     PCF8574_LCD_SendNibble@rs:	
  2873                           ; 1 bytes @ 0x11
  2874                           
  2875     0031                     vfpfcnvrt@done:	
  2876                           ; 1 bytes @ 0x11
  2877                           
  2878                           
  2879                           ; 1 bytes @ 0x11
  2880     0031                     	ds	1
  2881     0032                     ??_PCF8574_LCD_SendNibble:
  2882     0032                     vfpfcnvrt@fp:	
  2883                           ; 1 bytes @ 0x12
  2884                           
  2885                           
  2886                           ; 1 bytes @ 0x12
  2887     0032                     	ds	1
  2888     0033                     PCF8574_LCD_SendNibble@nibble:
  2889     0033                     vfpfcnvrt@cp:	
  2890                           ; 1 bytes @ 0x13
  2891                           
  2892                           
  2893                           ; 2 bytes @ 0x13
  2894     0033                     	ds	1
  2895     0034                     PCF8574_LCD_SendNibble@data:
  2896                           
  2897                           ; 1 bytes @ 0x14
  2898     0034                     	ds	1
  2899     0035                     ?_PCF8574_LCD_SendByte:
  2900     0035                     PCF8574_LCD_SendByte@rs:	
  2901                           ; 1 bytes @ 0x15
  2902                           
  2903     0035                     vfpfcnvrt@convarg:	
  2904                           ; 1 bytes @ 0x15
  2905                           
  2906                           
  2907                           ; 4 bytes @ 0x15
  2908     0035                     	ds	1
  2909     0036                     ??_PCF8574_LCD_SendByte:
  2910                           
  2911                           ; 1 bytes @ 0x16
  2912     0036                     	ds	1
  2913     0037                     PCF8574_LCD_SendByte@val:
  2914                           
  2915                           ; 1 bytes @ 0x17
  2916     0037                     	ds	1
  2917     0038                     LCD_Command@cmd:
  2918     0038                     LCD_Data@data:	
  2919                           ; 1 bytes @ 0x18
  2920                           
  2921                           
  2922                           ; 1 bytes @ 0x18
  2923     0038                     	ds	1
  2924     0039                     ??_LCD_Init:
  2925     0039                     ?_LCD_SetCursor:	
  2926                           ; 1 bytes @ 0x19
  2927                           
  2928     0039                     ??_LCD_Print:	
  2929                           ; 1 bytes @ 0x19
  2930                           
  2931     0039                     LCD_SetCursor@row:	
  2932                           ; 1 bytes @ 0x19
  2933                           
  2934     0039                     vfpfcnvrt@c:	
  2935                           ; 1 bytes @ 0x19
  2936                           
  2937                           
  2938                           ; 1 bytes @ 0x19
  2939     0039                     	ds	1
  2940     003A                     ?_vfprintf:
  2941     003A                     LCD_Init@i:	
  2942                           ; 2 bytes @ 0x1A
  2943                           
  2944     003A                     LCD_Print@str:	
  2945                           ; 1 bytes @ 0x1A
  2946                           
  2947     003A                     vfprintf@fmt:	
  2948                           ; 1 bytes @ 0x1A
  2949                           
  2950     003A                     LCD_SetCursor@row_offsets:	
  2951                           ; 2 bytes @ 0x1A
  2952                           
  2953                           
  2954                           ; 4 bytes @ 0x1A
  2955     003A                     	ds	2
  2956     003C                     vfprintf@ap:
  2957                           
  2958                           ; 1 bytes @ 0x1C
  2959     003C                     	ds	1
  2960     003D                     ??_vfprintf:
  2961                           
  2962                           ; 1 bytes @ 0x1D
  2963     003D                     	ds	1
  2964     003E                     LCD_SetCursor@col:
  2965     003E                     vfprintf@fp:	
  2966                           ; 1 bytes @ 0x1E
  2967                           
  2968                           
  2969                           ; 1 bytes @ 0x1E
  2970     003E                     	ds	1
  2971     003F                     vfprintf@cfmt:
  2972                           
  2973                           ; 2 bytes @ 0x1F
  2974     003F                     	ds	2
  2975     0041                     ?_sprintf:
  2976     0041                     sprintf@fmt:	
  2977                           ; 2 bytes @ 0x21
  2978                           
  2979                           
  2980                           ; 2 bytes @ 0x21
  2981     0041                     	ds	4
  2982     0045                     ??_sprintf:
  2983                           
  2984                           ; 1 bytes @ 0x25
  2985     0045                     	ds	1
  2986     0046                     sprintf@ap:
  2987                           
  2988                           ; 1 bytes @ 0x26
  2989     0046                     	ds	1
  2990     0047                     sprintf@s:
  2991                           
  2992                           ; 1 bytes @ 0x27
  2993     0047                     	ds	1
  2994     0048                     sprintf@f:
  2995                           
  2996                           ; 11 bytes @ 0x28
  2997     0048                     	ds	11
  2998     0053                     ??_main:
  2999                           
  3000                           ; 1 bytes @ 0x33
  3001     0053                     	ds	1
  3002     0054                     main@i:
  3003                           
  3004                           ; 2 bytes @ 0x34
  3005     0054                     	ds	2
  3006                           
  3007                           	psect	maintext
  3008     0237                     __pmaintext:	
  3009 ;;
  3010 ;;Main: autosize = 0, tempsize = 1, incstack = 0, save=0
  3011 ;;
  3012 ;; *************** function _main *****************
  3013 ;; Defined at:
  3014 ;;		line 37 in file "main.c"
  3015 ;; Parameters:    Size  Location     Type
  3016 ;;		None
  3017 ;; Auto vars:     Size  Location     Type
  3018 ;;  i               2   52[BANK0 ] int 
  3019 ;; Return value:  Size  Location     Type
  3020 ;;                  2  663[None  ] int 
  3021 ;; Registers used:
  3022 ;;		wreg, fsr0l, fsr0h, fsr1l, fsr1h, status,2, status,0, pclath, cstack
  3023 ;; Tracked objects:
  3024 ;;		On entry : B1F/0
  3025 ;;		On exit  : 0/0
  3026 ;;		Unchanged: 0/0
  3027 ;; Data sizes:     COMMON   BANK0   BANK1   BANK2   BANK3   BANK4   BANK5   BANK6
  3028 ;;      Params:         0       0       0       0       0       0       0       0
  3029 ;;      Locals:         0       2       0       0       0       0       0       0
  3030 ;;      Temps:          0       1       0       0       0       0       0       0
  3031 ;;      Totals:         0       3       0       0       0       0       0       0
  3032 ;;Total ram usage:        3 bytes
  3033 ;; Hardware stack levels required when called: 20
  3034 ;; This function calls:
  3035 ;;		_Key_Init
  3036 ;;		_Key_LongPressed
  3037 ;;		_Key_ShortPressed
  3038 ;;		_LCD_Init
  3039 ;;		_LCD_Print
  3040 ;;		_LCD_SetCursor
  3041 ;;		_SYSTEM_Initialize
  3042 ;;		_TMR0_SetInterruptHandler
  3043 ;;		_TMR1_SetInterruptHandler
  3044 ;;		_sprintf
  3045 ;; This function is called by:
  3046 ;;		Startup code after reset
  3047 ;; This function uses a non-reentrant model
  3048 ;;
  3049                           
  3050     0237                     _main:	
  3051                           ;psect for function _main
  3052                           
  3053     0237                     l4554:	
  3054                           ;incstack = 0
  3055 ;; hardware stack exceeded
  3056                           ; Regs used in _main: [wreg-fsr1h+status,2+status,0+pclath+cstack]
  3057                           
  3058                           
  3059                           ;main.c: 39:   SYSTEM_Initialize();
  3060     0237  318F  27C4  3182   	fcall	_SYSTEM_Initialize
  3061                           
  3062                           ;main.c: 40:   TMR0_SetInterruptHandler(TMR0_Even_10msEV);
  3063     023A  3045               	movlw	low _TMR0_Even_10msEV
  3064     023B  0020               	movlb	0	; select bank0
  3065     023C  00A0               	movwf	TMR0_SetInterruptHandler@InterruptHandler
  3066     023D  300E               	movlw	high _TMR0_Even_10msEV
  3067     023E  00A1               	movwf	TMR0_SetInterruptHandler@InterruptHandler+1
  3068     023F  318E  26A3  3182   	fcall	_TMR0_SetInterruptHandler
  3069                           
  3070                           ;main.c: 41:   TMR1_SetInterruptHandler(TMR1_EvenHandler);
  3071     0242  308B               	movlw	low _TMR1_EvenHandler
  3072     0243  0020               	movlb	0	; select bank0
  3073     0244  00A0               	movwf	TMR1_SetInterruptHandler@InterruptHandler
  3074     0245  300E               	movlw	high _TMR1_EvenHandler
  3075     0246  00A1               	movwf	TMR1_SetInterruptHandler@InterruptHandler+1
  3076     0247  318E  26A9  3182   	fcall	_TMR1_SetInterruptHandler
  3077     024A                     l4556:
  3078                           
  3079                           ;main.c: 42:   LCD_Init();
  3080     024A  3184  24B4  3182   	fcall	_LCD_Init
  3081     024D                     l4558:
  3082                           
  3083                           ;main.c: 43:   LCD_SetCursor(0, 0);
  3084     024D  0020               	movlb	0	; select bank0
  3085     024E  01B9               	clrf	LCD_SetCursor@row
  3086     024F  3000               	movlw	0
  3087     0250  3187  27E4  3182   	fcall	_LCD_SetCursor
  3088     0253                     l4560:
  3089                           
  3090                           ;main.c: 44:   Key_Init();
  3091     0253  3183  2319  3182   	fcall	_Key_Init
  3092     0256                     l4562:
  3093     0256  0022               	movlb	2	; select bank2
  3094     0257  140E               	bsf	14,0	;volatile
  3095     0258                     l4564:
  3096     0258  148E               	bsf	14,1	;volatile
  3097     0259                     l4566:
  3098                           
  3099                           ;main.c: 51:     for(int i = 0; i < 4; i++) {
  3100     0259  0020               	movlb	0	; select bank0
  3101     025A  01D4               	clrf	main@i
  3102     025B  01D5               	clrf	main@i+1
  3103     025C                     l4572:
  3104                           
  3105                           ;main.c: 52:       if (Key_ShortPressed(i)) {
  3106     025C  0020               	movlb	0	; select bank0
  3107     025D  0854               	movf	main@i,w
  3108     025E  3186  263F  3182   	fcall	_Key_ShortPressed
  3109     0261  3A00               	xorlw	0
  3110     0262  1903               	skipnz
  3111     0263  2A65               	goto	u2971
  3112     0264  2A66               	goto	u2970
  3113     0265                     u2971:
  3114     0265  2A80               	goto	l4576
  3115     0266                     u2970:
  3116     0266                     l4574:
  3117                           
  3118                           ;main.c: 53:         LCD_SetCursor(0, 1);
  3119     0266  0020               	movlb	0	; select bank0
  3120     0267  01B9               	clrf	LCD_SetCursor@row
  3121     0268  0AB9               	incf	LCD_SetCursor@row,f
  3122     0269  3000               	movlw	0
  3123     026A  3187  27E4  3182   	fcall	_LCD_SetCursor
  3124                           
  3125                           ;main.c: 54:         sprintf(buf, "BTN %d Short", i+1);
  3126     026D  3000               	movlw	low (STR_1| (0+32768))
  3127     026E  0020               	movlb	0	; select bank0
  3128     026F  00C1               	movwf	sprintf@fmt
  3129     0270  3090               	movlw	high (STR_1| (0+32768))
  3130     0271  00C2               	movwf	sprintf@fmt+1
  3131     0272  0854               	movf	main@i,w
  3132     0273  3E01               	addlw	1
  3133     0274  00C3               	movwf	?_sprintf+2
  3134     0275  3000               	movlw	0
  3135     0276  3D55               	addwfc	main@i+1,w
  3136     0277  00C4               	movwf	?_sprintf+3
  3137     0278  30DD               	movlw	(low (_buf| 0))& (0+255)
  3138     0279  3187  2713  3182   	fcall	_sprintf
  3139                           
  3140                           ;main.c: 55:         LCD_Print(buf);
  3141     027C  30DD               	movlw	(low (_buf| 0))& (0+255)
  3142     027D  3187  279D  3182   	fcall	_LCD_Print
  3143     0280                     l4576:
  3144                           
  3145                           ;main.c: 57:       if (Key_LongPressed(i)) {
  3146     0280  0020               	movlb	0	; select bank0
  3147     0281  0854               	movf	main@i,w
  3148     0282  3186  2667  3182   	fcall	_Key_LongPressed
  3149     0285  3A00               	xorlw	0
  3150     0286  1903               	skipnz
  3151     0287  2A89               	goto	u2981
  3152     0288  2A8A               	goto	u2980
  3153     0289                     u2981:
  3154     0289  2AA4               	goto	l4580
  3155     028A                     u2980:
  3156     028A                     l4578:
  3157                           
  3158                           ;main.c: 58:         LCD_SetCursor(0, 1);
  3159     028A  0020               	movlb	0	; select bank0
  3160     028B  01B9               	clrf	LCD_SetCursor@row
  3161     028C  0AB9               	incf	LCD_SetCursor@row,f
  3162     028D  3000               	movlw	0
  3163     028E  3187  27E4  3182   	fcall	_LCD_SetCursor
  3164                           
  3165                           ;main.c: 59:         sprintf(buf, "BTN %d Long", i+1);
  3166     0291  300D               	movlw	low (STR_2| (0+32768))
  3167     0292  0020               	movlb	0	; select bank0
  3168     0293  00C1               	movwf	sprintf@fmt
  3169     0294  3090               	movlw	high (STR_2| (0+32768))
  3170     0295  00C2               	movwf	sprintf@fmt+1
  3171     0296  0854               	movf	main@i,w
  3172     0297  3E01               	addlw	1
  3173     0298  00C3               	movwf	?_sprintf+2
  3174     0299  3000               	movlw	0
  3175     029A  3D55               	addwfc	main@i+1,w
  3176     029B  00C4               	movwf	?_sprintf+3
  3177     029C  30DD               	movlw	(low (_buf| 0))& (0+255)
  3178     029D  3187  2713  3182   	fcall	_sprintf
  3179                           
  3180                           ;main.c: 60:         LCD_Print(buf);
  3181     02A0  30DD               	movlw	(low (_buf| 0))& (0+255)
  3182     02A1  3187  279D  3182   	fcall	_LCD_Print
  3183     02A4                     l4580:
  3184                           
  3185                           ;main.c: 62:     }
  3186     02A4  3001               	movlw	1
  3187     02A5  0020               	movlb	0	; select bank0
  3188     02A6  07D4               	addwf	main@i,f
  3189     02A7  3000               	movlw	0
  3190     02A8  3DD5               	addwfc	main@i+1,f
  3191     02A9                     l4582:
  3192     02A9  0855               	movf	main@i+1,w
  3193     02AA  3A80               	xorlw	128
  3194     02AB  00D3               	movwf	??_main
  3195     02AC  3080               	movlw	128
  3196     02AD  0253               	subwf	??_main,w
  3197     02AE  1D03               	skipz
  3198     02AF  2AB2               	goto	u2995
  3199     02B0  3004               	movlw	4
  3200     02B1  0254               	subwf	main@i,w
  3201     02B2                     u2995:
  3202     02B2  1C03               	skipc
  3203     02B3  2AB5               	goto	u2991
  3204     02B4  2AB6               	goto	u2990
  3205     02B5                     u2991:
  3206     02B5  2A5C               	goto	l4572
  3207     02B6                     u2990:
  3208     02B6  2A59               	goto	l4566
  3209     02B7  3180  2826         	ljmp	start
  3210     02B9                     __end_of_main:
  3211                           
  3212                           	psect	text1
  3213     0713                     __ptext1:	
  3214 ;; *************** function _sprintf *****************
  3215 ;; Defined at:
  3216 ;;		line 9 in file "C:\Program Files\Microchip\xc8\v2.46\pic\sources\c99\common\nf_sprintf.c"
  3217 ;; Parameters:    Size  Location     Type
  3218 ;;  s               1    wreg     PTR unsigned char 
  3219 ;;		 -> buf(17), 
  3220 ;;  fmt             2   33[BANK0 ] PTR const unsigned char 
  3221 ;;		 -> STR_2(12), STR_1(13), 
  3222 ;; Auto vars:     Size  Location     Type
  3223 ;;  s               1   39[BANK0 ] PTR unsigned char 
  3224 ;;		 -> buf(17), 
  3225 ;;  f              11   40[BANK0 ] struct _IO_FILE
  3226 ;;  ret             2    0        int 
  3227 ;;  ap              1   38[BANK0 ] PTR void [1]
  3228 ;;		 -> ?_sprintf(2), 
  3229 ;; Return value:  Size  Location     Type
  3230 ;;                  2   33[BANK0 ] int 
  3231 ;; Registers used:
  3232 ;;		wreg, fsr0l, fsr0h, fsr1l, fsr1h, status,2, status,0, pclath, cstack
  3233 ;; Tracked objects:
  3234 ;;		On entry : 0/0
  3235 ;;		On exit  : 0/0
  3236 ;;		Unchanged: 0/0
  3237 ;; Data sizes:     COMMON   BANK0   BANK1   BANK2   BANK3   BANK4   BANK5   BANK6
  3238 ;;      Params:         0       4       0       0       0       0       0       0
  3239 ;;      Locals:         0      13       0       0       0       0       0       0
  3240 ;;      Temps:          0       1       0       0       0       0       0       0
  3241 ;;      Totals:         0      18       0       0       0       0       0       0
  3242 ;;Total ram usage:       18 bytes
  3243 ;; Hardware stack levels used: 1
  3244 ;; Hardware stack levels required when called: 10
  3245 ;; This function calls:
  3246 ;;		_vfprintf
  3247 ;; This function is called by:
  3248 ;;		_main
  3249 ;; This function uses a non-reentrant model
  3250 ;;
  3251                           
  3252     0713                     _sprintf:	
  3253                           ;psect for function _sprintf
  3254                           
  3255                           
  3256                           ;incstack = 0
  3257                           ; Regs used in _sprintf: [wreg-fsr1h+status,2+status,0+pclath+cstack]
  3258                           ;sprintf@s stored from wreg
  3259     0713  0020               	movlb	0	; select bank0
  3260     0714  00C7               	movwf	sprintf@s
  3261     0715                     l4400:
  3262     0715  3043               	movlw	(low ((?_sprintf| 0+2)))& (0+255)
  3263     0716  00C6               	movwf	sprintf@ap
  3264     0717  0847               	movf	sprintf@s,w
  3265     0718  00C8               	movwf	sprintf@f
  3266     0719                     l4402:
  3267     0719  01CA               	clrf	sprintf@f+2
  3268     071A  01CB               	clrf	sprintf@f+3
  3269     071B                     l4404:
  3270     071B  01D1               	clrf	sprintf@f+9
  3271     071C  01D2               	clrf	sprintf@f+10
  3272     071D                     l4406:
  3273     071D  0842               	movf	sprintf@fmt+1,w
  3274     071E  00BB               	movwf	vfprintf@fmt+1
  3275     071F  0841               	movf	sprintf@fmt,w
  3276     0720  00BA               	movwf	vfprintf@fmt
  3277     0721  3046               	movlw	(low (sprintf@ap| 0))& (0+255)
  3278     0722  00BC               	movwf	vfprintf@ap
  3279     0723  3048               	movlw	(low (sprintf@f| 0))& (0+255)
  3280     0724  3187  2730  3187   	fcall	_vfprintf
  3281     0727                     l4408:
  3282     0727  0020               	movlb	0	; select bank0
  3283     0728  084A               	movf	sprintf@f+2,w
  3284     0729  0747               	addwf	sprintf@s,w
  3285     072A  00C5               	movwf	??_sprintf
  3286     072B  0845               	movf	??_sprintf,w
  3287     072C  0086               	movwf	6
  3288     072D  0187               	clrf	7
  3289     072E  0181               	clrf	1
  3290     072F                     l1384:
  3291     072F  0008               	return
  3292     0730                     __end_of_sprintf:
  3293                           
  3294                           	psect	text2
  3295     0730                     __ptext2:	
  3296 ;; *************** function _vfprintf *****************
  3297 ;; Defined at:
  3298 ;;		line 1817 in file "C:\Program Files\Microchip\xc8\v2.46\pic\sources\c99\common\doprnt.c"
  3299 ;; Parameters:    Size  Location     Type
  3300 ;;  fp              1    wreg     PTR struct _IO_FILE
  3301 ;;		 -> sprintf@f(11), 
  3302 ;;  fmt             2   26[BANK0 ] PTR const unsigned char 
  3303 ;;		 -> STR_2(12), STR_1(13), 
  3304 ;;  ap              1   28[BANK0 ] PTR PTR void 
  3305 ;;		 -> sprintf@ap(1), 
  3306 ;; Auto vars:     Size  Location     Type
  3307 ;;  fp              1   30[BANK0 ] PTR struct _IO_FILE
  3308 ;;		 -> sprintf@f(11), 
  3309 ;;  cfmt            2   31[BANK0 ] PTR unsigned char 
  3310 ;;		 -> STR_2(12), STR_1(13), 
  3311 ;; Return value:  Size  Location     Type
  3312 ;;                  2   26[BANK0 ] int 
  3313 ;; Registers used:
  3314 ;;		wreg, fsr0l, fsr0h, fsr1l, fsr1h, status,2, status,0, pclath, cstack
  3315 ;; Tracked objects:
  3316 ;;		On entry : 0/0
  3317 ;;		On exit  : 0/0
  3318 ;;		Unchanged: 0/0
  3319 ;; Data sizes:     COMMON   BANK0   BANK1   BANK2   BANK3   BANK4   BANK5   BANK6
  3320 ;;      Params:         0       3       0       0       0       0       0       0
  3321 ;;      Locals:         0       3       0       0       0       0       0       0
  3322 ;;      Temps:          0       1       0       0       0       0       0       0
  3323 ;;      Totals:         0       7       0       0       0       0       0       0
  3324 ;;Total ram usage:        7 bytes
  3325 ;; Hardware stack levels used: 1
  3326 ;; Hardware stack levels required when called: 9
  3327 ;; This function calls:
  3328 ;;		_vfpfcnvrt
  3329 ;; This function is called by:
  3330 ;;		_sprintf
  3331 ;; This function uses a non-reentrant model
  3332 ;;
  3333                           
  3334     0730                     _vfprintf:	
  3335                           ;psect for function _vfprintf
  3336                           
  3337                           
  3338                           ;incstack = 0
  3339                           ; Regs used in _vfprintf: [wreg-fsr1h+status,2+status,0+pclath+cstack]
  3340                           ;vfprintf@fp stored from wreg
  3341     0730  0020               	movlb	0	; select bank0
  3342     0731  00BE               	movwf	vfprintf@fp
  3343     0732                     l4326:
  3344                           
  3345                           ;C:\Program Files\Microchip\xc8\v2.46\pic\sources\c99\common\doprnt.c: 1817: int vfprint
      +                          f(FILE *fp, const char *fmt, va_list ap);C:\Program Files\Microchip\xc8\v2.46\pic\source
      +                          s\c99\common\doprnt.c: 1818: {;C:\Program Files\Microchip\xc8\v2.46\pic\sources\c99\comm
      +                          on\doprnt.c: 1820:     char *cfmt;;C:\Program Files\Microchip\xc8\v2.46\pic\sources\c99\
      +                          common\doprnt.c: 1822:     cfmt = (char *)fmt;
  3346     0732  083B               	movf	vfprintf@fmt+1,w
  3347     0733  00C0               	movwf	vfprintf@cfmt+1
  3348     0734  083A               	movf	vfprintf@fmt,w
  3349     0735  00BF               	movwf	vfprintf@cfmt
  3350                           
  3351                           ;C:\Program Files\Microchip\xc8\v2.46\pic\sources\c99\common\doprnt.c: 1826:     while (
      +                          *cfmt) {
  3352     0736  2F3F               	goto	l4330
  3353     0737                     l4328:
  3354                           
  3355                           ;C:\Program Files\Microchip\xc8\v2.46\pic\sources\c99\common\doprnt.c: 1830:    vfpfcnvr
      +                          t(fp, &cfmt, ap);
  3356     0737  303F               	movlw	(low (vfprintf@cfmt| 0))& (0+255)
  3357     0738  00AB               	movwf	vfpfcnvrt@fmt
  3358     0739  083C               	movf	vfprintf@ap,w
  3359     073A  00AC               	movwf	vfpfcnvrt@ap
  3360     073B  083E               	movf	vfprintf@fp,w
  3361     073C  3180  2058  3187   	fcall	_vfpfcnvrt
  3362     073F                     l4330:
  3363                           
  3364                           ;C:\Program Files\Microchip\xc8\v2.46\pic\sources\c99\common\doprnt.c: 1826:     while (
      +                          *cfmt) {
  3365     073F  0020               	movlb	0	; select bank0
  3366     0740  083F               	movf	vfprintf@cfmt,w
  3367     0741  0084               	movwf	4
  3368     0742  0840               	movf	vfprintf@cfmt+1,w
  3369     0743  0085               	movwf	5
  3370     0744  0012               	moviw fsr0++
  3371     0745  1D03               	btfss	3,2
  3372     0746  2F48               	goto	u2661
  3373     0747  2F49               	goto	u2660
  3374     0748                     u2661:
  3375     0748  2F37               	goto	l4328
  3376     0749                     u2660:
  3377     0749                     l4332:
  3378                           
  3379                           ;C:\Program Files\Microchip\xc8\v2.46\pic\sources\c99\common\doprnt.c: 1835:  return 0;
  3380     0749  01BA               	clrf	?_vfprintf
  3381     074A  01BB               	clrf	?_vfprintf+1
  3382     074B                     l1428:
  3383     074B  0008               	return
  3384     074C                     __end_of_vfprintf:
  3385                           
  3386                           	psect	text3
  3387     0058                     __ptext3:	
  3388 ;; *************** function _vfpfcnvrt *****************
  3389 ;; Defined at:
  3390 ;;		line 1177 in file "C:\Program Files\Microchip\xc8\v2.46\pic\sources\c99\common\doprnt.c"
  3391 ;; Parameters:    Size  Location     Type
  3392 ;;  fp              1    wreg     PTR struct _IO_FILE
  3393 ;;		 -> sprintf@f(11), 
  3394 ;;  fmt             1   11[BANK0 ] PTR PTR unsigned char 
  3395 ;;		 -> vfprintf@cfmt(2), 
  3396 ;;  ap              1   12[BANK0 ] PTR PTR void 
  3397 ;;		 -> sprintf@ap(1), 
  3398 ;; Auto vars:     Size  Location     Type
  3399 ;;  fp              1   18[BANK0 ] PTR struct _IO_FILE
  3400 ;;		 -> sprintf@f(11), 
  3401 ;;  convarg         4   21[BANK0 ] struct .
  3402 ;;  cp              2   19[BANK0 ] PTR unsigned char 
  3403 ;;		 -> STR_2(12), STR_1(13), 
  3404 ;;  c               1   25[BANK0 ] unsigned char 
  3405 ;;  done            1   17[BANK0 ] _Bool 
  3406 ;; Return value:  Size  Location     Type
  3407 ;;                  1    wreg      void 
  3408 ;; Registers used:
  3409 ;;		wreg, fsr0l, fsr0h, fsr1l, fsr1h, status,2, status,0, pclath, cstack
  3410 ;; Tracked objects:
  3411 ;;		On entry : 0/0
  3412 ;;		On exit  : 0/0
  3413 ;;		Unchanged: 0/0
  3414 ;; Data sizes:     COMMON   BANK0   BANK1   BANK2   BANK3   BANK4   BANK5   BANK6
  3415 ;;      Params:         0       2       0       0       0       0       0       0
  3416 ;;      Locals:         0       9       0       0       0       0       0       0
  3417 ;;      Temps:          0       4       0       0       0       0       0       0
  3418 ;;      Totals:         0      15       0       0       0       0       0       0
  3419 ;;Total ram usage:       15 bytes
  3420 ;; Hardware stack levels used: 1
  3421 ;; Hardware stack levels required when called: 8
  3422 ;; This function calls:
  3423 ;;		___awdiv
  3424 ;;		___awmod
  3425 ;;		_abs
  3426 ;;		_fputc
  3427 ;; This function is called by:
  3428 ;;		_vfprintf
  3429 ;; This function uses a non-reentrant model
  3430 ;;
  3431                           
  3432     0058                     _vfpfcnvrt:	
  3433                           ;psect for function _vfpfcnvrt
  3434                           
  3435                           
  3436                           ;incstack = 0
  3437                           ; Regs used in _vfpfcnvrt: [wreg-fsr1h+status,2+status,0+pclath+cstack]
  3438                           ;vfpfcnvrt@fp stored from wreg
  3439     0058  0020               	movlb	0	; select bank0
  3440     0059  00B2               	movwf	vfpfcnvrt@fp
  3441     005A                     l4248:
  3442                           
  3443                           ;C:\Program Files\Microchip\xc8\v2.46\pic\sources\c99\common\doprnt.c: 1177: vfpfcnvrt(F
      +                          ILE *fp, char *fmt[], va_list ap);C:\Program Files\Microchip\xc8\v2.46\pic\sources\c99\c
      +                          ommon\doprnt.c: 1178: {;C:\Program Files\Microchip\xc8\v2.46\pic\sources\c99\common\dopr
      +                          nt.c: 1179:     char c, *cp;;C:\Program Files\Microchip\xc8\v2.46\pic\sources\c99\common
      +                          \doprnt.c: 1180:     _Bool done;;C:\Program Files\Microchip\xc8\v2.46\pic\sources\c99\co
      +                          mmon\doprnt.c: 1188:  } convarg;;C:\Program Files\Microchip\xc8\v2.46\pic\sources\c99\co
      +                          mmon\doprnt.c: 1201:     if ((*fmt)[0] == '%') {
  3444     005A  082B               	movf	vfpfcnvrt@fmt,w
  3445     005B  0086               	movwf	6
  3446     005C  0187               	clrf	7
  3447     005D  3F40               	moviw [0]fsr1
  3448     005E  00AD               	movwf	??_vfpfcnvrt
  3449     005F  3F41               	moviw [1]fsr1
  3450     0060  00AE               	movwf	??_vfpfcnvrt+1
  3451     0061  082D               	movf	??_vfpfcnvrt,w
  3452     0062  0084               	movwf	4
  3453     0063  082E               	movf	??_vfpfcnvrt+1,w
  3454     0064  0085               	movwf	5
  3455     0065  0012               	moviw fsr0++
  3456     0066  3A25               	xorlw	37
  3457     0067  1D03               	btfss	3,2
  3458     0068  286A               	goto	u2561
  3459     0069  286B               	goto	u2560
  3460     006A                     u2561:
  3461     006A  292F               	goto	l4294
  3462     006B                     u2560:
  3463     006B                     l4250:
  3464                           
  3465                           ;C:\Program Files\Microchip\xc8\v2.46\pic\sources\c99\common\doprnt.c: 1202:         ++*
      +                          fmt;
  3466     006B  082B               	movf	vfpfcnvrt@fmt,w
  3467     006C  0086               	movwf	6
  3468     006D  0187               	clrf	7
  3469     006E  3001               	movlw	1
  3470     006F  0781               	addwf	1,f
  3471     0070  3141               	addfsr 1,1
  3472     0071  1803               	skipnc
  3473     0072  0A81               	incf	1,f
  3474     0073                     l4252:
  3475                           
  3476                           ;C:\Program Files\Microchip\xc8\v2.46\pic\sources\c99\common\doprnt.c: 1204:         fla
      +                          gs = width = 0;
  3477     0073  01D6               	clrf	_width
  3478     0074  01D7               	clrf	_width+1
  3479     0075  1003               	clrc
  3480     0076  3000               	movlw	0
  3481     0077  1803               	btfsc	3,0
  3482     0078  3001               	movlw	1
  3483     0079  00E0               	movwf	_flags
  3484     007A                     l4254:
  3485                           
  3486                           ;C:\Program Files\Microchip\xc8\v2.46\pic\sources\c99\common\doprnt.c: 1205:         pre
      +                          c = -1;
  3487     007A  30FF               	movlw	255
  3488     007B  00D8               	movwf	_prec
  3489     007C  30FF               	movlw	255
  3490     007D  00D9               	movwf	_prec+1
  3491     007E                     l4256:
  3492                           
  3493                           ;C:\Program Files\Microchip\xc8\v2.46\pic\sources\c99\common\doprnt.c: 1291:   cp = *fmt
      +                          ;
  3494     007E  082B               	movf	vfpfcnvrt@fmt,w
  3495     007F  0086               	movwf	6
  3496     0080  0187               	clrf	7
  3497     0081  3F40               	moviw [0]fsr1
  3498     0082  00B3               	movwf	vfpfcnvrt@cp
  3499     0083  3F41               	moviw [1]fsr1
  3500     0084  00B4               	movwf	vfpfcnvrt@cp+1
  3501     0085                     l4258:
  3502                           
  3503                           ;C:\Program Files\Microchip\xc8\v2.46\pic\sources\c99\common\doprnt.c: 1361:   if (*cp =
      +                          = 'd' || *cp == 'i') {
  3504     0085  0833               	movf	vfpfcnvrt@cp,w
  3505     0086  0084               	movwf	4
  3506     0087  0834               	movf	vfpfcnvrt@cp+1,w
  3507     0088  0085               	movwf	5
  3508     0089  0012               	moviw fsr0++
  3509     008A  3A64               	xorlw	100
  3510     008B  1903               	btfsc	3,2
  3511     008C  288E               	goto	u2571
  3512     008D  288F               	goto	u2570
  3513     008E                     u2571:
  3514     008E  2899               	goto	l4262
  3515     008F                     u2570:
  3516     008F                     l4260:
  3517     008F  0833               	movf	vfpfcnvrt@cp,w
  3518     0090  0084               	movwf	4
  3519     0091  0834               	movf	vfpfcnvrt@cp+1,w
  3520     0092  0085               	movwf	5
  3521     0093  0012               	moviw fsr0++
  3522     0094  3A69               	xorlw	105
  3523     0095  1D03               	btfss	3,2
  3524     0096  2898               	goto	u2581
  3525     0097  2899               	goto	u2580
  3526     0098                     u2581:
  3527     0098  2925               	goto	l4290
  3528     0099                     u2580:
  3529     0099                     l4262:
  3530                           
  3531                           ;C:\Program Files\Microchip\xc8\v2.46\pic\sources\c99\common\doprnt.c: 1404:    convarg.
      +                          sint = (vfpf_sint_t)(int)(*(int *)__va_arg(*(int **)ap, (int)0));
  3532     0099  082C               	movf	vfpfcnvrt@ap,w
  3533     009A  0086               	movwf	6
  3534     009B  0187               	clrf	7
  3535     009C  0801               	movf	1,w
  3536     009D  0084               	movwf	4
  3537     009E  0185               	clrf	5
  3538     009F  3002               	movlw	2
  3539     00A0  0781               	addwf	1,f
  3540     00A1  3F00               	moviw [0]fsr0
  3541     00A2  00B5               	movwf	vfpfcnvrt@convarg
  3542     00A3  3F01               	moviw [1]fsr0
  3543     00A4  00B6               	movwf	vfpfcnvrt@convarg+1
  3544     00A5                     l4264:
  3545                           
  3546                           ;C:\Program Files\Microchip\xc8\v2.46\pic\sources\c99\common\doprnt.c: 1406:    *fmt = c
      +                          p+1;
  3547     00A5  0833               	movf	vfpfcnvrt@cp,w
  3548     00A6  3E01               	addlw	1
  3549     00A7  00AD               	movwf	??_vfpfcnvrt
  3550     00A8  3000               	movlw	0
  3551     00A9  3D34               	addwfc	vfpfcnvrt@cp+1,w
  3552     00AA  00AE               	movwf	??_vfpfcnvrt+1
  3553     00AB  082B               	movf	vfpfcnvrt@fmt,w
  3554     00AC  0086               	movwf	6
  3555     00AD  0187               	clrf	7
  3556     00AE  082D               	movf	??_vfpfcnvrt,w
  3557     00AF  3FC0               	movwi [0]fsr1
  3558     00B0  082E               	movf	??_vfpfcnvrt+1,w
  3559     00B1  3FC1               	movwi [1]fsr1
  3560     00B2                     l4266:
  3561                           
  3562                           ;C:\Program Files\Microchip\xc8\v2.46\pic\sources\c99\common\doprnt.c: 1408:    c = size
      +                          of(dbuf);
  3563     00B2  3020               	movlw	32
  3564     00B3  00B9               	movwf	vfpfcnvrt@c
  3565     00B4                     l4268:
  3566                           
  3567                           ;C:\Program Files\Microchip\xc8\v2.46\pic\sources\c99\common\doprnt.c: 1409:    done = c
      +                          onvarg.sint < 0;
  3568     00B4  1BB6               	btfsc	vfpfcnvrt@convarg+1,7
  3569     00B5  28B7               	goto	u2591
  3570     00B6  28B9               	goto	u2590
  3571     00B7                     u2591:
  3572     00B7  3001               	movlw	1
  3573     00B8  28BA               	goto	u2600
  3574     00B9                     u2590:
  3575     00B9  3000               	movlw	0
  3576     00BA                     u2600:
  3577     00BA  00B1               	movwf	vfpfcnvrt@done
  3578     00BB                     l4270:
  3579                           
  3580                           ;C:\Program Files\Microchip\xc8\v2.46\pic\sources\c99\common\doprnt.c: 1411:     dbuf[--
      +                          c] = abs(convarg.sint % 10) + '0';
  3581     00BB  3001               	movlw	1
  3582     00BC  02B9               	subwf	vfpfcnvrt@c,f
  3583     00BD  0839               	movf	vfpfcnvrt@c,w
  3584     00BE  3E20               	addlw	(low (_dbuf| (0+256)))& (0+255)
  3585     00BF  0086               	movwf	6
  3586     00C0  3001               	movlw	1	; select bank2/3
  3587     00C1  0087               	movwf	7
  3588     00C2  300A               	movlw	10
  3589     00C3  00A0               	movwf	___awmod@divisor
  3590     00C4  3000               	movlw	0
  3591     00C5  00A1               	movwf	___awmod@divisor+1
  3592     00C6  0836               	movf	vfpfcnvrt@convarg+1,w
  3593     00C7  00A3               	movwf	___awmod@dividend+1
  3594     00C8  0835               	movf	vfpfcnvrt@convarg,w
  3595     00C9  00A2               	movwf	___awmod@dividend
  3596     00CA  3183  23C7  3180   	fcall	___awmod
  3597     00CD  0020               	movlb	0	; select bank0
  3598     00CE  0821               	movf	?___awmod+1,w
  3599     00CF  00A8               	movwf	abs@a+1
  3600     00D0  0820               	movf	?___awmod,w
  3601     00D1  00A7               	movwf	abs@a
  3602     00D2  318F  2766  3180   	fcall	_abs
  3603     00D5  0020               	movlb	0	; select bank0
  3604     00D6  0827               	movf	?_abs,w
  3605     00D7  3E30               	addlw	48
  3606     00D8  0081               	movwf	1
  3607     00D9                     l4272:
  3608                           
  3609                           ;C:\Program Files\Microchip\xc8\v2.46\pic\sources\c99\common\doprnt.c: 1412:     convarg
      +                          .sint /= 10;
  3610     00D9  300A               	movlw	10
  3611     00DA  00A0               	movwf	___awdiv@divisor
  3612     00DB  3000               	movlw	0
  3613     00DC  00A1               	movwf	___awdiv@divisor+1
  3614     00DD  0836               	movf	vfpfcnvrt@convarg+1,w
  3615     00DE  00A3               	movwf	___awdiv@dividend+1
  3616     00DF  0835               	movf	vfpfcnvrt@convarg,w
  3617     00E0  00A2               	movwf	___awdiv@dividend
  3618     00E1  3182  22B9  3180   	fcall	___awdiv
  3619     00E4  0020               	movlb	0	; select bank0
  3620     00E5  0821               	movf	?___awdiv+1,w
  3621     00E6  00B6               	movwf	vfpfcnvrt@convarg+1
  3622     00E7  0820               	movf	?___awdiv,w
  3623     00E8  00B5               	movwf	vfpfcnvrt@convarg
  3624     00E9                     l4274:
  3625                           
  3626                           ;C:\Program Files\Microchip\xc8\v2.46\pic\sources\c99\common\doprnt.c: 1416:    } while 
      +                          (convarg.sint != 0 && c != 0);
  3627     00E9  0835               	movf	vfpfcnvrt@convarg,w
  3628     00EA  0436               	iorwf	vfpfcnvrt@convarg+1,w
  3629     00EB  1903               	btfsc	3,2
  3630     00EC  28EE               	goto	u2611
  3631     00ED  28EF               	goto	u2610
  3632     00EE                     u2611:
  3633     00EE  28F4               	goto	l4278
  3634     00EF                     u2610:
  3635     00EF                     l4276:
  3636     00EF  0839               	movf	vfpfcnvrt@c,w
  3637     00F0  1D03               	btfss	3,2
  3638     00F1  28F3               	goto	u2621
  3639     00F2  28F4               	goto	u2620
  3640     00F3                     u2621:
  3641     00F3  28BB               	goto	l4270
  3642     00F4                     u2620:
  3643     00F4                     l4278:
  3644                           
  3645                           ;C:\Program Files\Microchip\xc8\v2.46\pic\sources\c99\common\doprnt.c: 1417:    if (c !=
      +                           0 && done) {
  3646     00F4  0839               	movf	vfpfcnvrt@c,w
  3647     00F5  1903               	btfsc	3,2
  3648     00F6  28F8               	goto	u2631
  3649     00F7  28F9               	goto	u2630
  3650     00F8                     u2631:
  3651     00F8  291E               	goto	l4288
  3652     00F9                     u2630:
  3653     00F9                     l4280:
  3654     00F9  0831               	movf	vfpfcnvrt@done,w
  3655     00FA  1903               	btfsc	3,2
  3656     00FB  28FD               	goto	u2641
  3657     00FC  28FE               	goto	u2640
  3658     00FD                     u2641:
  3659     00FD  291E               	goto	l4288
  3660     00FE                     u2640:
  3661     00FE                     l4282:
  3662                           
  3663                           ;C:\Program Files\Microchip\xc8\v2.46\pic\sources\c99\common\doprnt.c: 1418:     dbuf[--
      +                          c] = '-';
  3664     00FE  3001               	movlw	1
  3665     00FF  02B9               	subwf	vfpfcnvrt@c,f
  3666     0100  0839               	movf	vfpfcnvrt@c,w
  3667     0101  3E20               	addlw	(low (_dbuf| (0+256)))& (0+255)
  3668     0102  0086               	movwf	6
  3669     0103  3001               	movlw	1	; select bank2/3
  3670     0104  0087               	movwf	7
  3671     0105  302D               	movlw	45
  3672     0106  0081               	movwf	1
  3673     0107  291E               	goto	l4288
  3674     0108                     l4284:
  3675                           
  3676                           ;C:\Program Files\Microchip\xc8\v2.46\pic\sources\c99\common\doprnt.c: 1424:     fputc(d
      +                          buf[c++], fp);
  3677     0108  0839               	movf	vfpfcnvrt@c,w
  3678     0109  3E20               	addlw	(low (_dbuf| (0+256)))& (0+255)
  3679     010A  0086               	movwf	6
  3680     010B  3001               	movlw	1	; select bank2/3
  3681     010C  0087               	movwf	7
  3682     010D  0801               	movf	1,w
  3683     010E  00AD               	movwf	??_vfpfcnvrt
  3684     010F  01AE               	clrf	??_vfpfcnvrt+1
  3685     0110  082D               	movf	??_vfpfcnvrt,w
  3686     0111  00A0               	movwf	fputc@c
  3687     0112  082E               	movf	??_vfpfcnvrt+1,w
  3688     0113  00A1               	movwf	fputc@c+1
  3689     0114  0832               	movf	vfpfcnvrt@fp,w
  3690     0115  00A2               	movwf	fputc@fp
  3691     0116  3184  241B  3180   	fcall	_fputc
  3692     0119                     l4286:
  3693     0119  3001               	movlw	1
  3694     011A  0020               	movlb	0	; select bank0
  3695     011B  00AD               	movwf	??_vfpfcnvrt
  3696     011C  082D               	movf	??_vfpfcnvrt,w
  3697     011D  07B9               	addwf	vfpfcnvrt@c,f
  3698     011E                     l4288:
  3699                           
  3700                           ;C:\Program Files\Microchip\xc8\v2.46\pic\sources\c99\common\doprnt.c: 1423:    while (c
      +                           != sizeof(dbuf)) {
  3701     011E  3020               	movlw	32
  3702     011F  0639               	xorwf	vfpfcnvrt@c,w
  3703     0120  1D03               	btfss	3,2
  3704     0121  2923               	goto	u2651
  3705     0122  2924               	goto	u2650
  3706     0123                     u2651:
  3707     0123  2908               	goto	l4284
  3708     0124                     u2650:
  3709     0124  2947               	goto	l1422
  3710     0125                     l4290:
  3711                           
  3712                           ;C:\Program Files\Microchip\xc8\v2.46\pic\sources\c99\common\doprnt.c: 1806:         ++*
      +                          fmt;
  3713     0125  0020               	movlb	0	; select bank0
  3714     0126  082B               	movf	vfpfcnvrt@fmt,w
  3715     0127  0086               	movwf	6
  3716     0128  0187               	clrf	7
  3717     0129  3001               	movlw	1
  3718     012A  0781               	addwf	1,f
  3719     012B  3141               	addfsr 1,1
  3720     012C  1803               	skipnc
  3721     012D  0A81               	incf	1,f
  3722     012E  2947               	goto	l1422
  3723     012F                     l4294:
  3724                           
  3725                           ;C:\Program Files\Microchip\xc8\v2.46\pic\sources\c99\common\doprnt.c: 1811:     fputc((
      +                          int)(*fmt)[0], fp);
  3726     012F  082B               	movf	vfpfcnvrt@fmt,w
  3727     0130  0086               	movwf	6
  3728     0131  0187               	clrf	7
  3729     0132  3F40               	moviw [0]fsr1
  3730     0133  00AD               	movwf	??_vfpfcnvrt
  3731     0134  3F41               	moviw [1]fsr1
  3732     0135  00AE               	movwf	??_vfpfcnvrt+1
  3733     0136  082D               	movf	??_vfpfcnvrt,w
  3734     0137  0084               	movwf	4
  3735     0138  082E               	movf	??_vfpfcnvrt+1,w
  3736     0139  0085               	movwf	5
  3737     013A  0800               	movf	0,w	;code access
  3738     013B  00AF               	movwf	??_vfpfcnvrt+2
  3739     013C  01B0               	clrf	??_vfpfcnvrt+3
  3740     013D  082F               	movf	??_vfpfcnvrt+2,w
  3741     013E  00A0               	movwf	fputc@c
  3742     013F  0830               	movf	??_vfpfcnvrt+3,w
  3743     0140  00A1               	movwf	fputc@c+1
  3744     0141  0832               	movf	vfpfcnvrt@fp,w
  3745     0142  00A2               	movwf	fputc@fp
  3746     0143  3184  241B  3180   	fcall	_fputc
  3747     0146  2925               	goto	l4290
  3748     0147                     l1422:
  3749     0147  0008               	return
  3750     0148                     __end_of_vfpfcnvrt:
  3751                           
  3752                           	psect	text4
  3753     041B                     __ptext4:	
  3754 ;; *************** function _fputc *****************
  3755 ;; Defined at:
  3756 ;;		line 8 in file "C:\Program Files\Microchip\xc8\v2.46\pic\sources\c99\common\nf_fputc.c"
  3757 ;; Parameters:    Size  Location     Type
  3758 ;;  c               2    0[BANK0 ] int 
  3759 ;;  fp              1    2[BANK0 ] PTR struct _IO_FILE
  3760 ;;		 -> sprintf@f(11), 
  3761 ;; Auto vars:     Size  Location     Type
  3762 ;;		None
  3763 ;; Return value:  Size  Location     Type
  3764 ;;                  2    0[BANK0 ] int 
  3765 ;; Registers used:
  3766 ;;		wreg, fsr0l, fsr0h, fsr1l, fsr1h, status,2, status,0, pclath, cstack
  3767 ;; Tracked objects:
  3768 ;;		On entry : 0/0
  3769 ;;		On exit  : 0/0
  3770 ;;		Unchanged: 0/0
  3771 ;; Data sizes:     COMMON   BANK0   BANK1   BANK2   BANK3   BANK4   BANK5   BANK6
  3772 ;;      Params:         0       3       0       0       0       0       0       0
  3773 ;;      Locals:         0       0       0       0       0       0       0       0
  3774 ;;      Temps:          0       5       0       0       0       0       0       0
  3775 ;;      Totals:         0       8       0       0       0       0       0       0
  3776 ;;Total ram usage:        8 bytes
  3777 ;; Hardware stack levels used: 1
  3778 ;; Hardware stack levels required when called: 7
  3779 ;; This function calls:
  3780 ;;		_putch
  3781 ;; This function is called by:
  3782 ;;		_vfpfcnvrt
  3783 ;; This function uses a non-reentrant model
  3784 ;;
  3785                           
  3786     041B                     _fputc:	
  3787                           ;psect for function _fputc
  3788                           
  3789     041B                     l4226:	
  3790                           ;incstack = 0
  3791                           ; Regs used in _fputc: [wreg-fsr1h+status,2+status,0+pclath+cstack]
  3792                           
  3793     041B  0020               	movlb	0	; select bank0
  3794     041C  0822               	movf	fputc@fp,w
  3795     041D  1903               	btfsc	3,2
  3796     041E  2C20               	goto	u2521
  3797     041F  2C21               	goto	u2520
  3798     0420                     u2521:
  3799     0420  2C26               	goto	l4230
  3800     0421                     u2520:
  3801     0421                     l4228:
  3802     0421  0822               	movf	fputc@fp,w
  3803     0422  1D03               	btfss	3,2
  3804     0423  2C25               	goto	u2531
  3805     0424  2C26               	goto	u2530
  3806     0425                     u2531:
  3807     0425  2C2B               	goto	l4232
  3808     0426                     u2530:
  3809     0426                     l4230:
  3810     0426  0820               	movf	fputc@c,w
  3811     0427  318E  2627  3184   	fcall	_putch
  3812     042A  2C6C               	goto	l1447
  3813     042B                     l4232:
  3814     042B  0822               	movf	fputc@fp,w
  3815     042C  3E09               	addlw	9
  3816     042D  0086               	movwf	6
  3817     042E  0187               	clrf	7
  3818     042F  0016               	moviw fsr1++
  3819     0430  0401               	iorwf	1,w
  3820     0431  1903               	btfsc	3,2
  3821     0432  2C34               	goto	u2541
  3822     0433  2C35               	goto	u2540
  3823     0434                     u2541:
  3824     0434  2C53               	goto	l4236
  3825     0435                     u2540:
  3826     0435                     l4234:
  3827     0435  0822               	movf	fputc@fp,w
  3828     0436  3E09               	addlw	9
  3829     0437  0086               	movwf	6
  3830     0438  0187               	clrf	7
  3831     0439  3F40               	moviw [0]fsr1
  3832     043A  00A3               	movwf	??_fputc
  3833     043B  3F41               	moviw [1]fsr1
  3834     043C  00A4               	movwf	??_fputc+1
  3835     043D  0822               	movf	fputc@fp,w
  3836     043E  3E02               	addlw	2
  3837     043F  0086               	movwf	6
  3838     0440  0187               	clrf	7
  3839     0441  3F40               	moviw [0]fsr1
  3840     0442  00A5               	movwf	??_fputc+2
  3841     0443  3F41               	moviw [1]fsr1
  3842     0444  00A6               	movwf	??_fputc+3
  3843     0445  0826               	movf	??_fputc+3,w
  3844     0446  3A80               	xorlw	128
  3845     0447  00A7               	movwf	??_fputc+4
  3846     0448  0824               	movf	??_fputc+1,w
  3847     0449  3A80               	xorlw	128
  3848     044A  0227               	subwf	??_fputc+4,w
  3849     044B  1D03               	skipz
  3850     044C  2C4F               	goto	u2555
  3851     044D  0823               	movf	??_fputc,w
  3852     044E  0225               	subwf	??_fputc+2,w
  3853     044F                     u2555:
  3854     044F  1803               	skipnc
  3855     0450  2C52               	goto	u2551
  3856     0451  2C53               	goto	u2550
  3857     0452                     u2551:
  3858     0452  2C6C               	goto	l1447
  3859     0453                     u2550:
  3860     0453                     l4236:
  3861     0453  0020               	movlb	0	; select bank0
  3862     0454  0822               	movf	fputc@fp,w
  3863     0455  0086               	movwf	6
  3864     0456  0187               	clrf	7
  3865     0457  0822               	movf	fputc@fp,w
  3866     0458  3E02               	addlw	2
  3867     0459  0084               	movwf	4
  3868     045A  0185               	clrf	5
  3869     045B  0800               	movf	0,w
  3870     045C  0701               	addwf	1,w
  3871     045D  00A3               	movwf	??_fputc
  3872     045E  0823               	movf	??_fputc,w
  3873     045F  0086               	movwf	6
  3874     0460  0187               	clrf	7
  3875     0461  0820               	movf	fputc@c,w
  3876     0462  0081               	movwf	1
  3877     0463                     l4238:
  3878     0463  0822               	movf	fputc@fp,w
  3879     0464  3E02               	addlw	2
  3880     0465  0086               	movwf	6
  3881     0466  0187               	clrf	7
  3882     0467  3001               	movlw	1
  3883     0468  0781               	addwf	1,f
  3884     0469  3141               	addfsr 1,1
  3885     046A  1803               	skipnc
  3886     046B  0A81               	incf	1,f
  3887     046C                     l1447:
  3888     046C  0008               	return
  3889     046D                     __end_of_fputc:
  3890                           
  3891                           	psect	text5
  3892     0E27                     __ptext5:	
  3893 ;; *************** function _putch *****************
  3894 ;; Defined at:
  3895 ;;		line 7 in file "C:\Program Files\Microchip\xc8\v2.46\pic\sources\c99\common\putch.c"
  3896 ;; Parameters:    Size  Location     Type
  3897 ;;  c               1    wreg     unsigned char 
  3898 ;; Auto vars:     Size  Location     Type
  3899 ;;  c               1    0[COMMON] unsigned char 
  3900 ;; Return value:  Size  Location     Type
  3901 ;;                  1    wreg      void 
  3902 ;; Registers used:
  3903 ;;		wreg
  3904 ;; Tracked objects:
  3905 ;;		On entry : 0/0
  3906 ;;		On exit  : 0/0
  3907 ;;		Unchanged: 0/0
  3908 ;; Data sizes:     COMMON   BANK0   BANK1   BANK2   BANK3   BANK4   BANK5   BANK6
  3909 ;;      Params:         0       0       0       0       0       0       0       0
  3910 ;;      Locals:         0       0       0       0       0       0       0       0
  3911 ;;      Temps:          0       0       0       0       0       0       0       0
  3912 ;;      Totals:         0       0       0       0       0       0       0       0
  3913 ;;Total ram usage:        0 bytes
  3914 ;; Hardware stack levels used: 1
  3915 ;; Hardware stack levels required when called: 6
  3916 ;; This function calls:
  3917 ;;		Nothing
  3918 ;; This function is called by:
  3919 ;;		_fputc
  3920 ;; This function uses a non-reentrant model
  3921 ;;
  3922                           
  3923     0E27                     _putch:	
  3924                           ;psect for function _putch
  3925                           
  3926     0E27                     l1458:	
  3927                           ;incstack = 0
  3928                           ; Regs used in _putch: [wreg]
  3929                           
  3930     0E27  0008               	return
  3931     0E28                     __end_of_putch:
  3932                           
  3933                           	psect	text6
  3934     0F66                     __ptext6:	
  3935 ;; *************** function _abs *****************
  3936 ;; Defined at:
  3937 ;;		line 1 in file "C:\Program Files\Microchip\xc8\v2.46\pic\sources\c99\common\abs.c"
  3938 ;; Parameters:    Size  Location     Type
  3939 ;;  a               2    7[BANK0 ] int 
  3940 ;; Auto vars:     Size  Location     Type
  3941 ;;		None
  3942 ;; Return value:  Size  Location     Type
  3943 ;;                  2    7[BANK0 ] int 
  3944 ;; Registers used:
  3945 ;;		wreg, status,2, status,0
  3946 ;; Tracked objects:
  3947 ;;		On entry : 0/0
  3948 ;;		On exit  : 0/0
  3949 ;;		Unchanged: 0/0
  3950 ;; Data sizes:     COMMON   BANK0   BANK1   BANK2   BANK3   BANK4   BANK5   BANK6
  3951 ;;      Params:         0       2       0       0       0       0       0       0
  3952 ;;      Locals:         0       0       0       0       0       0       0       0
  3953 ;;      Temps:          0       2       0       0       0       0       0       0
  3954 ;;      Totals:         0       4       0       0       0       0       0       0
  3955 ;;Total ram usage:        4 bytes
  3956 ;; Hardware stack levels used: 1
  3957 ;; Hardware stack levels required when called: 6
  3958 ;; This function calls:
  3959 ;;		Nothing
  3960 ;; This function is called by:
  3961 ;;		_vfpfcnvrt
  3962 ;; This function uses a non-reentrant model
  3963 ;;
  3964                           
  3965     0F66                     _abs:	
  3966                           ;psect for function _abs
  3967                           
  3968     0F66                     l3260:	
  3969                           ;incstack = 0
  3970                           ; Regs used in _abs: [wreg+status,2+status,0]
  3971                           
  3972     0F66  0020               	movlb	0	; select bank0
  3973     0F67  1BA8               	btfsc	abs@a+1,7
  3974     0F68  2F6A               	goto	u1601
  3975     0F69  2F6B               	goto	u1600
  3976     0F6A                     u1601:
  3977     0F6A  2F6C               	goto	l3264
  3978     0F6B                     u1600:
  3979     0F6B                     l3262:
  3980     0F6B  2F77               	goto	l1435
  3981     0F6C                     l3264:
  3982     0F6C  0927               	comf	abs@a,w
  3983     0F6D  00A9               	movwf	??_abs
  3984     0F6E  0928               	comf	abs@a+1,w
  3985     0F6F  00AA               	movwf	??_abs+1
  3986     0F70  0AA9               	incf	??_abs,f
  3987     0F71  1903               	skipnz
  3988     0F72  0AAA               	incf	??_abs+1,f
  3989     0F73  0829               	movf	??_abs,w
  3990     0F74  00A7               	movwf	?_abs
  3991     0F75  082A               	movf	??_abs+1,w
  3992     0F76  00A8               	movwf	?_abs+1
  3993     0F77                     l1435:
  3994     0F77  0008               	return
  3995     0F78                     __end_of_abs:
  3996                           
  3997                           	psect	text7
  3998     03C7                     __ptext7:	
  3999 ;; *************** function ___awmod *****************
  4000 ;; Defined at:
  4001 ;;		line 5 in file "C:\Program Files\Microchip\xc8\v2.46\pic\sources\c99\common\awmod.c"
  4002 ;; Parameters:    Size  Location     Type
  4003 ;;  divisor         2    0[BANK0 ] int 
  4004 ;;  dividend        2    2[BANK0 ] int 
  4005 ;; Auto vars:     Size  Location     Type
  4006 ;;  sign            1    6[BANK0 ] unsigned char 
  4007 ;;  counter         1    5[BANK0 ] unsigned char 
  4008 ;; Return value:  Size  Location     Type
  4009 ;;                  2    0[BANK0 ] int 
  4010 ;; Registers used:
  4011 ;;		wreg, status,2, status,0
  4012 ;; Tracked objects:
  4013 ;;		On entry : 0/0
  4014 ;;		On exit  : 0/0
  4015 ;;		Unchanged: 0/0
  4016 ;; Data sizes:     COMMON   BANK0   BANK1   BANK2   BANK3   BANK4   BANK5   BANK6
  4017 ;;      Params:         0       4       0       0       0       0       0       0
  4018 ;;      Locals:         0       2       0       0       0       0       0       0
  4019 ;;      Temps:          0       1       0       0       0       0       0       0
  4020 ;;      Totals:         0       7       0       0       0       0       0       0
  4021 ;;Total ram usage:        7 bytes
  4022 ;; Hardware stack levels used: 1
  4023 ;; Hardware stack levels required when called: 6
  4024 ;; This function calls:
  4025 ;;		Nothing
  4026 ;; This function is called by:
  4027 ;;		_vfpfcnvrt
  4028 ;; This function uses a non-reentrant model
  4029 ;;
  4030                           
  4031     03C7                     ___awmod:	
  4032                           ;psect for function ___awmod
  4033                           
  4034     03C7                     l4188:	
  4035                           ;incstack = 0
  4036                           ; Regs used in ___awmod: [wreg+status,2+status,0]
  4037                           
  4038     03C7  0020               	movlb	0	; select bank0
  4039     03C8  01A6               	clrf	___awmod@sign
  4040     03C9                     l4190:
  4041     03C9  1FA3               	btfss	___awmod@dividend+1,7
  4042     03CA  2BCC               	goto	u2431
  4043     03CB  2BCD               	goto	u2430
  4044     03CC                     u2431:
  4045     03CC  2BD4               	goto	l4196
  4046     03CD                     u2430:
  4047     03CD                     l4192:
  4048     03CD  09A2               	comf	___awmod@dividend,f
  4049     03CE  09A3               	comf	___awmod@dividend+1,f
  4050     03CF  0AA2               	incf	___awmod@dividend,f
  4051     03D0  1903               	skipnz
  4052     03D1  0AA3               	incf	___awmod@dividend+1,f
  4053     03D2                     l4194:
  4054     03D2  01A6               	clrf	___awmod@sign
  4055     03D3  0AA6               	incf	___awmod@sign,f
  4056     03D4                     l4196:
  4057     03D4  1FA1               	btfss	___awmod@divisor+1,7
  4058     03D5  2BD7               	goto	u2441
  4059     03D6  2BD8               	goto	u2440
  4060     03D7                     u2441:
  4061     03D7  2BDD               	goto	l4200
  4062     03D8                     u2440:
  4063     03D8                     l4198:
  4064     03D8  09A0               	comf	___awmod@divisor,f
  4065     03D9  09A1               	comf	___awmod@divisor+1,f
  4066     03DA  0AA0               	incf	___awmod@divisor,f
  4067     03DB  1903               	skipnz
  4068     03DC  0AA1               	incf	___awmod@divisor+1,f
  4069     03DD                     l4200:
  4070     03DD  0820               	movf	___awmod@divisor,w
  4071     03DE  0421               	iorwf	___awmod@divisor+1,w
  4072     03DF  1903               	btfsc	3,2
  4073     03E0  2BE2               	goto	u2451
  4074     03E1  2BE3               	goto	u2450
  4075     03E2                     u2451:
  4076     03E2  2C0C               	goto	l4218
  4077     03E3                     u2450:
  4078     03E3                     l4202:
  4079     03E3  01A5               	clrf	___awmod@counter
  4080     03E4  0AA5               	incf	___awmod@counter,f
  4081     03E5  2BEF               	goto	l4208
  4082     03E6                     l4204:
  4083     03E6  3001               	movlw	1
  4084     03E7                     u2465:
  4085     03E7  35A0               	lslf	___awmod@divisor,f
  4086     03E8  0DA1               	rlf	___awmod@divisor+1,f
  4087     03E9  0B89               	decfsz	9,f
  4088     03EA  2BE7               	goto	u2465
  4089     03EB                     l4206:
  4090     03EB  3001               	movlw	1
  4091     03EC  00A4               	movwf	??___awmod
  4092     03ED  0824               	movf	??___awmod,w
  4093     03EE  07A5               	addwf	___awmod@counter,f
  4094     03EF                     l4208:
  4095     03EF  1FA1               	btfss	___awmod@divisor+1,7
  4096     03F0  2BF2               	goto	u2471
  4097     03F1  2BF3               	goto	u2470
  4098     03F2                     u2471:
  4099     03F2  2BE6               	goto	l4204
  4100     03F3                     u2470:
  4101     03F3                     l4210:
  4102     03F3  0821               	movf	___awmod@divisor+1,w
  4103     03F4  0223               	subwf	___awmod@dividend+1,w
  4104     03F5  1D03               	skipz
  4105     03F6  2BF9               	goto	u2485
  4106     03F7  0820               	movf	___awmod@divisor,w
  4107     03F8  0222               	subwf	___awmod@dividend,w
  4108     03F9                     u2485:
  4109     03F9  1C03               	skipc
  4110     03FA  2BFC               	goto	u2481
  4111     03FB  2BFD               	goto	u2480
  4112     03FC                     u2481:
  4113     03FC  2C01               	goto	l4214
  4114     03FD                     u2480:
  4115     03FD                     l4212:
  4116     03FD  0820               	movf	___awmod@divisor,w
  4117     03FE  02A2               	subwf	___awmod@dividend,f
  4118     03FF  0821               	movf	___awmod@divisor+1,w
  4119     0400  3BA3               	subwfb	___awmod@dividend+1,f
  4120     0401                     l4214:
  4121     0401  3001               	movlw	1
  4122     0402                     u2495:
  4123     0402  36A1               	lsrf	___awmod@divisor+1,f
  4124     0403  0CA0               	rrf	___awmod@divisor,f
  4125     0404  0B89               	decfsz	9,f
  4126     0405  2C02               	goto	u2495
  4127     0406                     l4216:
  4128     0406  3001               	movlw	1
  4129     0407  02A5               	subwf	___awmod@counter,f
  4130     0408  1D03               	btfss	3,2
  4131     0409  2C0B               	goto	u2501
  4132     040A  2C0C               	goto	u2500
  4133     040B                     u2501:
  4134     040B  2BF3               	goto	l4210
  4135     040C                     u2500:
  4136     040C                     l4218:
  4137     040C  0826               	movf	___awmod@sign,w
  4138     040D  1903               	btfsc	3,2
  4139     040E  2C10               	goto	u2511
  4140     040F  2C11               	goto	u2510
  4141     0410                     u2511:
  4142     0410  2C16               	goto	l4222
  4143     0411                     u2510:
  4144     0411                     l4220:
  4145     0411  09A2               	comf	___awmod@dividend,f
  4146     0412  09A3               	comf	___awmod@dividend+1,f
  4147     0413  0AA2               	incf	___awmod@dividend,f
  4148     0414  1903               	skipnz
  4149     0415  0AA3               	incf	___awmod@dividend+1,f
  4150     0416                     l4222:
  4151     0416  0823               	movf	___awmod@dividend+1,w
  4152     0417  00A1               	movwf	?___awmod+1
  4153     0418  0822               	movf	___awmod@dividend,w
  4154     0419  00A0               	movwf	?___awmod
  4155     041A                     l1087:
  4156     041A  0008               	return
  4157     041B                     __end_of___awmod:
  4158                           
  4159                           	psect	text8
  4160     02B9                     __ptext8:	
  4161 ;; *************** function ___awdiv *****************
  4162 ;; Defined at:
  4163 ;;		line 5 in file "C:\Program Files\Microchip\xc8\v2.46\pic\sources\c99\common\awdiv.c"
  4164 ;; Parameters:    Size  Location     Type
  4165 ;;  divisor         2    0[BANK0 ] int 
  4166 ;;  dividend        2    2[BANK0 ] int 
  4167 ;; Auto vars:     Size  Location     Type
  4168 ;;  quotient        2    7[BANK0 ] int 
  4169 ;;  sign            1    6[BANK0 ] unsigned char 
  4170 ;;  counter         1    5[BANK0 ] unsigned char 
  4171 ;; Return value:  Size  Location     Type
  4172 ;;                  2    0[BANK0 ] int 
  4173 ;; Registers used:
  4174 ;;		wreg, status,2, status,0
  4175 ;; Tracked objects:
  4176 ;;		On entry : 0/0
  4177 ;;		On exit  : 0/0
  4178 ;;		Unchanged: 0/0
  4179 ;; Data sizes:     COMMON   BANK0   BANK1   BANK2   BANK3   BANK4   BANK5   BANK6
  4180 ;;      Params:         0       4       0       0       0       0       0       0
  4181 ;;      Locals:         0       4       0       0       0       0       0       0
  4182 ;;      Temps:          0       1       0       0       0       0       0       0
  4183 ;;      Totals:         0       9       0       0       0       0       0       0
  4184 ;;Total ram usage:        9 bytes
  4185 ;; Hardware stack levels used: 1
  4186 ;; Hardware stack levels required when called: 6
  4187 ;; This function calls:
  4188 ;;		Nothing
  4189 ;; This function is called by:
  4190 ;;		_vfpfcnvrt
  4191 ;; This function uses a non-reentrant model
  4192 ;;
  4193                           
  4194     02B9                     ___awdiv:	
  4195                           ;psect for function ___awdiv
  4196                           
  4197     02B9                     l4144:	
  4198                           ;incstack = 0
  4199                           ; Regs used in ___awdiv: [wreg+status,2+status,0]
  4200                           
  4201     02B9  0020               	movlb	0	; select bank0
  4202     02BA  01A6               	clrf	___awdiv@sign
  4203     02BB                     l4146:
  4204     02BB  1FA1               	btfss	___awdiv@divisor+1,7
  4205     02BC  2ABE               	goto	u2331
  4206     02BD  2ABF               	goto	u2330
  4207     02BE                     u2331:
  4208     02BE  2AC6               	goto	l4152
  4209     02BF                     u2330:
  4210     02BF                     l4148:
  4211     02BF  09A0               	comf	___awdiv@divisor,f
  4212     02C0  09A1               	comf	___awdiv@divisor+1,f
  4213     02C1  0AA0               	incf	___awdiv@divisor,f
  4214     02C2  1903               	skipnz
  4215     02C3  0AA1               	incf	___awdiv@divisor+1,f
  4216     02C4                     l4150:
  4217     02C4  01A6               	clrf	___awdiv@sign
  4218     02C5  0AA6               	incf	___awdiv@sign,f
  4219     02C6                     l4152:
  4220     02C6  1FA3               	btfss	___awdiv@dividend+1,7
  4221     02C7  2AC9               	goto	u2341
  4222     02C8  2ACA               	goto	u2340
  4223     02C9                     u2341:
  4224     02C9  2AD3               	goto	l4158
  4225     02CA                     u2340:
  4226     02CA                     l4154:
  4227     02CA  09A2               	comf	___awdiv@dividend,f
  4228     02CB  09A3               	comf	___awdiv@dividend+1,f
  4229     02CC  0AA2               	incf	___awdiv@dividend,f
  4230     02CD  1903               	skipnz
  4231     02CE  0AA3               	incf	___awdiv@dividend+1,f
  4232     02CF                     l4156:
  4233     02CF  3001               	movlw	1
  4234     02D0  00A4               	movwf	??___awdiv
  4235     02D1  0824               	movf	??___awdiv,w
  4236     02D2  06A6               	xorwf	___awdiv@sign,f
  4237     02D3                     l4158:
  4238     02D3  01A7               	clrf	___awdiv@quotient
  4239     02D4  01A8               	clrf	___awdiv@quotient+1
  4240     02D5                     l4160:
  4241     02D5  0820               	movf	___awdiv@divisor,w
  4242     02D6  0421               	iorwf	___awdiv@divisor+1,w
  4243     02D7  1903               	btfsc	3,2
  4244     02D8  2ADA               	goto	u2351
  4245     02D9  2ADB               	goto	u2350
  4246     02DA                     u2351:
  4247     02DA  2B0A               	goto	l4180
  4248     02DB                     u2350:
  4249     02DB                     l4162:
  4250     02DB  01A5               	clrf	___awdiv@counter
  4251     02DC  0AA5               	incf	___awdiv@counter,f
  4252     02DD  2AE7               	goto	l4168
  4253     02DE                     l4164:
  4254     02DE  3001               	movlw	1
  4255     02DF                     u2365:
  4256     02DF  35A0               	lslf	___awdiv@divisor,f
  4257     02E0  0DA1               	rlf	___awdiv@divisor+1,f
  4258     02E1  0B89               	decfsz	9,f
  4259     02E2  2ADF               	goto	u2365
  4260     02E3                     l4166:
  4261     02E3  3001               	movlw	1
  4262     02E4  00A4               	movwf	??___awdiv
  4263     02E5  0824               	movf	??___awdiv,w
  4264     02E6  07A5               	addwf	___awdiv@counter,f
  4265     02E7                     l4168:
  4266     02E7  1FA1               	btfss	___awdiv@divisor+1,7
  4267     02E8  2AEA               	goto	u2371
  4268     02E9  2AEB               	goto	u2370
  4269     02EA                     u2371:
  4270     02EA  2ADE               	goto	l4164
  4271     02EB                     u2370:
  4272     02EB                     l4170:
  4273     02EB  3001               	movlw	1
  4274     02EC                     u2385:
  4275     02EC  35A7               	lslf	___awdiv@quotient,f
  4276     02ED  0DA8               	rlf	___awdiv@quotient+1,f
  4277     02EE  0B89               	decfsz	9,f
  4278     02EF  2AEC               	goto	u2385
  4279     02F0  0821               	movf	___awdiv@divisor+1,w
  4280     02F1  0223               	subwf	___awdiv@dividend+1,w
  4281     02F2  1D03               	skipz
  4282     02F3  2AF6               	goto	u2395
  4283     02F4  0820               	movf	___awdiv@divisor,w
  4284     02F5  0222               	subwf	___awdiv@dividend,w
  4285     02F6                     u2395:
  4286     02F6  1C03               	skipc
  4287     02F7  2AF9               	goto	u2391
  4288     02F8  2AFA               	goto	u2390
  4289     02F9                     u2391:
  4290     02F9  2AFF               	goto	l4176
  4291     02FA                     u2390:
  4292     02FA                     l4172:
  4293     02FA  0820               	movf	___awdiv@divisor,w
  4294     02FB  02A2               	subwf	___awdiv@dividend,f
  4295     02FC  0821               	movf	___awdiv@divisor+1,w
  4296     02FD  3BA3               	subwfb	___awdiv@dividend+1,f
  4297     02FE                     l4174:
  4298     02FE  1427               	bsf	___awdiv@quotient,0
  4299     02FF                     l4176:
  4300     02FF  3001               	movlw	1
  4301     0300                     u2405:
  4302     0300  36A1               	lsrf	___awdiv@divisor+1,f
  4303     0301  0CA0               	rrf	___awdiv@divisor,f
  4304     0302  0B89               	decfsz	9,f
  4305     0303  2B00               	goto	u2405
  4306     0304                     l4178:
  4307     0304  3001               	movlw	1
  4308     0305  02A5               	subwf	___awdiv@counter,f
  4309     0306  1D03               	btfss	3,2
  4310     0307  2B09               	goto	u2411
  4311     0308  2B0A               	goto	u2410
  4312     0309                     u2411:
  4313     0309  2AEB               	goto	l4170
  4314     030A                     u2410:
  4315     030A                     l4180:
  4316     030A  0826               	movf	___awdiv@sign,w
  4317     030B  1903               	btfsc	3,2
  4318     030C  2B0E               	goto	u2421
  4319     030D  2B0F               	goto	u2420
  4320     030E                     u2421:
  4321     030E  2B14               	goto	l4184
  4322     030F                     u2420:
  4323     030F                     l4182:
  4324     030F  09A7               	comf	___awdiv@quotient,f
  4325     0310  09A8               	comf	___awdiv@quotient+1,f
  4326     0311  0AA7               	incf	___awdiv@quotient,f
  4327     0312  1903               	skipnz
  4328     0313  0AA8               	incf	___awdiv@quotient+1,f
  4329     0314                     l4184:
  4330     0314  0828               	movf	___awdiv@quotient+1,w
  4331     0315  00A1               	movwf	?___awdiv+1
  4332     0316  0827               	movf	___awdiv@quotient,w
  4333     0317  00A0               	movwf	?___awdiv
  4334     0318                     l1074:
  4335     0318  0008               	return
  4336     0319                     __end_of___awdiv:
  4337                           
  4338                           	psect	text9
  4339     0EA9                     __ptext9:	
  4340 ;; *************** function _TMR1_SetInterruptHandler *****************
  4341 ;; Defined at:
  4342 ;;		line 185 in file "mcc_generated_files/tmr1.c"
  4343 ;; Parameters:    Size  Location     Type
  4344 ;;  InterruptHan    2    0[BANK0 ] PTR FTN()void 
  4345 ;;		 -> TMR1_EvenHandler(1), 
  4346 ;; Auto vars:     Size  Location     Type
  4347 ;;		None
  4348 ;; Return value:  Size  Location     Type
  4349 ;;                  1    wreg      void 
  4350 ;; Registers used:
  4351 ;;		wreg
  4352 ;; Tracked objects:
  4353 ;;		On entry : 0/0
  4354 ;;		On exit  : 0/0
  4355 ;;		Unchanged: 0/0
  4356 ;; Data sizes:     COMMON   BANK0   BANK1   BANK2   BANK3   BANK4   BANK5   BANK6
  4357 ;;      Params:         0       2       0       0       0       0       0       0
  4358 ;;      Locals:         0       0       0       0       0       0       0       0
  4359 ;;      Temps:          0       0       0       0       0       0       0       0
  4360 ;;      Totals:         0       2       0       0       0       0       0       0
  4361 ;;Total ram usage:        2 bytes
  4362 ;; Hardware stack levels used: 1
  4363 ;; Hardware stack levels required when called: 6
  4364 ;; This function calls:
  4365 ;;		Nothing
  4366 ;; This function is called by:
  4367 ;;		_main
  4368 ;; This function uses a non-reentrant model
  4369 ;;
  4370                           
  4371     0EA9                     _TMR1_SetInterruptHandler:	
  4372                           ;psect for function _TMR1_SetInterruptHandler
  4373                           
  4374     0EA9                     l4338:	
  4375                           ;incstack = 0
  4376                           ; Regs used in _TMR1_SetInterruptHandler: [wreg]
  4377                           
  4378                           
  4379                           ;mcc_generated_files/tmr1.c: 186:     TMR1_InterruptHandler = InterruptHandler;
  4380     0EA9  0020               	movlb	0	; select bank0
  4381     0EAA  0821               	movf	TMR1_SetInterruptHandler@InterruptHandler+1,w
  4382     0EAB  00E4               	movwf	_TMR1_InterruptHandler+1
  4383     0EAC  0820               	movf	TMR1_SetInterruptHandler@InterruptHandler,w
  4384     0EAD  00E3               	movwf	_TMR1_InterruptHandler
  4385     0EAE                     l563:
  4386     0EAE  0008               	return
  4387     0EAF                     __end_of_TMR1_SetInterruptHandler:
  4388                           
  4389                           	psect	text10
  4390     0FC4                     __ptext10:	
  4391 ;; *************** function _SYSTEM_Initialize *****************
  4392 ;; Defined at:
  4393 ;;		line 50 in file "mcc_generated_files/mcc.c"
  4394 ;; Parameters:    Size  Location     Type
  4395 ;;		None
  4396 ;; Auto vars:     Size  Location     Type
  4397 ;;		None
  4398 ;; Return value:  Size  Location     Type
  4399 ;;                  1    wreg      void 
  4400 ;; Registers used:
  4401 ;;		wreg, status,2, status,0, pclath, cstack
  4402 ;; Tracked objects:
  4403 ;;		On entry : 0/0
  4404 ;;		On exit  : 0/0
  4405 ;;		Unchanged: 0/0
  4406 ;; Data sizes:     COMMON   BANK0   BANK1   BANK2   BANK3   BANK4   BANK5   BANK6
  4407 ;;      Params:         0       0       0       0       0       0       0       0
  4408 ;;      Locals:         0       0       0       0       0       0       0       0
  4409 ;;      Temps:          0       0       0       0       0       0       0       0
  4410 ;;      Totals:         0       0       0       0       0       0       0       0
  4411 ;;Total ram usage:        0 bytes
  4412 ;; Hardware stack levels used: 1
  4413 ;; Hardware stack levels required when called: 8
  4414 ;; This function calls:
  4415 ;;		_I2C_Initialize
  4416 ;;		_OSCILLATOR_Initialize
  4417 ;;		_PIN_MANAGER_Initialize
  4418 ;;		_TMR0_Initialize
  4419 ;;		_TMR1_Initialize
  4420 ;;		_WDT_Initialize
  4421 ;; This function is called by:
  4422 ;;		_main
  4423 ;; This function uses a non-reentrant model
  4424 ;;
  4425                           
  4426     0FC4                     _SYSTEM_Initialize:	
  4427                           ;psect for function _SYSTEM_Initialize
  4428                           
  4429     0FC4                     l4336:	
  4430                           ;incstack = 0
  4431                           ; Regs used in _SYSTEM_Initialize: [wreg+status,2+status,0+pclath+cstack]
  4432                           
  4433                           
  4434                           ;mcc_generated_files/mcc.c: 53:     I2C_Initialize();
  4435     0FC4  318E  26D6  318F   	fcall	_I2C_Initialize
  4436                           
  4437                           ;mcc_generated_files/mcc.c: 54:     PIN_MANAGER_Initialize();
  4438     0FC7  3187  274C  318F   	fcall	_PIN_MANAGER_Initialize
  4439                           
  4440                           ;mcc_generated_files/mcc.c: 55:     OSCILLATOR_Initialize();
  4441     0FCA  3187  27F9  318F   	fcall	_OSCILLATOR_Initialize
  4442                           
  4443                           ;mcc_generated_files/mcc.c: 56:     WDT_Initialize();
  4444     0FCD  318E  2651  318F   	fcall	_WDT_Initialize
  4445                           
  4446                           ;mcc_generated_files/mcc.c: 57:     TMR1_Initialize();
  4447     0FD0  318F  2755  318F   	fcall	_TMR1_Initialize
  4448                           
  4449                           ;mcc_generated_files/mcc.c: 58:     TMR0_Initialize();
  4450     0FD3  318F  27D7  318F   	fcall	_TMR0_Initialize
  4451     0FD6                     l496:
  4452     0FD6  0008               	return
  4453     0FD7                     __end_of_SYSTEM_Initialize:
  4454                           
  4455                           	psect	text11
  4456     0E51                     __ptext11:	
  4457 ;; *************** function _WDT_Initialize *****************
  4458 ;; Defined at:
  4459 ;;		line 71 in file "mcc_generated_files/mcc.c"
  4460 ;; Parameters:    Size  Location     Type
  4461 ;;		None
  4462 ;; Auto vars:     Size  Location     Type
  4463 ;;		None
  4464 ;; Return value:  Size  Location     Type
  4465 ;;                  1    wreg      void 
  4466 ;; Registers used:
  4467 ;;		wreg
  4468 ;; Tracked objects:
  4469 ;;		On entry : 0/0
  4470 ;;		On exit  : 0/0
  4471 ;;		Unchanged: 0/0
  4472 ;; Data sizes:     COMMON   BANK0   BANK1   BANK2   BANK3   BANK4   BANK5   BANK6
  4473 ;;      Params:         0       0       0       0       0       0       0       0
  4474 ;;      Locals:         0       0       0       0       0       0       0       0
  4475 ;;      Temps:          0       0       0       0       0       0       0       0
  4476 ;;      Totals:         0       0       0       0       0       0       0       0
  4477 ;;Total ram usage:        0 bytes
  4478 ;; Hardware stack levels used: 1
  4479 ;; Hardware stack levels required when called: 6
  4480 ;; This function calls:
  4481 ;;		Nothing
  4482 ;; This function is called by:
  4483 ;;		_SYSTEM_Initialize
  4484 ;; This function uses a non-reentrant model
  4485 ;;
  4486                           
  4487     0E51                     _WDT_Initialize:	
  4488                           ;psect for function _WDT_Initialize
  4489                           
  4490     0E51                     l3364:	
  4491                           ;incstack = 0
  4492                           ; Regs used in _WDT_Initialize: [wreg]
  4493                           
  4494                           
  4495                           ;mcc_generated_files/mcc.c: 74:     WDTCON = 0x16;
  4496     0E51  3016               	movlw	22
  4497     0E52  0021               	movlb	1	; select bank1
  4498     0E53  0097               	movwf	23	;volatile
  4499     0E54                     l502:
  4500     0E54  0008               	return
  4501     0E55                     __end_of_WDT_Initialize:
  4502                           
  4503                           	psect	text12
  4504     0F55                     __ptext12:	
  4505 ;; *************** function _TMR1_Initialize *****************
  4506 ;; Defined at:
  4507 ;;		line 64 in file "mcc_generated_files/tmr1.c"
  4508 ;; Parameters:    Size  Location     Type
  4509 ;;		None
  4510 ;; Auto vars:     Size  Location     Type
  4511 ;;		None
  4512 ;; Return value:  Size  Location     Type
  4513 ;;                  1    wreg      void 
  4514 ;; Registers used:
  4515 ;;		wreg, status,2
  4516 ;; Tracked objects:
  4517 ;;		On entry : 0/0
  4518 ;;		On exit  : 0/0
  4519 ;;		Unchanged: 0/0
  4520 ;; Data sizes:     COMMON   BANK0   BANK1   BANK2   BANK3   BANK4   BANK5   BANK6
  4521 ;;      Params:         0       0       0       0       0       0       0       0
  4522 ;;      Locals:         0       0       0       0       0       0       0       0
  4523 ;;      Temps:          0       0       0       0       0       0       0       0
  4524 ;;      Totals:         0       0       0       0       0       0       0       0
  4525 ;;Total ram usage:        0 bytes
  4526 ;; Hardware stack levels used: 1
  4527 ;; Hardware stack levels required when called: 6
  4528 ;; This function calls:
  4529 ;;		Nothing
  4530 ;; This function is called by:
  4531 ;;		_SYSTEM_Initialize
  4532 ;; This function uses a non-reentrant model
  4533 ;;
  4534                           
  4535     0F55                     _TMR1_Initialize:	
  4536                           ;psect for function _TMR1_Initialize
  4537                           
  4538     0F55                     l3366:	
  4539                           ;incstack = 0
  4540                           ; Regs used in _TMR1_Initialize: [wreg+status,2]
  4541                           
  4542                           
  4543                           ;mcc_generated_files/tmr1.c: 69:     T1GCON = 0x00;
  4544     0F55  0020               	movlb	0	; select bank0
  4545     0F56  0199               	clrf	25	;volatile
  4546     0F57                     l3368:
  4547                           
  4548                           ;mcc_generated_files/tmr1.c: 72:     TMR1H = 0xFD;
  4549     0F57  30FD               	movlw	253
  4550     0F58  0097               	movwf	23	;volatile
  4551     0F59                     l3370:
  4552                           
  4553                           ;mcc_generated_files/tmr1.c: 75:     TMR1L = 0x8F;
  4554     0F59  308F               	movlw	143
  4555     0F5A  0096               	movwf	22	;volatile
  4556     0F5B                     l3372:
  4557                           
  4558                           ;mcc_generated_files/tmr1.c: 78:     PIR1bits.TMR1IF = 0;
  4559     0F5B  1011               	bcf	17,0	;volatile
  4560     0F5C                     l3374:
  4561                           
  4562                           ;mcc_generated_files/tmr1.c: 81:     timer1ReloadVal=(uint16_t)((TMR1H << 8) | TMR1L);
  4563     0F5C  0817               	movf	23,w	;volatile
  4564     0F5D  00F6               	movwf	_timer1ReloadVal+1	;volatile
  4565     0F5E  0816               	movf	22,w	;volatile
  4566     0F5F  00F5               	movwf	_timer1ReloadVal	;volatile
  4567     0F60                     l3376:
  4568                           
  4569                           ;mcc_generated_files/tmr1.c: 84:     PIE1bits.TMR1IE = 1;
  4570     0F60  0021               	movlb	1	; select bank1
  4571     0F61  1411               	bsf	17,0	;volatile
  4572     0F62                     l3378:
  4573                           
  4574                           ;mcc_generated_files/tmr1.c: 90:     T1CON = 0x31;
  4575     0F62  3031               	movlw	49
  4576     0F63  0020               	movlb	0	; select bank0
  4577     0F64  0098               	movwf	24	;volatile
  4578     0F65                     l527:
  4579     0F65  0008               	return
  4580     0F66                     __end_of_TMR1_Initialize:
  4581                           
  4582                           	psect	text13
  4583     0FD7                     __ptext13:	
  4584 ;; *************** function _TMR0_Initialize *****************
  4585 ;; Defined at:
  4586 ;;		line 64 in file "mcc_generated_files/tmr0.c"
  4587 ;; Parameters:    Size  Location     Type
  4588 ;;		None
  4589 ;; Auto vars:     Size  Location     Type
  4590 ;;		None
  4591 ;; Return value:  Size  Location     Type
  4592 ;;                  1    wreg      void 
  4593 ;; Registers used:
  4594 ;;		wreg, status,2, status,0, pclath, cstack
  4595 ;; Tracked objects:
  4596 ;;		On entry : 0/0
  4597 ;;		On exit  : 0/0
  4598 ;;		Unchanged: 0/0
  4599 ;; Data sizes:     COMMON   BANK0   BANK1   BANK2   BANK3   BANK4   BANK5   BANK6
  4600 ;;      Params:         0       0       0       0       0       0       0       0
  4601 ;;      Locals:         0       0       0       0       0       0       0       0
  4602 ;;      Temps:          0       0       0       0       0       0       0       0
  4603 ;;      Totals:         0       0       0       0       0       0       0       0
  4604 ;;Total ram usage:        0 bytes
  4605 ;; Hardware stack levels used: 1
  4606 ;; Hardware stack levels required when called: 7
  4607 ;; This function calls:
  4608 ;;		_TMR0_SetInterruptHandler
  4609 ;; This function is called by:
  4610 ;;		_SYSTEM_Initialize
  4611 ;; This function uses a non-reentrant model
  4612 ;;
  4613                           
  4614     0FD7                     _TMR0_Initialize:	
  4615                           ;psect for function _TMR0_Initialize
  4616                           
  4617     0FD7                     l4300:	
  4618                           ;incstack = 0
  4619                           ; Regs used in _TMR0_Initialize: [wreg+status,2+status,0+pclath+cstack]
  4620                           
  4621                           
  4622                           ;mcc_generated_files/tmr0.c: 69:     OPTION_REG = (uint8_t)((OPTION_REG & 0xC0) | (0xD0 
      +                          & 0x3F));
  4623     0FD7  0021               	movlb	1	; select bank1
  4624     0FD8  0815               	movf	21,w	;volatile
  4625     0FD9  39C0               	andlw	192
  4626     0FDA  3810               	iorlw	16
  4627     0FDB  0095               	movwf	21	;volatile
  4628     0FDC                     l4302:
  4629                           
  4630                           ;mcc_generated_files/tmr0.c: 72:     TMR0 = 0x06;
  4631     0FDC  3006               	movlw	6
  4632     0FDD  0020               	movlb	0	; select bank0
  4633     0FDE  0095               	movwf	21	;volatile
  4634     0FDF                     l4304:
  4635                           
  4636                           ;mcc_generated_files/tmr0.c: 75:     timer0ReloadVal= 6;
  4637     0FDF  3006               	movlw	6
  4638     0FE0  00F8               	movwf	_timer0ReloadVal	;volatile
  4639     0FE1                     l4306:
  4640                           
  4641                           ;mcc_generated_files/tmr0.c: 78:     INTCONbits.TMR0IF = 0;
  4642     0FE1  110B               	bcf	11,2	;volatile
  4643     0FE2                     l4308:
  4644                           
  4645                           ;mcc_generated_files/tmr0.c: 81:     INTCONbits.TMR0IE = 1;
  4646     0FE2  168B               	bsf	11,5	;volatile
  4647     0FE3                     l4310:
  4648                           
  4649                           ;mcc_generated_files/tmr0.c: 84:     TMR0_SetInterruptHandler(TMR0_DefaultInterruptHandl
      +                          er);
  4650     0FE3  3026               	movlw	low _TMR0_DefaultInterruptHandler
  4651     0FE4  00A0               	movwf	TMR0_SetInterruptHandler@InterruptHandler
  4652     0FE5  300E               	movlw	high _TMR0_DefaultInterruptHandler
  4653     0FE6  00A1               	movwf	TMR0_SetInterruptHandler@InterruptHandler+1
  4654     0FE7  318E  26A3  318F   	fcall	_TMR0_SetInterruptHandler
  4655     0FEA                     l606:
  4656     0FEA  0008               	return
  4657     0FEB                     __end_of_TMR0_Initialize:
  4658                           
  4659                           	psect	text14
  4660     0EA3                     __ptext14:	
  4661 ;; *************** function _TMR0_SetInterruptHandler *****************
  4662 ;; Defined at:
  4663 ;;		line 140 in file "mcc_generated_files/tmr0.c"
  4664 ;; Parameters:    Size  Location     Type
  4665 ;;  InterruptHan    2    0[BANK0 ] PTR FTN()void 
  4666 ;;		 -> TMR0_Even_10msEV(1), TMR0_DefaultInterruptHandler(1), 
  4667 ;; Auto vars:     Size  Location     Type
  4668 ;;		None
  4669 ;; Return value:  Size  Location     Type
  4670 ;;                  1    wreg      void 
  4671 ;; Registers used:
  4672 ;;		wreg
  4673 ;; Tracked objects:
  4674 ;;		On entry : 0/0
  4675 ;;		On exit  : 0/0
  4676 ;;		Unchanged: 0/0
  4677 ;; Data sizes:     COMMON   BANK0   BANK1   BANK2   BANK3   BANK4   BANK5   BANK6
  4678 ;;      Params:         0       2       0       0       0       0       0       0
  4679 ;;      Locals:         0       0       0       0       0       0       0       0
  4680 ;;      Temps:          0       0       0       0       0       0       0       0
  4681 ;;      Totals:         0       2       0       0       0       0       0       0
  4682 ;;Total ram usage:        2 bytes
  4683 ;; Hardware stack levels used: 1
  4684 ;; Hardware stack levels required when called: 6
  4685 ;; This function calls:
  4686 ;;		Nothing
  4687 ;; This function is called by:
  4688 ;;		_TMR0_Initialize
  4689 ;;		_main
  4690 ;; This function uses a non-reentrant model
  4691 ;;
  4692                           
  4693     0EA3                     _TMR0_SetInterruptHandler:	
  4694                           ;psect for function _TMR0_SetInterruptHandler
  4695                           
  4696     0EA3                     l4242:	
  4697                           ;incstack = 0
  4698                           ; Regs used in _TMR0_SetInterruptHandler: [wreg]
  4699                           
  4700                           
  4701                           ;mcc_generated_files/tmr0.c: 141:     TMR0_InterruptHandler = InterruptHandler;
  4702     0EA3  0020               	movlb	0	; select bank0
  4703     0EA4  0821               	movf	TMR0_SetInterruptHandler@InterruptHandler+1,w
  4704     0EA5  00E2               	movwf	_TMR0_InterruptHandler+1
  4705     0EA6  0820               	movf	TMR0_SetInterruptHandler@InterruptHandler,w
  4706     0EA7  00E1               	movwf	_TMR0_InterruptHandler
  4707     0EA8                     l628:
  4708     0EA8  0008               	return
  4709     0EA9                     __end_of_TMR0_SetInterruptHandler:
  4710                           
  4711                           	psect	text15
  4712     074C                     __ptext15:	
  4713 ;; *************** function _PIN_MANAGER_Initialize *****************
  4714 ;; Defined at:
  4715 ;;		line 55 in file "mcc_generated_files/pin_manager.c"
  4716 ;; Parameters:    Size  Location     Type
  4717 ;;		None
  4718 ;; Auto vars:     Size  Location     Type
  4719 ;;		None
  4720 ;; Return value:  Size  Location     Type
  4721 ;;                  1    wreg      void 
  4722 ;; Registers used:
  4723 ;;		wreg, status,2
  4724 ;; Tracked objects:
  4725 ;;		On entry : 0/0
  4726 ;;		On exit  : 0/0
  4727 ;;		Unchanged: 0/0
  4728 ;; Data sizes:     COMMON   BANK0   BANK1   BANK2   BANK3   BANK4   BANK5   BANK6
  4729 ;;      Params:         0       0       0       0       0       0       0       0
  4730 ;;      Locals:         0       0       0       0       0       0       0       0
  4731 ;;      Temps:          0       0       0       0       0       0       0       0
  4732 ;;      Totals:         0       0       0       0       0       0       0       0
  4733 ;;Total ram usage:        0 bytes
  4734 ;; Hardware stack levels used: 1
  4735 ;; Hardware stack levels required when called: 6
  4736 ;; This function calls:
  4737 ;;		Nothing
  4738 ;; This function is called by:
  4739 ;;		_SYSTEM_Initialize
  4740 ;; This function uses a non-reentrant model
  4741 ;;
  4742                           
  4743     074C                     _PIN_MANAGER_Initialize:	
  4744                           ;psect for function _PIN_MANAGER_Initialize
  4745                           
  4746     074C                     l3338:	
  4747                           ;incstack = 0
  4748                           ; Regs used in _PIN_MANAGER_Initialize: [wreg+status,2]
  4749                           
  4750                           
  4751                           ;mcc_generated_files/pin_manager.c: 60:     LATE = 0x00;
  4752     074C  0022               	movlb	2	; select bank2
  4753     074D  0190               	clrf	16	;volatile
  4754                           
  4755                           ;mcc_generated_files/pin_manager.c: 61:     LATA = 0x00;
  4756     074E  018C               	clrf	12	;volatile
  4757                           
  4758                           ;mcc_generated_files/pin_manager.c: 62:     LATB = 0x00;
  4759     074F  018D               	clrf	13	;volatile
  4760                           
  4761                           ;mcc_generated_files/pin_manager.c: 63:     LATC = 0x00;
  4762     0750  018E               	clrf	14	;volatile
  4763     0751                     l3340:
  4764                           
  4765                           ;mcc_generated_files/pin_manager.c: 68:     TRISE = 0x08;
  4766     0751  3008               	movlw	8
  4767     0752  0021               	movlb	1	; select bank1
  4768     0753  0090               	movwf	16	;volatile
  4769     0754                     l3342:
  4770                           
  4771                           ;mcc_generated_files/pin_manager.c: 69:     TRISA = 0xFF;
  4772     0754  30FF               	movlw	255
  4773     0755  008C               	movwf	12	;volatile
  4774     0756                     l3344:
  4775                           
  4776                           ;mcc_generated_files/pin_manager.c: 70:     TRISB = 0xFF;
  4777     0756  30FF               	movlw	255
  4778     0757  008D               	movwf	13	;volatile
  4779     0758                     l3346:
  4780                           
  4781                           ;mcc_generated_files/pin_manager.c: 71:     TRISC = 0xFC;
  4782     0758  30FC               	movlw	252
  4783     0759  008E               	movwf	14	;volatile
  4784     075A                     l3348:
  4785                           
  4786                           ;mcc_generated_files/pin_manager.c: 76:     ANSELB = 0x03;
  4787     075A  3003               	movlw	3
  4788     075B  0023               	movlb	3	; select bank3
  4789     075C  008D               	movwf	13	;volatile
  4790     075D                     l3350:
  4791                           
  4792                           ;mcc_generated_files/pin_manager.c: 77:     ANSELA = 0x3F;
  4793     075D  303F               	movlw	63
  4794     075E  008C               	movwf	12	;volatile
  4795                           
  4796                           ;mcc_generated_files/pin_manager.c: 82:     WPUE = 0x00;
  4797     075F  0024               	movlb	4	; select bank4
  4798     0760  0190               	clrf	16	;volatile
  4799     0761                     l3352:
  4800                           
  4801                           ;mcc_generated_files/pin_manager.c: 83:     WPUB = 0x3C;
  4802     0761  303C               	movlw	60
  4803     0762  008D               	movwf	13	;volatile
  4804     0763                     l3354:
  4805                           
  4806                           ;mcc_generated_files/pin_manager.c: 84:     OPTION_REGbits.nWPUEN = 0;
  4807     0763  0021               	movlb	1	; select bank1
  4808     0764  1395               	bcf	21,7	;volatile
  4809     0765                     l3356:
  4810                           
  4811                           ;mcc_generated_files/pin_manager.c: 90:     APFCON = 0x00;
  4812     0765  0022               	movlb	2	; select bank2
  4813     0766  019D               	clrf	29	;volatile
  4814     0767                     l470:
  4815     0767  0008               	return
  4816     0768                     __end_of_PIN_MANAGER_Initialize:
  4817                           
  4818                           	psect	text16
  4819     07F9                     __ptext16:	
  4820 ;; *************** function _OSCILLATOR_Initialize *****************
  4821 ;; Defined at:
  4822 ;;		line 61 in file "mcc_generated_files/mcc.c"
  4823 ;; Parameters:    Size  Location     Type
  4824 ;;		None
  4825 ;; Auto vars:     Size  Location     Type
  4826 ;;		None
  4827 ;; Return value:  Size  Location     Type
  4828 ;;                  1    wreg      void 
  4829 ;; Registers used:
  4830 ;;		wreg, status,2
  4831 ;; Tracked objects:
  4832 ;;		On entry : 0/0
  4833 ;;		On exit  : 0/0
  4834 ;;		Unchanged: 0/0
  4835 ;; Data sizes:     COMMON   BANK0   BANK1   BANK2   BANK3   BANK4   BANK5   BANK6
  4836 ;;      Params:         0       0       0       0       0       0       0       0
  4837 ;;      Locals:         0       0       0       0       0       0       0       0
  4838 ;;      Temps:          0       0       0       0       0       0       0       0
  4839 ;;      Totals:         0       0       0       0       0       0       0       0
  4840 ;;Total ram usage:        0 bytes
  4841 ;; Hardware stack levels used: 1
  4842 ;; Hardware stack levels required when called: 6
  4843 ;; This function calls:
  4844 ;;		Nothing
  4845 ;; This function is called by:
  4846 ;;		_SYSTEM_Initialize
  4847 ;; This function uses a non-reentrant model
  4848 ;;
  4849                           
  4850     07F9                     _OSCILLATOR_Initialize:	
  4851                           ;psect for function _OSCILLATOR_Initialize
  4852                           
  4853     07F9                     l3358:	
  4854                           ;incstack = 0
  4855                           ; Regs used in _OSCILLATOR_Initialize: [wreg+status,2]
  4856                           
  4857                           
  4858                           ;mcc_generated_files/mcc.c: 64:     OSCCON = 0x60;
  4859     07F9  3060               	movlw	96
  4860     07FA  0021               	movlb	1	; select bank1
  4861     07FB  0099               	movwf	25	;volatile
  4862     07FC                     l3360:
  4863                           
  4864                           ;mcc_generated_files/mcc.c: 66:     OSCTUNE = 0x00;
  4865     07FC  0198               	clrf	24	;volatile
  4866     07FD                     l3362:
  4867                           
  4868                           ;mcc_generated_files/mcc.c: 68:     BORCON = 0x00;
  4869     07FD  0022               	movlb	2	; select bank2
  4870     07FE  0196               	clrf	22	;volatile
  4871     07FF                     l499:
  4872     07FF  0008               	return
  4873     0800                     __end_of_OSCILLATOR_Initialize:
  4874                           
  4875                           	psect	text17
  4876     0ED6                     __ptext17:	
  4877 ;; *************** function _I2C_Initialize *****************
  4878 ;; Defined at:
  4879 ;;		line 167 in file "mcc_generated_files/i2c_master.c"
  4880 ;; Parameters:    Size  Location     Type
  4881 ;;		None
  4882 ;; Auto vars:     Size  Location     Type
  4883 ;;		None
  4884 ;; Return value:  Size  Location     Type
  4885 ;;                  1    wreg      void 
  4886 ;; Registers used:
  4887 ;;		wreg, status,2
  4888 ;; Tracked objects:
  4889 ;;		On entry : 0/0
  4890 ;;		On exit  : 0/0
  4891 ;;		Unchanged: 0/0
  4892 ;; Data sizes:     COMMON   BANK0   BANK1   BANK2   BANK3   BANK4   BANK5   BANK6
  4893 ;;      Params:         0       0       0       0       0       0       0       0
  4894 ;;      Locals:         0       0       0       0       0       0       0       0
  4895 ;;      Temps:          0       0       0       0       0       0       0       0
  4896 ;;      Totals:         0       0       0       0       0       0       0       0
  4897 ;;Total ram usage:        0 bytes
  4898 ;; Hardware stack levels used: 1
  4899 ;; Hardware stack levels required when called: 6
  4900 ;; This function calls:
  4901 ;;		Nothing
  4902 ;; This function is called by:
  4903 ;;		_SYSTEM_Initialize
  4904 ;; This function uses a non-reentrant model
  4905 ;;
  4906                           
  4907     0ED6                     _I2C_Initialize:	
  4908                           ;psect for function _I2C_Initialize
  4909                           
  4910     0ED6                     l3330:	
  4911                           ;incstack = 0
  4912                           ; Regs used in _I2C_Initialize: [wreg+status,2]
  4913                           
  4914                           
  4915                           ;mcc_generated_files/i2c_master.c: 169:     SSPSTAT = 0x00;
  4916     0ED6  0024               	movlb	4	; select bank4
  4917     0ED7  0194               	clrf	20	;volatile
  4918     0ED8                     l3332:
  4919                           
  4920                           ;mcc_generated_files/i2c_master.c: 170:     SSPCON1 = 0x08;
  4921     0ED8  3008               	movlw	8
  4922     0ED9  0095               	movwf	21	;volatile
  4923     0EDA                     l3334:
  4924                           
  4925                           ;mcc_generated_files/i2c_master.c: 171:     SSPCON2 = 0x00;
  4926     0EDA  0196               	clrf	22	;volatile
  4927                           
  4928                           ;mcc_generated_files/i2c_master.c: 172:     SSPADD = 0x04;
  4929     0EDB  3004               	movlw	4
  4930     0EDC  0092               	movwf	18	;volatile
  4931     0EDD                     l3336:
  4932                           
  4933                           ;mcc_generated_files/i2c_master.c: 173:     SSPCON1bits.SSPEN = 0;
  4934     0EDD  1295               	bcf	21,5	;volatile
  4935     0EDE                     l209:
  4936     0EDE  0008               	return
  4937     0EDF                     __end_of_I2C_Initialize:
  4938                           
  4939                           	psect	text18
  4940     07E4                     __ptext18:	
  4941 ;; *************** function _LCD_SetCursor *****************
  4942 ;; Defined at:
  4943 ;;		line 191 in file "hd44780_i2c.c"
  4944 ;; Parameters:    Size  Location     Type
  4945 ;;  col             1    wreg     unsigned char 
  4946 ;;  row             1   25[BANK0 ] unsigned char 
  4947 ;; Auto vars:     Size  Location     Type
  4948 ;;  col             1   30[BANK0 ] unsigned char 
  4949 ;;  row_offsets     4   26[BANK0 ] unsigned char [4]
  4950 ;; Return value:  Size  Location     Type
  4951 ;;                  1    wreg      void 
  4952 ;; Registers used:
  4953 ;;		wreg, fsr0l, fsr0h, fsr1l, fsr1h, status,2, status,0, pclath, cstack
  4954 ;; Tracked objects:
  4955 ;;		On entry : 0/0
  4956 ;;		On exit  : 0/0
  4957 ;;		Unchanged: 0/0
  4958 ;; Data sizes:     COMMON   BANK0   BANK1   BANK2   BANK3   BANK4   BANK5   BANK6
  4959 ;;      Params:         0       1       0       0       0       0       0       0
  4960 ;;      Locals:         0       5       0       0       0       0       0       0
  4961 ;;      Temps:          0       0       0       0       0       0       0       0
  4962 ;;      Totals:         0       6       0       0       0       0       0       0
  4963 ;;Total ram usage:        6 bytes
  4964 ;; Hardware stack levels used: 1
  4965 ;; Hardware stack levels required when called: 18
  4966 ;; This function calls:
  4967 ;;		_LCD_Command
  4968 ;; This function is called by:
  4969 ;;		_main
  4970 ;; This function uses a non-reentrant model
  4971 ;;
  4972                           
  4973     07E4                     _LCD_SetCursor:	
  4974                           ;psect for function _LCD_SetCursor
  4975                           
  4976                           
  4977                           ;incstack = 0
  4978 ;; hardware stack exceeded
  4979                           ; Regs used in _LCD_SetCursor: [wreg-fsr1h+status,2+status,0+pclath+cstack]
  4980                           ;LCD_SetCursor@col stored from wreg
  4981     07E4  0020               	movlb	0	; select bank0
  4982     07E5  00BE               	movwf	LCD_SetCursor@col
  4983     07E6                     l4370:
  4984                           
  4985                           ;hd44780_i2c.c: 192:     uint8_t row_offsets[] = {0x00, 0x40, 0x14, 0x54};
  4986     07E6  0868               	movf	LCD_SetCursor@F3270+3,w
  4987     07E7  00BD               	movwf	LCD_SetCursor@row_offsets+3
  4988     07E8  0867               	movf	LCD_SetCursor@F3270+2,w
  4989     07E9  00BC               	movwf	LCD_SetCursor@row_offsets+2
  4990     07EA  0866               	movf	LCD_SetCursor@F3270+1,w
  4991     07EB  00BB               	movwf	LCD_SetCursor@row_offsets+1
  4992     07EC  0865               	movf	LCD_SetCursor@F3270,w
  4993     07ED  00BA               	movwf	LCD_SetCursor@row_offsets
  4994     07EE                     l4372:
  4995                           
  4996                           ;hd44780_i2c.c: 193:     LCD_Command(0x80 | (col + row_offsets[row]));
  4997     07EE  0839               	movf	LCD_SetCursor@row,w
  4998     07EF  3E3A               	addlw	(low (LCD_SetCursor@row_offsets| 0))& (0+255)
  4999     07F0  0086               	movwf	6
  5000     07F1  0187               	clrf	7
  5001     07F2  0801               	movf	1,w
  5002     07F3  073E               	addwf	LCD_SetCursor@col,w
  5003     07F4  3880               	iorlw	128
  5004     07F5  318E  26F7  3187   	fcall	_LCD_Command
  5005     07F8                     l704:
  5006     07F8  0008               	return
  5007     07F9                     __end_of_LCD_SetCursor:
  5008                           
  5009                           	psect	text19
  5010     079D                     __ptext19:	
  5011 ;; *************** function _LCD_Print *****************
  5012 ;; Defined at:
  5013 ;;		line 196 in file "hd44780_i2c.c"
  5014 ;; Parameters:    Size  Location     Type
  5015 ;;  str             1    wreg     PTR const unsigned char 
  5016 ;;		 -> buf(17), 
  5017 ;; Auto vars:     Size  Location     Type
  5018 ;;  str             1   26[BANK0 ] PTR const unsigned char 
  5019 ;;		 -> buf(17), 
  5020 ;; Return value:  Size  Location     Type
  5021 ;;                  1    wreg      void 
  5022 ;; Registers used:
  5023 ;;		wreg, fsr0l, fsr0h, fsr1l, fsr1h, status,2, status,0, pclath, cstack
  5024 ;; Tracked objects:
  5025 ;;		On entry : 0/0
  5026 ;;		On exit  : 0/0
  5027 ;;		Unchanged: 0/0
  5028 ;; Data sizes:     COMMON   BANK0   BANK1   BANK2   BANK3   BANK4   BANK5   BANK6
  5029 ;;      Params:         0       0       0       0       0       0       0       0
  5030 ;;      Locals:         0       1       0       0       0       0       0       0
  5031 ;;      Temps:          0       1       0       0       0       0       0       0
  5032 ;;      Totals:         0       2       0       0       0       0       0       0
  5033 ;;Total ram usage:        2 bytes
  5034 ;; Hardware stack levels used: 1
  5035 ;; Hardware stack levels required when called: 18
  5036 ;; This function calls:
  5037 ;;		_LCD_Data
  5038 ;; This function is called by:
  5039 ;;		_main
  5040 ;; This function uses a non-reentrant model
  5041 ;;
  5042                           
  5043     079D                     _LCD_Print:	
  5044                           ;psect for function _LCD_Print
  5045                           
  5046                           
  5047                           ;incstack = 0
  5048 ;; hardware stack exceeded
  5049                           ; Regs used in _LCD_Print: [wreg-fsr1h+status,2+status,0+pclath+cstack]
  5050                           ;LCD_Print@str stored from wreg
  5051     079D  0020               	movlb	0	; select bank0
  5052     079E  00BA               	movwf	LCD_Print@str
  5053     079F                     l4412:
  5054                           
  5055                           ;hd44780_i2c.c: 197:     while(*str) {
  5056     079F  2FAC               	goto	l4418
  5057     07A0                     l4414:
  5058                           
  5059                           ;hd44780_i2c.c: 198:         LCD_Data(*str++);
  5060     07A0  083A               	movf	LCD_Print@str,w
  5061     07A1  0086               	movwf	6
  5062     07A2  0187               	clrf	7
  5063     07A3  0801               	movf	1,w
  5064     07A4  318F  2737  3187   	fcall	_LCD_Data
  5065     07A7                     l4416:
  5066     07A7  3001               	movlw	1
  5067     07A8  0020               	movlb	0	; select bank0
  5068     07A9  00B9               	movwf	??_LCD_Print
  5069     07AA  0839               	movf	??_LCD_Print,w
  5070     07AB  07BA               	addwf	LCD_Print@str,f
  5071     07AC                     l4418:
  5072                           
  5073                           ;hd44780_i2c.c: 197:     while(*str) {
  5074     07AC  083A               	movf	LCD_Print@str,w
  5075     07AD  0086               	movwf	6
  5076     07AE  0187               	clrf	7
  5077     07AF  0801               	movf	1,w
  5078     07B0  1D03               	btfss	3,2
  5079     07B1  2FB3               	goto	u2791
  5080     07B2  2FB4               	goto	u2790
  5081     07B3                     u2791:
  5082     07B3  2FA0               	goto	l4414
  5083     07B4                     u2790:
  5084     07B4                     l710:
  5085     07B4  0008               	return
  5086     07B5                     __end_of_LCD_Print:
  5087                           
  5088                           	psect	text20
  5089     0F37                     __ptext20:	
  5090 ;; *************** function _LCD_Data *****************
  5091 ;; Defined at:
  5092 ;;		line 168 in file "hd44780_i2c.c"
  5093 ;; Parameters:    Size  Location     Type
  5094 ;;  data            1    wreg     unsigned char 
  5095 ;; Auto vars:     Size  Location     Type
  5096 ;;  data            1   24[BANK0 ] unsigned char 
  5097 ;; Return value:  Size  Location     Type
  5098 ;;                  1    wreg      void 
  5099 ;; Registers used:
  5100 ;;		wreg, fsr0l, fsr0h, fsr1l, fsr1h, status,2, status,0, pclath, cstack
  5101 ;; Tracked objects:
  5102 ;;		On entry : 0/0
  5103 ;;		On exit  : 0/0
  5104 ;;		Unchanged: 0/0
  5105 ;; Data sizes:     COMMON   BANK0   BANK1   BANK2   BANK3   BANK4   BANK5   BANK6
  5106 ;;      Params:         0       0       0       0       0       0       0       0
  5107 ;;      Locals:         0       1       0       0       0       0       0       0
  5108 ;;      Temps:          0       0       0       0       0       0       0       0
  5109 ;;      Totals:         0       1       0       0       0       0       0       0
  5110 ;;Total ram usage:        1 bytes
  5111 ;; Hardware stack levels used: 1
  5112 ;; Hardware stack levels required when called: 17
  5113 ;; This function calls:
  5114 ;;		_PCF8574_LCD_SendByte
  5115 ;; This function is called by:
  5116 ;;		_LCD_Print
  5117 ;; This function uses a non-reentrant model
  5118 ;;
  5119                           
  5120     0F37                     _LCD_Data:	
  5121                           ;psect for function _LCD_Data
  5122                           
  5123                           
  5124                           ;incstack = 0
  5125 ;; hardware stack exceeded
  5126                           ; Regs used in _LCD_Data: [wreg-fsr1h+status,2+status,0+pclath+cstack]
  5127                           ;LCD_Data@data stored from wreg
  5128     0F37  0020               	movlb	0	; select bank0
  5129     0F38  00B8               	movwf	LCD_Data@data
  5130     0F39                     l4312:
  5131                           
  5132                           ;hd44780_i2c.c: 169:     PCF8574_LCD_SendByte(data, 1);
  5133     0F39  01B5               	clrf	PCF8574_LCD_SendByte@rs
  5134     0F3A  0AB5               	incf	PCF8574_LCD_SendByte@rs,f
  5135     0F3B  0838               	movf	LCD_Data@data,w
  5136     0F3C  3187  27CD  318F   	fcall	_PCF8574_LCD_SendByte
  5137     0F3F                     l4314:
  5138                           
  5139                           ;hd44780_i2c.c: 170:     _delay((unsigned long)((2)*(2000000/4000.0)));
  5140     0F3F  30C8               	movlw	200
  5141     0F40                     u3007:
  5142     0F40  3200               	nop2
  5143     0F41  0B89               	decfsz	9,f
  5144     0F42  2F40               	goto	u3007
  5145     0F43                     l694:
  5146     0F43  0008               	return
  5147     0F44                     __end_of_LCD_Data:
  5148                           
  5149                           	psect	text21
  5150     04B4                     __ptext21:	
  5151 ;; *************** function _LCD_Init *****************
  5152 ;; Defined at:
  5153 ;;		line 173 in file "hd44780_i2c.c"
  5154 ;; Parameters:    Size  Location     Type
  5155 ;;		None
  5156 ;; Auto vars:     Size  Location     Type
  5157 ;;  i               1   26[BANK0 ] unsigned char 
  5158 ;; Return value:  Size  Location     Type
  5159 ;;                  1    wreg      void 
  5160 ;; Registers used:
  5161 ;;		wreg, fsr0l, fsr0h, fsr1l, fsr1h, status,2, status,0, pclath, cstack
  5162 ;; Tracked objects:
  5163 ;;		On entry : 0/0
  5164 ;;		On exit  : 0/0
  5165 ;;		Unchanged: 0/0
  5166 ;; Data sizes:     COMMON   BANK0   BANK1   BANK2   BANK3   BANK4   BANK5   BANK6
  5167 ;;      Params:         0       0       0       0       0       0       0       0
  5168 ;;      Locals:         0       1       0       0       0       0       0       0
  5169 ;;      Temps:          0       1       0       0       0       0       0       0
  5170 ;;      Totals:         0       2       0       0       0       0       0       0
  5171 ;;Total ram usage:        2 bytes
  5172 ;; Hardware stack levels used: 1
  5173 ;; Hardware stack levels required when called: 19
  5174 ;; This function calls:
  5175 ;;		_LCD_Command
  5176 ;;		_LCD_functionSet
  5177 ;;		_PCF8574_LCD_SendNibble
  5178 ;; This function is called by:
  5179 ;;		_main
  5180 ;; This function uses a non-reentrant model
  5181 ;;
  5182                           
  5183     04B4                     _LCD_Init:	
  5184                           ;psect for function _LCD_Init
  5185                           
  5186     04B4                     l4340:	
  5187                           ;incstack = 0
  5188 ;; hardware stack exceeded
  5189                           ; Regs used in _LCD_Init: [wreg-fsr1h+status,2+status,0+pclath+cstack]
  5190                           
  5191                           
  5192                           ;hd44780_i2c.c: 174:     _delay((unsigned long)((50)*(2000000/4000.0)));
  5193     04B4  3021               	movlw	33
  5194     04B5  0020               	movlb	0	; select bank0
  5195     04B6  00B9               	movwf	??_LCD_Init
  5196     04B7  3076               	movlw	118
  5197     04B8                     u3017:
  5198     04B8  0B89               	decfsz	9,f
  5199     04B9  2CB8               	goto	u3017
  5200     04BA  0BB9               	decfsz	??_LCD_Init,f
  5201     04BB  2CB8               	goto	u3017
  5202     04BC  0000               	nop
  5203     04BD                     l4342:
  5204                           
  5205                           ;hd44780_i2c.c: 175:     for (uint8_t i = 0; i < 3; i++) {
  5206     04BD  0020               	movlb	0	; select bank0
  5207     04BE  01BA               	clrf	LCD_Init@i
  5208     04BF                     l4348:
  5209                           
  5210                           ;hd44780_i2c.c: 176:         PCF8574_LCD_SendNibble(0x03, 0);
  5211     04BF  01B1               	clrf	PCF8574_LCD_SendNibble@rs
  5212     04C0  3003               	movlw	3
  5213     04C1  3186  2617  3184   	fcall	_PCF8574_LCD_SendNibble
  5214     04C4                     l4350:
  5215                           
  5216                           ;hd44780_i2c.c: 177:         _delay((unsigned long)((5)*(2000000/4000.0)));
  5217     04C4  3004               	movlw	4
  5218     04C5  0020               	movlb	0	; select bank0
  5219     04C6  00B9               	movwf	??_LCD_Init
  5220     04C7  303D               	movlw	61
  5221     04C8                     u3027:
  5222     04C8  0B89               	decfsz	9,f
  5223     04C9  2CC8               	goto	u3027
  5224     04CA  0BB9               	decfsz	??_LCD_Init,f
  5225     04CB  2CC8               	goto	u3027
  5226     04CC  3200               	nop2
  5227     04CD                     l4352:
  5228                           
  5229                           ;hd44780_i2c.c: 178:     }
  5230     04CD  3001               	movlw	1
  5231     04CE  0020               	movlb	0	; select bank0
  5232     04CF  00B9               	movwf	??_LCD_Init
  5233     04D0  0839               	movf	??_LCD_Init,w
  5234     04D1  07BA               	addwf	LCD_Init@i,f
  5235     04D2                     l4354:
  5236     04D2  3003               	movlw	3
  5237     04D3  023A               	subwf	LCD_Init@i,w
  5238     04D4  1C03               	skipc
  5239     04D5  2CD7               	goto	u2671
  5240     04D6  2CD8               	goto	u2670
  5241     04D7                     u2671:
  5242     04D7  2CBF               	goto	l4348
  5243     04D8                     u2670:
  5244     04D8                     l4356:
  5245                           
  5246                           ;hd44780_i2c.c: 180:     PCF8574_LCD_SendNibble(0x02, 0);
  5247     04D8  01B1               	clrf	PCF8574_LCD_SendNibble@rs
  5248     04D9  3002               	movlw	2
  5249     04DA  3186  2617  3184   	fcall	_PCF8574_LCD_SendNibble
  5250     04DD                     l4358:
  5251                           
  5252                           ;hd44780_i2c.c: 181:     _delay((unsigned long)((1)*(2000000/4000.0)));
  5253     04DD  30A6               	movlw	166
  5254     04DE                     u3037:
  5255     04DE  0B89               	decfsz	9,f
  5256     04DF  2CDE               	goto	u3037
  5257     04E0  3200               	nop2
  5258     04E1                     l4360:
  5259                           
  5260                           ;hd44780_i2c.c: 184:     LCD_functionSet();
  5261     04E1  318E  26CD  3184   	fcall	_LCD_functionSet
  5262     04E4                     l4362:
  5263                           
  5264                           ;hd44780_i2c.c: 185:     LCD_Command(0x0C);
  5265     04E4  300C               	movlw	12
  5266     04E5  318E  26F7  3184   	fcall	_LCD_Command
  5267     04E8                     l4364:
  5268                           
  5269                           ;hd44780_i2c.c: 186:     LCD_Command(0x06);
  5270     04E8  3006               	movlw	6
  5271     04E9  318E  26F7  3184   	fcall	_LCD_Command
  5272     04EC                     l4366:
  5273                           
  5274                           ;hd44780_i2c.c: 187:     LCD_Command(0x01);
  5275     04EC  3001               	movlw	1
  5276     04ED  318E  26F7  3184   	fcall	_LCD_Command
  5277     04F0                     l4368:
  5278                           
  5279                           ;hd44780_i2c.c: 188:     _delay((unsigned long)((2)*(2000000/4000.0)));
  5280     04F0  30C8               	movlw	200
  5281     04F1                     u3047:
  5282     04F1  3200               	nop2
  5283     04F2  0B89               	decfsz	9,f
  5284     04F3  2CF1               	goto	u3047
  5285     04F4                     l699:
  5286     04F4  0008               	return
  5287     04F5                     __end_of_LCD_Init:
  5288                           
  5289                           	psect	text22
  5290     0ECD                     __ptext22:	
  5291 ;; *************** function _LCD_functionSet *****************
  5292 ;; Defined at:
  5293 ;;		line 206 in file "hd44780_i2c.c"
  5294 ;; Parameters:    Size  Location     Type
  5295 ;;		None
  5296 ;; Auto vars:     Size  Location     Type
  5297 ;;  F               1    0        unsigned char 
  5298 ;;  N               1    0        unsigned char 
  5299 ;;  DL              1    0        unsigned char 
  5300 ;; Return value:  Size  Location     Type
  5301 ;;                  1    wreg      void 
  5302 ;; Registers used:
  5303 ;;		wreg, fsr0l, fsr0h, fsr1l, fsr1h, status,2, status,0, pclath, cstack
  5304 ;; Tracked objects:
  5305 ;;		On entry : 0/0
  5306 ;;		On exit  : 0/0
  5307 ;;		Unchanged: 0/0
  5308 ;; Data sizes:     COMMON   BANK0   BANK1   BANK2   BANK3   BANK4   BANK5   BANK6
  5309 ;;      Params:         0       0       0       0       0       0       0       0
  5310 ;;      Locals:         0       0       0       0       0       0       0       0
  5311 ;;      Temps:          0       0       0       0       0       0       0       0
  5312 ;;      Totals:         0       0       0       0       0       0       0       0
  5313 ;;Total ram usage:        0 bytes
  5314 ;; Hardware stack levels used: 1
  5315 ;; Hardware stack levels required when called: 18
  5316 ;; This function calls:
  5317 ;;		_LCD_Command
  5318 ;; This function is called by:
  5319 ;;		_LCD_Init
  5320 ;; This function uses a non-reentrant model
  5321 ;;
  5322                           
  5323     0ECD                     _LCD_functionSet:	
  5324                           ;psect for function _LCD_functionSet
  5325                           
  5326     0ECD                     l4316:	
  5327                           ;incstack = 0
  5328 ;; hardware stack exceeded
  5329                           ; Regs used in _LCD_functionSet: [wreg-fsr1h+status,2+status,0+pclath+cstack]
  5330                           
  5331     0ECD                     l4318:
  5332     0ECD                     l4320:
  5333     0ECD                     l4322:
  5334                           
  5335                           ;hd44780_i2c.c: 211:         LCD_Command(0x20|DL|N|F);
  5336     0ECD  3028               	movlw	40
  5337     0ECE  318E  26F7  318E   	fcall	_LCD_Command
  5338     0ED1                     l4324:
  5339                           
  5340                           ;hd44780_i2c.c: 212:         _delay((unsigned long)((2)*(2000000/4000.0)));
  5341     0ED1  30C8               	movlw	200
  5342     0ED2                     u3057:
  5343     0ED2  3200               	nop2
  5344     0ED3  0B89               	decfsz	9,f
  5345     0ED4  2ED2               	goto	u3057
  5346     0ED5                     l713:
  5347     0ED5  0008               	return
  5348     0ED6                     __end_of_LCD_functionSet:
  5349                           
  5350                           	psect	text23
  5351     0EF7                     __ptext23:	
  5352 ;; *************** function _LCD_Command *****************
  5353 ;; Defined at:
  5354 ;;		line 163 in file "hd44780_i2c.c"
  5355 ;; Parameters:    Size  Location     Type
  5356 ;;  cmd             1    wreg     unsigned char 
  5357 ;; Auto vars:     Size  Location     Type
  5358 ;;  cmd             1   24[BANK0 ] unsigned char 
  5359 ;; Return value:  Size  Location     Type
  5360 ;;                  1    wreg      void 
  5361 ;; Registers used:
  5362 ;;		wreg, fsr0l, fsr0h, fsr1l, fsr1h, status,2, status,0, pclath, cstack
  5363 ;; Tracked objects:
  5364 ;;		On entry : 0/0
  5365 ;;		On exit  : 0/0
  5366 ;;		Unchanged: 0/0
  5367 ;; Data sizes:     COMMON   BANK0   BANK1   BANK2   BANK3   BANK4   BANK5   BANK6
  5368 ;;      Params:         0       0       0       0       0       0       0       0
  5369 ;;      Locals:         0       1       0       0       0       0       0       0
  5370 ;;      Temps:          0       0       0       0       0       0       0       0
  5371 ;;      Totals:         0       1       0       0       0       0       0       0
  5372 ;;Total ram usage:        1 bytes
  5373 ;; Hardware stack levels used: 1
  5374 ;; Hardware stack levels required when called: 17
  5375 ;; This function calls:
  5376 ;;		_PCF8574_LCD_SendByte
  5377 ;; This function is called by:
  5378 ;;		_LCD_Init
  5379 ;;		_LCD_SetCursor
  5380 ;;		_LCD_functionSet
  5381 ;; This function uses a non-reentrant model
  5382 ;;
  5383                           
  5384     0EF7                     _LCD_Command:	
  5385                           ;psect for function _LCD_Command
  5386                           
  5387                           
  5388                           ;incstack = 0
  5389 ;; hardware stack exceeded
  5390                           ; Regs used in _LCD_Command: [wreg-fsr1h+status,2+status,0+pclath+cstack]
  5391                           ;LCD_Command@cmd stored from wreg
  5392     0EF7  0020               	movlb	0	; select bank0
  5393     0EF8  00B8               	movwf	LCD_Command@cmd
  5394     0EF9                     l4244:
  5395                           
  5396                           ;hd44780_i2c.c: 164:     PCF8574_LCD_SendByte(cmd, 0);
  5397     0EF9  01B5               	clrf	PCF8574_LCD_SendByte@rs
  5398     0EFA  0838               	movf	LCD_Command@cmd,w
  5399     0EFB  3187  27CD  318E   	fcall	_PCF8574_LCD_SendByte
  5400     0EFE                     l4246:
  5401                           
  5402                           ;hd44780_i2c.c: 165:     _delay((unsigned long)((2)*(2000000/4000.0)));
  5403     0EFE  30C8               	movlw	200
  5404     0EFF                     u3067:
  5405     0EFF  3200               	nop2
  5406     0F00  0B89               	decfsz	9,f
  5407     0F01  2EFF               	goto	u3067
  5408     0F02                     l691:
  5409     0F02  0008               	return
  5410     0F03                     __end_of_LCD_Command:
  5411                           
  5412                           	psect	text24
  5413     07CD                     __ptext24:	
  5414 ;; *************** function _PCF8574_LCD_SendByte *****************
  5415 ;; Defined at:
  5416 ;;		line 158 in file "hd44780_i2c.c"
  5417 ;; Parameters:    Size  Location     Type
  5418 ;;  val             1    wreg     unsigned char 
  5419 ;;  rs              1   21[BANK0 ] unsigned char 
  5420 ;; Auto vars:     Size  Location     Type
  5421 ;;  val             1   23[BANK0 ] unsigned char 
  5422 ;; Return value:  Size  Location     Type
  5423 ;;                  1    wreg      void 
  5424 ;; Registers used:
  5425 ;;		wreg, fsr0l, fsr0h, fsr1l, fsr1h, status,2, status,0, pclath, cstack
  5426 ;; Tracked objects:
  5427 ;;		On entry : 0/0
  5428 ;;		On exit  : 0/0
  5429 ;;		Unchanged: 0/0
  5430 ;; Data sizes:     COMMON   BANK0   BANK1   BANK2   BANK3   BANK4   BANK5   BANK6
  5431 ;;      Params:         0       1       0       0       0       0       0       0
  5432 ;;      Locals:         0       1       0       0       0       0       0       0
  5433 ;;      Temps:          0       1       0       0       0       0       0       0
  5434 ;;      Totals:         0       3       0       0       0       0       0       0
  5435 ;;Total ram usage:        3 bytes
  5436 ;; Hardware stack levels used: 1
  5437 ;; Hardware stack levels required when called: 16
  5438 ;; This function calls:
  5439 ;;		_PCF8574_LCD_SendNibble
  5440 ;; This function is called by:
  5441 ;;		_LCD_Command
  5442 ;;		_LCD_Data
  5443 ;; This function uses a non-reentrant model
  5444 ;;
  5445                           
  5446     07CD                     _PCF8574_LCD_SendByte:	
  5447                           ;psect for function _PCF8574_LCD_SendByte
  5448                           
  5449                           
  5450                           ;incstack = 0
  5451 ;; hardware stack exceeded
  5452                           ; Regs used in _PCF8574_LCD_SendByte: [wreg-fsr1h+status,2+status,0+pclath+cstack]
  5453                           ;PCF8574_LCD_SendByte@val stored from wreg
  5454     07CD  0020               	movlb	0	; select bank0
  5455     07CE  00B7               	movwf	PCF8574_LCD_SendByte@val
  5456     07CF                     l4142:
  5457                           
  5458                           ;hd44780_i2c.c: 159:     PCF8574_LCD_SendNibble(val >> 4, rs);
  5459     07CF  0835               	movf	PCF8574_LCD_SendByte@rs,w
  5460     07D0  00B1               	movwf	PCF8574_LCD_SendNibble@rs
  5461     07D1  0837               	movf	PCF8574_LCD_SendByte@val,w
  5462     07D2  00B6               	movwf	??_PCF8574_LCD_SendByte
  5463     07D3  3004               	movlw	4
  5464     07D4                     u2325:
  5465     07D4  36B6               	lsrf	??_PCF8574_LCD_SendByte,f
  5466     07D5  0B89               	decfsz	9,f
  5467     07D6  2FD4               	goto	u2325
  5468     07D7  0836               	movf	??_PCF8574_LCD_SendByte,w
  5469     07D8  3186  2617  3187   	fcall	_PCF8574_LCD_SendNibble
  5470                           
  5471                           ;hd44780_i2c.c: 160:     PCF8574_LCD_SendNibble(val & 0x0F, rs);
  5472     07DB  0020               	movlb	0	; select bank0
  5473     07DC  0835               	movf	PCF8574_LCD_SendByte@rs,w
  5474     07DD  00B1               	movwf	PCF8574_LCD_SendNibble@rs
  5475     07DE  0837               	movf	PCF8574_LCD_SendByte@val,w
  5476     07DF  390F               	andlw	15
  5477     07E0  3186  2617  3187   	fcall	_PCF8574_LCD_SendNibble
  5478     07E3                     l688:
  5479     07E3  0008               	return
  5480     07E4                     __end_of_PCF8574_LCD_SendByte:
  5481                           
  5482                           	psect	text25
  5483     0617                     __ptext25:	
  5484 ;; *************** function _PCF8574_LCD_SendNibble *****************
  5485 ;; Defined at:
  5486 ;;		line 148 in file "hd44780_i2c.c"
  5487 ;; Parameters:    Size  Location     Type
  5488 ;;  nibble          1    wreg     unsigned char 
  5489 ;;  rs              1   17[BANK0 ] unsigned char 
  5490 ;; Auto vars:     Size  Location     Type
  5491 ;;  nibble          1   19[BANK0 ] unsigned char 
  5492 ;;  data            1   20[BANK0 ] unsigned char 
  5493 ;; Return value:  Size  Location     Type
  5494 ;;                  1    wreg      void 
  5495 ;; Registers used:
  5496 ;;		wreg, fsr0l, fsr0h, fsr1l, fsr1h, status,2, status,0, pclath, cstack
  5497 ;; Tracked objects:
  5498 ;;		On entry : 0/0
  5499 ;;		On exit  : 0/0
  5500 ;;		Unchanged: 0/0
  5501 ;; Data sizes:     COMMON   BANK0   BANK1   BANK2   BANK3   BANK4   BANK5   BANK6
  5502 ;;      Params:         0       1       0       0       0       0       0       0
  5503 ;;      Locals:         0       2       0       0       0       0       0       0
  5504 ;;      Temps:          0       1       0       0       0       0       0       0
  5505 ;;      Totals:         0       4       0       0       0       0       0       0
  5506 ;;Total ram usage:        4 bytes
  5507 ;; Hardware stack levels used: 1
  5508 ;; Hardware stack levels required when called: 15
  5509 ;; This function calls:
  5510 ;;		_I2C_Write1ByteRegister
  5511 ;; This function is called by:
  5512 ;;		_PCF8574_LCD_SendByte
  5513 ;;		_LCD_Init
  5514 ;; This function uses a non-reentrant model
  5515 ;;
  5516                           
  5517     0617                     _PCF8574_LCD_SendNibble:	
  5518                           ;psect for function _PCF8574_LCD_SendNibble
  5519                           
  5520                           
  5521                           ;incstack = 0
  5522 ;; hardware stack exceeded
  5523                           ; Regs used in _PCF8574_LCD_SendNibble: [wreg-fsr1h+status,2+status,0+pclath+cstack]
  5524                           ;PCF8574_LCD_SendNibble@nibble stored from wreg
  5525     0617  0020               	movlb	0	; select bank0
  5526     0618  00B3               	movwf	PCF8574_LCD_SendNibble@nibble
  5527     0619                     l4132:
  5528                           
  5529                           ;hd44780_i2c.c: 149:     uint8_t data = (uint8_t)(nibble << 4) | 0x08;
  5530     0619  0833               	movf	PCF8574_LCD_SendNibble@nibble,w
  5531     061A  00B2               	movwf	??_PCF8574_LCD_SendNibble
  5532     061B  3003               	movlw	3
  5533     061C                     u2305:
  5534     061C  35B2               	lslf	??_PCF8574_LCD_SendNibble,f
  5535     061D  3EFF               	addlw	-1
  5536     061E  1D03               	skipz
  5537     061F  2E1C               	goto	u2305
  5538     0620  3532               	lslf	??_PCF8574_LCD_SendNibble,w
  5539     0621  3808               	iorlw	8
  5540     0622  00B4               	movwf	PCF8574_LCD_SendNibble@data
  5541                           
  5542                           ;hd44780_i2c.c: 150:     if (rs) data |= 0x01;
  5543     0623  0831               	movf	PCF8574_LCD_SendNibble@rs,w
  5544     0624  1903               	btfsc	3,2
  5545     0625  2E27               	goto	u2311
  5546     0626  2E28               	goto	u2310
  5547     0627                     u2311:
  5548     0627  2E29               	goto	l4136
  5549     0628                     u2310:
  5550     0628                     l4134:
  5551     0628  1434               	bsf	PCF8574_LCD_SendNibble@data,0
  5552     0629                     l4136:
  5553                           
  5554                           ;hd44780_i2c.c: 152:     I2C_Write1ByteRegister(0x27, 0x00, data | 0x04);
  5555     0629  01AE               	clrf	I2C_Write1ByteRegister@reg
  5556     062A  0834               	movf	PCF8574_LCD_SendNibble@data,w
  5557     062B  3804               	iorlw	4
  5558     062C  00AF               	movwf	I2C_Write1ByteRegister@data
  5559     062D  3027               	movlw	39
  5560     062E  3185  2530  3186   	fcall	_I2C_Write1ByteRegister
  5561     0631                     l4138:
  5562                           
  5563                           ;hd44780_i2c.c: 153:     _delay((unsigned long)((1)*(2000000/4000.0)));
  5564     0631  30A6               	movlw	166
  5565     0632                     u3077:
  5566     0632  0B89               	decfsz	9,f
  5567     0633  2E32               	goto	u3077
  5568     0634  3200               	nop2
  5569     0635                     l4140:
  5570                           
  5571                           ;hd44780_i2c.c: 155:     I2C_Write1ByteRegister(0x27, 0x00, data & ~0x04);
  5572     0635  0020               	movlb	0	; select bank0
  5573     0636  01AE               	clrf	I2C_Write1ByteRegister@reg
  5574     0637  0834               	movf	PCF8574_LCD_SendNibble@data,w
  5575     0638  39FB               	andlw	251
  5576     0639  00AF               	movwf	I2C_Write1ByteRegister@data
  5577     063A  3027               	movlw	39
  5578     063B  3185  2530  3186   	fcall	_I2C_Write1ByteRegister
  5579     063E                     l685:
  5580     063E  0008               	return
  5581     063F                     __end_of_PCF8574_LCD_SendNibble:
  5582                           
  5583                           	psect	text26
  5584     0530                     __ptext26:	
  5585 ;; *************** function _I2C_Write1ByteRegister *****************
  5586 ;; Defined at:
  5587 ;;		line 91 in file "mcc_generated_files/examples/i2c_master_example.c"
  5588 ;; Parameters:    Size  Location     Type
  5589 ;;  address         1    wreg     unsigned char 
  5590 ;;  reg             1   14[BANK0 ] unsigned char 
  5591 ;;  data            1   15[BANK0 ] unsigned char 
  5592 ;; Auto vars:     Size  Location     Type
  5593 ;;  address         1   16[BANK0 ] unsigned char 
  5594 ;; Return value:  Size  Location     Type
  5595 ;;                  1    wreg      void 
  5596 ;; Registers used:
  5597 ;;		wreg, fsr0l, fsr0h, fsr1l, fsr1h, status,2, status,0, pclath, cstack
  5598 ;; Tracked objects:
  5599 ;;		On entry : 0/0
  5600 ;;		On exit  : 0/0
  5601 ;;		Unchanged: 0/0
  5602 ;; Data sizes:     COMMON   BANK0   BANK1   BANK2   BANK3   BANK4   BANK5   BANK6
  5603 ;;      Params:         0       2       0       0       0       0       0       0
  5604 ;;      Locals:         0       1       0       0       0       0       0       0
  5605 ;;      Temps:          0       0       0       0       0       0       0       0
  5606 ;;      Totals:         0       3       0       0       0       0       0       0
  5607 ;;Total ram usage:        3 bytes
  5608 ;; Hardware stack levels used: 1
  5609 ;; Hardware stack levels required when called: 14
  5610 ;; This function calls:
  5611 ;;		_I2C_Close
  5612 ;;		_I2C_MasterWrite
  5613 ;;		_I2C_Open
  5614 ;;		_I2C_SetAddressNackCallback
  5615 ;;		_I2C_SetBuffer
  5616 ;;		_I2C_SetDataCompleteCallback
  5617 ;; This function is called by:
  5618 ;;		_PCF8574_LCD_SendNibble
  5619 ;; This function uses a non-reentrant model
  5620 ;;
  5621                           
  5622     0530                     _I2C_Write1ByteRegister:	
  5623                           ;psect for function _I2C_Write1ByteRegister
  5624                           
  5625                           
  5626                           ;incstack = 0
  5627 ;; hardware stack exceeded
  5628                           ; Regs used in _I2C_Write1ByteRegister: [wreg-fsr1h+status,2+status,0+pclath+cstack]
  5629                           ;I2C_Write1ByteRegister@address stored from wreg
  5630     0530  0020               	movlb	0	; select bank0
  5631     0531  00B0               	movwf	I2C_Write1ByteRegister@address
  5632     0532                     l4118:
  5633     0532                     l4120:	
  5634                           ;mcc_generated_files/examples/i2c_master_example.c: 91: void I2C_Write1ByteRegister(i2c_
      +                          address_t address, uint8_t reg, uint8_t data);mcc_generated_files/examples/i2c_master_ex
      +                          ample.c: 92: {;mcc_generated_files/examples/i2c_master_example.c: 93:     while(!I2C_Ope
      +                          n(address));
  5635                           
  5636     0532  0020               	movlb	0	; select bank0
  5637     0533  0830               	movf	I2C_Write1ByteRegister@address,w
  5638     0534  3184  24F5  3185   	fcall	_I2C_Open
  5639     0537  3A00               	xorlw	0
  5640     0538  1903               	skipnz
  5641     0539  2D3B               	goto	u2281
  5642     053A  2D3C               	goto	u2280
  5643     053B                     u2281:
  5644     053B  2D32               	goto	l4120
  5645     053C                     u2280:
  5646     053C                     l4122:
  5647                           
  5648                           ;mcc_generated_files/examples/i2c_master_example.c: 94:     I2C_SetDataCompleteCallback(
      +                          wr1RegCompleteHandler,&data);
  5649     053C  30B1               	movlw	low _wr1RegCompleteHandler
  5650     053D  0020               	movlb	0	; select bank0
  5651     053E  00A4               	movwf	I2C_SetDataCompleteCallback@cb
  5652     053F  300F               	movlw	high _wr1RegCompleteHandler
  5653     0540  00A5               	movwf	I2C_SetDataCompleteCallback@cb+1
  5654     0541  302F               	movlw	(low (I2C_Write1ByteRegister@data| 0))& (0+255)
  5655     0542  00A6               	movwf	I2C_SetDataCompleteCallback@ptr
  5656     0543  318E  26DF  3185   	fcall	_I2C_SetDataCompleteCallback
  5657     0546                     l4124:
  5658                           
  5659                           ;mcc_generated_files/examples/i2c_master_example.c: 95:     I2C_SetBuffer(&reg,1);
  5660     0546  3001               	movlw	1
  5661     0547  0020               	movlb	0	; select bank0
  5662     0548  00A0               	movwf	I2C_SetBuffer@bufferSize
  5663     0549  3000               	movlw	0
  5664     054A  00A1               	movwf	I2C_SetBuffer@bufferSize+1
  5665     054B  302E               	movlw	(low (I2C_Write1ByteRegister@reg| 0))& (0+255)
  5666     054C  318F  27EB  3185   	fcall	_I2C_SetBuffer
  5667     054F                     l4126:
  5668                           
  5669                           ;mcc_generated_files/examples/i2c_master_example.c: 96:     I2C_SetAddressNackCallback((
      +                          (void*)0),((void*)0));
  5670     054F  3000               	movlw	0
  5671     0550  0020               	movlb	0	; select bank0
  5672     0551  00A4               	movwf	I2C_SetAddressNackCallback@cb
  5673     0552  00A5               	movwf	I2C_SetAddressNackCallback@cb+1
  5674     0553  3000               	movlw	0
  5675     0554  00A6               	movwf	I2C_SetAddressNackCallback@ptr
  5676     0555  00A7               	movwf	I2C_SetAddressNackCallback@ptr+1
  5677     0556  318E  26EB  3185   	fcall	_I2C_SetAddressNackCallback
  5678     0559                     l4128:
  5679                           
  5680                           ;mcc_generated_files/examples/i2c_master_example.c: 97:     I2C_MasterWrite();
  5681     0559  318E  2686  3185   	fcall	_I2C_MasterWrite
  5682     055C                     l4130:	
  5683                           ;mcc_generated_files/examples/i2c_master_example.c: 98:     while(I2C_BUSY == I2C_Close(
      +                          ));
  5684                           
  5685     055C  3187  2768  3185   	fcall	_I2C_Close
  5686     055F  3A01               	xorlw	1
  5687     0560  1903               	skipnz
  5688     0561  2D63               	goto	u2291
  5689     0562  2D64               	goto	u2290
  5690     0563                     u2291:
  5691     0563  2D5C               	goto	l4130
  5692     0564                     u2290:
  5693     0564                     l51:
  5694     0564  0008               	return
  5695     0565                     __end_of_I2C_Write1ByteRegister:
  5696                           
  5697                           	psect	text27
  5698     0EEB                     __ptext27:	
  5699 ;; *************** function _I2C_SetAddressNackCallback *****************
  5700 ;; Defined at:
  5701 ;;		line 283 in file "mcc_generated_files/i2c_master.c"
  5702 ;; Parameters:    Size  Location     Type
  5703 ;;  cb              2    4[BANK0 ] PTR FTN(PTR void ,)enum 
  5704 ;;		 -> NULL(1), 
  5705 ;;  ptr             2    6[BANK0 ] PTR void 
  5706 ;;		 -> NULL(0), 
  5707 ;; Auto vars:     Size  Location     Type
  5708 ;;		None
  5709 ;; Return value:  Size  Location     Type
  5710 ;;                  1    wreg      void 
  5711 ;; Registers used:
  5712 ;;		wreg, fsr1l, fsr1h, status,2, status,0, pclath, cstack
  5713 ;; Tracked objects:
  5714 ;;		On entry : 0/0
  5715 ;;		On exit  : 0/0
  5716 ;;		Unchanged: 0/0
  5717 ;; Data sizes:     COMMON   BANK0   BANK1   BANK2   BANK3   BANK4   BANK5   BANK6
  5718 ;;      Params:         0       4       0       0       0       0       0       0
  5719 ;;      Locals:         0       0       0       0       0       0       0       0
  5720 ;;      Temps:          0       0       0       0       0       0       0       0
  5721 ;;      Totals:         0       4       0       0       0       0       0       0
  5722 ;;Total ram usage:        4 bytes
  5723 ;; Hardware stack levels used: 1
  5724 ;; Hardware stack levels required when called: 7
  5725 ;; This function calls:
  5726 ;;		_I2C_SetCallback
  5727 ;; This function is called by:
  5728 ;;		_I2C_Write1ByteRegister
  5729 ;;		_I2C_Read1ByteRegister
  5730 ;;		_I2C_Read2ByteRegister
  5731 ;;		_I2C_Write2ByteRegister
  5732 ;;		_I2C_WriteNBytes
  5733 ;;		_I2C_ReadDataBlock
  5734 ;; This function uses a non-reentrant model
  5735 ;;
  5736                           
  5737     0EEB                     _I2C_SetAddressNackCallback:	
  5738                           ;psect for function _I2C_SetAddressNackCallback
  5739                           
  5740     0EEB                     l4094:	
  5741                           ;incstack = 0
  5742                           ; Regs used in _I2C_SetAddressNackCallback: [wreg+fsr1l+fsr1h+status,2+status,0+pclath+c
      +                          stack]
  5743                           
  5744                           
  5745                           ;mcc_generated_files/i2c_master.c: 283: void I2C_SetAddressNackCallback(i2c_callback_t c
      +                          b, void *ptr);mcc_generated_files/i2c_master.c: 284: {;mcc_generated_files/i2c_master.c:
      +                           285:     I2C_SetCallback(I2C_ADDR_NACK, cb, ptr);
  5746     0EEB  0020               	movlb	0	; select bank0
  5747     0EEC  0825               	movf	I2C_SetAddressNackCallback@cb+1,w
  5748     0EED  00A1               	movwf	I2C_SetCallback@cb+1
  5749     0EEE  0824               	movf	I2C_SetAddressNackCallback@cb,w
  5750     0EEF  00A0               	movwf	I2C_SetCallback@cb
  5751     0EF0  0826               	movf	I2C_SetAddressNackCallback@ptr,w
  5752     0EF1  00A2               	movwf	I2C_SetCallback@ptr
  5753     0EF2  3002               	movlw	2
  5754     0EF3  3186  268F  318E   	fcall	_I2C_SetCallback
  5755     0EF6                     l245:
  5756     0EF6  0008               	return
  5757     0EF7                     __end_of_I2C_SetAddressNackCallback:
  5758                           
  5759                           	psect	text28
  5760     04F5                     __ptext28:	
  5761 ;; *************** function _I2C_Open *****************
  5762 ;; Defined at:
  5763 ;;		line 176 in file "mcc_generated_files/i2c_master.c"
  5764 ;; Parameters:    Size  Location     Type
  5765 ;;  address         1    wreg     unsigned char 
  5766 ;; Auto vars:     Size  Location     Type
  5767 ;;  address         1    0[BANK0 ] unsigned char 
  5768 ;;  returnValue     1    1[BANK0 ] enum E358
  5769 ;; Return value:  Size  Location     Type
  5770 ;;                  1    wreg      enum E358
  5771 ;; Registers used:
  5772 ;;		wreg, status,2, status,0, pclath, cstack
  5773 ;; Tracked objects:
  5774 ;;		On entry : 0/0
  5775 ;;		On exit  : 0/0
  5776 ;;		Unchanged: 0/0
  5777 ;; Data sizes:     COMMON   BANK0   BANK1   BANK2   BANK3   BANK4   BANK5   BANK6
  5778 ;;      Params:         0       0       0       0       0       0       0       0
  5779 ;;      Locals:         0       2       0       0       0       0       0       0
  5780 ;;      Temps:          0       0       0       0       0       0       0       0
  5781 ;;      Totals:         0       2       0       0       0       0       0       0
  5782 ;;Total ram usage:        2 bytes
  5783 ;; Hardware stack levels used: 1
  5784 ;; Hardware stack levels required when called: 7
  5785 ;; This function calls:
  5786 ;;		_I2C_MasterClearIrq
  5787 ;;		_I2C_MasterOpen
  5788 ;; This function is called by:
  5789 ;;		_I2C_Write1ByteRegister
  5790 ;;		_I2C_Read1ByteRegister
  5791 ;;		_I2C_Read2ByteRegister
  5792 ;;		_I2C_Write2ByteRegister
  5793 ;;		_I2C_WriteNBytes
  5794 ;;		_I2C_ReadNBytes
  5795 ;;		_I2C_ReadDataBlock
  5796 ;; This function uses a non-reentrant model
  5797 ;;
  5798                           
  5799     04F5                     _I2C_Open:	
  5800                           ;psect for function _I2C_Open
  5801                           
  5802                           
  5803                           ;incstack = 0
  5804                           ; Regs used in _I2C_Open: [wreg+status,2+status,0+pclath+cstack]
  5805                           ;I2C_Open@address stored from wreg
  5806     04F5  0020               	movlb	0	; select bank0
  5807     04F6  00A0               	movwf	I2C_Open@address
  5808     04F7                     l4062:
  5809                           
  5810                           ;mcc_generated_files/i2c_master.c: 176: i2c_error_t I2C_Open(i2c_address_t address);mcc_
      +                          generated_files/i2c_master.c: 177: {;mcc_generated_files/i2c_master.c: 178:     i2c_erro
      +                          r_t returnValue = I2C_BUSY;
  5811     04F7  01A1               	clrf	I2C_Open@returnValue
  5812     04F8  0AA1               	incf	I2C_Open@returnValue,f
  5813                           
  5814                           ;mcc_generated_files/i2c_master.c: 180:     if(!I2C_Status.inUse)
  5815     04F9  0021               	movlb	1	; select bank1
  5816     04FA  193C               	btfsc	(_I2C_Status^(0+128)+28),2
  5817     04FB  2CFD               	goto	u2261
  5818     04FC  2CFE               	goto	u2260
  5819     04FD                     u2261:
  5820     04FD  2D2D               	goto	l212
  5821     04FE                     u2260:
  5822     04FE                     l4064:
  5823                           
  5824                           ;mcc_generated_files/i2c_master.c: 181:     {;mcc_generated_files/i2c_master.c: 182:    
      +                               I2C_Status.address = address;
  5825     04FE  0020               	movlb	0	; select bank0
  5826     04FF  0820               	movf	I2C_Open@address,w
  5827     0500  0021               	movlb	1	; select bank1
  5828     0501  00B6               	movwf	(_I2C_Status^(0+128)+22)
  5829     0502                     l4066:
  5830                           
  5831                           ;mcc_generated_files/i2c_master.c: 183:         I2C_Status.busy = 0;
  5832     0502  10BC               	bcf	(_I2C_Status^(0+128)+28),1
  5833     0503                     l4068:
  5834                           
  5835                           ;mcc_generated_files/i2c_master.c: 184:         I2C_Status.inUse = 1;
  5836     0503  153C               	bsf	(_I2C_Status^(0+128)+28),2
  5837     0504                     l4070:
  5838                           
  5839                           ;mcc_generated_files/i2c_master.c: 185:         I2C_Status.addressNackCheck = 0;
  5840     0504  103C               	bcf	(_I2C_Status^(0+128)+28),0
  5841                           
  5842                           ;mcc_generated_files/i2c_master.c: 186:         I2C_Status.state = I2C_RESET;
  5843     0505  300E               	movlw	14
  5844     0506  00BA               	movwf	(_I2C_Status^(0+128)+26)
  5845                           
  5846                           ;mcc_generated_files/i2c_master.c: 187:         I2C_Status.time_out_value = 500;
  5847     0507  30F4               	movlw	244
  5848     0508  00B4               	movwf	(_I2C_Status^(0+128)+20)
  5849     0509  3001               	movlw	1
  5850     050A  00B5               	movwf	(_I2C_Status^(0+128)+21)
  5851     050B                     l4072:
  5852                           
  5853                           ;mcc_generated_files/i2c_master.c: 188:         I2C_Status.bufferFree = 1;
  5854     050B  15BC               	bsf	(_I2C_Status^(0+128)+28),3
  5855                           
  5856                           ;mcc_generated_files/i2c_master.c: 191:         I2C_Status.callbackTable[I2C_DATA_COMPLE
      +                          TE]=I2C_CallbackReturnStop;
  5857     050C  3028               	movlw	low _I2C_CallbackReturnStop
  5858     050D  00A0               	movwf	_I2C_Status^(0+128)
  5859     050E  300E               	movlw	high _I2C_CallbackReturnStop
  5860     050F  00A1               	movwf	(_I2C_Status^(0+128)+1)
  5861     0510                     l4074:
  5862                           
  5863                           ;mcc_generated_files/i2c_master.c: 192:         I2C_Status.callbackPayload[I2C_DATA_COMP
      +                          LETE] = ((void*)0);
  5864     0510  01AC               	clrf	(low ((_I2C_Status| 0+12)))^(0+128)
  5865     0511                     l4076:
  5866                           
  5867                           ;mcc_generated_files/i2c_master.c: 193:         I2C_Status.callbackTable[I2C_WRITE_COLLI
      +                          SION]=I2C_CallbackReturnStop;
  5868     0511  3028               	movlw	low _I2C_CallbackReturnStop
  5869     0512  00A2               	movwf	(low ((_I2C_Status| 0+2)))^(0+128)
  5870     0513  300E               	movlw	high _I2C_CallbackReturnStop
  5871     0514  00A3               	movwf	((low ((_I2C_Status| 0+2)))^(0+128)+1)
  5872                           
  5873                           ;mcc_generated_files/i2c_master.c: 194:         I2C_Status.callbackPayload[I2C_WRITE_COL
      +                          LISION] = ((void*)0);
  5874     0515  01AD               	clrf	(low ((_I2C_Status| 0+13)))^(0+128)
  5875     0516                     l4078:
  5876                           
  5877                           ;mcc_generated_files/i2c_master.c: 195:         I2C_Status.callbackTable[I2C_ADDR_NACK]=
      +                          I2C_CallbackReturnStop;
  5878     0516  3028               	movlw	low _I2C_CallbackReturnStop
  5879     0517  00A4               	movwf	(low ((_I2C_Status| 0+4)))^(0+128)
  5880     0518  300E               	movlw	high _I2C_CallbackReturnStop
  5881     0519  00A5               	movwf	((low ((_I2C_Status| 0+4)))^(0+128)+1)
  5882     051A                     l4080:
  5883                           
  5884                           ;mcc_generated_files/i2c_master.c: 196:         I2C_Status.callbackPayload[I2C_ADDR_NACK
      +                          ] = ((void*)0);
  5885     051A  01AE               	clrf	(low ((_I2C_Status| 0+14)))^(0+128)
  5886                           
  5887                           ;mcc_generated_files/i2c_master.c: 197:         I2C_Status.callbackTable[I2C_DATA_NACK]=
      +                          I2C_CallbackReturnStop;
  5888     051B  3028               	movlw	low _I2C_CallbackReturnStop
  5889     051C  00A6               	movwf	(low ((_I2C_Status| 0+6)))^(0+128)
  5890     051D  300E               	movlw	high _I2C_CallbackReturnStop
  5891     051E  00A7               	movwf	((low ((_I2C_Status| 0+6)))^(0+128)+1)
  5892     051F                     l4082:
  5893                           
  5894                           ;mcc_generated_files/i2c_master.c: 198:         I2C_Status.callbackPayload[I2C_DATA_NACK
      +                          ] = ((void*)0);
  5895     051F  01AF               	clrf	(low ((_I2C_Status| 0+15)))^(0+128)
  5896     0520                     l4084:
  5897                           
  5898                           ;mcc_generated_files/i2c_master.c: 199:         I2C_Status.callbackTable[I2C_TIMEOUT]=I2
      +                          C_CallbackReturnReset;
  5899     0520  3002               	movlw	low _I2C_CallbackReturnReset
  5900     0521  00A8               	movwf	(low ((_I2C_Status| 0+8)))^(0+128)
  5901     0522  3000               	movlw	high _I2C_CallbackReturnReset
  5902     0523  00A9               	movwf	((low ((_I2C_Status| 0+8)))^(0+128)+1)
  5903                           
  5904                           ;mcc_generated_files/i2c_master.c: 200:         I2C_Status.callbackPayload[I2C_TIMEOUT] 
      +                          = ((void*)0);
  5905     0524  01B0               	clrf	(low ((_I2C_Status| 0+16)))^(0+128)
  5906     0525                     l4086:
  5907                           
  5908                           ;mcc_generated_files/i2c_master.c: 202:         I2C_MasterClearIrq();
  5909     0525  318E  262A  3184   	fcall	_I2C_MasterClearIrq
  5910     0528                     l4088:
  5911                           
  5912                           ;mcc_generated_files/i2c_master.c: 203:         I2C_MasterOpen();
  5913     0528  318F  272A  3184   	fcall	_I2C_MasterOpen
  5914     052B                     l4090:
  5915                           
  5916                           ;mcc_generated_files/i2c_master.c: 204:         returnValue = I2C_NOERR;
  5917     052B  0020               	movlb	0	; select bank0
  5918     052C  01A1               	clrf	I2C_Open@returnValue
  5919     052D                     l212:	
  5920                           ;mcc_generated_files/i2c_master.c: 205:     }
  5921                           
  5922                           
  5923                           ;mcc_generated_files/i2c_master.c: 206:     return returnValue;
  5924     052D  0020               	movlb	0	; select bank0
  5925     052E  0821               	movf	I2C_Open@returnValue,w
  5926     052F                     l213:
  5927     052F  0008               	return
  5928     0530                     __end_of_I2C_Open:
  5929                           
  5930                           	psect	text29
  5931     0F2A                     __ptext29:	
  5932 ;; *************** function _I2C_MasterOpen *****************
  5933 ;; Defined at:
  5934 ;;		line 543 in file "mcc_generated_files/i2c_master.c"
  5935 ;; Parameters:    Size  Location     Type
  5936 ;;		None
  5937 ;; Auto vars:     Size  Location     Type
  5938 ;;		None
  5939 ;; Return value:  Size  Location     Type
  5940 ;;                  1    wreg      _Bool 
  5941 ;; Registers used:
  5942 ;;		wreg, status,2
  5943 ;; Tracked objects:
  5944 ;;		On entry : 0/0
  5945 ;;		On exit  : 0/0
  5946 ;;		Unchanged: 0/0
  5947 ;; Data sizes:     COMMON   BANK0   BANK1   BANK2   BANK3   BANK4   BANK5   BANK6
  5948 ;;      Params:         0       0       0       0       0       0       0       0
  5949 ;;      Locals:         0       0       0       0       0       0       0       0
  5950 ;;      Temps:          0       0       0       0       0       0       0       0
  5951 ;;      Totals:         0       0       0       0       0       0       0       0
  5952 ;;Total ram usage:        0 bytes
  5953 ;; Hardware stack levels used: 1
  5954 ;; Hardware stack levels required when called: 6
  5955 ;; This function calls:
  5956 ;;		Nothing
  5957 ;; This function is called by:
  5958 ;;		_I2C_Open
  5959 ;; This function uses a non-reentrant model
  5960 ;;
  5961                           
  5962     0F2A                     _I2C_MasterOpen:	
  5963                           ;psect for function _I2C_MasterOpen
  5964                           
  5965     0F2A                     l4026:	
  5966                           ;incstack = 0
  5967                           ; Regs used in _I2C_MasterOpen: [wreg+status,2]
  5968                           
  5969                           
  5970                           ;mcc_generated_files/i2c_master.c: 545:     if(!SSPCON1bits.SSPEN)
  5971     0F2A  0024               	movlb	4	; select bank4
  5972     0F2B  1A95               	btfsc	21,5	;volatile
  5973     0F2C  2F2E               	goto	u2231
  5974     0F2D  2F2F               	goto	u2230
  5975     0F2E                     u2231:
  5976     0F2E  2F36               	goto	l378
  5977     0F2F                     u2230:
  5978     0F2F                     l4028:
  5979                           
  5980                           ;mcc_generated_files/i2c_master.c: 546:     {;mcc_generated_files/i2c_master.c: 547:    
      +                               SSPSTAT = 0x00;
  5981     0F2F  0194               	clrf	20	;volatile
  5982     0F30                     l4030:
  5983                           
  5984                           ;mcc_generated_files/i2c_master.c: 548:         SSPCON1 = 0x08;
  5985     0F30  3008               	movlw	8
  5986     0F31  0095               	movwf	21	;volatile
  5987     0F32                     l4032:
  5988                           
  5989                           ;mcc_generated_files/i2c_master.c: 549:         SSPCON2 = 0x00;
  5990     0F32  0196               	clrf	22	;volatile
  5991                           
  5992                           ;mcc_generated_files/i2c_master.c: 550:         SSPADD = 0x04;
  5993     0F33  3004               	movlw	4
  5994     0F34  0092               	movwf	18	;volatile
  5995     0F35                     l4034:
  5996                           
  5997                           ;mcc_generated_files/i2c_master.c: 551:         SSPCON1bits.SSPEN = 1;
  5998     0F35  1695               	bsf	21,5	;volatile
  5999     0F36                     l378:
  6000     0F36  0008               	return
  6001     0F37                     __end_of_I2C_MasterOpen:
  6002                           
  6003                           	psect	text30
  6004     0E86                     __ptext30:	
  6005 ;; *************** function _I2C_MasterWrite *****************
  6006 ;; Defined at:
  6007 ;;		line 251 in file "mcc_generated_files/i2c_master.c"
  6008 ;; Parameters:    Size  Location     Type
  6009 ;;		None
  6010 ;; Auto vars:     Size  Location     Type
  6011 ;;		None
  6012 ;; Return value:  Size  Location     Type
  6013 ;;                  1    wreg      enum E358
  6014 ;; Registers used:
  6015 ;;		wreg, fsr0l, fsr0h, fsr1l, fsr1h, status,2, status,0, pclath, cstack
  6016 ;; Tracked objects:
  6017 ;;		On entry : 0/0
  6018 ;;		On exit  : 0/0
  6019 ;;		Unchanged: 0/0
  6020 ;; Data sizes:     COMMON   BANK0   BANK1   BANK2   BANK3   BANK4   BANK5   BANK6
  6021 ;;      Params:         0       0       0       0       0       0       0       0
  6022 ;;      Locals:         0       0       0       0       0       0       0       0
  6023 ;;      Temps:          0       0       0       0       0       0       0       0
  6024 ;;      Totals:         0       0       0       0       0       0       0       0
  6025 ;;Total ram usage:        0 bytes
  6026 ;; Hardware stack levels used: 1
  6027 ;; Hardware stack levels required when called: 13
  6028 ;; This function calls:
  6029 ;;		_I2C_MasterOperation
  6030 ;; This function is called by:
  6031 ;;		_I2C_Write1ByteRegister
  6032 ;;		_I2C_Read1ByteRegister
  6033 ;;		_I2C_Read2ByteRegister
  6034 ;;		_I2C_Write2ByteRegister
  6035 ;;		_I2C_WriteNBytes
  6036 ;;		_I2C_ReadDataBlock
  6037 ;; This function uses a non-reentrant model
  6038 ;;
  6039                           
  6040     0E86                     _I2C_MasterWrite:	
  6041                           ;psect for function _I2C_MasterWrite
  6042                           
  6043     0E86                     l4096:	
  6044                           ;incstack = 0
  6045 ;; hardware stack exceeded
  6046                           ; Regs used in _I2C_MasterWrite: [wreg-fsr1h+status,2+status,0+pclath+cstack]
  6047                           
  6048                           
  6049                           ;mcc_generated_files/i2c_master.c: 253:     return I2C_MasterOperation(0);;	Return value
      +                           of _I2C_MasterWrite is never used
  6050     0E86  3000               	movlw	0
  6051     0E87  3186  26B4  318E   	fcall	_I2C_MasterOperation
  6052     0E8A                     l229:
  6053     0E8A  0008               	return
  6054     0E8B                     __end_of_I2C_MasterWrite:
  6055                           
  6056                           	psect	text31
  6057     06B4                     __ptext31:	
  6058 ;; *************** function _I2C_MasterOperation *****************
  6059 ;; Defined at:
  6060 ;;		line 224 in file "mcc_generated_files/i2c_master.c"
  6061 ;; Parameters:    Size  Location     Type
  6062 ;;  read            1    wreg     _Bool 
  6063 ;; Auto vars:     Size  Location     Type
  6064 ;;  read            1   12[BANK0 ] _Bool 
  6065 ;;  returnValue     1   13[BANK0 ] enum E358
  6066 ;; Return value:  Size  Location     Type
  6067 ;;                  1    wreg      enum E358
  6068 ;; Registers used:
  6069 ;;		wreg, fsr0l, fsr0h, fsr1l, fsr1h, status,2, status,0, pclath, cstack
  6070 ;; Tracked objects:
  6071 ;;		On entry : 0/0
  6072 ;;		On exit  : 0/0
  6073 ;;		Unchanged: 0/0
  6074 ;; Data sizes:     COMMON   BANK0   BANK1   BANK2   BANK3   BANK4   BANK5   BANK6
  6075 ;;      Params:         0       0       0       0       0       0       0       0
  6076 ;;      Locals:         0       2       0       0       0       0       0       0
  6077 ;;      Temps:          0       0       0       0       0       0       0       0
  6078 ;;      Totals:         0       2       0       0       0       0       0       0
  6079 ;;Total ram usage:        2 bytes
  6080 ;; Hardware stack levels used: 1
  6081 ;; Hardware stack levels required when called: 12
  6082 ;; This function calls:
  6083 ;;		_I2C_MasterStart
  6084 ;;		_I2C_Poller
  6085 ;; This function is called by:
  6086 ;;		_I2C_MasterWrite
  6087 ;;		_I2C_MasterRead
  6088 ;; This function uses a non-reentrant model
  6089 ;;
  6090                           
  6091     06B4                     _I2C_MasterOperation:	
  6092                           ;psect for function _I2C_MasterOperation
  6093                           
  6094                           
  6095                           ;incstack = 0
  6096 ;; hardware stack exceeded
  6097                           ; Regs used in _I2C_MasterOperation: [wreg-fsr1h+status,2+status,0+pclath+cstack]
  6098                           ;I2C_MasterOperation@read stored from wreg
  6099     06B4  0020               	movlb	0	; select bank0
  6100     06B5  00AC               	movwf	I2C_MasterOperation@read
  6101     06B6                     l4042:
  6102                           
  6103                           ;mcc_generated_files/i2c_master.c: 224: i2c_error_t I2C_MasterOperation(_Bool read);mcc_
      +                          generated_files/i2c_master.c: 225: {;mcc_generated_files/i2c_master.c: 226:     i2c_erro
      +                          r_t returnValue = I2C_BUSY;
  6104     06B6  01AD               	clrf	I2C_MasterOperation@returnValue
  6105     06B7  0AAD               	incf	I2C_MasterOperation@returnValue,f
  6106                           
  6107                           ;mcc_generated_files/i2c_master.c: 227:     if(!I2C_Status.busy)
  6108     06B8  0021               	movlb	1	; select bank1
  6109     06B9  18BC               	btfsc	(_I2C_Status^(0+128)+28),1
  6110     06BA  2EBC               	goto	u2241
  6111     06BB  2EBD               	goto	u2240
  6112     06BC                     u2241:
  6113     06BC  2ED2               	goto	l4058
  6114     06BD                     u2240:
  6115     06BD                     l4044:
  6116                           
  6117                           ;mcc_generated_files/i2c_master.c: 228:     {;mcc_generated_files/i2c_master.c: 229:    
      +                               I2C_Status.busy = 1;
  6118     06BD  14BC               	bsf	(_I2C_Status^(0+128)+28),1
  6119     06BE                     l4046:
  6120                           
  6121                           ;mcc_generated_files/i2c_master.c: 230:         returnValue = I2C_NOERR;
  6122     06BE  0020               	movlb	0	; select bank0
  6123     06BF  01AD               	clrf	I2C_MasterOperation@returnValue
  6124     06C0                     l4048:
  6125                           
  6126                           ;mcc_generated_files/i2c_master.c: 232:         if(read)
  6127     06C0  082C               	movf	I2C_MasterOperation@read,w
  6128     06C1  1903               	btfsc	3,2
  6129     06C2  2EC4               	goto	u2251
  6130     06C3  2EC5               	goto	u2250
  6131     06C4                     u2251:
  6132     06C4  2EC9               	goto	l4052
  6133     06C5                     u2250:
  6134     06C5                     l4050:
  6135                           
  6136                           ;mcc_generated_files/i2c_master.c: 233:         {;mcc_generated_files/i2c_master.c: 234:
      +                                       I2C_Status.state = I2C_SEND_ADR_READ;
  6137     06C5  0021               	movlb	1	; select bank1
  6138     06C6  01BA               	clrf	(_I2C_Status^(0+128)+26)
  6139     06C7  0ABA               	incf	(_I2C_Status^(0+128)+26),f
  6140                           
  6141                           ;mcc_generated_files/i2c_master.c: 235:         }
  6142     06C8  2ECC               	goto	l4054
  6143     06C9                     l4052:
  6144                           
  6145                           ;mcc_generated_files/i2c_master.c: 237:         {;mcc_generated_files/i2c_master.c: 238:
      +                                       I2C_Status.state = I2C_SEND_ADR_WRITE;
  6146     06C9  3002               	movlw	2
  6147     06CA  0021               	movlb	1	; select bank1
  6148     06CB  00BA               	movwf	(_I2C_Status^(0+128)+26)
  6149     06CC                     l4054:
  6150                           
  6151                           ;mcc_generated_files/i2c_master.c: 240:         I2C_MasterStart();
  6152     06CC  318E  2633  3186   	fcall	_I2C_MasterStart
  6153     06CF                     l4056:
  6154                           
  6155                           ;mcc_generated_files/i2c_master.c: 241:         I2C_Poller();
  6156     06CF  318F  271D  3186   	fcall	_I2C_Poller
  6157     06D2                     l4058:
  6158                           
  6159                           ;mcc_generated_files/i2c_master.c: 243:     return returnValue;
  6160     06D2  0020               	movlb	0	; select bank0
  6161     06D3  082D               	movf	I2C_MasterOperation@returnValue,w
  6162     06D4                     l223:
  6163     06D4  0008               	return
  6164     06D5                     __end_of_I2C_MasterOperation:
  6165                           
  6166                           	psect	text32
  6167     0F1D                     __ptext32:	
  6168 ;; *************** function _I2C_Poller *****************
  6169 ;; Defined at:
  6170 ;;		line 312 in file "mcc_generated_files/i2c_master.c"
  6171 ;; Parameters:    Size  Location     Type
  6172 ;;		None
  6173 ;; Auto vars:     Size  Location     Type
  6174 ;;		None
  6175 ;; Return value:  Size  Location     Type
  6176 ;;                  1    wreg      void 
  6177 ;; Registers used:
  6178 ;;		wreg, fsr0l, fsr0h, fsr1l, fsr1h, status,2, status,0, pclath, cstack
  6179 ;; Tracked objects:
  6180 ;;		On entry : 0/0
  6181 ;;		On exit  : 0/0
  6182 ;;		Unchanged: 0/0
  6183 ;; Data sizes:     COMMON   BANK0   BANK1   BANK2   BANK3   BANK4   BANK5   BANK6
  6184 ;;      Params:         0       0       0       0       0       0       0       0
  6185 ;;      Locals:         0       0       0       0       0       0       0       0
  6186 ;;      Temps:          0       0       0       0       0       0       0       0
  6187 ;;      Totals:         0       0       0       0       0       0       0       0
  6188 ;;Total ram usage:        0 bytes
  6189 ;; Hardware stack levels used: 1
  6190 ;; Hardware stack levels required when called: 11
  6191 ;; This function calls:
  6192 ;;		_I2C_MasterFsm
  6193 ;;		_I2C_MasterWaitForEvent
  6194 ;; This function is called by:
  6195 ;;		_I2C_MasterOperation
  6196 ;; This function uses a non-reentrant model
  6197 ;;
  6198                           
  6199     0F1D                     _I2C_Poller:	
  6200                           ;psect for function _I2C_Poller
  6201                           
  6202     0F1D                     l4018:	
  6203                           ;incstack = 0
  6204 ;; hardware stack exceeded
  6205                           ; Regs used in _I2C_Poller: [wreg-fsr1h+status,2+status,0+pclath+cstack]
  6206                           
  6207                           
  6208                           ;mcc_generated_files/i2c_master.c: 314:     while(I2C_Status.busy)
  6209     0F1D  2F24               	goto	l4024
  6210     0F1E                     l4020:
  6211                           
  6212                           ;mcc_generated_files/i2c_master.c: 315:     {;mcc_generated_files/i2c_master.c: 316:    
      +                               I2C_MasterWaitForEvent();
  6213     0F1E  318E  269D  318F   	fcall	_I2C_MasterWaitForEvent
  6214     0F21                     l4022:
  6215                           
  6216                           ;mcc_generated_files/i2c_master.c: 317:         I2C_MasterFsm();
  6217     0F21  3185  25EE  318F   	fcall	_I2C_MasterFsm
  6218     0F24                     l4024:
  6219                           
  6220                           ;mcc_generated_files/i2c_master.c: 314:     while(I2C_Status.busy)
  6221     0F24  0021               	movlb	1	; select bank1
  6222     0F25  18BC               	btfsc	(_I2C_Status^(0+128)+28),1
  6223     0F26  2F28               	goto	u2221
  6224     0F27  2F29               	goto	u2220
  6225     0F28                     u2221:
  6226     0F28  2F1E               	goto	l4020
  6227     0F29                     u2220:
  6228     0F29                     l262:
  6229     0F29  0008               	return
  6230     0F2A                     __end_of_I2C_Poller:
  6231                           
  6232                           	psect	text33
  6233     0E9D                     __ptext33:	
  6234 ;; *************** function _I2C_MasterWaitForEvent *****************
  6235 ;; Defined at:
  6236 ;;		line 650 in file "mcc_generated_files/i2c_master.c"
  6237 ;; Parameters:    Size  Location     Type
  6238 ;;		None
  6239 ;; Auto vars:     Size  Location     Type
  6240 ;;		None
  6241 ;; Return value:  Size  Location     Type
  6242 ;;                  1    wreg      void 
  6243 ;; Registers used:
  6244 ;;		None
  6245 ;; Tracked objects:
  6246 ;;		On entry : 0/0
  6247 ;;		On exit  : 0/0
  6248 ;;		Unchanged: 0/0
  6249 ;; Data sizes:     COMMON   BANK0   BANK1   BANK2   BANK3   BANK4   BANK5   BANK6
  6250 ;;      Params:         0       0       0       0       0       0       0       0
  6251 ;;      Locals:         0       0       0       0       0       0       0       0
  6252 ;;      Temps:          0       0       0       0       0       0       0       0
  6253 ;;      Totals:         0       0       0       0       0       0       0       0
  6254 ;;Total ram usage:        0 bytes
  6255 ;; Hardware stack levels used: 1
  6256 ;; Hardware stack levels required when called: 6
  6257 ;; This function calls:
  6258 ;;		Nothing
  6259 ;; This function is called by:
  6260 ;;		_I2C_Poller
  6261 ;; This function uses a non-reentrant model
  6262 ;;
  6263                           
  6264     0E9D                     _I2C_MasterWaitForEvent:	
  6265                           ;psect for function _I2C_MasterWaitForEvent
  6266                           
  6267     0E9D                     l435:	
  6268                           ;incstack = 0
  6269                           ; Regs used in _I2C_MasterWaitForEvent: []
  6270                           ;mcc_generated_files/i2c_master.c: 652:     while(1)
  6271                           
  6272                           
  6273                           ;mcc_generated_files/i2c_master.c: 653:     {;mcc_generated_files/i2c_master.c: 654:    
      +                               if(PIR1bits.SSPIF)
  6274     0E9D  0020               	movlb	0	; select bank0
  6275     0E9E  1D91               	btfss	17,3	;volatile
  6276     0E9F  2EA1               	goto	u1131
  6277     0EA0  2EA2               	goto	u1130
  6278     0EA1                     u1131:
  6279     0EA1  2E9D               	goto	l435
  6280     0EA2                     u1130:
  6281     0EA2                     l439:
  6282     0EA2  0008               	return
  6283     0EA3                     __end_of_I2C_MasterWaitForEvent:
  6284                           
  6285                           	psect	text34
  6286     05EE                     __ptext34:	
  6287 ;; *************** function _I2C_MasterFsm *****************
  6288 ;; Defined at:
  6289 ;;		line 321 in file "mcc_generated_files/i2c_master.c"
  6290 ;; Parameters:    Size  Location     Type
  6291 ;;		None
  6292 ;; Auto vars:     Size  Location     Type
  6293 ;;		None
  6294 ;; Return value:  Size  Location     Type
  6295 ;;                  1    wreg      void 
  6296 ;; Registers used:
  6297 ;;		wreg, fsr0l, fsr0h, fsr1l, fsr1h, status,2, status,0, pclath, cstack
  6298 ;; Tracked objects:
  6299 ;;		On entry : 0/0
  6300 ;;		On exit  : 0/0
  6301 ;;		Unchanged: 0/0
  6302 ;; Data sizes:     COMMON   BANK0   BANK1   BANK2   BANK3   BANK4   BANK5   BANK6
  6303 ;;      Params:         0       0       0       0       0       0       0       0
  6304 ;;      Locals:         0       0       0       0       0       0       0       0
  6305 ;;      Temps:          0       2       0       0       0       0       0       0
  6306 ;;      Totals:         0       2       0       0       0       0       0       0
  6307 ;;Total ram usage:        2 bytes
  6308 ;; Hardware stack levels used: 1
  6309 ;; Hardware stack levels required when called: 10
  6310 ;; This function calls:
  6311 ;;		_I2C_DO_ADDRESS_NACK
  6312 ;;		_I2C_DO_IDLE
  6313 ;;		_I2C_DO_RCEN
  6314 ;;		_I2C_DO_RESET
  6315 ;;		_I2C_DO_RX
  6316 ;;		_I2C_DO_RX_ACK
  6317 ;;		_I2C_DO_RX_NACK_RESTART
  6318 ;;		_I2C_DO_RX_NACK_STOP
  6319 ;;		_I2C_DO_SEND_ADR_READ
  6320 ;;		_I2C_DO_SEND_ADR_WRITE
  6321 ;;		_I2C_DO_SEND_RESTART
  6322 ;;		_I2C_DO_SEND_RESTART_READ
  6323 ;;		_I2C_DO_SEND_RESTART_WRITE
  6324 ;;		_I2C_DO_SEND_STOP
  6325 ;;		_I2C_DO_TX
  6326 ;;		_I2C_DO_TX_EMPTY
  6327 ;;		_I2C_MasterClearIrq
  6328 ;;		_I2C_MasterIsNack
  6329 ;; This function is called by:
  6330 ;;		_I2C_Poller
  6331 ;; This function uses a non-reentrant model
  6332 ;;
  6333                           
  6334     05EE                     _I2C_MasterFsm:	
  6335                           ;psect for function _I2C_MasterFsm
  6336                           
  6337     05EE                     l4008:	
  6338                           ;incstack = 0
  6339 ;; hardware stack exceeded
  6340                           ; Regs used in _I2C_MasterFsm: [wreg-fsr1h+status,2+status,0+pclath+cstack]
  6341                           
  6342                           
  6343                           ;mcc_generated_files/i2c_master.c: 323:     I2C_MasterClearIrq();
  6344     05EE  318E  262A  3185   	fcall	_I2C_MasterClearIrq
  6345     05F1                     l4010:
  6346                           
  6347                           ;mcc_generated_files/i2c_master.c: 325:     if(I2C_Status.addressNackCheck && I2C_Master
      +                          IsNack())
  6348     05F1  0021               	movlb	1	; select bank1
  6349     05F2  1C3C               	btfss	(_I2C_Status^(0+128)+28),0
  6350     05F3  2DF5               	goto	u2201
  6351     05F4  2DF6               	goto	u2200
  6352     05F5                     u2201:
  6353     05F5  2E01               	goto	l4016
  6354     05F6                     u2200:
  6355     05F6                     l4012:
  6356     05F6  318E  2697  3185   	fcall	_I2C_MasterIsNack
  6357     05F9  3A00               	xorlw	0
  6358     05FA  1903               	skipnz
  6359     05FB  2DFD               	goto	u2211
  6360     05FC  2DFE               	goto	u2210
  6361     05FD                     u2211:
  6362     05FD  2E01               	goto	l4016
  6363     05FE                     u2210:
  6364     05FE                     l4014:
  6365                           
  6366                           ;mcc_generated_files/i2c_master.c: 326:     {;mcc_generated_files/i2c_master.c: 327:    
      +                               I2C_Status.state = I2C_ADDRESS_NACK;
  6367     05FE  300F               	movlw	15
  6368     05FF  0021               	movlb	1	; select bank1
  6369     0600  00BA               	movwf	(_I2C_Status^(0+128)+26)
  6370     0601                     l4016:
  6371                           
  6372                           ;mcc_generated_files/i2c_master.c: 329:     I2C_Status.state = i2c_fsmStateTable[I2C_Sta
      +                          tus.state]();
  6373     0601  0021               	movlb	1	; select bank1
  6374     0602  083A               	movf	(_I2C_Status^(0+128)+26),w
  6375     0603  0020               	movlb	0	; select bank0
  6376     0604  00AA               	movwf	??_I2C_MasterFsm
  6377     0605  01AB               	clrf	??_I2C_MasterFsm+1
  6378     0606  35AA               	lslf	??_I2C_MasterFsm,f
  6379     0607  0DAB               	rlf	??_I2C_MasterFsm+1,f
  6380     0608  30D5               	movlw	low _i2c_fsmStateTable
  6381     0609  072A               	addwf	??_I2C_MasterFsm,w
  6382     060A  0084               	movwf	4
  6383     060B  3006               	movlw	high _i2c_fsmStateTable
  6384     060C  3D2B               	addwfc	??_I2C_MasterFsm+1,w
  6385     060D  3880               	iorlw	128
  6386     060E  0085               	movwf	5
  6387     060F  3F01               	moviw [1]fsr0
  6388     0610  008A               	movwf	10
  6389     0611  3F00               	moviw [0]fsr0
  6390     0612  000A               	callw
  6391     0613  3185               	pagesel	$
  6392     0614  0021               	movlb	1	; select bank1
  6393     0615  00BA               	movwf	(_I2C_Status^(0+128)+26)
  6394     0616                     l266:
  6395     0616  0008               	return
  6396     0617                     __end_of_I2C_MasterFsm:
  6397                           
  6398                           	psect	text35
  6399     05C4                     __ptext35:	
  6400 ;; *************** function _I2C_DO_ADDRESS_NACK *****************
  6401 ;; Defined at:
  6402 ;;		line 500 in file "mcc_generated_files/i2c_master.c"
  6403 ;; Parameters:    Size  Location     Type
  6404 ;;		None
  6405 ;; Auto vars:     Size  Location     Type
  6406 ;;		None
  6407 ;; Return value:  Size  Location     Type
  6408 ;;                  1    wreg      enum E3183
  6409 ;; Registers used:
  6410 ;;		wreg, fsr0l, fsr0h, fsr1l, fsr1h, status,2, status,0, pclath, cstack
  6411 ;; Tracked objects:
  6412 ;;		On entry : 0/0
  6413 ;;		On exit  : 0/0
  6414 ;;		Unchanged: 0/0
  6415 ;; Data sizes:     COMMON   BANK0   BANK1   BANK2   BANK3   BANK4   BANK5   BANK6
  6416 ;;      Params:         0       0       0       0       0       0       0       0
  6417 ;;      Locals:         0       0       0       0       0       0       0       0
  6418 ;;      Temps:          0       2       0       0       0       0       0       0
  6419 ;;      Totals:         0       2       0       0       0       0       0       0
  6420 ;;Total ram usage:        2 bytes
  6421 ;; Hardware stack levels used: 1
  6422 ;; Hardware stack levels required when called: 9
  6423 ;; This function calls:
  6424 ;;		NULL
  6425 ;;		_I2C_CallbackReturnReset
  6426 ;;		_I2C_CallbackReturnStop
  6427 ;;		_I2C_DO_SEND_RESTART
  6428 ;;		_I2C_DO_SEND_STOP
  6429 ;;		_rd1RegCompleteHandler
  6430 ;;		_rd2RegCompleteHandler
  6431 ;;		_rdBlkRegCompleteHandler
  6432 ;;		_wr1RegCompleteHandler
  6433 ;;		_wr2RegCompleteHandler
  6434 ;; This function is called by:
  6435 ;;		_I2C_MasterFsm
  6436 ;; This function uses a non-reentrant model
  6437 ;;
  6438                           
  6439     05C4                     _I2C_DO_ADDRESS_NACK:	
  6440                           ;psect for function _I2C_DO_ADDRESS_NACK
  6441                           
  6442     05C4                     l3988:	
  6443                           ;incstack = 0
  6444 ;; hardware stack exceeded
  6445                           ; Regs used in _I2C_DO_ADDRESS_NACK: [wreg-fsr1h+status,2+status,0+pclath+cstack]
  6446                           
  6447                           
  6448                           ;mcc_generated_files/i2c_master.c: 502:     I2C_Status.addressNackCheck = 0;
  6449     05C4  0021               	movlb	1	; select bank1
  6450     05C5  103C               	bcf	(_I2C_Status^(0+128)+28),0
  6451     05C6                     l3990:
  6452                           
  6453                           ;mcc_generated_files/i2c_master.c: 503:     I2C_Status.error = I2C_FAIL;
  6454     05C6  3002               	movlw	2
  6455     05C7  00BB               	movwf	(_I2C_Status^(0+128)+27)
  6456                           
  6457                           ;mcc_generated_files/i2c_master.c: 504:     switch(I2C_Status.callbackTable[I2C_ADDR_NAC
      +                          K](I2C_Status.callbackPayload[I2C_ADDR_NACK]))
  6458     05C8  2DD1               	goto	l4002
  6459     05C9                     l3992:
  6460                           
  6461                           ;mcc_generated_files/i2c_master.c: 508:             return I2C_DO_SEND_RESTART();
  6462     05C9  318E  2668  3185   	fcall	_I2C_DO_SEND_RESTART
  6463     05CC  2DED               	goto	l357
  6464     05CD                     l3996:
  6465                           
  6466                           ;mcc_generated_files/i2c_master.c: 510:             return I2C_DO_SEND_STOP();
  6467     05CD  318E  266D  3185   	fcall	_I2C_DO_SEND_STOP
  6468     05D0  2DED               	goto	l357
  6469     05D1                     l4002:
  6470     05D1  082E               	movf	(low ((_I2C_Status| 0+14)))^(0+128),w
  6471     05D2  0020               	movlb	0	; select bank0
  6472     05D3  00A7               	movwf	I2C_CallbackReturnReset@funPtr
  6473     05D4  3004               	movlw	4
  6474     05D5  3EA0               	addlw	(low (_I2C_Status| 0))& (0+255)
  6475     05D6  0086               	movwf	6
  6476     05D7  0187               	clrf	7
  6477     05D8  3F41               	moviw [1]fsr1
  6478     05D9  008A               	movwf	10
  6479     05DA  3F40               	moviw [0]fsr1
  6480     05DB  000A               	callw
  6481     05DC  3185               	pagesel	$
  6482     05DD  0020               	movlb	0	; select bank0
  6483     05DE  00A8               	movwf	??_I2C_DO_ADDRESS_NACK
  6484     05DF  01A9               	clrf	??_I2C_DO_ADDRESS_NACK+1
  6485                           
  6486                           ; Switch on 2 bytes has been partitioned into a top level switch of size 1, and 1 sub-sw
      +                          itches
  6487                           ; Switch size 1, requested type "simple"
  6488                           ; Number of cases is 1, Range of values is 0 to 0
  6489                           ; switch strategies available:
  6490                           ; Name         Instructions Cycles
  6491                           ; simple_byte            4     3 (average)
  6492                           ; direct_byte            8     6 (fixed)
  6493                           ; jumptable            260     6 (fixed)
  6494                           ;	Chosen strategy is simple_byte
  6495     05E0  0829               	movf	??_I2C_DO_ADDRESS_NACK+1,w
  6496     05E1  3A00               	xorlw	0	; case 0
  6497     05E2  1903               	skipnz
  6498     05E3  2DE5               	goto	l4684
  6499     05E4  2DCD               	goto	l3996
  6500     05E5                     l4684:
  6501                           
  6502                           ; Switch size 1, requested type "simple"
  6503                           ; Number of cases is 2, Range of values is 2 to 3
  6504                           ; switch strategies available:
  6505                           ; Name         Instructions Cycles
  6506                           ; simple_byte            7     4 (average)
  6507                           ; direct_byte           13     9 (fixed)
  6508                           ; jumptable            263     9 (fixed)
  6509                           ;	Chosen strategy is simple_byte
  6510     05E5  0828               	movf	??_I2C_DO_ADDRESS_NACK,w
  6511     05E6  3A02               	xorlw	2	; case 2
  6512     05E7  1903               	skipnz
  6513     05E8  2DC9               	goto	l3992
  6514     05E9  3A01               	xorlw	1	; case 3
  6515     05EA  1903               	skipnz
  6516     05EB  2DC9               	goto	l3992
  6517     05EC  2DCD               	goto	l3996
  6518     05ED                     l357:
  6519     05ED  0008               	return
  6520     05EE                     __end_of_I2C_DO_ADDRESS_NACK:
  6521                           
  6522                           	psect	text36
  6523     0E81                     __ptext36:	
  6524 ;; *************** function _I2C_DO_RESET *****************
  6525 ;; Defined at:
  6526 ;;		line 494 in file "mcc_generated_files/i2c_master.c"
  6527 ;; Parameters:    Size  Location     Type
  6528 ;;		None
  6529 ;; Auto vars:     Size  Location     Type
  6530 ;;		None
  6531 ;; Return value:  Size  Location     Type
  6532 ;;                  1    wreg      enum E3183
  6533 ;; Registers used:
  6534 ;;		wreg, status,2
  6535 ;; Tracked objects:
  6536 ;;		On entry : 0/0
  6537 ;;		On exit  : 0/0
  6538 ;;		Unchanged: 0/0
  6539 ;; Data sizes:     COMMON   BANK0   BANK1   BANK2   BANK3   BANK4   BANK5   BANK6
  6540 ;;      Params:         0       0       0       0       0       0       0       0
  6541 ;;      Locals:         0       0       0       0       0       0       0       0
  6542 ;;      Temps:          0       0       0       0       0       0       0       0
  6543 ;;      Totals:         0       0       0       0       0       0       0       0
  6544 ;;Total ram usage:        0 bytes
  6545 ;; Hardware stack levels used: 1
  6546 ;; Hardware stack levels required when called: 6
  6547 ;; This function calls:
  6548 ;;		Nothing
  6549 ;; This function is called by:
  6550 ;;		_I2C_MasterFsm
  6551 ;; This function uses a non-reentrant model
  6552 ;;
  6553                           
  6554     0E81                     _I2C_DO_RESET:	
  6555                           ;psect for function _I2C_DO_RESET
  6556                           
  6557     0E81                     l2906:	
  6558                           ;incstack = 0
  6559                           ; Regs used in _I2C_DO_RESET: [wreg+status,2]
  6560                           
  6561                           
  6562                           ;mcc_generated_files/i2c_master.c: 496:     I2C_Status.busy = 0;
  6563     0E81  0021               	movlb	1	; select bank1
  6564     0E82  10BC               	bcf	(_I2C_Status^(0+128)+28),1
  6565     0E83                     l2908:
  6566                           
  6567                           ;mcc_generated_files/i2c_master.c: 497:     I2C_Status.error = I2C_NOERR;
  6568     0E83  01BB               	clrf	(_I2C_Status^(0+128)+27)
  6569     0E84                     l2910:
  6570                           
  6571                           ;mcc_generated_files/i2c_master.c: 498:     return I2C_RESET;
  6572     0E84  300E               	movlw	14
  6573     0E85                     l351:
  6574     0E85  0008               	return
  6575     0E86                     __end_of_I2C_DO_RESET:
  6576                           
  6577                           	psect	text37
  6578     0E7C                     __ptext37:	
  6579 ;; *************** function _I2C_DO_RX_NACK_RESTART *****************
  6580 ;; Defined at:
  6581 ;;		line 488 in file "mcc_generated_files/i2c_master.c"
  6582 ;; Parameters:    Size  Location     Type
  6583 ;;		None
  6584 ;; Auto vars:     Size  Location     Type
  6585 ;;		None
  6586 ;; Return value:  Size  Location     Type
  6587 ;;                  1    wreg      enum E3183
  6588 ;; Registers used:
  6589 ;;		wreg, status,2, status,0, pclath, cstack
  6590 ;; Tracked objects:
  6591 ;;		On entry : 0/0
  6592 ;;		On exit  : 0/0
  6593 ;;		Unchanged: 0/0
  6594 ;; Data sizes:     COMMON   BANK0   BANK1   BANK2   BANK3   BANK4   BANK5   BANK6
  6595 ;;      Params:         0       0       0       0       0       0       0       0
  6596 ;;      Locals:         0       0       0       0       0       0       0       0
  6597 ;;      Temps:          0       0       0       0       0       0       0       0
  6598 ;;      Totals:         0       0       0       0       0       0       0       0
  6599 ;;Total ram usage:        0 bytes
  6600 ;; Hardware stack levels used: 1
  6601 ;; Hardware stack levels required when called: 7
  6602 ;; This function calls:
  6603 ;;		_I2C_MasterSendNack
  6604 ;; This function is called by:
  6605 ;;		_I2C_DO_RX
  6606 ;;		_I2C_MasterFsm
  6607 ;; This function uses a non-reentrant model
  6608 ;;
  6609                           
  6610     0E7C                     _I2C_DO_RX_NACK_RESTART:	
  6611                           ;psect for function _I2C_DO_RX_NACK_RESTART
  6612                           
  6613     0E7C                     l2748:	
  6614                           ;incstack = 0
  6615 ;; hardware stack exceeded
  6616                           ; Regs used in _I2C_DO_RX_NACK_RESTART: [wreg+status,2+status,0+pclath+cstack]
  6617                           
  6618                           
  6619                           ;mcc_generated_files/i2c_master.c: 490:     I2C_MasterSendNack();
  6620     0E7C  318E  2649  318E   	fcall	_I2C_MasterSendNack
  6621     0E7F                     l2750:
  6622                           
  6623                           ;mcc_generated_files/i2c_master.c: 491:     return I2C_SEND_RESTART;
  6624     0E7F  3009               	movlw	9
  6625     0E80                     l348:
  6626     0E80  0008               	return
  6627     0E81                     __end_of_I2C_DO_RX_NACK_RESTART:
  6628                           
  6629                           	psect	text38
  6630     0E77                     __ptext38:	
  6631 ;; *************** function _I2C_DO_RX_NACK_STOP *****************
  6632 ;; Defined at:
  6633 ;;		line 482 in file "mcc_generated_files/i2c_master.c"
  6634 ;; Parameters:    Size  Location     Type
  6635 ;;		None
  6636 ;; Auto vars:     Size  Location     Type
  6637 ;;		None
  6638 ;; Return value:  Size  Location     Type
  6639 ;;                  1    wreg      enum E3183
  6640 ;; Registers used:
  6641 ;;		wreg, status,2, status,0, pclath, cstack
  6642 ;; Tracked objects:
  6643 ;;		On entry : 0/0
  6644 ;;		On exit  : 0/0
  6645 ;;		Unchanged: 0/0
  6646 ;; Data sizes:     COMMON   BANK0   BANK1   BANK2   BANK3   BANK4   BANK5   BANK6
  6647 ;;      Params:         0       0       0       0       0       0       0       0
  6648 ;;      Locals:         0       0       0       0       0       0       0       0
  6649 ;;      Temps:          0       0       0       0       0       0       0       0
  6650 ;;      Totals:         0       0       0       0       0       0       0       0
  6651 ;;Total ram usage:        0 bytes
  6652 ;; Hardware stack levels used: 1
  6653 ;; Hardware stack levels required when called: 7
  6654 ;; This function calls:
  6655 ;;		_I2C_MasterSendNack
  6656 ;; This function is called by:
  6657 ;;		_I2C_DO_RX
  6658 ;;		_I2C_MasterFsm
  6659 ;; This function uses a non-reentrant model
  6660 ;;
  6661                           
  6662     0E77                     _I2C_DO_RX_NACK_STOP:	
  6663                           ;psect for function _I2C_DO_RX_NACK_STOP
  6664                           
  6665     0E77                     l2754:	
  6666                           ;incstack = 0
  6667 ;; hardware stack exceeded
  6668                           ; Regs used in _I2C_DO_RX_NACK_STOP: [wreg+status,2+status,0+pclath+cstack]
  6669                           
  6670                           
  6671                           ;mcc_generated_files/i2c_master.c: 484:     I2C_MasterSendNack();
  6672     0E77  318E  2649  318E   	fcall	_I2C_MasterSendNack
  6673     0E7A                     l2756:
  6674                           
  6675                           ;mcc_generated_files/i2c_master.c: 485:     return I2C_SEND_STOP;
  6676     0E7A  300A               	movlw	10
  6677     0E7B                     l345:
  6678     0E7B  0008               	return
  6679     0E7C                     __end_of_I2C_DO_RX_NACK_STOP:
  6680                           
  6681                           	psect	text39
  6682     0E72                     __ptext39:	
  6683 ;; *************** function _I2C_DO_RX_ACK *****************
  6684 ;; Defined at:
  6685 ;;		line 475 in file "mcc_generated_files/i2c_master.c"
  6686 ;; Parameters:    Size  Location     Type
  6687 ;;		None
  6688 ;; Auto vars:     Size  Location     Type
  6689 ;;		None
  6690 ;; Return value:  Size  Location     Type
  6691 ;;                  1    wreg      enum E3183
  6692 ;; Registers used:
  6693 ;;		wreg, status,2, status,0, pclath, cstack
  6694 ;; Tracked objects:
  6695 ;;		On entry : 0/0
  6696 ;;		On exit  : 0/0
  6697 ;;		Unchanged: 0/0
  6698 ;; Data sizes:     COMMON   BANK0   BANK1   BANK2   BANK3   BANK4   BANK5   BANK6
  6699 ;;      Params:         0       0       0       0       0       0       0       0
  6700 ;;      Locals:         0       0       0       0       0       0       0       0
  6701 ;;      Temps:          0       0       0       0       0       0       0       0
  6702 ;;      Totals:         0       0       0       0       0       0       0       0
  6703 ;;Total ram usage:        0 bytes
  6704 ;; Hardware stack levels used: 1
  6705 ;; Hardware stack levels required when called: 7
  6706 ;; This function calls:
  6707 ;;		_I2C_MasterSendAck
  6708 ;; This function is called by:
  6709 ;;		_I2C_MasterFsm
  6710 ;; This function uses a non-reentrant model
  6711 ;;
  6712                           
  6713     0E72                     _I2C_DO_RX_ACK:	
  6714                           ;psect for function _I2C_DO_RX_ACK
  6715                           
  6716     0E72                     l2900:	
  6717                           ;incstack = 0
  6718 ;; hardware stack exceeded
  6719                           ; Regs used in _I2C_DO_RX_ACK: [wreg+status,2+status,0+pclath+cstack]
  6720                           
  6721                           
  6722                           ;mcc_generated_files/i2c_master.c: 477:     I2C_MasterSendAck();
  6723     0E72  318E  264D  318E   	fcall	_I2C_MasterSendAck
  6724     0E75                     l2902:
  6725                           
  6726                           ;mcc_generated_files/i2c_master.c: 478:     return I2C_RCEN;
  6727     0E75  3005               	movlw	5
  6728     0E76                     l342:
  6729     0E76  0008               	return
  6730     0E77                     __end_of_I2C_DO_RX_ACK:
  6731                           
  6732                           	psect	text40
  6733     0E6D                     __ptext40:	
  6734 ;; *************** function _I2C_DO_SEND_STOP *****************
  6735 ;; Defined at:
  6736 ;;		line 469 in file "mcc_generated_files/i2c_master.c"
  6737 ;; Parameters:    Size  Location     Type
  6738 ;;		None
  6739 ;; Auto vars:     Size  Location     Type
  6740 ;;		None
  6741 ;; Return value:  Size  Location     Type
  6742 ;;                  1    wreg      enum E3183
  6743 ;; Registers used:
  6744 ;;		wreg, status,2, status,0, pclath, cstack
  6745 ;; Tracked objects:
  6746 ;;		On entry : 0/0
  6747 ;;		On exit  : 0/0
  6748 ;;		Unchanged: 0/0
  6749 ;; Data sizes:     COMMON   BANK0   BANK1   BANK2   BANK3   BANK4   BANK5   BANK6
  6750 ;;      Params:         0       0       0       0       0       0       0       0
  6751 ;;      Locals:         0       0       0       0       0       0       0       0
  6752 ;;      Temps:          0       0       0       0       0       0       0       0
  6753 ;;      Totals:         0       0       0       0       0       0       0       0
  6754 ;;Total ram usage:        0 bytes
  6755 ;; Hardware stack levels used: 1
  6756 ;; Hardware stack levels required when called: 7
  6757 ;; This function calls:
  6758 ;;		_I2C_MasterStop
  6759 ;; This function is called by:
  6760 ;;		_I2C_DO_TX
  6761 ;;		_I2C_DO_TX_EMPTY
  6762 ;;		_I2C_DO_ADDRESS_NACK
  6763 ;;		_I2C_MasterFsm
  6764 ;; This function uses a non-reentrant model
  6765 ;;
  6766                           
  6767     0E6D                     _I2C_DO_SEND_STOP:	
  6768                           ;psect for function _I2C_DO_SEND_STOP
  6769                           
  6770     0E6D                     l2736:	
  6771                           ;incstack = 0
  6772 ;; hardware stack exceeded
  6773                           ; Regs used in _I2C_DO_SEND_STOP: [wreg+status,2+status,0+pclath+cstack]
  6774                           
  6775                           
  6776                           ;mcc_generated_files/i2c_master.c: 471:     I2C_MasterStop();
  6777     0E6D  318E  2639  318E   	fcall	_I2C_MasterStop
  6778     0E70                     l2738:
  6779                           
  6780                           ;mcc_generated_files/i2c_master.c: 472:     return I2C_IDLE;
  6781     0E70  3000               	movlw	0
  6782     0E71                     l339:
  6783     0E71  0008               	return
  6784     0E72                     __end_of_I2C_DO_SEND_STOP:
  6785                           
  6786                           	psect	text41
  6787     0E68                     __ptext41:	
  6788 ;; *************** function _I2C_DO_SEND_RESTART *****************
  6789 ;; Defined at:
  6790 ;;		line 463 in file "mcc_generated_files/i2c_master.c"
  6791 ;; Parameters:    Size  Location     Type
  6792 ;;		None
  6793 ;; Auto vars:     Size  Location     Type
  6794 ;;		None
  6795 ;; Return value:  Size  Location     Type
  6796 ;;                  1    wreg      enum E3183
  6797 ;; Registers used:
  6798 ;;		wreg, status,2, status,0, pclath, cstack
  6799 ;; Tracked objects:
  6800 ;;		On entry : 0/0
  6801 ;;		On exit  : 0/0
  6802 ;;		Unchanged: 0/0
  6803 ;; Data sizes:     COMMON   BANK0   BANK1   BANK2   BANK3   BANK4   BANK5   BANK6
  6804 ;;      Params:         0       0       0       0       0       0       0       0
  6805 ;;      Locals:         0       0       0       0       0       0       0       0
  6806 ;;      Temps:          0       0       0       0       0       0       0       0
  6807 ;;      Totals:         0       0       0       0       0       0       0       0
  6808 ;;Total ram usage:        0 bytes
  6809 ;; Hardware stack levels used: 1
  6810 ;; Hardware stack levels required when called: 7
  6811 ;; This function calls:
  6812 ;;		_I2C_MasterEnableRestart
  6813 ;; This function is called by:
  6814 ;;		_I2C_DO_TX_EMPTY
  6815 ;;		_I2C_DO_ADDRESS_NACK
  6816 ;;		_I2C_MasterFsm
  6817 ;; This function uses a non-reentrant model
  6818 ;;
  6819                           
  6820     0E68                     _I2C_DO_SEND_RESTART:	
  6821                           ;psect for function _I2C_DO_SEND_RESTART
  6822                           
  6823     0E68                     l2762:	
  6824                           ;incstack = 0
  6825 ;; hardware stack exceeded
  6826                           ; Regs used in _I2C_DO_SEND_RESTART: [wreg+status,2+status,0+pclath+cstack]
  6827                           
  6828                           
  6829                           ;mcc_generated_files/i2c_master.c: 465:     I2C_MasterEnableRestart();
  6830     0E68  318E  2636  318E   	fcall	_I2C_MasterEnableRestart
  6831     0E6B                     l2764:
  6832                           
  6833                           ;mcc_generated_files/i2c_master.c: 466:     return I2C_SEND_ADR_READ;
  6834     0E6B  3001               	movlw	1
  6835     0E6C                     l336:
  6836     0E6C  0008               	return
  6837     0E6D                     __end_of_I2C_DO_SEND_RESTART:
  6838                           
  6839                           	psect	text42
  6840     0E63                     __ptext42:	
  6841 ;; *************** function _I2C_DO_SEND_RESTART_WRITE *****************
  6842 ;; Defined at:
  6843 ;;		line 456 in file "mcc_generated_files/i2c_master.c"
  6844 ;; Parameters:    Size  Location     Type
  6845 ;;		None
  6846 ;; Auto vars:     Size  Location     Type
  6847 ;;		None
  6848 ;; Return value:  Size  Location     Type
  6849 ;;                  1    wreg      enum E3183
  6850 ;; Registers used:
  6851 ;;		wreg, status,2, status,0, pclath, cstack
  6852 ;; Tracked objects:
  6853 ;;		On entry : 0/0
  6854 ;;		On exit  : 0/0
  6855 ;;		Unchanged: 0/0
  6856 ;; Data sizes:     COMMON   BANK0   BANK1   BANK2   BANK3   BANK4   BANK5   BANK6
  6857 ;;      Params:         0       0       0       0       0       0       0       0
  6858 ;;      Locals:         0       0       0       0       0       0       0       0
  6859 ;;      Temps:          0       0       0       0       0       0       0       0
  6860 ;;      Totals:         0       0       0       0       0       0       0       0
  6861 ;;Total ram usage:        0 bytes
  6862 ;; Hardware stack levels used: 1
  6863 ;; Hardware stack levels required when called: 7
  6864 ;; This function calls:
  6865 ;;		_I2C_MasterEnableRestart
  6866 ;; This function is called by:
  6867 ;;		_I2C_DO_TX
  6868 ;;		_I2C_MasterFsm
  6869 ;; This function uses a non-reentrant model
  6870 ;;
  6871                           
  6872     0E63                     _I2C_DO_SEND_RESTART_WRITE:	
  6873                           ;psect for function _I2C_DO_SEND_RESTART_WRITE
  6874                           
  6875     0E63                     l2730:	
  6876                           ;incstack = 0
  6877 ;; hardware stack exceeded
  6878                           ; Regs used in _I2C_DO_SEND_RESTART_WRITE: [wreg+status,2+status,0+pclath+cstack]
  6879                           
  6880                           
  6881                           ;mcc_generated_files/i2c_master.c: 458:     I2C_MasterEnableRestart();
  6882     0E63  318E  2636  318E   	fcall	_I2C_MasterEnableRestart
  6883     0E66                     l2732:
  6884                           
  6885                           ;mcc_generated_files/i2c_master.c: 459:     return I2C_SEND_ADR_WRITE;
  6886     0E66  3002               	movlw	2
  6887     0E67                     l333:
  6888     0E67  0008               	return
  6889     0E68                     __end_of_I2C_DO_SEND_RESTART_WRITE:
  6890                           
  6891                           	psect	text43
  6892     0E5E                     __ptext43:	
  6893 ;; *************** function _I2C_DO_SEND_RESTART_READ *****************
  6894 ;; Defined at:
  6895 ;;		line 450 in file "mcc_generated_files/i2c_master.c"
  6896 ;; Parameters:    Size  Location     Type
  6897 ;;		None
  6898 ;; Auto vars:     Size  Location     Type
  6899 ;;		None
  6900 ;; Return value:  Size  Location     Type
  6901 ;;                  1    wreg      enum E3183
  6902 ;; Registers used:
  6903 ;;		wreg, status,2, status,0, pclath, cstack
  6904 ;; Tracked objects:
  6905 ;;		On entry : 0/0
  6906 ;;		On exit  : 0/0
  6907 ;;		Unchanged: 0/0
  6908 ;; Data sizes:     COMMON   BANK0   BANK1   BANK2   BANK3   BANK4   BANK5   BANK6
  6909 ;;      Params:         0       0       0       0       0       0       0       0
  6910 ;;      Locals:         0       0       0       0       0       0       0       0
  6911 ;;      Temps:          0       0       0       0       0       0       0       0
  6912 ;;      Totals:         0       0       0       0       0       0       0       0
  6913 ;;Total ram usage:        0 bytes
  6914 ;; Hardware stack levels used: 1
  6915 ;; Hardware stack levels required when called: 7
  6916 ;; This function calls:
  6917 ;;		_I2C_MasterEnableRestart
  6918 ;; This function is called by:
  6919 ;;		_I2C_DO_TX
  6920 ;;		_I2C_MasterFsm
  6921 ;; This function uses a non-reentrant model
  6922 ;;
  6923                           
  6924     0E5E                     _I2C_DO_SEND_RESTART_READ:	
  6925                           ;psect for function _I2C_DO_SEND_RESTART_READ
  6926                           
  6927     0E5E                     l2724:	
  6928                           ;incstack = 0
  6929 ;; hardware stack exceeded
  6930                           ; Regs used in _I2C_DO_SEND_RESTART_READ: [wreg+status,2+status,0+pclath+cstack]
  6931                           
  6932                           
  6933                           ;mcc_generated_files/i2c_master.c: 452:     I2C_MasterEnableRestart();
  6934     0E5E  318E  2636  318E   	fcall	_I2C_MasterEnableRestart
  6935     0E61                     l2726:
  6936                           
  6937                           ;mcc_generated_files/i2c_master.c: 453:     return I2C_SEND_ADR_READ;
  6938     0E61  3001               	movlw	1
  6939     0E62                     l330:
  6940     0E62  0008               	return
  6941     0E63                     __end_of_I2C_DO_SEND_RESTART_READ:
  6942                           
  6943                           	psect	text44
  6944     0EB5                     __ptext44:	
  6945 ;; *************** function _I2C_DO_RCEN *****************
  6946 ;; Defined at:
  6947 ;;		line 402 in file "mcc_generated_files/i2c_master.c"
  6948 ;; Parameters:    Size  Location     Type
  6949 ;;		None
  6950 ;; Auto vars:     Size  Location     Type
  6951 ;;		None
  6952 ;; Return value:  Size  Location     Type
  6953 ;;                  1    wreg      enum E3183
  6954 ;; Registers used:
  6955 ;;		wreg, status,2, status,0, pclath, cstack
  6956 ;; Tracked objects:
  6957 ;;		On entry : 0/0
  6958 ;;		On exit  : 0/0
  6959 ;;		Unchanged: 0/0
  6960 ;; Data sizes:     COMMON   BANK0   BANK1   BANK2   BANK3   BANK4   BANK5   BANK6
  6961 ;;      Params:         0       0       0       0       0       0       0       0
  6962 ;;      Locals:         0       0       0       0       0       0       0       0
  6963 ;;      Temps:          0       0       0       0       0       0       0       0
  6964 ;;      Totals:         0       0       0       0       0       0       0       0
  6965 ;;Total ram usage:        0 bytes
  6966 ;; Hardware stack levels used: 1
  6967 ;; Hardware stack levels required when called: 7
  6968 ;; This function calls:
  6969 ;;		_I2C_MasterStartRx
  6970 ;; This function is called by:
  6971 ;;		_I2C_MasterFsm
  6972 ;; This function uses a non-reentrant model
  6973 ;;
  6974                           
  6975     0EB5                     _I2C_DO_RCEN:	
  6976                           ;psect for function _I2C_DO_RCEN
  6977                           
  6978     0EB5                     l2868:	
  6979                           ;incstack = 0
  6980 ;; hardware stack exceeded
  6981                           ; Regs used in _I2C_DO_RCEN: [wreg+status,2+status,0+pclath+cstack]
  6982                           
  6983                           
  6984                           ;mcc_generated_files/i2c_master.c: 404:     I2C_Status.addressNackCheck = 0;
  6985     0EB5  0021               	movlb	1	; select bank1
  6986     0EB6  103C               	bcf	(_I2C_Status^(0+128)+28),0
  6987     0EB7                     l2870:
  6988                           
  6989                           ;mcc_generated_files/i2c_master.c: 405:     I2C_MasterStartRx();
  6990     0EB7  318E  263C  318E   	fcall	_I2C_MasterStartRx
  6991     0EBA                     l2872:
  6992                           
  6993                           ;mcc_generated_files/i2c_master.c: 406:     return I2C_RX;
  6994     0EBA  3004               	movlw	4
  6995     0EBB                     l306:
  6996     0EBB  0008               	return
  6997     0EBC                     __end_of_I2C_DO_RCEN:
  6998                           
  6999                           	psect	text45
  7000     046D                     __ptext45:	
  7001 ;; *************** function _I2C_DO_RX *****************
  7002 ;; Defined at:
  7003 ;;		line 378 in file "mcc_generated_files/i2c_master.c"
  7004 ;; Parameters:    Size  Location     Type
  7005 ;;		None
  7006 ;; Auto vars:     Size  Location     Type
  7007 ;;		None
  7008 ;; Return value:  Size  Location     Type
  7009 ;;                  1    wreg      enum E3183
  7010 ;; Registers used:
  7011 ;;		wreg, fsr0l, fsr0h, fsr1l, fsr1h, status,2, status,0, pclath, cstack
  7012 ;; Tracked objects:
  7013 ;;		On entry : 0/0
  7014 ;;		On exit  : 0/0
  7015 ;;		Unchanged: 0/0
  7016 ;; Data sizes:     COMMON   BANK0   BANK1   BANK2   BANK3   BANK4   BANK5   BANK6
  7017 ;;      Params:         0       0       0       0       0       0       0       0
  7018 ;;      Locals:         0       0       0       0       0       0       0       0
  7019 ;;      Temps:          0       2       0       0       0       0       0       0
  7020 ;;      Totals:         0       2       0       0       0       0       0       0
  7021 ;;Total ram usage:        2 bytes
  7022 ;; Hardware stack levels used: 1
  7023 ;; Hardware stack levels required when called: 9
  7024 ;; This function calls:
  7025 ;;		NULL
  7026 ;;		_I2C_CallbackReturnReset
  7027 ;;		_I2C_CallbackReturnStop
  7028 ;;		_I2C_DO_RX_NACK_RESTART
  7029 ;;		_I2C_DO_RX_NACK_STOP
  7030 ;;		_I2C_MasterGetRxData
  7031 ;;		_I2C_MasterSendAck
  7032 ;;		_rd1RegCompleteHandler
  7033 ;;		_rd2RegCompleteHandler
  7034 ;;		_rdBlkRegCompleteHandler
  7035 ;;		_wr1RegCompleteHandler
  7036 ;;		_wr2RegCompleteHandler
  7037 ;; This function is called by:
  7038 ;;		_I2C_MasterFsm
  7039 ;; This function uses a non-reentrant model
  7040 ;;
  7041                           
  7042     046D                     _I2C_DO_RX:	
  7043                           ;psect for function _I2C_DO_RX
  7044                           
  7045     046D                     l3934:	
  7046                           ;incstack = 0
  7047 ;; hardware stack exceeded
  7048                           ; Regs used in _I2C_DO_RX: [wreg-fsr1h+status,2+status,0+pclath+cstack]
  7049                           
  7050                           
  7051                           ;mcc_generated_files/i2c_master.c: 380:     *I2C_Status.data_ptr++ = I2C_MasterGetRxData
      +                          ();
  7052     046D  0021               	movlb	1	; select bank1
  7053     046E  0837               	movf	(low ((_I2C_Status| 0+23)))^(0+128),w
  7054     046F  0086               	movwf	6
  7055     0470  0187               	clrf	7
  7056     0471  318E  263F  3184   	fcall	_I2C_MasterGetRxData
  7057     0474  0081               	movwf	1
  7058     0475                     l3936:
  7059     0475  3001               	movlw	1
  7060     0476  0020               	movlb	0	; select bank0
  7061     0477  00A8               	movwf	??_I2C_DO_RX
  7062     0478  0828               	movf	??_I2C_DO_RX,w
  7063     0479  0021               	movlb	1	; select bank1
  7064     047A  07B7               	addwf	(low ((_I2C_Status| 0+23)))^(0+128),f
  7065     047B                     l3938:
  7066                           
  7067                           ;mcc_generated_files/i2c_master.c: 381:     if(--I2C_Status.data_length)
  7068     047B  3001               	movlw	1
  7069     047C  02B8               	subwf	(_I2C_Status^(0+128)+24),f
  7070     047D  3000               	movlw	0
  7071     047E  3BB9               	subwfb	((_I2C_Status+1)^(0+128)+24),f
  7072     047F  0838               	movf	(_I2C_Status^(0+128)+24),w
  7073     0480  0439               	iorwf	((_I2C_Status+1)^(0+128)+24),w
  7074     0481  1903               	btfsc	3,2
  7075     0482  2C84               	goto	u2191
  7076     0483  2C85               	goto	u2190
  7077     0484                     u2191:
  7078     0484  2C8A               	goto	l294
  7079     0485                     u2190:
  7080     0485                     l3940:
  7081                           
  7082                           ;mcc_generated_files/i2c_master.c: 382:     {;mcc_generated_files/i2c_master.c: 383:    
      +                               I2C_MasterSendAck();
  7083     0485  318E  264D  3184   	fcall	_I2C_MasterSendAck
  7084     0488                     l3942:
  7085                           
  7086                           ;mcc_generated_files/i2c_master.c: 384:         return I2C_RCEN;
  7087     0488  3005               	movlw	5
  7088     0489  2CB3               	goto	l295
  7089     048A                     l294:	
  7090                           ;mcc_generated_files/i2c_master.c: 386:     else
  7091                           
  7092                           
  7093                           ;mcc_generated_files/i2c_master.c: 387:     {;mcc_generated_files/i2c_master.c: 388:    
      +                               I2C_Status.bufferFree = 1;
  7094     048A  15BC               	bsf	(_I2C_Status^(0+128)+28),3
  7095                           
  7096                           ;mcc_generated_files/i2c_master.c: 389:         switch(I2C_Status.callbackTable[I2C_DATA
      +                          _COMPLETE](I2C_Status.callbackPayload[I2C_DATA_COMPLETE]))
  7097     048B  2C94               	goto	l3958
  7098     048C                     l3948:
  7099                           
  7100                           ;mcc_generated_files/i2c_master.c: 393:                 return I2C_DO_RX_NACK_RESTART();
  7101     048C  318E  267C  3184   	fcall	_I2C_DO_RX_NACK_RESTART
  7102     048F  2CB3               	goto	l295
  7103     0490                     l3952:
  7104                           
  7105                           ;mcc_generated_files/i2c_master.c: 397:                 return I2C_DO_RX_NACK_STOP();
  7106     0490  318E  2677  3184   	fcall	_I2C_DO_RX_NACK_STOP
  7107     0493  2CB3               	goto	l295
  7108     0494                     l3958:
  7109     0494  082C               	movf	(low ((_I2C_Status| 0+12)))^(0+128),w
  7110     0495  0020               	movlb	0	; select bank0
  7111     0496  00A7               	movwf	I2C_CallbackReturnReset@funPtr
  7112     0497  0021               	movlb	1	; select bank1
  7113     0498  0821               	movf	(_I2C_Status+1)^(0+128),w
  7114     0499  008A               	movwf	10
  7115     049A  0820               	movf	_I2C_Status^(0+128),w
  7116     049B  000A               	callw
  7117     049C  3184               	pagesel	$
  7118     049D  0020               	movlb	0	; select bank0
  7119     049E  00A8               	movwf	??_I2C_DO_RX
  7120     049F  01A9               	clrf	??_I2C_DO_RX+1
  7121                           
  7122                           ; Switch on 2 bytes has been partitioned into a top level switch of size 1, and 1 sub-sw
      +                          itches
  7123                           ; Switch size 1, requested type "simple"
  7124                           ; Number of cases is 1, Range of values is 0 to 0
  7125                           ; switch strategies available:
  7126                           ; Name         Instructions Cycles
  7127                           ; simple_byte            4     3 (average)
  7128                           ; direct_byte            8     6 (fixed)
  7129                           ; jumptable            260     6 (fixed)
  7130                           ;	Chosen strategy is simple_byte
  7131     04A0  0829               	movf	??_I2C_DO_RX+1,w
  7132     04A1  3A00               	xorlw	0	; case 0
  7133     04A2  1903               	skipnz
  7134     04A3  2CA5               	goto	l4686
  7135     04A4  2C90               	goto	l3952
  7136     04A5                     l4686:
  7137                           
  7138                           ; Switch size 1, requested type "simple"
  7139                           ; Number of cases is 4, Range of values is 1 to 4
  7140                           ; switch strategies available:
  7141                           ; Name         Instructions Cycles
  7142                           ; simple_byte           13     7 (average)
  7143                           ; direct_byte           17     9 (fixed)
  7144                           ; jumptable            263     9 (fixed)
  7145                           ;	Chosen strategy is simple_byte
  7146     04A5  0828               	movf	??_I2C_DO_RX,w
  7147     04A6  3A01               	xorlw	1	; case 1
  7148     04A7  1903               	skipnz
  7149     04A8  2C90               	goto	l3952
  7150     04A9  3A03               	xorlw	3	; case 2
  7151     04AA  1903               	skipnz
  7152     04AB  2C8C               	goto	l3948
  7153     04AC  3A01               	xorlw	1	; case 3
  7154     04AD  1903               	skipnz
  7155     04AE  2C8C               	goto	l3948
  7156     04AF  3A07               	xorlw	7	; case 4
  7157     04B0  1903               	skipnz
  7158     04B1  2C90               	goto	l3952
  7159     04B2  2C90               	goto	l3952
  7160     04B3                     l295:
  7161     04B3  0008               	return
  7162     04B4                     __end_of_I2C_DO_RX:
  7163                           
  7164                           	psect	text46
  7165     0372                     __ptext46:	
  7166 ;; *************** function _I2C_DO_TX *****************
  7167 ;; Defined at:
  7168 ;;		line 354 in file "mcc_generated_files/i2c_master.c"
  7169 ;; Parameters:    Size  Location     Type
  7170 ;;		None
  7171 ;; Auto vars:     Size  Location     Type
  7172 ;;		None
  7173 ;; Return value:  Size  Location     Type
  7174 ;;                  1    wreg      enum E3183
  7175 ;; Registers used:
  7176 ;;		wreg, fsr0l, fsr0h, fsr1l, fsr1h, status,2, status,0, pclath, cstack
  7177 ;; Tracked objects:
  7178 ;;		On entry : 0/0
  7179 ;;		On exit  : 0/0
  7180 ;;		Unchanged: 0/0
  7181 ;; Data sizes:     COMMON   BANK0   BANK1   BANK2   BANK3   BANK4   BANK5   BANK6
  7182 ;;      Params:         0       0       0       0       0       0       0       0
  7183 ;;      Locals:         0       0       0       0       0       0       0       0
  7184 ;;      Temps:          0       2       0       0       0       0       0       0
  7185 ;;      Totals:         0       2       0       0       0       0       0       0
  7186 ;;Total ram usage:        2 bytes
  7187 ;; Hardware stack levels used: 1
  7188 ;; Hardware stack levels required when called: 9
  7189 ;; This function calls:
  7190 ;;		NULL
  7191 ;;		_I2C_CallbackReturnReset
  7192 ;;		_I2C_CallbackReturnStop
  7193 ;;		_I2C_DO_SEND_RESTART_READ
  7194 ;;		_I2C_DO_SEND_RESTART_WRITE
  7195 ;;		_I2C_DO_SEND_STOP
  7196 ;;		_I2C_MasterIsNack
  7197 ;;		_I2C_MasterSendTxData
  7198 ;;		_rd1RegCompleteHandler
  7199 ;;		_rd2RegCompleteHandler
  7200 ;;		_rdBlkRegCompleteHandler
  7201 ;;		_wr1RegCompleteHandler
  7202 ;;		_wr2RegCompleteHandler
  7203 ;; This function is called by:
  7204 ;;		_I2C_MasterFsm
  7205 ;; This function uses a non-reentrant model
  7206 ;;
  7207                           
  7208     0372                     _I2C_DO_TX:	
  7209                           ;psect for function _I2C_DO_TX
  7210                           
  7211     0372                     l3900:	
  7212                           ;incstack = 0
  7213 ;; hardware stack exceeded
  7214                           ; Regs used in _I2C_DO_TX: [wreg-fsr1h+status,2+status,0+pclath+cstack]
  7215                           
  7216                           
  7217                           ;mcc_generated_files/i2c_master.c: 356:     if(I2C_MasterIsNack())
  7218     0372  318E  2697  3183   	fcall	_I2C_MasterIsNack
  7219     0375  3A00               	xorlw	0
  7220     0376  1903               	skipnz
  7221     0377  2B79               	goto	u2171
  7222     0378  2B7A               	goto	u2170
  7223     0379                     u2171:
  7224     0379  2BAA               	goto	l278
  7225     037A                     u2170:
  7226     037A  2B87               	goto	l3918
  7227     037B                     l3904:
  7228                           
  7229                           ;mcc_generated_files/i2c_master.c: 361:                 return I2C_DO_SEND_RESTART_READ(
      +                          );
  7230     037B  318E  265E  3183   	fcall	_I2C_DO_SEND_RESTART_READ
  7231     037E  2BC6               	goto	l281
  7232     037F                     l3908:
  7233                           
  7234                           ;mcc_generated_files/i2c_master.c: 363:                   return I2C_DO_SEND_RESTART_WRI
      +                          TE();
  7235     037F  318E  2663  3183   	fcall	_I2C_DO_SEND_RESTART_WRITE
  7236     0382  2BC6               	goto	l281
  7237     0383                     l3912:
  7238                           
  7239                           ;mcc_generated_files/i2c_master.c: 367:                 return I2C_DO_SEND_STOP();
  7240     0383  318E  266D  3183   	fcall	_I2C_DO_SEND_STOP
  7241     0386  2BC6               	goto	l281
  7242     0387                     l3918:
  7243     0387  0021               	movlb	1	; select bank1
  7244     0388  082F               	movf	(low ((_I2C_Status| 0+15)))^(0+128),w
  7245     0389  0020               	movlb	0	; select bank0
  7246     038A  00A7               	movwf	I2C_CallbackReturnReset@funPtr
  7247     038B  3006               	movlw	6
  7248     038C  3EA0               	addlw	(low (_I2C_Status| 0))& (0+255)
  7249     038D  0086               	movwf	6
  7250     038E  0187               	clrf	7
  7251     038F  3F41               	moviw [1]fsr1
  7252     0390  008A               	movwf	10
  7253     0391  3F40               	moviw [0]fsr1
  7254     0392  000A               	callw
  7255     0393  3183               	pagesel	$
  7256     0394  0020               	movlb	0	; select bank0
  7257     0395  00A8               	movwf	??_I2C_DO_TX
  7258     0396  01A9               	clrf	??_I2C_DO_TX+1
  7259                           
  7260                           ; Switch on 2 bytes has been partitioned into a top level switch of size 1, and 1 sub-sw
      +                          itches
  7261                           ; Switch size 1, requested type "simple"
  7262                           ; Number of cases is 1, Range of values is 0 to 0
  7263                           ; switch strategies available:
  7264                           ; Name         Instructions Cycles
  7265                           ; simple_byte            4     3 (average)
  7266                           ; direct_byte            8     6 (fixed)
  7267                           ; jumptable            260     6 (fixed)
  7268                           ;	Chosen strategy is simple_byte
  7269     0397  0829               	movf	??_I2C_DO_TX+1,w
  7270     0398  3A00               	xorlw	0	; case 0
  7271     0399  1903               	skipnz
  7272     039A  2B9C               	goto	l4688
  7273     039B  2B83               	goto	l3912
  7274     039C                     l4688:
  7275                           
  7276                           ; Switch size 1, requested type "simple"
  7277                           ; Number of cases is 4, Range of values is 1 to 4
  7278                           ; switch strategies available:
  7279                           ; Name         Instructions Cycles
  7280                           ; simple_byte           13     7 (average)
  7281                           ; direct_byte           17     9 (fixed)
  7282                           ; jumptable            263     9 (fixed)
  7283                           ;	Chosen strategy is simple_byte
  7284     039C  0828               	movf	??_I2C_DO_TX,w
  7285     039D  3A01               	xorlw	1	; case 1
  7286     039E  1903               	skipnz
  7287     039F  2B83               	goto	l3912
  7288     03A0  3A03               	xorlw	3	; case 2
  7289     03A1  1903               	skipnz
  7290     03A2  2B7B               	goto	l3904
  7291     03A3  3A01               	xorlw	1	; case 3
  7292     03A4  1903               	skipnz
  7293     03A5  2B7F               	goto	l3908
  7294     03A6  3A07               	xorlw	7	; case 4
  7295     03A7  1903               	skipnz
  7296     03A8  2B83               	goto	l3912
  7297     03A9  2B83               	goto	l3912
  7298     03AA                     l278:	
  7299                           ;mcc_generated_files/i2c_master.c: 370:     else
  7300                           
  7301                           
  7302                           ;mcc_generated_files/i2c_master.c: 371:     {;mcc_generated_files/i2c_master.c: 372:    
      +                               I2C_Status.addressNackCheck = 0;
  7303     03AA  0021               	movlb	1	; select bank1
  7304     03AB  103C               	bcf	(_I2C_Status^(0+128)+28),0
  7305     03AC                     l3920:
  7306                           
  7307                           ;mcc_generated_files/i2c_master.c: 373:         I2C_MasterSendTxData(*I2C_Status.data_pt
      +                          r++);
  7308     03AC  3017               	movlw	23
  7309     03AD  3EA0               	addlw	(low (_I2C_Status| 0))& (0+255)
  7310     03AE  0086               	movwf	6
  7311     03AF  0187               	clrf	7
  7312     03B0  3F40               	moviw [0]fsr1
  7313     03B1  0084               	movwf	4
  7314     03B2  0185               	clrf	5
  7315     03B3  0A81               	incf	1,f
  7316     03B4  0800               	movf	0,w
  7317     03B5  318E  2691  3183   	fcall	_I2C_MasterSendTxData
  7318     03B8                     l3922:
  7319                           
  7320                           ;mcc_generated_files/i2c_master.c: 374:         return (--I2C_Status.data_length)?I2C_TX
      +                          :I2C_TX_EMPTY;
  7321     03B8  3001               	movlw	1
  7322     03B9  0021               	movlb	1	; select bank1
  7323     03BA  02B8               	subwf	(_I2C_Status^(0+128)+24),f
  7324     03BB  3000               	movlw	0
  7325     03BC  3BB9               	subwfb	((_I2C_Status+1)^(0+128)+24),f
  7326     03BD  0838               	movf	(_I2C_Status^(0+128)+24),w
  7327     03BE  0439               	iorwf	((_I2C_Status+1)^(0+128)+24),w
  7328     03BF  1D03               	btfss	3,2
  7329     03C0  2BC2               	goto	u2181
  7330     03C1  2BC3               	goto	u2180
  7331     03C2                     u2181:
  7332     03C2  2BC5               	goto	l3926
  7333     03C3                     u2180:
  7334     03C3                     l3924:
  7335     03C3  3006               	movlw	6
  7336     03C4  2BC6               	goto	l281
  7337     03C5                     l3926:
  7338     03C5  3003               	movlw	3
  7339     03C6                     l281:
  7340     03C6  0008               	return
  7341     03C7                     __end_of_I2C_DO_TX:
  7342                           
  7343                           	psect	text47
  7344     0EBC                     __ptext47:	
  7345 ;; *************** function _I2C_DO_SEND_ADR_WRITE *****************
  7346 ;; Defined at:
  7347 ;;		line 347 in file "mcc_generated_files/i2c_master.c"
  7348 ;; Parameters:    Size  Location     Type
  7349 ;;		None
  7350 ;; Auto vars:     Size  Location     Type
  7351 ;;		None
  7352 ;; Return value:  Size  Location     Type
  7353 ;;                  1    wreg      enum E3183
  7354 ;; Registers used:
  7355 ;;		wreg, status,2, status,0, pclath, cstack
  7356 ;; Tracked objects:
  7357 ;;		On entry : 0/0
  7358 ;;		On exit  : 0/0
  7359 ;;		Unchanged: 0/0
  7360 ;; Data sizes:     COMMON   BANK0   BANK1   BANK2   BANK3   BANK4   BANK5   BANK6
  7361 ;;      Params:         0       0       0       0       0       0       0       0
  7362 ;;      Locals:         0       0       0       0       0       0       0       0
  7363 ;;      Temps:          0       0       0       0       0       0       0       0
  7364 ;;      Totals:         0       0       0       0       0       0       0       0
  7365 ;;Total ram usage:        0 bytes
  7366 ;; Hardware stack levels used: 1
  7367 ;; Hardware stack levels required when called: 7
  7368 ;; This function calls:
  7369 ;;		_I2C_MasterSendTxData
  7370 ;; This function is called by:
  7371 ;;		_I2C_MasterFsm
  7372 ;; This function uses a non-reentrant model
  7373 ;;
  7374                           
  7375     0EBC                     _I2C_DO_SEND_ADR_WRITE:	
  7376                           ;psect for function _I2C_DO_SEND_ADR_WRITE
  7377                           
  7378     0EBC                     l3892:	
  7379                           ;incstack = 0
  7380 ;; hardware stack exceeded
  7381                           ; Regs used in _I2C_DO_SEND_ADR_WRITE: [wreg+status,2+status,0+pclath+cstack]
  7382                           
  7383                           
  7384                           ;mcc_generated_files/i2c_master.c: 349:     I2C_Status.addressNackCheck = 1;
  7385     0EBC  0021               	movlb	1	; select bank1
  7386     0EBD  143C               	bsf	(_I2C_Status^(0+128)+28),0
  7387     0EBE                     l3894:
  7388                           
  7389                           ;mcc_generated_files/i2c_master.c: 350:     I2C_MasterSendTxData((uint8_t) (I2C_Status.a
      +                          ddress << 1));
  7390     0EBE  3536               	lslf	(_I2C_Status^(0+128)+22),w
  7391     0EBF  318E  2691  318E   	fcall	_I2C_MasterSendTxData
  7392     0EC2                     l3896:
  7393                           
  7394                           ;mcc_generated_files/i2c_master.c: 351:     return I2C_TX;
  7395     0EC2  3003               	movlw	3
  7396     0EC3                     l275:
  7397     0EC3  0008               	return
  7398     0EC4                     __end_of_I2C_DO_SEND_ADR_WRITE:
  7399                           
  7400                           	psect	text48
  7401     0EC4                     __ptext48:	
  7402 ;; *************** function _I2C_DO_SEND_ADR_READ *****************
  7403 ;; Defined at:
  7404 ;;		line 340 in file "mcc_generated_files/i2c_master.c"
  7405 ;; Parameters:    Size  Location     Type
  7406 ;;		None
  7407 ;; Auto vars:     Size  Location     Type
  7408 ;;		None
  7409 ;; Return value:  Size  Location     Type
  7410 ;;                  1    wreg      enum E3183
  7411 ;; Registers used:
  7412 ;;		wreg, status,2, status,0, pclath, cstack
  7413 ;; Tracked objects:
  7414 ;;		On entry : 0/0
  7415 ;;		On exit  : 0/0
  7416 ;;		Unchanged: 0/0
  7417 ;; Data sizes:     COMMON   BANK0   BANK1   BANK2   BANK3   BANK4   BANK5   BANK6
  7418 ;;      Params:         0       0       0       0       0       0       0       0
  7419 ;;      Locals:         0       0       0       0       0       0       0       0
  7420 ;;      Temps:          0       0       0       0       0       0       0       0
  7421 ;;      Totals:         0       0       0       0       0       0       0       0
  7422 ;;Total ram usage:        0 bytes
  7423 ;; Hardware stack levels used: 1
  7424 ;; Hardware stack levels required when called: 7
  7425 ;; This function calls:
  7426 ;;		_I2C_MasterSendTxData
  7427 ;; This function is called by:
  7428 ;;		_I2C_MasterFsm
  7429 ;; This function uses a non-reentrant model
  7430 ;;
  7431                           
  7432     0EC4                     _I2C_DO_SEND_ADR_READ:	
  7433                           ;psect for function _I2C_DO_SEND_ADR_READ
  7434                           
  7435     0EC4                     l3884:	
  7436                           ;incstack = 0
  7437 ;; hardware stack exceeded
  7438                           ; Regs used in _I2C_DO_SEND_ADR_READ: [wreg+status,2+status,0+pclath+cstack]
  7439                           
  7440                           
  7441                           ;mcc_generated_files/i2c_master.c: 342:     I2C_Status.addressNackCheck = 1;
  7442     0EC4  0021               	movlb	1	; select bank1
  7443     0EC5  143C               	bsf	(_I2C_Status^(0+128)+28),0
  7444     0EC6                     l3886:
  7445                           
  7446                           ;mcc_generated_files/i2c_master.c: 343:     I2C_MasterSendTxData((uint8_t) (I2C_Status.a
      +                          ddress << 1 | 1));
  7447     0EC6  1403               	setc
  7448     0EC7  0D36               	rlf	(_I2C_Status^(0+128)+22),w
  7449     0EC8  318E  2691  318E   	fcall	_I2C_MasterSendTxData
  7450     0ECB                     l3888:
  7451                           
  7452                           ;mcc_generated_files/i2c_master.c: 344:     return I2C_RCEN;
  7453     0ECB  3005               	movlw	5
  7454     0ECC                     l272:
  7455     0ECC  0008               	return
  7456     0ECD                     __end_of_I2C_DO_SEND_ADR_READ:
  7457                           
  7458                           	psect	text49
  7459     0E59                     __ptext49:	
  7460 ;; *************** function _I2C_DO_IDLE *****************
  7461 ;; Defined at:
  7462 ;;		line 333 in file "mcc_generated_files/i2c_master.c"
  7463 ;; Parameters:    Size  Location     Type
  7464 ;;		None
  7465 ;; Auto vars:     Size  Location     Type
  7466 ;;		None
  7467 ;; Return value:  Size  Location     Type
  7468 ;;                  1    wreg      enum E3183
  7469 ;; Registers used:
  7470 ;;		wreg, status,2
  7471 ;; Tracked objects:
  7472 ;;		On entry : 0/0
  7473 ;;		On exit  : 0/0
  7474 ;;		Unchanged: 0/0
  7475 ;; Data sizes:     COMMON   BANK0   BANK1   BANK2   BANK3   BANK4   BANK5   BANK6
  7476 ;;      Params:         0       0       0       0       0       0       0       0
  7477 ;;      Locals:         0       0       0       0       0       0       0       0
  7478 ;;      Temps:          0       0       0       0       0       0       0       0
  7479 ;;      Totals:         0       0       0       0       0       0       0       0
  7480 ;;Total ram usage:        0 bytes
  7481 ;; Hardware stack levels used: 1
  7482 ;; Hardware stack levels required when called: 6
  7483 ;; This function calls:
  7484 ;;		Nothing
  7485 ;; This function is called by:
  7486 ;;		_I2C_MasterFsm
  7487 ;; This function uses a non-reentrant model
  7488 ;;
  7489                           
  7490     0E59                     _I2C_DO_IDLE:	
  7491                           ;psect for function _I2C_DO_IDLE
  7492                           
  7493     0E59                     l2780:	
  7494                           ;incstack = 0
  7495                           ; Regs used in _I2C_DO_IDLE: [wreg+status,2]
  7496                           
  7497                           
  7498                           ;mcc_generated_files/i2c_master.c: 335:     I2C_Status.busy = 0;
  7499     0E59  0021               	movlb	1	; select bank1
  7500     0E5A  10BC               	bcf	(_I2C_Status^(0+128)+28),1
  7501     0E5B                     l2782:
  7502                           
  7503                           ;mcc_generated_files/i2c_master.c: 336:     I2C_Status.error = I2C_NOERR;
  7504     0E5B  01BB               	clrf	(_I2C_Status^(0+128)+27)
  7505     0E5C                     l2784:
  7506                           
  7507                           ;mcc_generated_files/i2c_master.c: 337:     return I2C_RESET;
  7508     0E5C  300E               	movlw	14
  7509     0E5D                     l269:
  7510     0E5D  0008               	return
  7511     0E5E                     __end_of_I2C_DO_IDLE:
  7512                           
  7513                           	psect	text50
  7514     0565                     __ptext50:	
  7515 ;; *************** function _I2C_DO_TX_EMPTY *****************
  7516 ;; Defined at:
  7517 ;;		line 409 in file "mcc_generated_files/i2c_master.c"
  7518 ;; Parameters:    Size  Location     Type
  7519 ;;		None
  7520 ;; Auto vars:     Size  Location     Type
  7521 ;;		None
  7522 ;; Return value:  Size  Location     Type
  7523 ;;                  1    wreg      enum E3183
  7524 ;; Registers used:
  7525 ;;		wreg, fsr0l, fsr0h, fsr1l, fsr1h, status,2, status,0, pclath, cstack
  7526 ;; Tracked objects:
  7527 ;;		On entry : 0/0
  7528 ;;		On exit  : 0/0
  7529 ;;		Unchanged: 0/0
  7530 ;; Data sizes:     COMMON   BANK0   BANK1   BANK2   BANK3   BANK4   BANK5   BANK6
  7531 ;;      Params:         0       0       0       0       0       0       0       0
  7532 ;;      Locals:         0       0       0       0       0       0       0       0
  7533 ;;      Temps:          0       2       0       0       0       0       0       0
  7534 ;;      Totals:         0       2       0       0       0       0       0       0
  7535 ;;Total ram usage:        2 bytes
  7536 ;; Hardware stack levels used: 1
  7537 ;; Hardware stack levels required when called: 9
  7538 ;; This function calls:
  7539 ;;		NULL
  7540 ;;		_I2C_CallbackReturnReset
  7541 ;;		_I2C_CallbackReturnStop
  7542 ;;		_I2C_DO_SEND_RESTART
  7543 ;;		_I2C_DO_SEND_STOP
  7544 ;;		_I2C_MasterSetIrq
  7545 ;;		_rd1RegCompleteHandler
  7546 ;;		_rd2RegCompleteHandler
  7547 ;;		_rdBlkRegCompleteHandler
  7548 ;;		_wr1RegCompleteHandler
  7549 ;;		_wr2RegCompleteHandler
  7550 ;; This function is called by:
  7551 ;;		_I2C_MasterFsm
  7552 ;; This function uses a non-reentrant model
  7553 ;;
  7554                           
  7555     0565                     _I2C_DO_TX_EMPTY:	
  7556                           ;psect for function _I2C_DO_TX_EMPTY
  7557                           
  7558     0565                     l3964:	
  7559                           ;incstack = 0
  7560 ;; hardware stack exceeded
  7561                           ; Regs used in _I2C_DO_TX_EMPTY: [wreg-fsr1h+status,2+status,0+pclath+cstack]
  7562                           
  7563                           
  7564                           ;mcc_generated_files/i2c_master.c: 411:     I2C_Status.bufferFree = 1;
  7565     0565  0021               	movlb	1	; select bank1
  7566     0566  15BC               	bsf	(_I2C_Status^(0+128)+28),3
  7567                           
  7568                           ;mcc_generated_files/i2c_master.c: 412:     switch(I2C_Status.callbackTable[I2C_DATA_COM
      +                          PLETE](I2C_Status.callbackPayload[I2C_DATA_COMPLETE]))
  7569     0567  2D75               	goto	l3982
  7570     0568                     l3966:
  7571                           
  7572                           ;mcc_generated_files/i2c_master.c: 416:             return I2C_DO_SEND_RESTART();
  7573     0568  318E  2668  3185   	fcall	_I2C_DO_SEND_RESTART
  7574     056B  2D94               	goto	l312
  7575     056C                     l3970:
  7576                           
  7577                           ;mcc_generated_files/i2c_master.c: 418:             I2C_MasterSetIrq();
  7578     056C  318E  2642  3185   	fcall	_I2C_MasterSetIrq
  7579     056F                     l3972:
  7580                           
  7581                           ;mcc_generated_files/i2c_master.c: 419:             return I2C_TX;
  7582     056F  3003               	movlw	3
  7583     0570  2D94               	goto	l312
  7584     0571                     l3976:
  7585                           
  7586                           ;mcc_generated_files/i2c_master.c: 422:             return I2C_DO_SEND_STOP();
  7587     0571  318E  266D  3185   	fcall	_I2C_DO_SEND_STOP
  7588     0574  2D94               	goto	l312
  7589     0575                     l3982:
  7590     0575  082C               	movf	(low ((_I2C_Status| 0+12)))^(0+128),w
  7591     0576  0020               	movlb	0	; select bank0
  7592     0577  00A7               	movwf	I2C_CallbackReturnReset@funPtr
  7593     0578  0021               	movlb	1	; select bank1
  7594     0579  0821               	movf	(_I2C_Status+1)^(0+128),w
  7595     057A  008A               	movwf	10
  7596     057B  0820               	movf	_I2C_Status^(0+128),w
  7597     057C  000A               	callw
  7598     057D  3185               	pagesel	$
  7599     057E  0020               	movlb	0	; select bank0
  7600     057F  00A8               	movwf	??_I2C_DO_TX_EMPTY
  7601     0580  01A9               	clrf	??_I2C_DO_TX_EMPTY+1
  7602                           
  7603                           ; Switch on 2 bytes has been partitioned into a top level switch of size 1, and 1 sub-sw
      +                          itches
  7604                           ; Switch size 1, requested type "simple"
  7605                           ; Number of cases is 1, Range of values is 0 to 0
  7606                           ; switch strategies available:
  7607                           ; Name         Instructions Cycles
  7608                           ; simple_byte            4     3 (average)
  7609                           ; direct_byte            8     6 (fixed)
  7610                           ; jumptable            260     6 (fixed)
  7611                           ;	Chosen strategy is simple_byte
  7612     0581  0829               	movf	??_I2C_DO_TX_EMPTY+1,w
  7613     0582  3A00               	xorlw	0	; case 0
  7614     0583  1903               	skipnz
  7615     0584  2D86               	goto	l4690
  7616     0585  2D71               	goto	l3976
  7617     0586                     l4690:
  7618                           
  7619                           ; Switch size 1, requested type "simple"
  7620                           ; Number of cases is 4, Range of values is 1 to 4
  7621                           ; switch strategies available:
  7622                           ; Name         Instructions Cycles
  7623                           ; simple_byte           13     7 (average)
  7624                           ; direct_byte           17     9 (fixed)
  7625                           ; jumptable            263     9 (fixed)
  7626                           ;	Chosen strategy is simple_byte
  7627     0586  0828               	movf	??_I2C_DO_TX_EMPTY,w
  7628     0587  3A01               	xorlw	1	; case 1
  7629     0588  1903               	skipnz
  7630     0589  2D71               	goto	l3976
  7631     058A  3A03               	xorlw	3	; case 2
  7632     058B  1903               	skipnz
  7633     058C  2D68               	goto	l3966
  7634     058D  3A01               	xorlw	1	; case 3
  7635     058E  1903               	skipnz
  7636     058F  2D68               	goto	l3966
  7637     0590  3A07               	xorlw	7	; case 4
  7638     0591  1903               	skipnz
  7639     0592  2D6C               	goto	l3970
  7640     0593  2D71               	goto	l3976
  7641     0594                     l312:
  7642     0594  0008               	return
  7643     0595                     __end_of_I2C_DO_TX_EMPTY:
  7644                           
  7645                           	psect	text51
  7646     0E42                     __ptext51:	
  7647 ;; *************** function _I2C_MasterSetIrq *****************
  7648 ;; Defined at:
  7649 ;;		line 645 in file "mcc_generated_files/i2c_master.c"
  7650 ;; Parameters:    Size  Location     Type
  7651 ;;		None
  7652 ;; Auto vars:     Size  Location     Type
  7653 ;;		None
  7654 ;; Return value:  Size  Location     Type
  7655 ;;                  1    wreg      void 
  7656 ;; Registers used:
  7657 ;;		None
  7658 ;; Tracked objects:
  7659 ;;		On entry : 0/0
  7660 ;;		On exit  : 0/0
  7661 ;;		Unchanged: 0/0
  7662 ;; Data sizes:     COMMON   BANK0   BANK1   BANK2   BANK3   BANK4   BANK5   BANK6
  7663 ;;      Params:         0       0       0       0       0       0       0       0
  7664 ;;      Locals:         0       0       0       0       0       0       0       0
  7665 ;;      Temps:          0       0       0       0       0       0       0       0
  7666 ;;      Totals:         0       0       0       0       0       0       0       0
  7667 ;;Total ram usage:        0 bytes
  7668 ;; Hardware stack levels used: 1
  7669 ;; Hardware stack levels required when called: 6
  7670 ;; This function calls:
  7671 ;;		Nothing
  7672 ;; This function is called by:
  7673 ;;		_I2C_DO_TX_EMPTY
  7674 ;; This function uses a non-reentrant model
  7675 ;;
  7676                           
  7677     0E42                     _I2C_MasterSetIrq:	
  7678                           ;psect for function _I2C_MasterSetIrq
  7679                           
  7680     0E42                     l2768:	
  7681                           ;incstack = 0
  7682 ;; hardware stack exceeded
  7683                           ; Regs used in _I2C_MasterSetIrq: []
  7684                           
  7685                           
  7686                           ;mcc_generated_files/i2c_master.c: 647:     PIR1bits.SSPIF = 1;
  7687     0E42  0020               	movlb	0	; select bank0
  7688     0E43  1591               	bsf	17,3	;volatile
  7689     0E44                     l432:
  7690     0E44  0008               	return
  7691     0E45                     __end_of_I2C_MasterSetIrq:
  7692                           
  7693                           	psect	text52
  7694     0E97                     __ptext52:	
  7695 ;; *************** function _I2C_MasterIsNack *****************
  7696 ;; Defined at:
  7697 ;;		line 598 in file "mcc_generated_files/i2c_master.c"
  7698 ;; Parameters:    Size  Location     Type
  7699 ;;		None
  7700 ;; Auto vars:     Size  Location     Type
  7701 ;;		None
  7702 ;; Return value:  Size  Location     Type
  7703 ;;                  1    wreg      _Bool 
  7704 ;; Registers used:
  7705 ;;		wreg, status,2, status,0
  7706 ;; Tracked objects:
  7707 ;;		On entry : 0/0
  7708 ;;		On exit  : 0/0
  7709 ;;		Unchanged: 0/0
  7710 ;; Data sizes:     COMMON   BANK0   BANK1   BANK2   BANK3   BANK4   BANK5   BANK6
  7711 ;;      Params:         0       0       0       0       0       0       0       0
  7712 ;;      Locals:         0       0       0       0       0       0       0       0
  7713 ;;      Temps:          0       0       0       0       0       0       0       0
  7714 ;;      Totals:         0       0       0       0       0       0       0       0
  7715 ;;Total ram usage:        0 bytes
  7716 ;; Hardware stack levels used: 1
  7717 ;; Hardware stack levels required when called: 6
  7718 ;; This function calls:
  7719 ;;		Nothing
  7720 ;; This function is called by:
  7721 ;;		_I2C_MasterFsm
  7722 ;;		_I2C_DO_TX
  7723 ;; This function uses a non-reentrant model
  7724 ;;
  7725                           
  7726     0E97                     _I2C_MasterIsNack:	
  7727                           ;psect for function _I2C_MasterIsNack
  7728                           
  7729     0E97                     l2718:	
  7730                           ;incstack = 0
  7731                           ; Regs used in _I2C_MasterIsNack: [wreg+status,2+status,0]
  7732                           
  7733                           
  7734                           ;mcc_generated_files/i2c_master.c: 600:     return SSPCON2bits.ACKSTAT;
  7735     0E97  0024               	movlb	4	; select bank4
  7736     0E98  0E16               	swapf	22,w	;volatile
  7737     0E99  0C89               	rrf	9,f
  7738     0E9A  0C89               	rrf	9,f
  7739     0E9B  3901               	andlw	1
  7740     0E9C                     l405:
  7741     0E9C  0008               	return
  7742     0E9D                     __end_of_I2C_MasterIsNack:
  7743                           
  7744                           	psect	text53
  7745     0E91                     __ptext53:	
  7746 ;; *************** function _I2C_MasterSendTxData *****************
  7747 ;; Defined at:
  7748 ;;		line 568 in file "mcc_generated_files/i2c_master.c"
  7749 ;; Parameters:    Size  Location     Type
  7750 ;;  data            1    wreg     unsigned char 
  7751 ;; Auto vars:     Size  Location     Type
  7752 ;;  data            1    0[BANK0 ] unsigned char 
  7753 ;; Return value:  Size  Location     Type
  7754 ;;                  1    wreg      void 
  7755 ;; Registers used:
  7756 ;;		wreg
  7757 ;; Tracked objects:
  7758 ;;		On entry : 0/0
  7759 ;;		On exit  : 0/0
  7760 ;;		Unchanged: 0/0
  7761 ;; Data sizes:     COMMON   BANK0   BANK1   BANK2   BANK3   BANK4   BANK5   BANK6
  7762 ;;      Params:         0       0       0       0       0       0       0       0
  7763 ;;      Locals:         0       1       0       0       0       0       0       0
  7764 ;;      Temps:          0       0       0       0       0       0       0       0
  7765 ;;      Totals:         0       1       0       0       0       0       0       0
  7766 ;;Total ram usage:        1 bytes
  7767 ;; Hardware stack levels used: 1
  7768 ;; Hardware stack levels required when called: 6
  7769 ;; This function calls:
  7770 ;;		Nothing
  7771 ;; This function is called by:
  7772 ;;		_I2C_DO_SEND_ADR_READ
  7773 ;;		_I2C_DO_SEND_ADR_WRITE
  7774 ;;		_I2C_DO_TX
  7775 ;; This function uses a non-reentrant model
  7776 ;;
  7777                           
  7778     0E91                     _I2C_MasterSendTxData:	
  7779                           ;psect for function _I2C_MasterSendTxData
  7780                           
  7781                           
  7782                           ;incstack = 0
  7783 ;; hardware stack exceeded
  7784                           ; Regs used in _I2C_MasterSendTxData: [wreg]
  7785                           ;I2C_MasterSendTxData@data stored from wreg
  7786     0E91  0020               	movlb	0	; select bank0
  7787     0E92  00A0               	movwf	I2C_MasterSendTxData@data
  7788     0E93                     l3880:
  7789                           
  7790                           ;mcc_generated_files/i2c_master.c: 568: static __attribute__((inline)) void I2C_MasterSe
      +                          ndTxData(uint8_t data);mcc_generated_files/i2c_master.c: 569: {;mcc_generated_files/i2c_
      +                          master.c: 570:     SSPBUF = data;
  7791     0E93  0820               	movf	I2C_MasterSendTxData@data,w
  7792     0E94  0024               	movlb	4	; select bank4
  7793     0E95  0091               	movwf	17	;volatile
  7794     0E96                     l387:
  7795     0E96  0008               	return
  7796     0E97                     __end_of_I2C_MasterSendTxData:
  7797                           
  7798                           	psect	text54
  7799     0E4D                     __ptext54:	
  7800 ;; *************** function _I2C_MasterSendAck *****************
  7801 ;; Defined at:
  7802 ;;		line 603 in file "mcc_generated_files/i2c_master.c"
  7803 ;; Parameters:    Size  Location     Type
  7804 ;;		None
  7805 ;; Auto vars:     Size  Location     Type
  7806 ;;		None
  7807 ;; Return value:  Size  Location     Type
  7808 ;;                  1    wreg      void 
  7809 ;; Registers used:
  7810 ;;		None
  7811 ;; Tracked objects:
  7812 ;;		On entry : 0/0
  7813 ;;		On exit  : 0/0
  7814 ;;		Unchanged: 0/0
  7815 ;; Data sizes:     COMMON   BANK0   BANK1   BANK2   BANK3   BANK4   BANK5   BANK6
  7816 ;;      Params:         0       0       0       0       0       0       0       0
  7817 ;;      Locals:         0       0       0       0       0       0       0       0
  7818 ;;      Temps:          0       0       0       0       0       0       0       0
  7819 ;;      Totals:         0       0       0       0       0       0       0       0
  7820 ;;Total ram usage:        0 bytes
  7821 ;; Hardware stack levels used: 1
  7822 ;; Hardware stack levels required when called: 6
  7823 ;; This function calls:
  7824 ;;		Nothing
  7825 ;; This function is called by:
  7826 ;;		_I2C_DO_RX
  7827 ;;		_I2C_DO_RX_ACK
  7828 ;; This function uses a non-reentrant model
  7829 ;;
  7830                           
  7831     0E4D                     _I2C_MasterSendAck:	
  7832                           ;psect for function _I2C_MasterSendAck
  7833                           
  7834     0E4D                     l2746:	
  7835                           ;incstack = 0
  7836 ;; hardware stack exceeded
  7837                           ; Regs used in _I2C_MasterSendAck: []
  7838                           
  7839                           
  7840                           ;mcc_generated_files/i2c_master.c: 605:     SSPCON2bits.ACKDT = 0;
  7841     0E4D  0024               	movlb	4	; select bank4
  7842     0E4E  1296               	bcf	22,5	;volatile
  7843                           
  7844                           ;mcc_generated_files/i2c_master.c: 606:     SSPCON2bits.ACKEN = 1;
  7845     0E4F  1616               	bsf	22,4	;volatile
  7846     0E50                     l408:
  7847     0E50  0008               	return
  7848     0E51                     __end_of_I2C_MasterSendAck:
  7849                           
  7850                           	psect	text55
  7851     0E3F                     __ptext55:	
  7852 ;; *************** function _I2C_MasterGetRxData *****************
  7853 ;; Defined at:
  7854 ;;		line 563 in file "mcc_generated_files/i2c_master.c"
  7855 ;; Parameters:    Size  Location     Type
  7856 ;;		None
  7857 ;; Auto vars:     Size  Location     Type
  7858 ;;		None
  7859 ;; Return value:  Size  Location     Type
  7860 ;;                  1    wreg      unsigned char 
  7861 ;; Registers used:
  7862 ;;		wreg
  7863 ;; Tracked objects:
  7864 ;;		On entry : 0/0
  7865 ;;		On exit  : 0/0
  7866 ;;		Unchanged: 0/0
  7867 ;; Data sizes:     COMMON   BANK0   BANK1   BANK2   BANK3   BANK4   BANK5   BANK6
  7868 ;;      Params:         0       0       0       0       0       0       0       0
  7869 ;;      Locals:         0       0       0       0       0       0       0       0
  7870 ;;      Temps:          0       0       0       0       0       0       0       0
  7871 ;;      Totals:         0       0       0       0       0       0       0       0
  7872 ;;Total ram usage:        0 bytes
  7873 ;; Hardware stack levels used: 1
  7874 ;; Hardware stack levels required when called: 6
  7875 ;; This function calls:
  7876 ;;		Nothing
  7877 ;; This function is called by:
  7878 ;;		_I2C_DO_RX
  7879 ;; This function uses a non-reentrant model
  7880 ;;
  7881                           
  7882     0E3F                     _I2C_MasterGetRxData:	
  7883                           ;psect for function _I2C_MasterGetRxData
  7884                           
  7885     0E3F                     l2742:	
  7886                           ;incstack = 0
  7887 ;; hardware stack exceeded
  7888                           ; Regs used in _I2C_MasterGetRxData: [wreg]
  7889                           
  7890                           
  7891                           ;mcc_generated_files/i2c_master.c: 565:     return SSPBUF;
  7892     0E3F  0024               	movlb	4	; select bank4
  7893     0E40  0811               	movf	17,w	;volatile
  7894     0E41                     l384:
  7895     0E41  0008               	return
  7896     0E42                     __end_of_I2C_MasterGetRxData:
  7897                           
  7898                           	psect	text56
  7899     0E49                     __ptext56:	
  7900 ;; *************** function _I2C_MasterSendNack *****************
  7901 ;; Defined at:
  7902 ;;		line 609 in file "mcc_generated_files/i2c_master.c"
  7903 ;; Parameters:    Size  Location     Type
  7904 ;;		None
  7905 ;; Auto vars:     Size  Location     Type
  7906 ;;		None
  7907 ;; Return value:  Size  Location     Type
  7908 ;;                  1    wreg      void 
  7909 ;; Registers used:
  7910 ;;		None
  7911 ;; Tracked objects:
  7912 ;;		On entry : 0/0
  7913 ;;		On exit  : 0/0
  7914 ;;		Unchanged: 0/0
  7915 ;; Data sizes:     COMMON   BANK0   BANK1   BANK2   BANK3   BANK4   BANK5   BANK6
  7916 ;;      Params:         0       0       0       0       0       0       0       0
  7917 ;;      Locals:         0       0       0       0       0       0       0       0
  7918 ;;      Temps:          0       0       0       0       0       0       0       0
  7919 ;;      Totals:         0       0       0       0       0       0       0       0
  7920 ;;Total ram usage:        0 bytes
  7921 ;; Hardware stack levels used: 1
  7922 ;; Hardware stack levels required when called: 6
  7923 ;; This function calls:
  7924 ;;		Nothing
  7925 ;; This function is called by:
  7926 ;;		_I2C_DO_RX_NACK_STOP
  7927 ;;		_I2C_DO_RX_NACK_RESTART
  7928 ;; This function uses a non-reentrant model
  7929 ;;
  7930                           
  7931     0E49                     _I2C_MasterSendNack:	
  7932                           ;psect for function _I2C_MasterSendNack
  7933                           
  7934     0E49                     l2678:	
  7935                           ;incstack = 0
  7936 ;; hardware stack exceeded
  7937                           ; Regs used in _I2C_MasterSendNack: []
  7938                           
  7939                           
  7940                           ;mcc_generated_files/i2c_master.c: 611:     SSPCON2bits.ACKDT = 1;
  7941     0E49  0024               	movlb	4	; select bank4
  7942     0E4A  1696               	bsf	22,5	;volatile
  7943                           
  7944                           ;mcc_generated_files/i2c_master.c: 612:     SSPCON2bits.ACKEN = 1;
  7945     0E4B  1616               	bsf	22,4	;volatile
  7946     0E4C                     l411:
  7947     0E4C  0008               	return
  7948     0E4D                     __end_of_I2C_MasterSendNack:
  7949                           
  7950                           	psect	text57
  7951     0E3C                     __ptext57:	
  7952 ;; *************** function _I2C_MasterStartRx *****************
  7953 ;; Defined at:
  7954 ;;		line 583 in file "mcc_generated_files/i2c_master.c"
  7955 ;; Parameters:    Size  Location     Type
  7956 ;;		None
  7957 ;; Auto vars:     Size  Location     Type
  7958 ;;		None
  7959 ;; Return value:  Size  Location     Type
  7960 ;;                  1    wreg      void 
  7961 ;; Registers used:
  7962 ;;		None
  7963 ;; Tracked objects:
  7964 ;;		On entry : 0/0
  7965 ;;		On exit  : 0/0
  7966 ;;		Unchanged: 0/0
  7967 ;; Data sizes:     COMMON   BANK0   BANK1   BANK2   BANK3   BANK4   BANK5   BANK6
  7968 ;;      Params:         0       0       0       0       0       0       0       0
  7969 ;;      Locals:         0       0       0       0       0       0       0       0
  7970 ;;      Temps:          0       0       0       0       0       0       0       0
  7971 ;;      Totals:         0       0       0       0       0       0       0       0
  7972 ;;Total ram usage:        0 bytes
  7973 ;; Hardware stack levels used: 1
  7974 ;; Hardware stack levels required when called: 6
  7975 ;; This function calls:
  7976 ;;		Nothing
  7977 ;; This function is called by:
  7978 ;;		_I2C_DO_RCEN
  7979 ;; This function uses a non-reentrant model
  7980 ;;
  7981                           
  7982     0E3C                     _I2C_MasterStartRx:	
  7983                           ;psect for function _I2C_MasterStartRx
  7984                           
  7985     0E3C                     l2760:	
  7986                           ;incstack = 0
  7987 ;; hardware stack exceeded
  7988                           ; Regs used in _I2C_MasterStartRx: []
  7989                           
  7990                           
  7991                           ;mcc_generated_files/i2c_master.c: 585:     SSPCON2bits.RCEN = 1;
  7992     0E3C  0024               	movlb	4	; select bank4
  7993     0E3D  1596               	bsf	22,3	;volatile
  7994     0E3E                     l396:
  7995     0E3E  0008               	return
  7996     0E3F                     __end_of_I2C_MasterStartRx:
  7997                           
  7998                           	psect	text58
  7999     0002                     __ptext58:	
  8000 ;; *************** function _I2C_CallbackReturnReset *****************
  8001 ;; Defined at:
  8002 ;;		line 525 in file "mcc_generated_files/i2c_master.c"
  8003 ;; Parameters:    Size  Location     Type
  8004 ;;  funPtr          1    7[BANK0 ] PTR void 
  8005 ;;		 -> I2C_ReadDataBlock@bufferBlock(4), I2C_Write2ByteRegister@data(2), I2C_Write1ByteRegister@data(1), I2C_Read2ByteR
      +egister@returnValue(2), 
  8006 ;;		 -> NULL(0), I2C_Read1ByteRegister@returnValue(1), 
  8007 ;; Auto vars:     Size  Location     Type
  8008 ;;		None
  8009 ;; Return value:  Size  Location     Type
  8010 ;;                  1    wreg      enum E363
  8011 ;; Registers used:
  8012 ;;		wreg
  8013 ;; Tracked objects:
  8014 ;;		On entry : 0/0
  8015 ;;		On exit  : 0/0
  8016 ;;		Unchanged: 0/0
  8017 ;; Data sizes:     COMMON   BANK0   BANK1   BANK2   BANK3   BANK4   BANK5   BANK6
  8018 ;;      Params:         0       1       0       0       0       0       0       0
  8019 ;;      Locals:         0       0       0       0       0       0       0       0
  8020 ;;      Temps:          0       0       0       0       0       0       0       0
  8021 ;;      Totals:         0       1       0       0       0       0       0       0
  8022 ;;Total ram usage:        1 bytes
  8023 ;; Hardware stack levels used: 1
  8024 ;; Hardware stack levels required when called: 6
  8025 ;; This function calls:
  8026 ;;		Nothing
  8027 ;; This function is called by:
  8028 ;;		_I2C_Open
  8029 ;;		_I2C_DO_TX
  8030 ;;		_I2C_DO_RX
  8031 ;;		_I2C_DO_TX_EMPTY
  8032 ;;		_I2C_DO_ADDRESS_NACK
  8033 ;;		_I2C_DO_RX_EMPTY
  8034 ;; This function uses a non-reentrant model
  8035 ;;
  8036                           
  8037     0002                     _I2C_CallbackReturnReset:	
  8038                           ;psect for function _I2C_CallbackReturnReset
  8039                           
  8040     0002                     l2774:	
  8041                           ;incstack = 0
  8042 ;; hardware stack exceeded
  8043                           ; Regs used in _I2C_CallbackReturnReset: [wreg]
  8044                           
  8045                           
  8046                           ;mcc_generated_files/i2c_master.c: 525: i2c_operations_t I2C_CallbackReturnReset(void *f
      +                          unPtr);mcc_generated_files/i2c_master.c: 526: {;mcc_generated_files/i2c_master.c: 527:  
      +                             return I2C_RESET_LINK;
  8047     0002  3005               	movlw	5
  8048     0003                     l368:
  8049     0003  0008               	return
  8050     0004                     __end_of_I2C_CallbackReturnReset:
  8051                           
  8052                           	psect	text59
  8053     0E28                     __ptext59:	
  8054 ;; *************** function _I2C_CallbackReturnStop *****************
  8055 ;; Defined at:
  8056 ;;		line 520 in file "mcc_generated_files/i2c_master.c"
  8057 ;; Parameters:    Size  Location     Type
  8058 ;;  funPtr          1    7[BANK0 ] PTR void 
  8059 ;;		 -> I2C_ReadDataBlock@bufferBlock(4), I2C_Write2ByteRegister@data(2), I2C_Write1ByteRegister@data(1), I2C_Read2ByteR
      +egister@returnValue(2), 
  8060 ;;		 -> NULL(0), I2C_Read1ByteRegister@returnValue(1), 
  8061 ;; Auto vars:     Size  Location     Type
  8062 ;;		None
  8063 ;; Return value:  Size  Location     Type
  8064 ;;                  1    wreg      enum E363
  8065 ;; Registers used:
  8066 ;;		wreg
  8067 ;; Tracked objects:
  8068 ;;		On entry : 0/0
  8069 ;;		On exit  : 0/0
  8070 ;;		Unchanged: 0/0
  8071 ;; Data sizes:     COMMON   BANK0   BANK1   BANK2   BANK3   BANK4   BANK5   BANK6
  8072 ;;      Params:         0       1       0       0       0       0       0       0
  8073 ;;      Locals:         0       0       0       0       0       0       0       0
  8074 ;;      Temps:          0       0       0       0       0       0       0       0
  8075 ;;      Totals:         0       1       0       0       0       0       0       0
  8076 ;;Total ram usage:        1 bytes
  8077 ;; Hardware stack levels used: 1
  8078 ;; Hardware stack levels required when called: 6
  8079 ;; This function calls:
  8080 ;;		Nothing
  8081 ;; This function is called by:
  8082 ;;		_I2C_Open
  8083 ;;		_I2C_SetCallback
  8084 ;;		_I2C_DO_TX
  8085 ;;		_I2C_DO_RX
  8086 ;;		_I2C_DO_TX_EMPTY
  8087 ;;		_I2C_DO_ADDRESS_NACK
  8088 ;;		_I2C_DO_RX_EMPTY
  8089 ;; This function uses a non-reentrant model
  8090 ;;
  8091                           
  8092     0E28                     _I2C_CallbackReturnStop:	
  8093                           ;psect for function _I2C_CallbackReturnStop
  8094                           
  8095     0E28                     l2770:	
  8096                           ;incstack = 0
  8097 ;; hardware stack exceeded
  8098                           ; Regs used in _I2C_CallbackReturnStop: [wreg]
  8099                           
  8100                           
  8101                           ;mcc_generated_files/i2c_master.c: 520: i2c_operations_t I2C_CallbackReturnStop(void *fu
      +                          nPtr);mcc_generated_files/i2c_master.c: 521: {;mcc_generated_files/i2c_master.c: 522:   
      +                            return I2C_STOP;
  8102     0E28  3001               	movlw	1
  8103     0E29                     l365:
  8104     0E29  0008               	return
  8105     0E2A                     __end_of_I2C_CallbackReturnStop:
  8106                           
  8107                           	psect	text60
  8108     0783                     __ptext60:	
  8109 ;; *************** function _rdBlkRegCompleteHandler *****************
  8110 ;; Defined at:
  8111 ;;		line 170 in file "mcc_generated_files/examples/i2c_master_example.c"
  8112 ;; Parameters:    Size  Location     Type
  8113 ;;  ptr             1    7[BANK0 ] PTR void 
  8114 ;;		 -> I2C_ReadDataBlock@bufferBlock(4), I2C_Write2ByteRegister@data(2), I2C_Write1ByteRegister@data(1), I2C_Read2ByteR
      +egister@returnValue(2), 
  8115 ;;		 -> NULL(0), I2C_Read1ByteRegister@returnValue(1), 
  8116 ;; Auto vars:     Size  Location     Type
  8117 ;;		None
  8118 ;; Return value:  Size  Location     Type
  8119 ;;                  1    wreg      enum E363
  8120 ;; Registers used:
  8121 ;;		wreg, fsr1l, fsr1h, status,2, status,0, pclath, cstack
  8122 ;; Tracked objects:
  8123 ;;		On entry : 0/0
  8124 ;;		On exit  : 0/0
  8125 ;;		Unchanged: 0/0
  8126 ;; Data sizes:     COMMON   BANK0   BANK1   BANK2   BANK3   BANK4   BANK5   BANK6
  8127 ;;      Params:         0       1       0       0       0       0       0       0
  8128 ;;      Locals:         0       0       0       0       0       0       0       0
  8129 ;;      Temps:          0       0       0       0       0       0       0       0
  8130 ;;      Totals:         0       1       0       0       0       0       0       0
  8131 ;;Total ram usage:        1 bytes
  8132 ;; Hardware stack levels used: 1
  8133 ;; Hardware stack levels required when called: 8
  8134 ;; This function calls:
  8135 ;;		_I2C_SetBuffer
  8136 ;;		_I2C_SetDataCompleteCallback
  8137 ;; This function is called by:
  8138 ;;		_I2C_ReadDataBlock
  8139 ;;		_I2C_DO_TX
  8140 ;;		_I2C_DO_RX
  8141 ;;		_I2C_DO_TX_EMPTY
  8142 ;;		_I2C_DO_ADDRESS_NACK
  8143 ;;		_I2C_DO_RX_EMPTY
  8144 ;; This function uses a non-reentrant model
  8145 ;;
  8146                           
  8147     0783                     _rdBlkRegCompleteHandler:	
  8148                           ;psect for function _rdBlkRegCompleteHandler
  8149                           
  8150     0783                     l3874:	
  8151                           ;incstack = 0
  8152 ;; hardware stack exceeded
  8153                           ; Regs used in _rdBlkRegCompleteHandler: [wreg+fsr1l+fsr1h+status,2+status,0+pclath+csta
      +                          ck]
  8154                           
  8155                           
  8156                           ;mcc_generated_files/examples/i2c_master_example.c: 170: static i2c_operations_t rdBlkRe
      +                          gCompleteHandler(void *ptr);mcc_generated_files/examples/i2c_master_example.c: 171: {;mc
      +                          c_generated_files/examples/i2c_master_example.c: 172:     I2C_SetBuffer(((i2c_buffer_t *
      +                          )ptr)->data,((i2c_buffer_t*)ptr)->len);
  8157     0783  0020               	movlb	0	; select bank0
  8158     0784  0827               	movf	rdBlkRegCompleteHandler@ptr,w
  8159     0785  0086               	movwf	6
  8160     0786  0187               	clrf	7
  8161     0787  3F40               	moviw [0]fsr1
  8162     0788  00A0               	movwf	I2C_SetBuffer@bufferSize
  8163     0789  3F41               	moviw [1]fsr1
  8164     078A  00A1               	movwf	I2C_SetBuffer@bufferSize+1
  8165     078B  0827               	movf	rdBlkRegCompleteHandler@ptr,w
  8166     078C  3E02               	addlw	2
  8167     078D  0086               	movwf	6
  8168     078E  0187               	clrf	7
  8169     078F  0801               	movf	1,w
  8170     0790  318F  27EB  3187   	fcall	_I2C_SetBuffer
  8171                           
  8172                           ;mcc_generated_files/examples/i2c_master_example.c: 173:     I2C_SetDataCompleteCallback
      +                          (((void*)0),((void*)0));
  8173     0793  3000               	movlw	0
  8174     0794  0020               	movlb	0	; select bank0
  8175     0795  00A4               	movwf	I2C_SetDataCompleteCallback@cb
  8176     0796  00A5               	movwf	I2C_SetDataCompleteCallback@cb+1
  8177     0797  01A6               	clrf	I2C_SetDataCompleteCallback@ptr
  8178     0798  318E  26DF  3187   	fcall	_I2C_SetDataCompleteCallback
  8179     079B                     l3876:
  8180                           
  8181                           ;mcc_generated_files/examples/i2c_master_example.c: 174:     return I2C_RESTART_READ;
  8182     079B  3002               	movlw	2
  8183     079C                     l102:
  8184     079C  0008               	return
  8185     079D                     __end_of_rdBlkRegCompleteHandler:
  8186                           
  8187                           	psect	text61
  8188     0FB1                     __ptext61:	
  8189 ;; *************** function _wr1RegCompleteHandler *****************
  8190 ;; Defined at:
  8191 ;;		line 156 in file "mcc_generated_files/examples/i2c_master_example.c"
  8192 ;; Parameters:    Size  Location     Type
  8193 ;;  ptr             1    7[BANK0 ] PTR void 
  8194 ;;		 -> I2C_ReadDataBlock@bufferBlock(4), I2C_Write2ByteRegister@data(2), I2C_Write1ByteRegister@data(1), I2C_Read2ByteR
      +egister@returnValue(2), 
  8195 ;;		 -> NULL(0), I2C_Read1ByteRegister@returnValue(1), 
  8196 ;; Auto vars:     Size  Location     Type
  8197 ;;		None
  8198 ;; Return value:  Size  Location     Type
  8199 ;;                  1    wreg      enum E363
  8200 ;; Registers used:
  8201 ;;		wreg, fsr1l, fsr1h, status,2, status,0, pclath, cstack
  8202 ;; Tracked objects:
  8203 ;;		On entry : 0/0
  8204 ;;		On exit  : 0/0
  8205 ;;		Unchanged: 0/0
  8206 ;; Data sizes:     COMMON   BANK0   BANK1   BANK2   BANK3   BANK4   BANK5   BANK6
  8207 ;;      Params:         0       1       0       0       0       0       0       0
  8208 ;;      Locals:         0       0       0       0       0       0       0       0
  8209 ;;      Temps:          0       0       0       0       0       0       0       0
  8210 ;;      Totals:         0       1       0       0       0       0       0       0
  8211 ;;Total ram usage:        1 bytes
  8212 ;; Hardware stack levels used: 1
  8213 ;; Hardware stack levels required when called: 8
  8214 ;; This function calls:
  8215 ;;		_I2C_SetBuffer
  8216 ;;		_I2C_SetDataCompleteCallback
  8217 ;; This function is called by:
  8218 ;;		_I2C_Write1ByteRegister
  8219 ;;		_I2C_DO_TX
  8220 ;;		_I2C_DO_RX
  8221 ;;		_I2C_DO_TX_EMPTY
  8222 ;;		_I2C_DO_ADDRESS_NACK
  8223 ;;		_I2C_DO_RX_EMPTY
  8224 ;; This function uses a non-reentrant model
  8225 ;;
  8226                           
  8227     0FB1                     _wr1RegCompleteHandler:	
  8228                           ;psect for function _wr1RegCompleteHandler
  8229                           
  8230     0FB1                     l3858:	
  8231                           ;incstack = 0
  8232 ;; hardware stack exceeded
  8233                           ; Regs used in _wr1RegCompleteHandler: [wreg+fsr1l+fsr1h+status,2+status,0+pclath+cstack
      +                          ]
  8234                           
  8235                           
  8236                           ;mcc_generated_files/examples/i2c_master_example.c: 156: static i2c_operations_t wr1RegC
      +                          ompleteHandler(void *ptr);mcc_generated_files/examples/i2c_master_example.c: 157: {;mcc_
      +                          generated_files/examples/i2c_master_example.c: 158:     I2C_SetBuffer(ptr,1);
  8237     0FB1  3001               	movlw	1
  8238     0FB2  0020               	movlb	0	; select bank0
  8239     0FB3  00A0               	movwf	I2C_SetBuffer@bufferSize
  8240     0FB4  3000               	movlw	0
  8241     0FB5  00A1               	movwf	I2C_SetBuffer@bufferSize+1
  8242     0FB6  0827               	movf	wr1RegCompleteHandler@ptr,w
  8243     0FB7  318F  27EB  318F   	fcall	_I2C_SetBuffer
  8244     0FBA                     l3860:
  8245                           
  8246                           ;mcc_generated_files/examples/i2c_master_example.c: 159:     I2C_SetDataCompleteCallback
      +                          (((void*)0),((void*)0));
  8247     0FBA  3000               	movlw	0
  8248     0FBB  0020               	movlb	0	; select bank0
  8249     0FBC  00A4               	movwf	I2C_SetDataCompleteCallback@cb
  8250     0FBD  00A5               	movwf	I2C_SetDataCompleteCallback@cb+1
  8251     0FBE  01A6               	clrf	I2C_SetDataCompleteCallback@ptr
  8252     0FBF  318E  26DF  318F   	fcall	_I2C_SetDataCompleteCallback
  8253     0FC2                     l3862:
  8254                           
  8255                           ;mcc_generated_files/examples/i2c_master_example.c: 160:     return I2C_CONTINUE;
  8256     0FC2  3004               	movlw	4
  8257     0FC3                     l96:
  8258     0FC3  0008               	return
  8259     0FC4                     __end_of_wr1RegCompleteHandler:
  8260                           
  8261                           	psect	text62
  8262     0F9E                     __ptext62:	
  8263 ;; *************** function _rd2RegCompleteHandler *****************
  8264 ;; Defined at:
  8265 ;;		line 149 in file "mcc_generated_files/examples/i2c_master_example.c"
  8266 ;; Parameters:    Size  Location     Type
  8267 ;;  ptr             1    7[BANK0 ] PTR void 
  8268 ;;		 -> I2C_ReadDataBlock@bufferBlock(4), I2C_Write2ByteRegister@data(2), I2C_Write1ByteRegister@data(1), I2C_Read2ByteR
      +egister@returnValue(2), 
  8269 ;;		 -> NULL(0), I2C_Read1ByteRegister@returnValue(1), 
  8270 ;; Auto vars:     Size  Location     Type
  8271 ;;		None
  8272 ;; Return value:  Size  Location     Type
  8273 ;;                  1    wreg      enum E363
  8274 ;; Registers used:
  8275 ;;		wreg, fsr1l, fsr1h, status,2, status,0, pclath, cstack
  8276 ;; Tracked objects:
  8277 ;;		On entry : 0/0
  8278 ;;		On exit  : 0/0
  8279 ;;		Unchanged: 0/0
  8280 ;; Data sizes:     COMMON   BANK0   BANK1   BANK2   BANK3   BANK4   BANK5   BANK6
  8281 ;;      Params:         0       1       0       0       0       0       0       0
  8282 ;;      Locals:         0       0       0       0       0       0       0       0
  8283 ;;      Temps:          0       0       0       0       0       0       0       0
  8284 ;;      Totals:         0       1       0       0       0       0       0       0
  8285 ;;Total ram usage:        1 bytes
  8286 ;; Hardware stack levels used: 1
  8287 ;; Hardware stack levels required when called: 8
  8288 ;; This function calls:
  8289 ;;		_I2C_SetBuffer
  8290 ;;		_I2C_SetDataCompleteCallback
  8291 ;; This function is called by:
  8292 ;;		_I2C_Read2ByteRegister
  8293 ;;		_I2C_DO_TX
  8294 ;;		_I2C_DO_RX
  8295 ;;		_I2C_DO_TX_EMPTY
  8296 ;;		_I2C_DO_ADDRESS_NACK
  8297 ;;		_I2C_DO_RX_EMPTY
  8298 ;; This function uses a non-reentrant model
  8299 ;;
  8300                           
  8301     0F9E                     _rd2RegCompleteHandler:	
  8302                           ;psect for function _rd2RegCompleteHandler
  8303                           
  8304     0F9E                     l3850:	
  8305                           ;incstack = 0
  8306 ;; hardware stack exceeded
  8307                           ; Regs used in _rd2RegCompleteHandler: [wreg+fsr1l+fsr1h+status,2+status,0+pclath+cstack
      +                          ]
  8308                           
  8309                           
  8310                           ;mcc_generated_files/examples/i2c_master_example.c: 149: static i2c_operations_t rd2RegC
      +                          ompleteHandler(void *ptr);mcc_generated_files/examples/i2c_master_example.c: 150: {;mcc_
      +                          generated_files/examples/i2c_master_example.c: 151:     I2C_SetBuffer(ptr,2);
  8311     0F9E  3002               	movlw	2
  8312     0F9F  0020               	movlb	0	; select bank0
  8313     0FA0  00A0               	movwf	I2C_SetBuffer@bufferSize
  8314     0FA1  3000               	movlw	0
  8315     0FA2  00A1               	movwf	I2C_SetBuffer@bufferSize+1
  8316     0FA3  0827               	movf	rd2RegCompleteHandler@ptr,w
  8317     0FA4  318F  27EB  318F   	fcall	_I2C_SetBuffer
  8318     0FA7                     l3852:
  8319                           
  8320                           ;mcc_generated_files/examples/i2c_master_example.c: 152:     I2C_SetDataCompleteCallback
      +                          (((void*)0),((void*)0));
  8321     0FA7  3000               	movlw	0
  8322     0FA8  0020               	movlb	0	; select bank0
  8323     0FA9  00A4               	movwf	I2C_SetDataCompleteCallback@cb
  8324     0FAA  00A5               	movwf	I2C_SetDataCompleteCallback@cb+1
  8325     0FAB  01A6               	clrf	I2C_SetDataCompleteCallback@ptr
  8326     0FAC  318E  26DF  318F   	fcall	_I2C_SetDataCompleteCallback
  8327     0FAF                     l3854:
  8328                           
  8329                           ;mcc_generated_files/examples/i2c_master_example.c: 153:     return I2C_RESTART_READ;
  8330     0FAF  3002               	movlw	2
  8331     0FB0                     l93:
  8332     0FB0  0008               	return
  8333     0FB1                     __end_of_rd2RegCompleteHandler:
  8334                           
  8335                           	psect	text63
  8336     0F8B                     __ptext63:	
  8337 ;; *************** function _rd1RegCompleteHandler *****************
  8338 ;; Defined at:
  8339 ;;		line 142 in file "mcc_generated_files/examples/i2c_master_example.c"
  8340 ;; Parameters:    Size  Location     Type
  8341 ;;  ptr             1    7[BANK0 ] PTR void 
  8342 ;;		 -> I2C_ReadDataBlock@bufferBlock(4), I2C_Write2ByteRegister@data(2), I2C_Write1ByteRegister@data(1), I2C_Read2ByteR
      +egister@returnValue(2), 
  8343 ;;		 -> NULL(0), I2C_Read1ByteRegister@returnValue(1), 
  8344 ;; Auto vars:     Size  Location     Type
  8345 ;;		None
  8346 ;; Return value:  Size  Location     Type
  8347 ;;                  1    wreg      enum E363
  8348 ;; Registers used:
  8349 ;;		wreg, fsr1l, fsr1h, status,2, status,0, pclath, cstack
  8350 ;; Tracked objects:
  8351 ;;		On entry : 0/0
  8352 ;;		On exit  : 0/0
  8353 ;;		Unchanged: 0/0
  8354 ;; Data sizes:     COMMON   BANK0   BANK1   BANK2   BANK3   BANK4   BANK5   BANK6
  8355 ;;      Params:         0       1       0       0       0       0       0       0
  8356 ;;      Locals:         0       0       0       0       0       0       0       0
  8357 ;;      Temps:          0       0       0       0       0       0       0       0
  8358 ;;      Totals:         0       1       0       0       0       0       0       0
  8359 ;;Total ram usage:        1 bytes
  8360 ;; Hardware stack levels used: 1
  8361 ;; Hardware stack levels required when called: 8
  8362 ;; This function calls:
  8363 ;;		_I2C_SetBuffer
  8364 ;;		_I2C_SetDataCompleteCallback
  8365 ;; This function is called by:
  8366 ;;		_I2C_Read1ByteRegister
  8367 ;;		_I2C_DO_TX
  8368 ;;		_I2C_DO_RX
  8369 ;;		_I2C_DO_TX_EMPTY
  8370 ;;		_I2C_DO_ADDRESS_NACK
  8371 ;;		_I2C_DO_RX_EMPTY
  8372 ;; This function uses a non-reentrant model
  8373 ;;
  8374                           
  8375     0F8B                     _rd1RegCompleteHandler:	
  8376                           ;psect for function _rd1RegCompleteHandler
  8377                           
  8378     0F8B                     l3842:	
  8379                           ;incstack = 0
  8380 ;; hardware stack exceeded
  8381                           ; Regs used in _rd1RegCompleteHandler: [wreg+fsr1l+fsr1h+status,2+status,0+pclath+cstack
      +                          ]
  8382                           
  8383                           
  8384                           ;mcc_generated_files/examples/i2c_master_example.c: 142: static i2c_operations_t rd1RegC
      +                          ompleteHandler(void *ptr);mcc_generated_files/examples/i2c_master_example.c: 143: {;mcc_
      +                          generated_files/examples/i2c_master_example.c: 144:     I2C_SetBuffer(ptr,1);
  8385     0F8B  3001               	movlw	1
  8386     0F8C  0020               	movlb	0	; select bank0
  8387     0F8D  00A0               	movwf	I2C_SetBuffer@bufferSize
  8388     0F8E  3000               	movlw	0
  8389     0F8F  00A1               	movwf	I2C_SetBuffer@bufferSize+1
  8390     0F90  0827               	movf	rd1RegCompleteHandler@ptr,w
  8391     0F91  318F  27EB  318F   	fcall	_I2C_SetBuffer
  8392     0F94                     l3844:
  8393                           
  8394                           ;mcc_generated_files/examples/i2c_master_example.c: 145:     I2C_SetDataCompleteCallback
      +                          (((void*)0),((void*)0));
  8395     0F94  3000               	movlw	0
  8396     0F95  0020               	movlb	0	; select bank0
  8397     0F96  00A4               	movwf	I2C_SetDataCompleteCallback@cb
  8398     0F97  00A5               	movwf	I2C_SetDataCompleteCallback@cb+1
  8399     0F98  01A6               	clrf	I2C_SetDataCompleteCallback@ptr
  8400     0F99  318E  26DF  318F   	fcall	_I2C_SetDataCompleteCallback
  8401     0F9C                     l3846:
  8402                           
  8403                           ;mcc_generated_files/examples/i2c_master_example.c: 146:     return I2C_RESTART_READ;
  8404     0F9C  3002               	movlw	2
  8405     0F9D                     l90:
  8406     0F9D  0008               	return
  8407     0F9E                     __end_of_rd1RegCompleteHandler:
  8408                           
  8409                           	psect	text64
  8410     0F78                     __ptext64:	
  8411 ;; *************** function _wr2RegCompleteHandler *****************
  8412 ;; Defined at:
  8413 ;;		line 163 in file "mcc_generated_files/examples/i2c_master_example.c"
  8414 ;; Parameters:    Size  Location     Type
  8415 ;;  ptr             1    7[BANK0 ] PTR void 
  8416 ;;		 -> I2C_ReadDataBlock@bufferBlock(4), I2C_Write2ByteRegister@data(2), I2C_Write1ByteRegister@data(1), I2C_Read2ByteR
      +egister@returnValue(2), 
  8417 ;;		 -> NULL(0), I2C_Read1ByteRegister@returnValue(1), 
  8418 ;; Auto vars:     Size  Location     Type
  8419 ;;		None
  8420 ;; Return value:  Size  Location     Type
  8421 ;;                  1    wreg      enum E363
  8422 ;; Registers used:
  8423 ;;		wreg, fsr1l, fsr1h, status,2, status,0, pclath, cstack
  8424 ;; Tracked objects:
  8425 ;;		On entry : 0/0
  8426 ;;		On exit  : 0/0
  8427 ;;		Unchanged: 0/0
  8428 ;; Data sizes:     COMMON   BANK0   BANK1   BANK2   BANK3   BANK4   BANK5   BANK6
  8429 ;;      Params:         0       1       0       0       0       0       0       0
  8430 ;;      Locals:         0       0       0       0       0       0       0       0
  8431 ;;      Temps:          0       0       0       0       0       0       0       0
  8432 ;;      Totals:         0       1       0       0       0       0       0       0
  8433 ;;Total ram usage:        1 bytes
  8434 ;; Hardware stack levels used: 1
  8435 ;; Hardware stack levels required when called: 8
  8436 ;; This function calls:
  8437 ;;		_I2C_SetBuffer
  8438 ;;		_I2C_SetDataCompleteCallback
  8439 ;; This function is called by:
  8440 ;;		_I2C_Write2ByteRegister
  8441 ;;		_I2C_DO_TX
  8442 ;;		_I2C_DO_RX
  8443 ;;		_I2C_DO_TX_EMPTY
  8444 ;;		_I2C_DO_ADDRESS_NACK
  8445 ;;		_I2C_DO_RX_EMPTY
  8446 ;; This function uses a non-reentrant model
  8447 ;;
  8448                           
  8449     0F78                     _wr2RegCompleteHandler:	
  8450                           ;psect for function _wr2RegCompleteHandler
  8451                           
  8452     0F78                     l3866:	
  8453                           ;incstack = 0
  8454 ;; hardware stack exceeded
  8455                           ; Regs used in _wr2RegCompleteHandler: [wreg+fsr1l+fsr1h+status,2+status,0+pclath+cstack
      +                          ]
  8456                           
  8457                           
  8458                           ;mcc_generated_files/examples/i2c_master_example.c: 163: static i2c_operations_t wr2RegC
      +                          ompleteHandler(void *ptr);mcc_generated_files/examples/i2c_master_example.c: 164: {;mcc_
      +                          generated_files/examples/i2c_master_example.c: 165:     I2C_SetBuffer(ptr,2);
  8459     0F78  3002               	movlw	2
  8460     0F79  0020               	movlb	0	; select bank0
  8461     0F7A  00A0               	movwf	I2C_SetBuffer@bufferSize
  8462     0F7B  3000               	movlw	0
  8463     0F7C  00A1               	movwf	I2C_SetBuffer@bufferSize+1
  8464     0F7D  0827               	movf	wr2RegCompleteHandler@ptr,w
  8465     0F7E  318F  27EB  318F   	fcall	_I2C_SetBuffer
  8466     0F81                     l3868:
  8467                           
  8468                           ;mcc_generated_files/examples/i2c_master_example.c: 166:     I2C_SetDataCompleteCallback
      +                          (((void*)0),((void*)0));
  8469     0F81  3000               	movlw	0
  8470     0F82  0020               	movlb	0	; select bank0
  8471     0F83  00A4               	movwf	I2C_SetDataCompleteCallback@cb
  8472     0F84  00A5               	movwf	I2C_SetDataCompleteCallback@cb+1
  8473     0F85  01A6               	clrf	I2C_SetDataCompleteCallback@ptr
  8474     0F86  318E  26DF  318F   	fcall	_I2C_SetDataCompleteCallback
  8475     0F89                     l3870:
  8476                           
  8477                           ;mcc_generated_files/examples/i2c_master_example.c: 167:     return I2C_CONTINUE;
  8478     0F89  3004               	movlw	4
  8479     0F8A                     l99:
  8480     0F8A  0008               	return
  8481     0F8B                     __end_of_wr2RegCompleteHandler:
  8482                           
  8483                           	psect	text65
  8484     0EDF                     __ptext65:	
  8485 ;; *************** function _I2C_SetDataCompleteCallback *****************
  8486 ;; Defined at:
  8487 ;;		line 273 in file "mcc_generated_files/i2c_master.c"
  8488 ;; Parameters:    Size  Location     Type
  8489 ;;  cb              2    4[BANK0 ] PTR FTN(PTR void ,)enum 
  8490 ;;		 -> NULL(1), rdBlkRegCompleteHandler(1), wr2RegCompleteHandler(1), wr1RegCompleteHandler(1), 
  8491 ;;		 -> rd2RegCompleteHandler(1), rd1RegCompleteHandler(1), 
  8492 ;;  ptr             1    6[BANK0 ] PTR void 
  8493 ;;		 -> I2C_ReadDataBlock@bufferBlock(4), I2C_Write2ByteRegister@data(2), I2C_Write1ByteRegister@data(1), I2C_Read2ByteR
      +egister@returnValue(2), 
  8494 ;;		 -> NULL(0), I2C_Read1ByteRegister@returnValue(1), 
  8495 ;; Auto vars:     Size  Location     Type
  8496 ;;		None
  8497 ;; Return value:  Size  Location     Type
  8498 ;;                  1    wreg      void 
  8499 ;; Registers used:
  8500 ;;		wreg, fsr1l, fsr1h, status,2, status,0, pclath, cstack
  8501 ;; Tracked objects:
  8502 ;;		On entry : 0/0
  8503 ;;		On exit  : 0/0
  8504 ;;		Unchanged: 0/0
  8505 ;; Data sizes:     COMMON   BANK0   BANK1   BANK2   BANK3   BANK4   BANK5   BANK6
  8506 ;;      Params:         0       3       0       0       0       0       0       0
  8507 ;;      Locals:         0       0       0       0       0       0       0       0
  8508 ;;      Temps:          0       0       0       0       0       0       0       0
  8509 ;;      Totals:         0       3       0       0       0       0       0       0
  8510 ;;Total ram usage:        3 bytes
  8511 ;; Hardware stack levels used: 1
  8512 ;; Hardware stack levels required when called: 7
  8513 ;; This function calls:
  8514 ;;		_I2C_SetCallback
  8515 ;; This function is called by:
  8516 ;;		_I2C_Write1ByteRegister
  8517 ;;		_rd1RegCompleteHandler
  8518 ;;		_rd2RegCompleteHandler
  8519 ;;		_wr1RegCompleteHandler
  8520 ;;		_wr2RegCompleteHandler
  8521 ;;		_rdBlkRegCompleteHandler
  8522 ;;		_I2C_Read1ByteRegister
  8523 ;;		_I2C_Read2ByteRegister
  8524 ;;		_I2C_Write2ByteRegister
  8525 ;;		_I2C_ReadDataBlock
  8526 ;; This function uses a non-reentrant model
  8527 ;;
  8528                           
  8529     0EDF                     _I2C_SetDataCompleteCallback:	
  8530                           ;psect for function _I2C_SetDataCompleteCallback
  8531                           
  8532     0EDF                     l3834:	
  8533                           ;incstack = 0
  8534                           ; Regs used in _I2C_SetDataCompleteCallback: [wreg+fsr1l+fsr1h+status,2+status,0+pclath+
      +                          cstack]
  8535                           
  8536                           
  8537                           ;mcc_generated_files/i2c_master.c: 273: void I2C_SetDataCompleteCallback(i2c_callback_t 
      +                          cb, void *ptr);mcc_generated_files/i2c_master.c: 274: {;mcc_generated_files/i2c_master.c
      +                          : 275:     I2C_SetCallback(I2C_DATA_COMPLETE, cb, ptr);
  8538     0EDF  0020               	movlb	0	; select bank0
  8539     0EE0  0825               	movf	I2C_SetDataCompleteCallback@cb+1,w
  8540     0EE1  00A1               	movwf	I2C_SetCallback@cb+1
  8541     0EE2  0824               	movf	I2C_SetDataCompleteCallback@cb,w
  8542     0EE3  00A0               	movwf	I2C_SetCallback@cb
  8543     0EE4  0826               	movf	I2C_SetDataCompleteCallback@ptr,w
  8544     0EE5  00A2               	movwf	I2C_SetCallback@ptr
  8545     0EE6  3000               	movlw	0
  8546     0EE7  3186  268F  318E   	fcall	_I2C_SetCallback
  8547     0EEA                     l239:
  8548     0EEA  0008               	return
  8549     0EEB                     __end_of_I2C_SetDataCompleteCallback:
  8550                           
  8551                           	psect	text66
  8552     068F                     __ptext66:	
  8553 ;; *************** function _I2C_SetCallback *****************
  8554 ;; Defined at:
  8555 ;;		line 298 in file "mcc_generated_files/i2c_master.c"
  8556 ;; Parameters:    Size  Location     Type
  8557 ;;  idx             1    wreg     enum E3201
  8558 ;;  cb              2    0[BANK0 ] PTR FTN(PTR void ,)enum 
  8559 ;;		 -> NULL(1), rdBlkRegCompleteHandler(1), wr2RegCompleteHandler(1), wr1RegCompleteHandler(1), 
  8560 ;;		 -> rd2RegCompleteHandler(1), rd1RegCompleteHandler(1), 
  8561 ;;  ptr             1    2[BANK0 ] PTR void 
  8562 ;;		 -> I2C_ReadDataBlock@bufferBlock(4), I2C_Write2ByteRegister@data(2), I2C_Write1ByteRegister@data(1), I2C_Read2ByteR
      +egister@returnValue(2), 
  8563 ;;		 -> NULL(0), I2C_Read1ByteRegister@returnValue(1), 
  8564 ;; Auto vars:     Size  Location     Type
  8565 ;;  idx             1    3[BANK0 ] enum E3201
  8566 ;; Return value:  Size  Location     Type
  8567 ;;                  1    wreg      void 
  8568 ;; Registers used:
  8569 ;;		wreg, fsr1l, fsr1h, status,2, status,0
  8570 ;; Tracked objects:
  8571 ;;		On entry : 0/0
  8572 ;;		On exit  : 0/0
  8573 ;;		Unchanged: 0/0
  8574 ;; Data sizes:     COMMON   BANK0   BANK1   BANK2   BANK3   BANK4   BANK5   BANK6
  8575 ;;      Params:         0       3       0       0       0       0       0       0
  8576 ;;      Locals:         0       1       0       0       0       0       0       0
  8577 ;;      Temps:          0       0       0       0       0       0       0       0
  8578 ;;      Totals:         0       4       0       0       0       0       0       0
  8579 ;;Total ram usage:        4 bytes
  8580 ;; Hardware stack levels used: 1
  8581 ;; Hardware stack levels required when called: 6
  8582 ;; This function calls:
  8583 ;;		Nothing
  8584 ;; This function is called by:
  8585 ;;		_I2C_SetDataCompleteCallback
  8586 ;;		_I2C_SetAddressNackCallback
  8587 ;;		_I2C_SetWriteCollisionCallback
  8588 ;;		_I2C_SetDataNackCallback
  8589 ;;		_I2C_SetTimeoutCallback
  8590 ;; This function uses a non-reentrant model
  8591 ;;
  8592                           
  8593     068F                     _I2C_SetCallback:	
  8594                           ;psect for function _I2C_SetCallback
  8595                           
  8596                           
  8597                           ;incstack = 0
  8598                           ; Regs used in _I2C_SetCallback: [wreg+fsr1l+fsr1h+status,2+status,0]
  8599                           ;I2C_SetCallback@idx stored from wreg
  8600     068F  0020               	movlb	0	; select bank0
  8601     0690  00A3               	movwf	I2C_SetCallback@idx
  8602     0691                     l3828:
  8603                           
  8604                           ;mcc_generated_files/i2c_master.c: 298: static void I2C_SetCallback(i2c_callbackIndex_t 
      +                          idx, i2c_callback_t cb, void *ptr);mcc_generated_files/i2c_master.c: 299: {;mcc_generate
      +                          d_files/i2c_master.c: 300:     if(cb)
  8605     0691  0820               	movf	I2C_SetCallback@cb,w
  8606     0692  0421               	iorwf	I2C_SetCallback@cb+1,w
  8607     0693  1903               	btfsc	3,2
  8608     0694  2E96               	goto	u2151
  8609     0695  2E97               	goto	u2150
  8610     0696                     u2151:
  8611     0696  2EA6               	goto	l3832
  8612     0697                     u2150:
  8613     0697                     l3830:
  8614                           
  8615                           ;mcc_generated_files/i2c_master.c: 301:     {;mcc_generated_files/i2c_master.c: 302:    
      +                               I2C_Status.callbackTable[idx] = cb;
  8616     0697  3523               	lslf	I2C_SetCallback@idx,w
  8617     0698  3EA0               	addlw	(low (_I2C_Status| 0))& (0+255)
  8618     0699  0086               	movwf	6
  8619     069A  0187               	clrf	7
  8620     069B  0820               	movf	I2C_SetCallback@cb,w
  8621     069C  3FC0               	movwi [0]fsr1
  8622     069D  0821               	movf	I2C_SetCallback@cb+1,w
  8623     069E  3FC1               	movwi [1]fsr1
  8624                           
  8625                           ;mcc_generated_files/i2c_master.c: 303:         I2C_Status.callbackPayload[idx] = ptr;
  8626     069F  0823               	movf	I2C_SetCallback@idx,w
  8627     06A0  3EAC               	addlw	(low ((_I2C_Status| 0+12)))& (0+255)
  8628     06A1  0086               	movwf	6
  8629     06A2  0187               	clrf	7
  8630     06A3  0822               	movf	I2C_SetCallback@ptr,w
  8631     06A4  0081               	movwf	1
  8632                           
  8633                           ;mcc_generated_files/i2c_master.c: 304:     }
  8634     06A5  2EB3               	goto	l256
  8635     06A6                     l3832:
  8636                           
  8637                           ;mcc_generated_files/i2c_master.c: 306:     {;mcc_generated_files/i2c_master.c: 307:    
      +                               I2C_Status.callbackTable[idx] = I2C_CallbackReturnStop;
  8638     06A6  3523               	lslf	I2C_SetCallback@idx,w
  8639     06A7  3EA0               	addlw	(low (_I2C_Status| 0))& (0+255)
  8640     06A8  0086               	movwf	6
  8641     06A9  0187               	clrf	7
  8642     06AA  3028               	movlw	low _I2C_CallbackReturnStop
  8643     06AB  3FC0               	movwi [0]fsr1
  8644     06AC  300E               	movlw	high _I2C_CallbackReturnStop
  8645     06AD  3FC1               	movwi [1]fsr1
  8646                           
  8647                           ;mcc_generated_files/i2c_master.c: 308:         I2C_Status.callbackPayload[idx] = ((void
      +                          *)0);
  8648     06AE  0823               	movf	I2C_SetCallback@idx,w
  8649     06AF  3EAC               	addlw	(low ((_I2C_Status| 0+12)))& (0+255)
  8650     06B0  0086               	movwf	6
  8651     06B1  0187               	clrf	7
  8652     06B2  0181               	clrf	1
  8653     06B3                     l256:
  8654     06B3  0008               	return
  8655     06B4                     __end_of_I2C_SetCallback:
  8656                           
  8657                           	psect	text67
  8658     0FEB                     __ptext67:	
  8659 ;; *************** function _I2C_SetBuffer *****************
  8660 ;; Defined at:
  8661 ;;		line 263 in file "mcc_generated_files/i2c_master.c"
  8662 ;; Parameters:    Size  Location     Type
  8663 ;;  buffer          1    wreg     PTR void 
  8664 ;;		 -> I2C_Read1ByteRegister@returnValue$data(2), I2C_Read2ByteRegister@returnValue$data(2), I2C_Write1ByteRegister@dat
      +a$data(2), I2C_Write2ByteRegister@data$data(2), 
  8665 ;;		 -> I2C_ReadDataBlock@reg(1), I2C_ReadDataBlock@bufferBlock(4), bufferBlock$data(2), I2C_Write2ByteRegister@reg(1), 
  8666 ;;		 -> I2C_Write2ByteRegister@data(2), I2C_Write1ByteRegister@reg(1), I2C_Write1ByteRegister@data(1), I2C_Read2ByteRegi
      +ster@reg(1), 
  8667 ;;		 -> I2C_Read2ByteRegister@returnValue(2), NULL(0), I2C_Read1ByteRegister@reg(1), I2C_Read1ByteRegister@returnValue(1
      +), 
  8668 ;;  bufferSize      2    0[BANK0 ] unsigned int 
  8669 ;; Auto vars:     Size  Location     Type
  8670 ;;  buffer          1    2[BANK0 ] PTR void 
  8671 ;;		 -> I2C_Read1ByteRegister@returnValue$data(2), I2C_Read2ByteRegister@returnValue$data(2), I2C_Write1ByteRegister@dat
      +a$data(2), I2C_Write2ByteRegister@data$data(2), 
  8672 ;;		 -> I2C_ReadDataBlock@reg(1), I2C_ReadDataBlock@bufferBlock(4), bufferBlock$data(2), I2C_Write2ByteRegister@reg(1), 
  8673 ;;		 -> I2C_Write2ByteRegister@data(2), I2C_Write1ByteRegister@reg(1), I2C_Write1ByteRegister@data(1), I2C_Read2ByteRegi
      +ster@reg(1), 
  8674 ;;		 -> I2C_Read2ByteRegister@returnValue(2), NULL(0), I2C_Read1ByteRegister@reg(1), I2C_Read1ByteRegister@returnValue(1
      +), 
  8675 ;; Return value:  Size  Location     Type
  8676 ;;                  1    wreg      void 
  8677 ;; Registers used:
  8678 ;;		wreg
  8679 ;; Tracked objects:
  8680 ;;		On entry : 0/0
  8681 ;;		On exit  : 0/0
  8682 ;;		Unchanged: 0/0
  8683 ;; Data sizes:     COMMON   BANK0   BANK1   BANK2   BANK3   BANK4   BANK5   BANK6
  8684 ;;      Params:         0       2       0       0       0       0       0       0
  8685 ;;      Locals:         0       1       0       0       0       0       0       0
  8686 ;;      Temps:          0       0       0       0       0       0       0       0
  8687 ;;      Totals:         0       3       0       0       0       0       0       0
  8688 ;;Total ram usage:        3 bytes
  8689 ;; Hardware stack levels used: 1
  8690 ;; Hardware stack levels required when called: 6
  8691 ;; This function calls:
  8692 ;;		Nothing
  8693 ;; This function is called by:
  8694 ;;		_I2C_Write1ByteRegister
  8695 ;;		_rd1RegCompleteHandler
  8696 ;;		_rd2RegCompleteHandler
  8697 ;;		_wr1RegCompleteHandler
  8698 ;;		_wr2RegCompleteHandler
  8699 ;;		_rdBlkRegCompleteHandler
  8700 ;;		_I2C_Read1ByteRegister
  8701 ;;		_I2C_Read2ByteRegister
  8702 ;;		_I2C_Write2ByteRegister
  8703 ;;		_I2C_WriteNBytes
  8704 ;;		_I2C_ReadNBytes
  8705 ;;		_I2C_ReadDataBlock
  8706 ;; This function uses a non-reentrant model
  8707 ;;
  8708                           
  8709     0FEB                     _I2C_SetBuffer:	
  8710                           ;psect for function _I2C_SetBuffer
  8711                           
  8712                           
  8713                           ;incstack = 0
  8714                           ; Regs used in _I2C_SetBuffer: [wreg]
  8715                           ;I2C_SetBuffer@buffer stored from wreg
  8716     0FEB  0020               	movlb	0	; select bank0
  8717     0FEC  00A2               	movwf	I2C_SetBuffer@buffer
  8718     0FED                     l3836:
  8719                           
  8720                           ;mcc_generated_files/i2c_master.c: 263: void I2C_SetBuffer(void *buffer, size_t bufferSi
      +                          ze);mcc_generated_files/i2c_master.c: 264: {;mcc_generated_files/i2c_master.c: 265:     
      +                          if(I2C_Status.bufferFree)
  8721     0FED  0021               	movlb	1	; select bank1
  8722     0FEE  1DBC               	btfss	(_I2C_Status^(0+128)+28),3
  8723     0FEF  2FF1               	goto	u2161
  8724     0FF0  2FF2               	goto	u2160
  8725     0FF1                     u2161:
  8726     0FF1  2FFF               	goto	l236
  8727     0FF2                     u2160:
  8728     0FF2                     l3838:
  8729                           
  8730                           ;mcc_generated_files/i2c_master.c: 266:     {;mcc_generated_files/i2c_master.c: 267:    
      +                               I2C_Status.data_ptr = buffer;
  8731     0FF2  0020               	movlb	0	; select bank0
  8732     0FF3  0822               	movf	I2C_SetBuffer@buffer,w
  8733     0FF4  0021               	movlb	1	; select bank1
  8734     0FF5  00B7               	movwf	(low ((_I2C_Status| 0+23)))^(0+128)
  8735                           
  8736                           ;mcc_generated_files/i2c_master.c: 268:         I2C_Status.data_length = bufferSize;
  8737     0FF6  0020               	movlb	0	; select bank0
  8738     0FF7  0821               	movf	I2C_SetBuffer@bufferSize+1,w
  8739     0FF8  0021               	movlb	1	; select bank1
  8740     0FF9  00B9               	movwf	((_I2C_Status+1)^(0+128)+24)
  8741     0FFA  0020               	movlb	0	; select bank0
  8742     0FFB  0820               	movf	I2C_SetBuffer@bufferSize,w
  8743     0FFC  0021               	movlb	1	; select bank1
  8744     0FFD  00B8               	movwf	(_I2C_Status^(0+128)+24)
  8745     0FFE                     l3840:
  8746                           
  8747                           ;mcc_generated_files/i2c_master.c: 269:         I2C_Status.bufferFree = 0;
  8748     0FFE  11BC               	bcf	(_I2C_Status^(0+128)+28),3
  8749     0FFF                     l236:
  8750     0FFF  0008               	return
  8751     1000                     __end_of_I2C_SetBuffer:
  8752                           
  8753                           	psect	text68
  8754     0E39                     __ptext68:	
  8755 ;; *************** function _I2C_MasterStop *****************
  8756 ;; Defined at:
  8757 ;;		line 593 in file "mcc_generated_files/i2c_master.c"
  8758 ;; Parameters:    Size  Location     Type
  8759 ;;		None
  8760 ;; Auto vars:     Size  Location     Type
  8761 ;;		None
  8762 ;; Return value:  Size  Location     Type
  8763 ;;                  1    wreg      void 
  8764 ;; Registers used:
  8765 ;;		None
  8766 ;; Tracked objects:
  8767 ;;		On entry : 0/0
  8768 ;;		On exit  : 0/0
  8769 ;;		Unchanged: 0/0
  8770 ;; Data sizes:     COMMON   BANK0   BANK1   BANK2   BANK3   BANK4   BANK5   BANK6
  8771 ;;      Params:         0       0       0       0       0       0       0       0
  8772 ;;      Locals:         0       0       0       0       0       0       0       0
  8773 ;;      Temps:          0       0       0       0       0       0       0       0
  8774 ;;      Totals:         0       0       0       0       0       0       0       0
  8775 ;;Total ram usage:        0 bytes
  8776 ;; Hardware stack levels used: 1
  8777 ;; Hardware stack levels required when called: 6
  8778 ;; This function calls:
  8779 ;;		Nothing
  8780 ;; This function is called by:
  8781 ;;		_I2C_DO_SEND_STOP
  8782 ;; This function uses a non-reentrant model
  8783 ;;
  8784                           
  8785     0E39                     _I2C_MasterStop:	
  8786                           ;psect for function _I2C_MasterStop
  8787                           
  8788     0E39                     l2676:	
  8789                           ;incstack = 0
  8790 ;; hardware stack exceeded
  8791                           ; Regs used in _I2C_MasterStop: []
  8792                           
  8793                           
  8794                           ;mcc_generated_files/i2c_master.c: 595:     SSPCON2bits.PEN = 1;
  8795     0E39  0024               	movlb	4	; select bank4
  8796     0E3A  1516               	bsf	22,2	;volatile
  8797     0E3B                     l402:
  8798     0E3B  0008               	return
  8799     0E3C                     __end_of_I2C_MasterStop:
  8800                           
  8801                           	psect	text69
  8802     0E36                     __ptext69:	
  8803 ;; *************** function _I2C_MasterEnableRestart *****************
  8804 ;; Defined at:
  8805 ;;		line 573 in file "mcc_generated_files/i2c_master.c"
  8806 ;; Parameters:    Size  Location     Type
  8807 ;;		None
  8808 ;; Auto vars:     Size  Location     Type
  8809 ;;		None
  8810 ;; Return value:  Size  Location     Type
  8811 ;;                  1    wreg      void 
  8812 ;; Registers used:
  8813 ;;		None
  8814 ;; Tracked objects:
  8815 ;;		On entry : 0/0
  8816 ;;		On exit  : 0/0
  8817 ;;		Unchanged: 0/0
  8818 ;; Data sizes:     COMMON   BANK0   BANK1   BANK2   BANK3   BANK4   BANK5   BANK6
  8819 ;;      Params:         0       0       0       0       0       0       0       0
  8820 ;;      Locals:         0       0       0       0       0       0       0       0
  8821 ;;      Temps:          0       0       0       0       0       0       0       0
  8822 ;;      Totals:         0       0       0       0       0       0       0       0
  8823 ;;Total ram usage:        0 bytes
  8824 ;; Hardware stack levels used: 1
  8825 ;; Hardware stack levels required when called: 6
  8826 ;; This function calls:
  8827 ;;		Nothing
  8828 ;; This function is called by:
  8829 ;;		_I2C_DO_SEND_RESTART_READ
  8830 ;;		_I2C_DO_SEND_RESTART_WRITE
  8831 ;;		_I2C_DO_SEND_RESTART
  8832 ;;		_I2C_DO_RX_EMPTY
  8833 ;; This function uses a non-reentrant model
  8834 ;;
  8835                           
  8836     0E36                     _I2C_MasterEnableRestart:	
  8837                           ;psect for function _I2C_MasterEnableRestart
  8838                           
  8839     0E36                     l2674:	
  8840                           ;incstack = 0
  8841 ;; hardware stack exceeded
  8842                           ; Regs used in _I2C_MasterEnableRestart: []
  8843                           
  8844                           
  8845                           ;mcc_generated_files/i2c_master.c: 575:     SSPCON2bits.RSEN = 1;
  8846     0E36  0024               	movlb	4	; select bank4
  8847     0E37  1496               	bsf	22,1	;volatile
  8848     0E38                     l390:
  8849     0E38  0008               	return
  8850     0E39                     __end_of_I2C_MasterEnableRestart:
  8851                           
  8852                           	psect	text70
  8853     0E33                     __ptext70:	
  8854 ;; *************** function _I2C_MasterStart *****************
  8855 ;; Defined at:
  8856 ;;		line 588 in file "mcc_generated_files/i2c_master.c"
  8857 ;; Parameters:    Size  Location     Type
  8858 ;;		None
  8859 ;; Auto vars:     Size  Location     Type
  8860 ;;		None
  8861 ;; Return value:  Size  Location     Type
  8862 ;;                  1    wreg      void 
  8863 ;; Registers used:
  8864 ;;		None
  8865 ;; Tracked objects:
  8866 ;;		On entry : 0/0
  8867 ;;		On exit  : 0/0
  8868 ;;		Unchanged: 0/0
  8869 ;; Data sizes:     COMMON   BANK0   BANK1   BANK2   BANK3   BANK4   BANK5   BANK6
  8870 ;;      Params:         0       0       0       0       0       0       0       0
  8871 ;;      Locals:         0       0       0       0       0       0       0       0
  8872 ;;      Temps:          0       0       0       0       0       0       0       0
  8873 ;;      Totals:         0       0       0       0       0       0       0       0
  8874 ;;Total ram usage:        0 bytes
  8875 ;; Hardware stack levels used: 1
  8876 ;; Hardware stack levels required when called: 6
  8877 ;; This function calls:
  8878 ;;		Nothing
  8879 ;; This function is called by:
  8880 ;;		_I2C_MasterOperation
  8881 ;; This function uses a non-reentrant model
  8882 ;;
  8883                           
  8884     0E33                     _I2C_MasterStart:	
  8885                           ;psect for function _I2C_MasterStart
  8886                           
  8887     0E33                     l2946:	
  8888                           ;incstack = 0
  8889                           ; Regs used in _I2C_MasterStart: []
  8890                           
  8891                           
  8892                           ;mcc_generated_files/i2c_master.c: 590:     SSPCON2bits.SEN = 1;
  8893     0E33  0024               	movlb	4	; select bank4
  8894     0E34  1416               	bsf	22,0	;volatile
  8895     0E35                     l399:
  8896     0E35  0008               	return
  8897     0E36                     __end_of_I2C_MasterStart:
  8898                           
  8899                           	psect	text71
  8900     0768                     __ptext71:	
  8901 ;; *************** function _I2C_Close *****************
  8902 ;; Defined at:
  8903 ;;		line 209 in file "mcc_generated_files/i2c_master.c"
  8904 ;; Parameters:    Size  Location     Type
  8905 ;;		None
  8906 ;; Auto vars:     Size  Location     Type
  8907 ;;  returnValue     1    0[BANK0 ] enum E358
  8908 ;; Return value:  Size  Location     Type
  8909 ;;                  1    wreg      enum E358
  8910 ;; Registers used:
  8911 ;;		wreg, status,2, status,0, pclath, cstack
  8912 ;; Tracked objects:
  8913 ;;		On entry : 0/0
  8914 ;;		On exit  : 0/0
  8915 ;;		Unchanged: 0/0
  8916 ;; Data sizes:     COMMON   BANK0   BANK1   BANK2   BANK3   BANK4   BANK5   BANK6
  8917 ;;      Params:         0       0       0       0       0       0       0       0
  8918 ;;      Locals:         0       1       0       0       0       0       0       0
  8919 ;;      Temps:          0       0       0       0       0       0       0       0
  8920 ;;      Totals:         0       1       0       0       0       0       0       0
  8921 ;;Total ram usage:        1 bytes
  8922 ;; Hardware stack levels used: 1
  8923 ;; Hardware stack levels required when called: 7
  8924 ;; This function calls:
  8925 ;;		_I2C_MasterClearIrq
  8926 ;;		_I2C_MasterClose
  8927 ;;		_I2C_MasterDisableIrq
  8928 ;; This function is called by:
  8929 ;;		_I2C_Write1ByteRegister
  8930 ;;		_I2C_Read1ByteRegister
  8931 ;;		_I2C_Read2ByteRegister
  8932 ;;		_I2C_Write2ByteRegister
  8933 ;;		_I2C_WriteNBytes
  8934 ;;		_I2C_ReadNBytes
  8935 ;;		_I2C_ReadDataBlock
  8936 ;; This function uses a non-reentrant model
  8937 ;;
  8938                           
  8939     0768                     _I2C_Close:	
  8940                           ;psect for function _I2C_Close
  8941                           
  8942     0768                     l4100:	
  8943                           ;incstack = 0
  8944                           ; Regs used in _I2C_Close: [wreg+status,2+status,0+pclath+cstack]
  8945                           
  8946                           
  8947                           ;mcc_generated_files/i2c_master.c: 211:     i2c_error_t returnValue = I2C_BUSY;
  8948     0768  0020               	movlb	0	; select bank0
  8949     0769  01A0               	clrf	I2C_Close@returnValue
  8950     076A  0AA0               	incf	I2C_Close@returnValue,f
  8951                           
  8952                           ;mcc_generated_files/i2c_master.c: 212:     if(!I2C_Status.busy)
  8953     076B  0021               	movlb	1	; select bank1
  8954     076C  18BC               	btfsc	(_I2C_Status^(0+128)+28),1
  8955     076D  2F6F               	goto	u2271
  8956     076E  2F70               	goto	u2270
  8957     076F                     u2271:
  8958     076F  2F80               	goto	l4114
  8959     0770                     u2270:
  8960     0770                     l4102:
  8961                           
  8962                           ;mcc_generated_files/i2c_master.c: 213:     {;mcc_generated_files/i2c_master.c: 214:    
      +                               I2C_Status.inUse = 0;
  8963     0770  113C               	bcf	(_I2C_Status^(0+128)+28),2
  8964     0771                     l4104:
  8965                           
  8966                           ;mcc_generated_files/i2c_master.c: 215:         I2C_Status.address = 0xff;
  8967     0771  30FF               	movlw	255
  8968     0772  00B6               	movwf	(_I2C_Status^(0+128)+22)
  8969     0773                     l4106:
  8970                           
  8971                           ;mcc_generated_files/i2c_master.c: 216:         I2C_MasterClearIrq();
  8972     0773  318E  262A  3187   	fcall	_I2C_MasterClearIrq
  8973     0776                     l4108:
  8974                           
  8975                           ;mcc_generated_files/i2c_master.c: 217:         I2C_MasterDisableIrq();
  8976     0776  318E  2630  3187   	fcall	_I2C_MasterDisableIrq
  8977     0779                     l4110:
  8978                           
  8979                           ;mcc_generated_files/i2c_master.c: 218:         I2C_MasterClose();
  8980     0779  318E  262D  3187   	fcall	_I2C_MasterClose
  8981     077C                     l4112:
  8982                           
  8983                           ;mcc_generated_files/i2c_master.c: 219:         returnValue = I2C_Status.error;
  8984     077C  0021               	movlb	1	; select bank1
  8985     077D  083B               	movf	(_I2C_Status^(0+128)+27),w
  8986     077E  0020               	movlb	0	; select bank0
  8987     077F  00A0               	movwf	I2C_Close@returnValue
  8988     0780                     l4114:
  8989                           
  8990                           ;mcc_generated_files/i2c_master.c: 221:     return returnValue;
  8991     0780  0020               	movlb	0	; select bank0
  8992     0781  0820               	movf	I2C_Close@returnValue,w
  8993     0782                     l217:
  8994     0782  0008               	return
  8995     0783                     __end_of_I2C_Close:
  8996                           
  8997                           	psect	text72
  8998     0E30                     __ptext72:	
  8999 ;; *************** function _I2C_MasterDisableIrq *****************
  9000 ;; Defined at:
  9001 ;;		line 635 in file "mcc_generated_files/i2c_master.c"
  9002 ;; Parameters:    Size  Location     Type
  9003 ;;		None
  9004 ;; Auto vars:     Size  Location     Type
  9005 ;;		None
  9006 ;; Return value:  Size  Location     Type
  9007 ;;                  1    wreg      void 
  9008 ;; Registers used:
  9009 ;;		None
  9010 ;; Tracked objects:
  9011 ;;		On entry : 0/0
  9012 ;;		On exit  : 0/0
  9013 ;;		Unchanged: 0/0
  9014 ;; Data sizes:     COMMON   BANK0   BANK1   BANK2   BANK3   BANK4   BANK5   BANK6
  9015 ;;      Params:         0       0       0       0       0       0       0       0
  9016 ;;      Locals:         0       0       0       0       0       0       0       0
  9017 ;;      Temps:          0       0       0       0       0       0       0       0
  9018 ;;      Totals:         0       0       0       0       0       0       0       0
  9019 ;;Total ram usage:        0 bytes
  9020 ;; Hardware stack levels used: 1
  9021 ;; Hardware stack levels required when called: 6
  9022 ;; This function calls:
  9023 ;;		Nothing
  9024 ;; This function is called by:
  9025 ;;		_I2C_Close
  9026 ;;		_I2C_SetTimeOut
  9027 ;; This function uses a non-reentrant model
  9028 ;;
  9029                           
  9030     0E30                     _I2C_MasterDisableIrq:	
  9031                           ;psect for function _I2C_MasterDisableIrq
  9032                           
  9033     0E30                     l4038:	
  9034                           ;incstack = 0
  9035                           ; Regs used in _I2C_MasterDisableIrq: []
  9036                           
  9037                           
  9038                           ;mcc_generated_files/i2c_master.c: 637:     PIE1bits.SSPIE = 0;
  9039     0E30  0021               	movlb	1	; select bank1
  9040     0E31  1191               	bcf	17,3	;volatile
  9041     0E32                     l426:
  9042     0E32  0008               	return
  9043     0E33                     __end_of_I2C_MasterDisableIrq:
  9044                           
  9045                           	psect	text73
  9046     0E2D                     __ptext73:	
  9047 ;; *************** function _I2C_MasterClose *****************
  9048 ;; Defined at:
  9049 ;;		line 557 in file "mcc_generated_files/i2c_master.c"
  9050 ;; Parameters:    Size  Location     Type
  9051 ;;		None
  9052 ;; Auto vars:     Size  Location     Type
  9053 ;;		None
  9054 ;; Return value:  Size  Location     Type
  9055 ;;                  1    wreg      void 
  9056 ;; Registers used:
  9057 ;;		None
  9058 ;; Tracked objects:
  9059 ;;		On entry : 0/0
  9060 ;;		On exit  : 0/0
  9061 ;;		Unchanged: 0/0
  9062 ;; Data sizes:     COMMON   BANK0   BANK1   BANK2   BANK3   BANK4   BANK5   BANK6
  9063 ;;      Params:         0       0       0       0       0       0       0       0
  9064 ;;      Locals:         0       0       0       0       0       0       0       0
  9065 ;;      Temps:          0       0       0       0       0       0       0       0
  9066 ;;      Totals:         0       0       0       0       0       0       0       0
  9067 ;;Total ram usage:        0 bytes
  9068 ;; Hardware stack levels used: 1
  9069 ;; Hardware stack levels required when called: 6
  9070 ;; This function calls:
  9071 ;;		Nothing
  9072 ;; This function is called by:
  9073 ;;		_I2C_Close
  9074 ;; This function uses a non-reentrant model
  9075 ;;
  9076                           
  9077     0E2D                     _I2C_MasterClose:	
  9078                           ;psect for function _I2C_MasterClose
  9079                           
  9080     0E2D                     l4040:	
  9081                           ;incstack = 0
  9082                           ; Regs used in _I2C_MasterClose: []
  9083                           
  9084                           
  9085                           ;mcc_generated_files/i2c_master.c: 560:     SSPCON1bits.SSPEN = 0;
  9086     0E2D  0024               	movlb	4	; select bank4
  9087     0E2E  1295               	bcf	21,5	;volatile
  9088     0E2F                     l381:
  9089     0E2F  0008               	return
  9090     0E30                     __end_of_I2C_MasterClose:
  9091                           
  9092                           	psect	text74
  9093     0E2A                     __ptext74:	
  9094 ;; *************** function _I2C_MasterClearIrq *****************
  9095 ;; Defined at:
  9096 ;;		line 640 in file "mcc_generated_files/i2c_master.c"
  9097 ;; Parameters:    Size  Location     Type
  9098 ;;		None
  9099 ;; Auto vars:     Size  Location     Type
  9100 ;;		None
  9101 ;; Return value:  Size  Location     Type
  9102 ;;                  1    wreg      void 
  9103 ;; Registers used:
  9104 ;;		None
  9105 ;; Tracked objects:
  9106 ;;		On entry : 0/0
  9107 ;;		On exit  : 0/0
  9108 ;;		Unchanged: 0/0
  9109 ;; Data sizes:     COMMON   BANK0   BANK1   BANK2   BANK3   BANK4   BANK5   BANK6
  9110 ;;      Params:         0       0       0       0       0       0       0       0
  9111 ;;      Locals:         0       0       0       0       0       0       0       0
  9112 ;;      Temps:          0       0       0       0       0       0       0       0
  9113 ;;      Totals:         0       0       0       0       0       0       0       0
  9114 ;;Total ram usage:        0 bytes
  9115 ;; Hardware stack levels used: 1
  9116 ;; Hardware stack levels required when called: 6
  9117 ;; This function calls:
  9118 ;;		Nothing
  9119 ;; This function is called by:
  9120 ;;		_I2C_Open
  9121 ;;		_I2C_Close
  9122 ;;		_I2C_MasterFsm
  9123 ;; This function uses a non-reentrant model
  9124 ;;
  9125                           
  9126     0E2A                     _I2C_MasterClearIrq:	
  9127                           ;psect for function _I2C_MasterClearIrq
  9128                           
  9129     0E2A                     l3882:	
  9130                           ;incstack = 0
  9131                           ; Regs used in _I2C_MasterClearIrq: []
  9132                           
  9133                           
  9134                           ;mcc_generated_files/i2c_master.c: 642:     PIR1bits.SSPIF = 0;
  9135     0E2A  0020               	movlb	0	; select bank0
  9136     0E2B  1191               	bcf	17,3	;volatile
  9137     0E2C                     l429:
  9138     0E2C  0008               	return
  9139     0E2D                     __end_of_I2C_MasterClearIrq:
  9140                           
  9141                           	psect	text75
  9142     063F                     __ptext75:	
  9143 ;; *************** function _Key_ShortPressed *****************
  9144 ;; Defined at:
  9145 ;;		line 85 in file "Key.c"
  9146 ;; Parameters:    Size  Location     Type
  9147 ;;  idx             1    wreg     unsigned char 
  9148 ;; Auto vars:     Size  Location     Type
  9149 ;;  idx             1    1[BANK0 ] unsigned char 
  9150 ;; Return value:  Size  Location     Type
  9151 ;;                  1    wreg      _Bool 
  9152 ;; Registers used:
  9153 ;;		wreg, fsr1l, fsr1h, status,2, status,0
  9154 ;; Tracked objects:
  9155 ;;		On entry : 0/0
  9156 ;;		On exit  : 0/0
  9157 ;;		Unchanged: 0/0
  9158 ;; Data sizes:     COMMON   BANK0   BANK1   BANK2   BANK3   BANK4   BANK5   BANK6
  9159 ;;      Params:         0       0       0       0       0       0       0       0
  9160 ;;      Locals:         0       1       0       0       0       0       0       0
  9161 ;;      Temps:          0       1       0       0       0       0       0       0
  9162 ;;      Totals:         0       2       0       0       0       0       0       0
  9163 ;;Total ram usage:        2 bytes
  9164 ;; Hardware stack levels used: 1
  9165 ;; Hardware stack levels required when called: 6
  9166 ;; This function calls:
  9167 ;;		Nothing
  9168 ;; This function is called by:
  9169 ;;		_main
  9170 ;; This function uses a non-reentrant model
  9171 ;;
  9172                           
  9173     063F                     _Key_ShortPressed:	
  9174                           ;psect for function _Key_ShortPressed
  9175                           
  9176                           
  9177                           ;incstack = 0
  9178                           ; Regs used in _Key_ShortPressed: [wreg+fsr1l+fsr1h+status,2+status,0]
  9179                           ;Key_ShortPressed@idx stored from wreg
  9180     063F  0020               	movlb	0	; select bank0
  9181     0640  00A1               	movwf	Key_ShortPressed@idx
  9182     0641                     l4386:
  9183                           
  9184                           ;Key.c: 85: _Bool Key_ShortPressed(uint8_t idx);Key.c: 86: {;Key.c: 87:     if(idx < 4 &
      +                          & g_keys[idx].short_press_flag) {
  9185     0641  3004               	movlw	4
  9186     0642  0221               	subwf	Key_ShortPressed@idx,w
  9187     0643  1803               	skipnc
  9188     0644  2E46               	goto	u2751
  9189     0645  2E47               	goto	u2750
  9190     0646                     u2751:
  9191     0646  2E65               	goto	l4396
  9192     0647                     u2750:
  9193     0647                     l4388:
  9194     0647  0821               	movf	Key_ShortPressed@idx,w
  9195     0648  00A0               	movwf	??_Key_ShortPressed
  9196     0649  3002               	movlw	2
  9197     064A                     u2765:
  9198     064A  35A0               	lslf	??_Key_ShortPressed,f
  9199     064B  3EFF               	addlw	-1
  9200     064C  1D03               	skipz
  9201     064D  2E4A               	goto	u2765
  9202     064E  3520               	lslf	??_Key_ShortPressed,w
  9203     064F  3EC2               	addlw	(low ((_g_keys| 0+5)))& (0+255)
  9204     0650  0086               	movwf	6
  9205     0651  0187               	clrf	7
  9206     0652  0801               	movf	1,w
  9207     0653  1903               	btfsc	3,2
  9208     0654  2E56               	goto	u2771
  9209     0655  2E57               	goto	u2770
  9210     0656                     u2771:
  9211     0656  2E65               	goto	l4396
  9212     0657                     u2770:
  9213     0657                     l4390:
  9214                           
  9215                           ;Key.c: 88:         g_keys[idx].short_press_flag = 0;
  9216     0657  0821               	movf	Key_ShortPressed@idx,w
  9217     0658  00A0               	movwf	??_Key_ShortPressed
  9218     0659  3002               	movlw	2
  9219     065A                     u2785:
  9220     065A  35A0               	lslf	??_Key_ShortPressed,f
  9221     065B  3EFF               	addlw	-1
  9222     065C  1D03               	skipz
  9223     065D  2E5A               	goto	u2785
  9224     065E  3520               	lslf	??_Key_ShortPressed,w
  9225     065F  3EC2               	addlw	(low ((_g_keys| 0+5)))& (0+255)
  9226     0660  0086               	movwf	6
  9227     0661  0187               	clrf	7
  9228     0662  0181               	clrf	1
  9229     0663                     l4392:
  9230                           
  9231                           ;Key.c: 89:         return 1;
  9232     0663  3001               	movlw	1
  9233     0664  2E66               	goto	l767
  9234     0665                     l4396:
  9235                           
  9236                           ;Key.c: 91:     return 0;
  9237     0665  3000               	movlw	0
  9238     0666                     l767:
  9239     0666  0008               	return
  9240     0667                     __end_of_Key_ShortPressed:
  9241                           
  9242                           	psect	text76
  9243     0667                     __ptext76:	
  9244 ;; *************** function _Key_LongPressed *****************
  9245 ;; Defined at:
  9246 ;;		line 94 in file "Key.c"
  9247 ;; Parameters:    Size  Location     Type
  9248 ;;  idx             1    wreg     unsigned char 
  9249 ;; Auto vars:     Size  Location     Type
  9250 ;;  idx             1    1[BANK0 ] unsigned char 
  9251 ;; Return value:  Size  Location     Type
  9252 ;;                  1    wreg      _Bool 
  9253 ;; Registers used:
  9254 ;;		wreg, fsr1l, fsr1h, status,2, status,0
  9255 ;; Tracked objects:
  9256 ;;		On entry : 0/0
  9257 ;;		On exit  : 0/0
  9258 ;;		Unchanged: 0/0
  9259 ;; Data sizes:     COMMON   BANK0   BANK1   BANK2   BANK3   BANK4   BANK5   BANK6
  9260 ;;      Params:         0       0       0       0       0       0       0       0
  9261 ;;      Locals:         0       1       0       0       0       0       0       0
  9262 ;;      Temps:          0       1       0       0       0       0       0       0
  9263 ;;      Totals:         0       2       0       0       0       0       0       0
  9264 ;;Total ram usage:        2 bytes
  9265 ;; Hardware stack levels used: 1
  9266 ;; Hardware stack levels required when called: 6
  9267 ;; This function calls:
  9268 ;;		Nothing
  9269 ;; This function is called by:
  9270 ;;		_main
  9271 ;; This function uses a non-reentrant model
  9272 ;;
  9273                           
  9274     0667                     _Key_LongPressed:	
  9275                           ;psect for function _Key_LongPressed
  9276                           
  9277                           
  9278                           ;incstack = 0
  9279                           ; Regs used in _Key_LongPressed: [wreg+fsr1l+fsr1h+status,2+status,0]
  9280                           ;Key_LongPressed@idx stored from wreg
  9281     0667  0020               	movlb	0	; select bank0
  9282     0668  00A1               	movwf	Key_LongPressed@idx
  9283     0669                     l4420:
  9284                           
  9285                           ;Key.c: 94: _Bool Key_LongPressed(uint8_t idx);Key.c: 95: {;Key.c: 96:     if(idx < 4 &&
      +                           g_keys[idx].long_press_flag) {
  9286     0669  3004               	movlw	4
  9287     066A  0221               	subwf	Key_LongPressed@idx,w
  9288     066B  1803               	skipnc
  9289     066C  2E6E               	goto	u2801
  9290     066D  2E6F               	goto	u2800
  9291     066E                     u2801:
  9292     066E  2E8D               	goto	l4430
  9293     066F                     u2800:
  9294     066F                     l4422:
  9295     066F  0821               	movf	Key_LongPressed@idx,w
  9296     0670  00A0               	movwf	??_Key_LongPressed
  9297     0671  3002               	movlw	2
  9298     0672                     u2815:
  9299     0672  35A0               	lslf	??_Key_LongPressed,f
  9300     0673  3EFF               	addlw	-1
  9301     0674  1D03               	skipz
  9302     0675  2E72               	goto	u2815
  9303     0676  3520               	lslf	??_Key_LongPressed,w
  9304     0677  3EC3               	addlw	(low ((_g_keys| 0+6)))& (0+255)
  9305     0678  0086               	movwf	6
  9306     0679  0187               	clrf	7
  9307     067A  0801               	movf	1,w
  9308     067B  1903               	btfsc	3,2
  9309     067C  2E7E               	goto	u2821
  9310     067D  2E7F               	goto	u2820
  9311     067E                     u2821:
  9312     067E  2E8D               	goto	l4430
  9313     067F                     u2820:
  9314     067F                     l4424:
  9315                           
  9316                           ;Key.c: 97:         g_keys[idx].long_press_flag = 0;
  9317     067F  0821               	movf	Key_LongPressed@idx,w
  9318     0680  00A0               	movwf	??_Key_LongPressed
  9319     0681  3002               	movlw	2
  9320     0682                     u2835:
  9321     0682  35A0               	lslf	??_Key_LongPressed,f
  9322     0683  3EFF               	addlw	-1
  9323     0684  1D03               	skipz
  9324     0685  2E82               	goto	u2835
  9325     0686  3520               	lslf	??_Key_LongPressed,w
  9326     0687  3EC3               	addlw	(low ((_g_keys| 0+6)))& (0+255)
  9327     0688  0086               	movwf	6
  9328     0689  0187               	clrf	7
  9329     068A  0181               	clrf	1
  9330     068B                     l4426:
  9331                           
  9332                           ;Key.c: 98:         return 1;
  9333     068B  3001               	movlw	1
  9334     068C  2E8E               	goto	l771
  9335     068D                     l4430:
  9336                           
  9337                           ;Key.c: 100:     return 0;
  9338     068D  3000               	movlw	0
  9339     068E                     l771:
  9340     068E  0008               	return
  9341     068F                     __end_of_Key_LongPressed:
  9342                           
  9343                           	psect	text77
  9344     0319                     __ptext77:	
  9345 ;; *************** function _Key_Init *****************
  9346 ;; Defined at:
  9347 ;;		line 23 in file "Key.c"
  9348 ;; Parameters:    Size  Location     Type
  9349 ;;		None
  9350 ;; Auto vars:     Size  Location     Type
  9351 ;;  i               1    1[BANK0 ] unsigned char 
  9352 ;; Return value:  Size  Location     Type
  9353 ;;                  1    wreg      void 
  9354 ;; Registers used:
  9355 ;;		wreg, fsr1l, fsr1h, status,2, status,0
  9356 ;; Tracked objects:
  9357 ;;		On entry : 0/0
  9358 ;;		On exit  : 0/0
  9359 ;;		Unchanged: 0/0
  9360 ;; Data sizes:     COMMON   BANK0   BANK1   BANK2   BANK3   BANK4   BANK5   BANK6
  9361 ;;      Params:         0       0       0       0       0       0       0       0
  9362 ;;      Locals:         0       1       0       0       0       0       0       0
  9363 ;;      Temps:          0       1       0       0       0       0       0       0
  9364 ;;      Totals:         0       2       0       0       0       0       0       0
  9365 ;;Total ram usage:        2 bytes
  9366 ;; Hardware stack levels used: 1
  9367 ;; Hardware stack levels required when called: 6
  9368 ;; This function calls:
  9369 ;;		Nothing
  9370 ;; This function is called by:
  9371 ;;		_main
  9372 ;; This function uses a non-reentrant model
  9373 ;;
  9374                           
  9375     0319                     _Key_Init:	
  9376                           ;psect for function _Key_Init
  9377                           
  9378     0319                     l4374:	
  9379                           ;incstack = 0
  9380                           ; Regs used in _Key_Init: [wreg+fsr1l+fsr1h+status,2+status,0]
  9381                           
  9382                           
  9383                           ;Key.c: 25:     for(uint8_t i=0;i<4;i++)
  9384     0319  0020               	movlb	0	; select bank0
  9385     031A  01A1               	clrf	Key_Init@i
  9386     031B                     l4380:
  9387                           
  9388                           ;Key.c: 26:     {;Key.c: 27:         g_keys[i].state = KEY_IDLE;
  9389     031B  0821               	movf	Key_Init@i,w
  9390     031C  00A0               	movwf	??_Key_Init
  9391     031D  3002               	movlw	2
  9392     031E                     u2685:
  9393     031E  35A0               	lslf	??_Key_Init,f
  9394     031F  3EFF               	addlw	-1
  9395     0320  1D03               	skipz
  9396     0321  2B1E               	goto	u2685
  9397     0322  3520               	lslf	??_Key_Init,w
  9398     0323  3EBD               	addlw	(low (_g_keys| 0))& (0+255)
  9399     0324  0086               	movwf	6
  9400     0325  0187               	clrf	7
  9401     0326  0181               	clrf	1
  9402                           
  9403                           ;Key.c: 28:         g_keys[i].debounce_cnt = 0;
  9404     0327  0821               	movf	Key_Init@i,w
  9405     0328  00A0               	movwf	??_Key_Init
  9406     0329  3002               	movlw	2
  9407     032A                     u2695:
  9408     032A  35A0               	lslf	??_Key_Init,f
  9409     032B  3EFF               	addlw	-1
  9410     032C  1D03               	skipz
  9411     032D  2B2A               	goto	u2695
  9412     032E  3520               	lslf	??_Key_Init,w
  9413     032F  3EBE               	addlw	(low ((_g_keys| 0+1)))& (0+255)
  9414     0330  0086               	movwf	6
  9415     0331  0187               	clrf	7
  9416     0332  3000               	movlw	0
  9417     0333  3FC0               	movwi [0]fsr1
  9418     0334  3FC1               	movwi [1]fsr1
  9419                           
  9420                           ;Key.c: 29:         g_keys[i].press_cnt = 0;
  9421     0335  0821               	movf	Key_Init@i,w
  9422     0336  00A0               	movwf	??_Key_Init
  9423     0337  3002               	movlw	2
  9424     0338                     u2705:
  9425     0338  35A0               	lslf	??_Key_Init,f
  9426     0339  3EFF               	addlw	-1
  9427     033A  1D03               	skipz
  9428     033B  2B38               	goto	u2705
  9429     033C  3520               	lslf	??_Key_Init,w
  9430     033D  3EC0               	addlw	(low ((_g_keys| 0+3)))& (0+255)
  9431     033E  0086               	movwf	6
  9432     033F  0187               	clrf	7
  9433     0340  3000               	movlw	0
  9434     0341  3FC0               	movwi [0]fsr1
  9435     0342  3FC1               	movwi [1]fsr1
  9436                           
  9437                           ;Key.c: 30:         g_keys[i].short_press_flag = 0;
  9438     0343  0821               	movf	Key_Init@i,w
  9439     0344  00A0               	movwf	??_Key_Init
  9440     0345  3002               	movlw	2
  9441     0346                     u2715:
  9442     0346  35A0               	lslf	??_Key_Init,f
  9443     0347  3EFF               	addlw	-1
  9444     0348  1D03               	skipz
  9445     0349  2B46               	goto	u2715
  9446     034A  3520               	lslf	??_Key_Init,w
  9447     034B  3EC2               	addlw	(low ((_g_keys| 0+5)))& (0+255)
  9448     034C  0086               	movwf	6
  9449     034D  0187               	clrf	7
  9450     034E  0181               	clrf	1
  9451                           
  9452                           ;Key.c: 31:         g_keys[i].long_press_flag = 0;
  9453     034F  0821               	movf	Key_Init@i,w
  9454     0350  00A0               	movwf	??_Key_Init
  9455     0351  3002               	movlw	2
  9456     0352                     u2725:
  9457     0352  35A0               	lslf	??_Key_Init,f
  9458     0353  3EFF               	addlw	-1
  9459     0354  1D03               	skipz
  9460     0355  2B52               	goto	u2725
  9461     0356  3520               	lslf	??_Key_Init,w
  9462     0357  3EC3               	addlw	(low ((_g_keys| 0+6)))& (0+255)
  9463     0358  0086               	movwf	6
  9464     0359  0187               	clrf	7
  9465     035A  0181               	clrf	1
  9466                           
  9467                           ;Key.c: 32:         g_keys[i].reported = 0;
  9468     035B  0821               	movf	Key_Init@i,w
  9469     035C  00A0               	movwf	??_Key_Init
  9470     035D  3002               	movlw	2
  9471     035E                     u2735:
  9472     035E  35A0               	lslf	??_Key_Init,f
  9473     035F  3EFF               	addlw	-1
  9474     0360  1D03               	skipz
  9475     0361  2B5E               	goto	u2735
  9476     0362  3520               	lslf	??_Key_Init,w
  9477     0363  3EC4               	addlw	(low ((_g_keys| 0+7)))& (0+255)
  9478     0364  0086               	movwf	6
  9479     0365  0187               	clrf	7
  9480     0366  0181               	clrf	1
  9481     0367                     l4382:
  9482                           
  9483                           ;Key.c: 33:     }
  9484     0367  3001               	movlw	1
  9485     0368  00A0               	movwf	??_Key_Init
  9486     0369  0820               	movf	??_Key_Init,w
  9487     036A  07A1               	addwf	Key_Init@i,f
  9488     036B                     l4384:
  9489     036B  3004               	movlw	4
  9490     036C  0221               	subwf	Key_Init@i,w
  9491     036D  1C03               	skipc
  9492     036E  2B70               	goto	u2741
  9493     036F  2B71               	goto	u2740
  9494     0370                     u2741:
  9495     0370  2B1B               	goto	l4380
  9496     0371                     u2740:
  9497     0371                     l744:
  9498     0371  0008               	return
  9499     0372                     __end_of_Key_Init:
  9500                           
  9501                           	psect	intentry
  9502     0004                     __pintentry:	
  9503 ;; *************** function _INTERRUPT_InterruptManager *****************
  9504 ;; Defined at:
  9505 ;;		line 52 in file "mcc_generated_files/interrupt_manager.c"
  9506 ;; Parameters:    Size  Location     Type
  9507 ;;		None
  9508 ;; Auto vars:     Size  Location     Type
  9509 ;;		None
  9510 ;; Return value:  Size  Location     Type
  9511 ;;                  1    wreg      void 
  9512 ;; Registers used:
  9513 ;;		wreg, fsr0l, fsr0h, fsr1l, fsr1h, status,2, status,0, pclath, cstack
  9514 ;; Tracked objects:
  9515 ;;		On entry : 0/0
  9516 ;;		On exit  : 0/0
  9517 ;;		Unchanged: 0/0
  9518 ;; Data sizes:     COMMON   BANK0   BANK1   BANK2   BANK3   BANK4   BANK5   BANK6
  9519 ;;      Params:         0       0       0       0       0       0       0       0
  9520 ;;      Locals:         0       0       0       0       0       0       0       0
  9521 ;;      Temps:          0       0       0       0       0       0       0       0
  9522 ;;      Totals:         0       0       0       0       0       0       0       0
  9523 ;;Total ram usage:        0 bytes
  9524 ;; Hardware stack levels used: 1
  9525 ;; Hardware stack levels required when called: 5
  9526 ;; This function calls:
  9527 ;;		_TMR0_ISR
  9528 ;;		_TMR1_ISR
  9529 ;; This function is called by:
  9530 ;;		Interrupt level 1
  9531 ;; This function uses a non-reentrant model
  9532 ;;
  9533                           
  9534     0004                     _INTERRUPT_InterruptManager:
  9535                           
  9536                           ;incstack = 0
  9537 ;; hardware stack exceeded
  9538     0004  147E               	bsf	int$flags,0	;set compiler interrupt flag (level 1)
  9539                           
  9540                           ; Regs used in _INTERRUPT_InterruptManager: [wreg-fsr1h+status,2+status,0+pclath+cstack]
  9541     0005  3180               	pagesel	$
  9542     0006                     i1l3686:
  9543                           
  9544                           ;mcc_generated_files/interrupt_manager.c: 55:     if(INTCONbits.TMR0IE == 1 && INTCONbit
      +                          s.TMR0IF == 1)
  9545     0006  1E8B               	btfss	11,5	;volatile
  9546     0007  2809               	goto	u207_21
  9547     0008  280A               	goto	u207_20
  9548     0009                     u207_21:
  9549     0009  2812               	goto	i1l581
  9550     000A                     u207_20:
  9551     000A                     i1l3688:
  9552     000A  1D0B               	btfss	11,2	;volatile
  9553     000B  280D               	goto	u208_21
  9554     000C  280E               	goto	u208_20
  9555     000D                     u208_21:
  9556     000D  2812               	goto	i1l581
  9557     000E                     u208_20:
  9558     000E                     i1l3690:
  9559                           
  9560                           ;mcc_generated_files/interrupt_manager.c: 56:     {;mcc_generated_files/interrupt_manage
      +                          r.c: 57:         TMR0_ISR();
  9561     000E  3187  27B5  3180   	fcall	_TMR0_ISR
  9562                           
  9563                           ;mcc_generated_files/interrupt_manager.c: 58:     }
  9564     0011  2824               	goto	i1l587
  9565     0012                     i1l581:	
  9566                           ;mcc_generated_files/interrupt_manager.c: 59:     else if(INTCONbits.PEIE == 1)
  9567                           
  9568     0012  1F0B               	btfss	11,6	;volatile
  9569     0013  2815               	goto	u209_21
  9570     0014  2816               	goto	u209_20
  9571     0015                     u209_21:
  9572     0015  2824               	goto	i1l587
  9573     0016                     u209_20:
  9574     0016                     i1l3692:
  9575                           
  9576                           ;mcc_generated_files/interrupt_manager.c: 60:     {;mcc_generated_files/interrupt_manage
      +                          r.c: 61:         if(PIE1bits.TMR1IE == 1 && PIR1bits.TMR1IF == 1)
  9577     0016  0021               	movlb	1	; select bank1
  9578     0017  1C11               	btfss	17,0	;volatile
  9579     0018  281A               	goto	u210_21
  9580     0019  281B               	goto	u210_20
  9581     001A                     u210_21:
  9582     001A  2824               	goto	i1l586
  9583     001B                     u210_20:
  9584     001B                     i1l3694:
  9585     001B  0020               	movlb	0	; select bank0
  9586     001C  1C11               	btfss	17,0	;volatile
  9587     001D  281F               	goto	u211_21
  9588     001E  2820               	goto	u211_20
  9589     001F                     u211_21:
  9590     001F  2824               	goto	i1l586
  9591     0020                     u211_20:
  9592     0020                     i1l3696:
  9593                           
  9594                           ;mcc_generated_files/interrupt_manager.c: 62:         {;mcc_generated_files/interrupt_ma
      +                          nager.c: 63:             TMR1_ISR();
  9595     0020  3186  26F5  3180   	fcall	_TMR1_ISR
  9596                           
  9597                           ;mcc_generated_files/interrupt_manager.c: 64:         }
  9598     0023  2824               	goto	i1l587
  9599     0024                     i1l586:	
  9600                           ;mcc_generated_files/interrupt_manager.c: 71:     {;mcc_generated_files/interrupt_manage
      +                          r.c: 73:     }
  9601                           
  9602     0024                     i1l587:
  9603     0024  107E               	bcf	int$flags,0	;clear compiler interrupt flag (level 1)
  9604     0025  0009               	retfie
  9605     0026                     __end_of_INTERRUPT_InterruptManager:
  9606                           
  9607                           	psect	text79
  9608     06F5                     __ptext79:	
  9609 ;; *************** function _TMR1_ISR *****************
  9610 ;; Defined at:
  9611 ;;		line 157 in file "mcc_generated_files/tmr1.c"
  9612 ;; Parameters:    Size  Location     Type
  9613 ;;		None
  9614 ;; Auto vars:     Size  Location     Type
  9615 ;;		None
  9616 ;; Return value:  Size  Location     Type
  9617 ;;                  1    wreg      void 
  9618 ;; Registers used:
  9619 ;;		wreg, status,2, status,0, pclath, cstack
  9620 ;; Tracked objects:
  9621 ;;		On entry : 0/0
  9622 ;;		On exit  : 0/0
  9623 ;;		Unchanged: 0/0
  9624 ;; Data sizes:     COMMON   BANK0   BANK1   BANK2   BANK3   BANK4   BANK5   BANK6
  9625 ;;      Params:         0       0       0       0       0       0       0       0
  9626 ;;      Locals:         0       0       0       0       0       0       0       0
  9627 ;;      Temps:          0       0       0       0       0       0       0       0
  9628 ;;      Totals:         0       0       0       0       0       0       0       0
  9629 ;;Total ram usage:        0 bytes
  9630 ;; Hardware stack levels used: 1
  9631 ;; Hardware stack levels required when called: 2
  9632 ;; This function calls:
  9633 ;;		_TMR1_CallBack
  9634 ;;		_TMR1_WriteTimer
  9635 ;; This function is called by:
  9636 ;;		_INTERRUPT_InterruptManager
  9637 ;; This function uses a non-reentrant model
  9638 ;;
  9639                           
  9640     06F5                     _TMR1_ISR:	
  9641                           ;psect for function _TMR1_ISR
  9642                           
  9643     06F5                     i1l3440:	
  9644                           ;incstack = 0
  9645 ;; hardware stack exceeded
  9646                           ; Regs used in _TMR1_ISR: [wreg+status,2+status,0+pclath+cstack]
  9647                           
  9648                           
  9649                           ;mcc_generated_files/tmr1.c: 159:     static volatile unsigned int CountCallBack = 0;;mc
      +                          c_generated_files/tmr1.c: 162:     PIR1bits.TMR1IF = 0;
  9650     06F5  0020               	movlb	0	; select bank0
  9651     06F6  1011               	bcf	17,0	;volatile
  9652     06F7                     i1l3442:
  9653                           
  9654                           ;mcc_generated_files/tmr1.c: 163:     TMR1_WriteTimer(timer1ReloadVal);
  9655     06F7  0876               	movf	_timer1ReloadVal+1,w	;volatile
  9656     06F8  00F1               	movwf	TMR1_WriteTimer@timerVal+1
  9657     06F9  0875               	movf	_timer1ReloadVal,w	;volatile
  9658     06FA  00F0               	movwf	TMR1_WriteTimer@timerVal
  9659     06FB  318F  2744  3186   	fcall	_TMR1_WriteTimer
  9660     06FE                     i1l3444:
  9661                           
  9662                           ;mcc_generated_files/tmr1.c: 166:     if (++CountCallBack >= 999)
  9663     06FE  3001               	movlw	1
  9664     06FF  0020               	movlb	0	; select bank0
  9665     0700  07DE               	addwf	TMR1_ISR@CountCallBack,f	;volatile
  9666     0701  3000               	movlw	0
  9667     0702  3DDF               	addwfc	TMR1_ISR@CountCallBack+1,f	;volatile
  9668     0703  3003               	movlw	3
  9669     0704  025F               	subwf	TMR1_ISR@CountCallBack+1,w	;volatile
  9670     0705  30E7               	movlw	231
  9671     0706  1903               	skipnz
  9672     0707  025E               	subwf	TMR1_ISR@CountCallBack,w	;volatile
  9673     0708  1C03               	skipc
  9674     0709  2F0B               	goto	u175_21
  9675     070A  2F0C               	goto	u175_20
  9676     070B                     u175_21:
  9677     070B  2F12               	goto	i1l556
  9678     070C                     u175_20:
  9679     070C                     i1l3446:
  9680                           
  9681                           ;mcc_generated_files/tmr1.c: 167:     {;mcc_generated_files/tmr1.c: 169:         TMR1_Ca
      +                          llBack();
  9682     070C  318F  2710  3186   	fcall	_TMR1_CallBack
  9683     070F                     i1l3448:
  9684                           
  9685                           ;mcc_generated_files/tmr1.c: 172:         CountCallBack = 0;
  9686     070F  0020               	movlb	0	; select bank0
  9687     0710  01DE               	clrf	TMR1_ISR@CountCallBack	;volatile
  9688     0711  01DF               	clrf	TMR1_ISR@CountCallBack+1	;volatile
  9689     0712                     i1l556:
  9690     0712  0008               	return
  9691     0713                     __end_of_TMR1_ISR:
  9692                           
  9693                           	psect	text80
  9694     0F44                     __ptext80:	
  9695 ;; *************** function _TMR1_WriteTimer *****************
  9696 ;; Defined at:
  9697 ;;		line 120 in file "mcc_generated_files/tmr1.c"
  9698 ;; Parameters:    Size  Location     Type
  9699 ;;  timerVal        2    0[COMMON] unsigned short 
  9700 ;; Auto vars:     Size  Location     Type
  9701 ;;		None
  9702 ;; Return value:  Size  Location     Type
  9703 ;;                  1    wreg      void 
  9704 ;; Registers used:
  9705 ;;		wreg, status,2
  9706 ;; Tracked objects:
  9707 ;;		On entry : 0/0
  9708 ;;		On exit  : 0/0
  9709 ;;		Unchanged: 0/0
  9710 ;; Data sizes:     COMMON   BANK0   BANK1   BANK2   BANK3   BANK4   BANK5   BANK6
  9711 ;;      Params:         2       0       0       0       0       0       0       0
  9712 ;;      Locals:         0       0       0       0       0       0       0       0
  9713 ;;      Temps:          0       0       0       0       0       0       0       0
  9714 ;;      Totals:         2       0       0       0       0       0       0       0
  9715 ;;Total ram usage:        2 bytes
  9716 ;; Hardware stack levels used: 1
  9717 ;; This function calls:
  9718 ;;		Nothing
  9719 ;; This function is called by:
  9720 ;;		_TMR1_ISR
  9721 ;;		_TMR1_Reload
  9722 ;; This function uses a non-reentrant model
  9723 ;;
  9724                           
  9725     0F44                     _TMR1_WriteTimer:	
  9726                           ;psect for function _TMR1_WriteTimer
  9727                           
  9728     0F44                     i1l3392:	
  9729                           ;incstack = 0
  9730 ;; hardware stack exceeded
  9731                           ; Regs used in _TMR1_WriteTimer: [wreg+status,2]
  9732                           
  9733                           
  9734                           ;mcc_generated_files/tmr1.c: 120: void TMR1_WriteTimer(uint16_t timerVal);mcc_generated_
      +                          files/tmr1.c: 121: {;mcc_generated_files/tmr1.c: 122:     if (T1CONbits.nT1SYNC == 1)
  9735     0F44  0020               	movlb	0	; select bank0
  9736     0F45  1D18               	btfss	24,2	;volatile
  9737     0F46  2F48               	goto	u171_21
  9738     0F47  2F49               	goto	u171_20
  9739     0F48                     u171_21:
  9740     0F48  2F50               	goto	i1l3402
  9741     0F49                     u171_20:
  9742     0F49                     i1l3394:
  9743                           
  9744                           ;mcc_generated_files/tmr1.c: 123:     {;mcc_generated_files/tmr1.c: 125:         T1CONbi
      +                          ts.TMR1ON = 0;
  9745     0F49  1018               	bcf	24,0	;volatile
  9746     0F4A                     i1l3396:
  9747                           
  9748                           ;mcc_generated_files/tmr1.c: 128:         TMR1H = (uint8_t)(timerVal >> 8);
  9749     0F4A  0871               	movf	TMR1_WriteTimer@timerVal+1,w
  9750     0F4B  0097               	movwf	23	;volatile
  9751     0F4C                     i1l3398:
  9752                           
  9753                           ;mcc_generated_files/tmr1.c: 129:         TMR1L = (uint8_t)timerVal;
  9754     0F4C  0870               	movf	TMR1_WriteTimer@timerVal,w
  9755     0F4D  0096               	movwf	22	;volatile
  9756     0F4E                     i1l3400:
  9757                           
  9758                           ;mcc_generated_files/tmr1.c: 132:         T1CONbits.TMR1ON =1;
  9759     0F4E  1418               	bsf	24,0	;volatile
  9760                           
  9761                           ;mcc_generated_files/tmr1.c: 133:     }
  9762     0F4F  2F54               	goto	i1l541
  9763     0F50                     i1l3402:
  9764                           
  9765                           ;mcc_generated_files/tmr1.c: 135:     {;mcc_generated_files/tmr1.c: 137:         TMR1H =
      +                           (uint8_t)(timerVal >> 8);
  9766     0F50  0871               	movf	TMR1_WriteTimer@timerVal+1,w
  9767     0F51  0097               	movwf	23	;volatile
  9768     0F52                     i1l3404:
  9769                           
  9770                           ;mcc_generated_files/tmr1.c: 138:         TMR1L = (uint8_t)timerVal;
  9771     0F52  0870               	movf	TMR1_WriteTimer@timerVal,w
  9772     0F53  0096               	movwf	22	;volatile
  9773     0F54                     i1l541:
  9774     0F54  0008               	return
  9775     0F55                     __end_of_TMR1_WriteTimer:
  9776                           
  9777                           	psect	text81
  9778     0F10                     __ptext81:	
  9779 ;; *************** function _TMR1_CallBack *****************
  9780 ;; Defined at:
  9781 ;;		line 176 in file "mcc_generated_files/tmr1.c"
  9782 ;; Parameters:    Size  Location     Type
  9783 ;;		None
  9784 ;; Auto vars:     Size  Location     Type
  9785 ;;		None
  9786 ;; Return value:  Size  Location     Type
  9787 ;;                  1    wreg      void 
  9788 ;; Registers used:
  9789 ;;		wreg, status,2, status,0, pclath, cstack
  9790 ;; Tracked objects:
  9791 ;;		On entry : 0/0
  9792 ;;		On exit  : 0/0
  9793 ;;		Unchanged: 0/0
  9794 ;; Data sizes:     COMMON   BANK0   BANK1   BANK2   BANK3   BANK4   BANK5   BANK6
  9795 ;;      Params:         0       0       0       0       0       0       0       0
  9796 ;;      Locals:         0       0       0       0       0       0       0       0
  9797 ;;      Temps:          0       0       0       0       0       0       0       0
  9798 ;;      Totals:         0       0       0       0       0       0       0       0
  9799 ;;Total ram usage:        0 bytes
  9800 ;; Hardware stack levels used: 1
  9801 ;; Hardware stack levels required when called: 1
  9802 ;; This function calls:
  9803 ;;		NULL
  9804 ;;		_TMR1_EvenHandler
  9805 ;; This function is called by:
  9806 ;;		_TMR1_ISR
  9807 ;; This function uses a non-reentrant model
  9808 ;;
  9809                           
  9810     0F10                     _TMR1_CallBack:	
  9811                           ;psect for function _TMR1_CallBack
  9812                           
  9813     0F10                     i1l3406:	
  9814                           ;incstack = 0
  9815 ;; hardware stack exceeded
  9816                           ; Regs used in _TMR1_CallBack: [wreg+status,2+status,0+pclath+cstack]
  9817                           
  9818                           
  9819                           ;mcc_generated_files/tmr1.c: 179:     if(TMR1_InterruptHandler)
  9820     0F10  0020               	movlb	0	; select bank0
  9821     0F11  0863               	movf	_TMR1_InterruptHandler,w
  9822     0F12  0464               	iorwf	_TMR1_InterruptHandler+1,w
  9823     0F13  1903               	btfsc	3,2
  9824     0F14  2F16               	goto	u172_21
  9825     0F15  2F17               	goto	u172_20
  9826     0F16                     u172_21:
  9827     0F16  2F1C               	goto	i1l560
  9828     0F17                     u172_20:
  9829     0F17                     i1l3408:
  9830                           
  9831                           ;mcc_generated_files/tmr1.c: 180:     {;mcc_generated_files/tmr1.c: 181:         TMR1_In
      +                          terruptHandler();
  9832     0F17  0864               	movf	_TMR1_InterruptHandler+1,w
  9833     0F18  008A               	movwf	10
  9834     0F19  0863               	movf	_TMR1_InterruptHandler,w
  9835     0F1A  000A               	callw
  9836     0F1B  318F               	pagesel	$
  9837     0F1C                     i1l560:
  9838     0F1C  0008               	return
  9839     0F1D                     __end_of_TMR1_CallBack:
  9840                           
  9841                           	psect	text82
  9842     0E8B                     __ptext82:	
  9843 ;; *************** function _TMR1_EvenHandler *****************
  9844 ;; Defined at:
  9845 ;;		line 14 in file "TimerEven.c"
  9846 ;; Parameters:    Size  Location     Type
  9847 ;;		None
  9848 ;; Auto vars:     Size  Location     Type
  9849 ;;		None
  9850 ;; Return value:  Size  Location     Type
  9851 ;;                  1    wreg      void 
  9852 ;; Registers used:
  9853 ;;		wreg
  9854 ;; Tracked objects:
  9855 ;;		On entry : 0/0
  9856 ;;		On exit  : 0/0
  9857 ;;		Unchanged: 0/0
  9858 ;; Data sizes:     COMMON   BANK0   BANK1   BANK2   BANK3   BANK4   BANK5   BANK6
  9859 ;;      Params:         0       0       0       0       0       0       0       0
  9860 ;;      Locals:         0       0       0       0       0       0       0       0
  9861 ;;      Temps:          0       0       0       0       0       0       0       0
  9862 ;;      Totals:         0       0       0       0       0       0       0       0
  9863 ;;Total ram usage:        0 bytes
  9864 ;; Hardware stack levels used: 1
  9865 ;; This function calls:
  9866 ;;		Nothing
  9867 ;; This function is called by:
  9868 ;;		_main
  9869 ;;		_TMR1_CallBack
  9870 ;; This function uses a non-reentrant model
  9871 ;;
  9872                           
  9873     0E8B                     _TMR1_EvenHandler:	
  9874                           ;psect for function _TMR1_EvenHandler
  9875                           
  9876     0E8B                     i1l3276:	
  9877                           ;incstack = 0
  9878 ;; hardware stack exceeded
  9879                           ; Regs used in _TMR1_EvenHandler: [wreg]
  9880                           
  9881                           
  9882                           ;TimerEven.c: 15:     T1_1ms_cnt++;
  9883     0E8B  3001               	movlw	1
  9884     0E8C  0020               	movlb	0	; select bank0
  9885     0E8D  07DA               	addwf	_T1_1ms_cnt,f
  9886     0E8E  3000               	movlw	0
  9887     0E8F  3DDB               	addwfc	_T1_1ms_cnt+1,f
  9888     0E90                     i1l725:
  9889     0E90  0008               	return
  9890     0E91                     __end_of_TMR1_EvenHandler:
  9891                           
  9892                           	psect	text83
  9893     07B5                     __ptext83:	
  9894 ;; *************** function _TMR0_ISR *****************
  9895 ;; Defined at:
  9896 ;;		line 108 in file "mcc_generated_files/tmr0.c"
  9897 ;; Parameters:    Size  Location     Type
  9898 ;;		None
  9899 ;; Auto vars:     Size  Location     Type
  9900 ;;		None
  9901 ;; Return value:  Size  Location     Type
  9902 ;;                  1    wreg      void 
  9903 ;; Registers used:
  9904 ;;		wreg, fsr0l, fsr0h, fsr1l, fsr1h, status,2, status,0, pclath, cstack
  9905 ;; Tracked objects:
  9906 ;;		On entry : 0/0
  9907 ;;		On exit  : 0/0
  9908 ;;		Unchanged: 0/0
  9909 ;; Data sizes:     COMMON   BANK0   BANK1   BANK2   BANK3   BANK4   BANK5   BANK6
  9910 ;;      Params:         0       0       0       0       0       0       0       0
  9911 ;;      Locals:         0       0       0       0       0       0       0       0
  9912 ;;      Temps:          0       0       0       0       0       0       0       0
  9913 ;;      Totals:         0       0       0       0       0       0       0       0
  9914 ;;Total ram usage:        0 bytes
  9915 ;; Hardware stack levels used: 1
  9916 ;; Hardware stack levels required when called: 4
  9917 ;; This function calls:
  9918 ;;		_TMR0_CallBack
  9919 ;; This function is called by:
  9920 ;;		_INTERRUPT_InterruptManager
  9921 ;; This function uses a non-reentrant model
  9922 ;;
  9923                           
  9924     07B5                     _TMR0_ISR:	
  9925                           ;psect for function _TMR0_ISR
  9926                           
  9927     07B5                     i1l3452:	
  9928                           ;incstack = 0
  9929 ;; hardware stack exceeded
  9930                           ; Regs used in _TMR0_ISR: [wreg-fsr1h+status,2+status,0+pclath+cstack]
  9931                           
  9932                           
  9933                           ;mcc_generated_files/tmr0.c: 110:     static volatile uint16_t CountCallBack = 0;;mcc_ge
      +                          nerated_files/tmr0.c: 113:     INTCONbits.TMR0IF = 0;
  9934     07B5  110B               	bcf	11,2	;volatile
  9935     07B6                     i1l3454:
  9936                           
  9937                           ;mcc_generated_files/tmr0.c: 115:     TMR0 = timer0ReloadVal;
  9938     07B6  0878               	movf	_timer0ReloadVal,w	;volatile
  9939     07B7  0020               	movlb	0	; select bank0
  9940     07B8  0095               	movwf	21	;volatile
  9941                           
  9942                           ;mcc_generated_files/tmr0.c: 118:     if (++CountCallBack >= 10)
  9943     07B9  3001               	movlw	1
  9944     07BA  07DC               	addwf	TMR0_ISR@CountCallBack,f	;volatile
  9945     07BB  3000               	movlw	0
  9946     07BC  3DDD               	addwfc	TMR0_ISR@CountCallBack+1,f	;volatile
  9947     07BD  3000               	movlw	0
  9948     07BE  025D               	subwf	TMR0_ISR@CountCallBack+1,w	;volatile
  9949     07BF  300A               	movlw	10
  9950     07C0  1903               	skipnz
  9951     07C1  025C               	subwf	TMR0_ISR@CountCallBack,w	;volatile
  9952     07C2  1C03               	skipc
  9953     07C3  2FC5               	goto	u176_21
  9954     07C4  2FC6               	goto	u176_20
  9955     07C5                     u176_21:
  9956     07C5  2FCC               	goto	i1l621
  9957     07C6                     u176_20:
  9958     07C6                     i1l3456:
  9959                           
  9960                           ;mcc_generated_files/tmr0.c: 119:     {;mcc_generated_files/tmr0.c: 121:         TMR0_Ca
      +                          llBack();
  9961     07C6  318F  2703  3187   	fcall	_TMR0_CallBack
  9962     07C9                     i1l3458:
  9963                           
  9964                           ;mcc_generated_files/tmr0.c: 124:         CountCallBack = 0;
  9965     07C9  0020               	movlb	0	; select bank0
  9966     07CA  01DC               	clrf	TMR0_ISR@CountCallBack	;volatile
  9967     07CB  01DD               	clrf	TMR0_ISR@CountCallBack+1	;volatile
  9968     07CC                     i1l621:
  9969     07CC  0008               	return
  9970     07CD                     __end_of_TMR0_ISR:
  9971                           
  9972                           	psect	text84
  9973     0F03                     __ptext84:	
  9974 ;; *************** function _TMR0_CallBack *****************
  9975 ;; Defined at:
  9976 ;;		line 130 in file "mcc_generated_files/tmr0.c"
  9977 ;; Parameters:    Size  Location     Type
  9978 ;;		None
  9979 ;; Auto vars:     Size  Location     Type
  9980 ;;		None
  9981 ;; Return value:  Size  Location     Type
  9982 ;;                  1    wreg      void 
  9983 ;; Registers used:
  9984 ;;		wreg, fsr0l, fsr0h, fsr1l, fsr1h, status,2, status,0, pclath, cstack
  9985 ;; Tracked objects:
  9986 ;;		On entry : 0/0
  9987 ;;		On exit  : 0/0
  9988 ;;		Unchanged: 0/0
  9989 ;; Data sizes:     COMMON   BANK0   BANK1   BANK2   BANK3   BANK4   BANK5   BANK6
  9990 ;;      Params:         0       0       0       0       0       0       0       0
  9991 ;;      Locals:         0       0       0       0       0       0       0       0
  9992 ;;      Temps:          0       0       0       0       0       0       0       0
  9993 ;;      Totals:         0       0       0       0       0       0       0       0
  9994 ;;Total ram usage:        0 bytes
  9995 ;; Hardware stack levels used: 1
  9996 ;; Hardware stack levels required when called: 3
  9997 ;; This function calls:
  9998 ;;		NULL
  9999 ;;		_TMR0_DefaultInterruptHandler
 10000 ;;		_TMR0_Even_10msEV
 10001 ;; This function is called by:
 10002 ;;		_TMR0_ISR
 10003 ;; This function uses a non-reentrant model
 10004 ;;
 10005                           
 10006     0F03                     _TMR0_CallBack:	
 10007                           ;psect for function _TMR0_CallBack
 10008                           
 10009     0F03                     i1l3410:	
 10010                           ;incstack = 0
 10011 ;; hardware stack exceeded
 10012                           ; Regs used in _TMR0_CallBack: [wreg-fsr1h+status,2+status,0+pclath+cstack]
 10013                           
 10014                           
 10015                           ;mcc_generated_files/tmr0.c: 134:     if(TMR0_InterruptHandler)
 10016     0F03  0020               	movlb	0	; select bank0
 10017     0F04  0861               	movf	_TMR0_InterruptHandler,w
 10018     0F05  0462               	iorwf	_TMR0_InterruptHandler+1,w
 10019     0F06  1903               	btfsc	3,2
 10020     0F07  2F09               	goto	u173_21
 10021     0F08  2F0A               	goto	u173_20
 10022     0F09                     u173_21:
 10023     0F09  2F0F               	goto	i1l625
 10024     0F0A                     u173_20:
 10025     0F0A                     i1l3412:
 10026                           
 10027                           ;mcc_generated_files/tmr0.c: 135:     {;mcc_generated_files/tmr0.c: 136:         TMR0_In
      +                          terruptHandler();
 10028     0F0A  0862               	movf	_TMR0_InterruptHandler+1,w
 10029     0F0B  008A               	movwf	10
 10030     0F0C  0861               	movf	_TMR0_InterruptHandler,w
 10031     0F0D  000A               	callw
 10032     0F0E  318F               	pagesel	$
 10033     0F0F                     i1l625:
 10034     0F0F  0008               	return
 10035     0F10                     __end_of_TMR0_CallBack:
 10036                           
 10037                           	psect	text85
 10038     0E26                     __ptext85:	
 10039 ;; *************** function _TMR0_DefaultInterruptHandler *****************
 10040 ;; Defined at:
 10041 ;;		line 144 in file "mcc_generated_files/tmr0.c"
 10042 ;; Parameters:    Size  Location     Type
 10043 ;;		None
 10044 ;; Auto vars:     Size  Location     Type
 10045 ;;		None
 10046 ;; Return value:  Size  Location     Type
 10047 ;;                  1    wreg      void 
 10048 ;; Registers used:
 10049 ;;		None
 10050 ;; Tracked objects:
 10051 ;;		On entry : 0/0
 10052 ;;		On exit  : 0/0
 10053 ;;		Unchanged: 0/0
 10054 ;; Data sizes:     COMMON   BANK0   BANK1   BANK2   BANK3   BANK4   BANK5   BANK6
 10055 ;;      Params:         0       0       0       0       0       0       0       0
 10056 ;;      Locals:         0       0       0       0       0       0       0       0
 10057 ;;      Temps:          0       0       0       0       0       0       0       0
 10058 ;;      Totals:         0       0       0       0       0       0       0       0
 10059 ;;Total ram usage:        0 bytes
 10060 ;; Hardware stack levels used: 1
 10061 ;; This function calls:
 10062 ;;		Nothing
 10063 ;; This function is called by:
 10064 ;;		_TMR0_Initialize
 10065 ;;		_TMR0_CallBack
 10066 ;; This function uses a non-reentrant model
 10067 ;;
 10068                           
 10069     0E26                     _TMR0_DefaultInterruptHandler:	
 10070                           ;psect for function _TMR0_DefaultInterruptHandler
 10071                           
 10072     0E26                     i1l631:	
 10073                           ;incstack = 0
 10074 ;; hardware stack exceeded
 10075                           ; Regs used in _TMR0_DefaultInterruptHandler: []
 10076                           
 10077     0E26  0008               	return
 10078     0E27                     __end_of_TMR0_DefaultInterruptHandler:
 10079                           
 10080                           	psect	text86
 10081     0E45                     __ptext86:	
 10082 ;; *************** function _TMR0_Even_10msEV *****************
 10083 ;; Defined at:
 10084 ;;		line 10 in file "TimerEven.c"
 10085 ;; Parameters:    Size  Location     Type
 10086 ;;		None
 10087 ;; Auto vars:     Size  Location     Type
 10088 ;;		None
 10089 ;; Return value:  Size  Location     Type
 10090 ;;                  1    wreg      void 
 10091 ;; Registers used:
 10092 ;;		wreg, fsr0l, fsr0h, fsr1l, fsr1h, status,2, status,0, pclath, cstack
 10093 ;; Tracked objects:
 10094 ;;		On entry : 0/0
 10095 ;;		On exit  : 0/0
 10096 ;;		Unchanged: 0/0
 10097 ;; Data sizes:     COMMON   BANK0   BANK1   BANK2   BANK3   BANK4   BANK5   BANK6
 10098 ;;      Params:         0       0       0       0       0       0       0       0
 10099 ;;      Locals:         0       0       0       0       0       0       0       0
 10100 ;;      Temps:          0       0       0       0       0       0       0       0
 10101 ;;      Totals:         0       0       0       0       0       0       0       0
 10102 ;;Total ram usage:        0 bytes
 10103 ;; Hardware stack levels used: 1
 10104 ;; Hardware stack levels required when called: 2
 10105 ;; This function calls:
 10106 ;;		_Key_ScanTask
 10107 ;; This function is called by:
 10108 ;;		_main
 10109 ;;		_TMR0_CallBack
 10110 ;; This function uses a non-reentrant model
 10111 ;;
 10112                           
 10113     0E45                     _TMR0_Even_10msEV:	
 10114                           ;psect for function _TMR0_Even_10msEV
 10115                           
 10116     0E45                     i1l3274:	
 10117                           ;incstack = 0
 10118 ;; hardware stack exceeded
 10119                           ; Regs used in _TMR0_Even_10msEV: [wreg-fsr1h+status,2+status,0+pclath+cstack]
 10120                           
 10121                           
 10122                           ;TimerEven.c: 11:     Key_ScanTask();
 10123     0E45  3181  2148  318E   	fcall	_Key_ScanTask
 10124     0E48                     i1l722:
 10125     0E48  0008               	return
 10126     0E49                     __end_of_TMR0_Even_10msEV:
 10127                           
 10128                           	psect	text87
 10129     0148                     __ptext87:	
 10130 ;; *************** function _Key_ScanTask *****************
 10131 ;; Defined at:
 10132 ;;		line 37 in file "Key.c"
 10133 ;; Parameters:    Size  Location     Type
 10134 ;;		None
 10135 ;; Auto vars:     Size  Location     Type
 10136 ;;  key             1    4[COMMON] PTR struct .
 10137 ;;		 -> g_keys(32), 
 10138 ;;  i               1    3[COMMON] unsigned char 
 10139 ;; Return value:  Size  Location     Type
 10140 ;;                  1    wreg      void 
 10141 ;; Registers used:
 10142 ;;		wreg, fsr0l, fsr0h, fsr1l, fsr1h, status,2, status,0, pclath, cstack
 10143 ;; Tracked objects:
 10144 ;;		On entry : 0/0
 10145 ;;		On exit  : 0/0
 10146 ;;		Unchanged: 0/0
 10147 ;; Data sizes:     COMMON   BANK0   BANK1   BANK2   BANK3   BANK4   BANK5   BANK6
 10148 ;;      Params:         0       0       0       0       0       0       0       0
 10149 ;;      Locals:         2       0       0       0       0       0       0       0
 10150 ;;      Temps:          2       0       0       0       0       0       0       0
 10151 ;;      Totals:         4       0       0       0       0       0       0       0
 10152 ;;Total ram usage:        4 bytes
 10153 ;; Hardware stack levels used: 1
 10154 ;; Hardware stack levels required when called: 1
 10155 ;; This function calls:
 10156 ;;		_key_hw_read
 10157 ;; This function is called by:
 10158 ;;		_TMR0_Even_10msEV
 10159 ;; This function uses a non-reentrant model
 10160 ;;
 10161                           
 10162     0148                     _Key_ScanTask:	
 10163                           ;psect for function _Key_ScanTask
 10164                           
 10165     0148                     i1l3100:	
 10166                           ;incstack = 0
 10167 ;; hardware stack exceeded
 10168                           ; Regs used in _Key_ScanTask: [wreg-fsr1h+status,2+status,0+pclath+cstack]
 10169                           
 10170                           
 10171                           ;Key.c: 39:     for(uint8_t i=0;i<4;i++)
 10172     0148  01F3               	clrf	Key_ScanTask@i
 10173     0149                     i1l3106:
 10174                           
 10175                           ;Key.c: 40:     {;Key.c: 41:         KeyInfo_t* key = &g_keys[i];
 10176     0149  0873               	movf	Key_ScanTask@i,w
 10177     014A  00F1               	movwf	??_Key_ScanTask
 10178     014B  3002               	movlw	2
 10179     014C                     u127_25:
 10180     014C  35F1               	lslf	??_Key_ScanTask,f
 10181     014D  3EFF               	addlw	-1
 10182     014E  1D03               	skipz
 10183     014F  294C               	goto	u127_25
 10184     0150  3571               	lslf	??_Key_ScanTask,w
 10185     0151  3EBD               	addlw	(low (_g_keys| 0))& (0+255)
 10186     0152  00F4               	movwf	Key_ScanTask@key
 10187                           
 10188                           ;Key.c: 42:         switch(key->state)
 10189     0153  2A16               	goto	i1l3152
 10190     0154                     i1l3108:
 10191                           
 10192                           ;Key.c: 45:                 if(key_hw_read(i)) {
 10193     0154  0873               	movf	Key_ScanTask@i,w
 10194     0155  3185  2595  3181   	fcall	_key_hw_read
 10195     0158  3A00               	xorlw	0
 10196     0159  1903               	skipnz
 10197     015A  295C               	goto	u128_21
 10198     015B  295D               	goto	u128_20
 10199     015C                     u128_21:
 10200     015C  2A2C               	goto	i1l3154
 10201     015D                     u128_20:
 10202     015D                     i1l3110:
 10203                           
 10204                           ;Key.c: 46:                     key->debounce_cnt = 0;
 10205     015D  0A74               	incf	Key_ScanTask@key,w
 10206     015E  0086               	movwf	6
 10207     015F  0187               	clrf	7
 10208     0160  3000               	movlw	0
 10209     0161  3FC0               	movwi [0]fsr1
 10210     0162  3FC1               	movwi [1]fsr1
 10211                           
 10212                           ;Key.c: 47:                     key->state = KEY_DEBOUNCE;
 10213     0163  0874               	movf	Key_ScanTask@key,w
 10214     0164  0086               	movwf	6
 10215     0165  0187               	clrf	7
 10216     0166  0181               	clrf	1
 10217     0167  0A81               	incf	1,f
 10218     0168                     i1l3112:
 10219                           
 10220                           ;Key.c: 48:                     key->reported = 0;
 10221     0168  0874               	movf	Key_ScanTask@key,w
 10222     0169  3E07               	addlw	7
 10223     016A  0086               	movwf	6
 10224     016B  0187               	clrf	7
 10225     016C  0181               	clrf	1
 10226     016D  2A2C               	goto	i1l3154
 10227     016E                     i1l3114:
 10228                           
 10229                           ;Key.c: 52:                 if(key_hw_read(i)) {
 10230     016E  0873               	movf	Key_ScanTask@i,w
 10231     016F  3185  2595  3181   	fcall	_key_hw_read
 10232     0172  3A00               	xorlw	0
 10233     0173  1903               	skipnz
 10234     0174  2976               	goto	u129_21
 10235     0175  2977               	goto	u129_20
 10236     0176                     u129_21:
 10237     0176  299C               	goto	i1l3124
 10238     0177                     u129_20:
 10239     0177                     i1l3116:
 10240                           
 10241                           ;Key.c: 53:                     key->debounce_cnt++;
 10242     0177  0A74               	incf	Key_ScanTask@key,w
 10243     0178  0086               	movwf	6
 10244     0179  0187               	clrf	7
 10245     017A  3001               	movlw	1
 10246     017B  0781               	addwf	1,f
 10247     017C  3141               	addfsr 1,1
 10248     017D  1803               	skipnc
 10249     017E  0A81               	incf	1,f
 10250     017F                     i1l3118:
 10251                           
 10252                           ;Key.c: 54:                     if(key->debounce_cnt > 2) {
 10253     017F  0A74               	incf	Key_ScanTask@key,w
 10254     0180  0086               	movwf	6
 10255     0181  0187               	clrf	7
 10256     0182  3F40               	moviw [0]fsr1
 10257     0183  00F1               	movwf	??_Key_ScanTask
 10258     0184  3F41               	moviw [1]fsr1
 10259     0185  00F2               	movwf	??_Key_ScanTask+1
 10260     0186  3000               	movlw	0
 10261     0187  0272               	subwf	??_Key_ScanTask+1,w
 10262     0188  3003               	movlw	3
 10263     0189  1903               	skipnz
 10264     018A  0271               	subwf	??_Key_ScanTask,w
 10265     018B  1C03               	skipc
 10266     018C  298E               	goto	u130_21
 10267     018D  298F               	goto	u130_20
 10268     018E                     u130_21:
 10269     018E  2A2C               	goto	i1l3154
 10270     018F                     u130_20:
 10271     018F                     i1l3120:
 10272                           
 10273                           ;Key.c: 55:                         key->state = KEY_PRESS;
 10274     018F  0874               	movf	Key_ScanTask@key,w
 10275     0190  0086               	movwf	6
 10276     0191  0187               	clrf	7
 10277     0192  3002               	movlw	2
 10278     0193  0081               	movwf	1
 10279     0194                     i1l3122:
 10280                           
 10281                           ;Key.c: 56:                         key->press_cnt = 0;
 10282     0194  0874               	movf	Key_ScanTask@key,w
 10283     0195  3E03               	addlw	3
 10284     0196  0086               	movwf	6
 10285     0197  0187               	clrf	7
 10286     0198  3000               	movlw	0
 10287     0199  3FC0               	movwi [0]fsr1
 10288     019A  3FC1               	movwi [1]fsr1
 10289     019B  2A2C               	goto	i1l3154
 10290     019C                     i1l3124:
 10291                           
 10292                           ;Key.c: 59:                     key->state = KEY_IDLE;
 10293     019C  0874               	movf	Key_ScanTask@key,w
 10294     019D  0086               	movwf	6
 10295     019E  0187               	clrf	7
 10296     019F  0181               	clrf	1
 10297     01A0                     i1l3126:
 10298                           
 10299                           ;Key.c: 60:                     key->debounce_cnt = 0;
 10300     01A0  0A74               	incf	Key_ScanTask@key,w
 10301     01A1  0086               	movwf	6
 10302     01A2  0187               	clrf	7
 10303     01A3  3000               	movlw	0
 10304     01A4  3FC0               	movwi [0]fsr1
 10305     01A5  3FC1               	movwi [1]fsr1
 10306     01A6  2A2C               	goto	i1l3154
 10307     01A7                     i1l3128:
 10308                           
 10309                           ;Key.c: 64:                 if(key_hw_read(i)) {
 10310     01A7  0873               	movf	Key_ScanTask@i,w
 10311     01A8  3185  2595  3181   	fcall	_key_hw_read
 10312     01AB  3A00               	xorlw	0
 10313     01AC  1903               	skipnz
 10314     01AD  29AF               	goto	u131_21
 10315     01AE  29B0               	goto	u131_20
 10316     01AF                     u131_21:
 10317     01AF  29FF               	goto	i1l3142
 10318     01B0                     u131_20:
 10319     01B0                     i1l3130:
 10320                           
 10321                           ;Key.c: 65:                     key->press_cnt++;
 10322     01B0  0874               	movf	Key_ScanTask@key,w
 10323     01B1  3E03               	addlw	3
 10324     01B2  0086               	movwf	6
 10325     01B3  0187               	clrf	7
 10326     01B4  3001               	movlw	1
 10327     01B5  0781               	addwf	1,f
 10328     01B6  3141               	addfsr 1,1
 10329     01B7  1803               	skipnc
 10330     01B8  0A81               	incf	1,f
 10331                           
 10332                           ;Key.c: 66:                     if(key->press_cnt == 100 && !key->reported) {
 10333     01B9  0874               	movf	Key_ScanTask@key,w
 10334     01BA  3E03               	addlw	3
 10335     01BB  0086               	movwf	6
 10336     01BC  0187               	clrf	7
 10337     01BD  0016               	moviw fsr1++
 10338     01BE  3A64               	xorlw	100
 10339     01BF  00F1               	movwf	??_Key_ScanTask
 10340     01C0  0016               	moviw fsr1++
 10341     01C1  04F1               	iorwf	??_Key_ScanTask,f
 10342     01C2  1D03               	btfss	3,2
 10343     01C3  29C5               	goto	u132_21
 10344     01C4  29C6               	goto	u132_20
 10345     01C5                     u132_21:
 10346     01C5  29DC               	goto	i1l3136
 10347     01C6                     u132_20:
 10348     01C6                     i1l3132:
 10349     01C6  0874               	movf	Key_ScanTask@key,w
 10350     01C7  3E07               	addlw	7
 10351     01C8  0086               	movwf	6
 10352     01C9  0187               	clrf	7
 10353     01CA  0801               	movf	1,w
 10354     01CB  1D03               	btfss	3,2
 10355     01CC  29CE               	goto	u133_21
 10356     01CD  29CF               	goto	u133_20
 10357     01CE                     u133_21:
 10358     01CE  29DC               	goto	i1l3136
 10359     01CF                     u133_20:
 10360     01CF                     i1l3134:
 10361                           
 10362                           ;Key.c: 67:                         key->long_press_flag = 1;
 10363     01CF  0874               	movf	Key_ScanTask@key,w
 10364     01D0  3E06               	addlw	6
 10365     01D1  0086               	movwf	6
 10366     01D2  0187               	clrf	7
 10367     01D3  0181               	clrf	1
 10368     01D4  0A81               	incf	1,f
 10369                           
 10370                           ;Key.c: 68:                         key->reported = 1;
 10371     01D5  0874               	movf	Key_ScanTask@key,w
 10372     01D6  3E07               	addlw	7
 10373     01D7  0086               	movwf	6
 10374     01D8  0187               	clrf	7
 10375     01D9  0181               	clrf	1
 10376     01DA  0A81               	incf	1,f
 10377                           
 10378                           ;Key.c: 69:                     }
 10379     01DB  2A2C               	goto	i1l3154
 10380     01DC                     i1l3136:
 10381     01DC  0874               	movf	Key_ScanTask@key,w
 10382     01DD  3E03               	addlw	3
 10383     01DE  0086               	movwf	6
 10384     01DF  0187               	clrf	7
 10385     01E0  0016               	moviw fsr1++
 10386     01E1  3A0A               	xorlw	10
 10387     01E2  00F1               	movwf	??_Key_ScanTask
 10388     01E3  0016               	moviw fsr1++
 10389     01E4  04F1               	iorwf	??_Key_ScanTask,f
 10390     01E5  1D03               	btfss	3,2
 10391     01E6  29E8               	goto	u134_21
 10392     01E7  29E9               	goto	u134_20
 10393     01E8                     u134_21:
 10394     01E8  2A2C               	goto	i1l3154
 10395     01E9                     u134_20:
 10396     01E9                     i1l3138:
 10397     01E9  0874               	movf	Key_ScanTask@key,w
 10398     01EA  3E07               	addlw	7
 10399     01EB  0086               	movwf	6
 10400     01EC  0187               	clrf	7
 10401     01ED  0801               	movf	1,w
 10402     01EE  1D03               	btfss	3,2
 10403     01EF  29F1               	goto	u135_21
 10404     01F0  29F2               	goto	u135_20
 10405     01F1                     u135_21:
 10406     01F1  2A2C               	goto	i1l3154
 10407     01F2                     u135_20:
 10408     01F2                     i1l3140:
 10409                           
 10410                           ;Key.c: 71:                         key->short_press_flag = 1;
 10411     01F2  0874               	movf	Key_ScanTask@key,w
 10412     01F3  3E05               	addlw	5
 10413     01F4  0086               	movwf	6
 10414     01F5  0187               	clrf	7
 10415     01F6  0181               	clrf	1
 10416     01F7  0A81               	incf	1,f
 10417                           
 10418                           ;Key.c: 72:                         key->reported = 1;
 10419     01F8  0874               	movf	Key_ScanTask@key,w
 10420     01F9  3E07               	addlw	7
 10421     01FA  0086               	movwf	6
 10422     01FB  0187               	clrf	7
 10423     01FC  0181               	clrf	1
 10424     01FD  0A81               	incf	1,f
 10425     01FE  2A2C               	goto	i1l3154
 10426     01FF                     i1l3142:
 10427                           
 10428                           ;Key.c: 75:                     key->state = KEY_IDLE;
 10429     01FF  0874               	movf	Key_ScanTask@key,w
 10430     0200  0086               	movwf	6
 10431     0201  0187               	clrf	7
 10432     0202  0181               	clrf	1
 10433     0203                     i1l3144:
 10434                           
 10435                           ;Key.c: 76:                     key->debounce_cnt = 0;
 10436     0203  0A74               	incf	Key_ScanTask@key,w
 10437     0204  0086               	movwf	6
 10438     0205  0187               	clrf	7
 10439     0206  3000               	movlw	0
 10440     0207  3FC0               	movwi [0]fsr1
 10441     0208  3FC1               	movwi [1]fsr1
 10442     0209                     i1l3146:
 10443                           
 10444                           ;Key.c: 77:                     key->press_cnt = 0;
 10445     0209  0874               	movf	Key_ScanTask@key,w
 10446     020A  3E03               	addlw	3
 10447     020B  0086               	movwf	6
 10448     020C  0187               	clrf	7
 10449     020D  3000               	movlw	0
 10450     020E  3FC0               	movwi [0]fsr1
 10451     020F  3FC1               	movwi [1]fsr1
 10452     0210                     i1l3148:
 10453                           
 10454                           ;Key.c: 78:                     key->reported = 0;
 10455     0210  0874               	movf	Key_ScanTask@key,w
 10456     0211  3E07               	addlw	7
 10457     0212  0086               	movwf	6
 10458     0213  0187               	clrf	7
 10459     0214  0181               	clrf	1
 10460     0215  2A2C               	goto	i1l3154
 10461     0216                     i1l3152:
 10462     0216  0874               	movf	Key_ScanTask@key,w
 10463     0217  0086               	movwf	6
 10464     0218  0187               	clrf	7
 10465     0219  0801               	movf	1,w
 10466     021A  00F1               	movwf	??_Key_ScanTask
 10467     021B  01F2               	clrf	??_Key_ScanTask+1
 10468                           
 10469                           ; Switch on 2 bytes has been partitioned into a top level switch of size 1, and 1 sub-sw
      +                          itches
 10470                           ; Switch size 1, requested type "simple"
 10471                           ; Number of cases is 1, Range of values is 0 to 0
 10472                           ; switch strategies available:
 10473                           ; Name         Instructions Cycles
 10474                           ; simple_byte            4     3 (average)
 10475                           ; direct_byte            8     6 (fixed)
 10476                           ; jumptable            260     6 (fixed)
 10477                           ;	Chosen strategy is simple_byte
 10478     021C  0872               	movf	??_Key_ScanTask+1,w
 10479     021D  3A00               	xorlw	0	; case 0
 10480     021E  1903               	skipnz
 10481     021F  2A21               	goto	i1l4692
 10482     0220  2A2C               	goto	i1l3154
 10483     0221                     i1l4692:
 10484                           
 10485                           ; Switch size 1, requested type "simple"
 10486                           ; Number of cases is 3, Range of values is 0 to 2
 10487                           ; switch strategies available:
 10488                           ; Name         Instructions Cycles
 10489                           ; simple_byte           10     6 (average)
 10490                           ; direct_byte           12     6 (fixed)
 10491                           ; jumptable            260     6 (fixed)
 10492                           ;	Chosen strategy is simple_byte
 10493     0221  0871               	movf	??_Key_ScanTask,w
 10494     0222  3A00               	xorlw	0	; case 0
 10495     0223  1903               	skipnz
 10496     0224  2954               	goto	i1l3108
 10497     0225  3A01               	xorlw	1	; case 1
 10498     0226  1903               	skipnz
 10499     0227  296E               	goto	i1l3114
 10500     0228  3A03               	xorlw	3	; case 2
 10501     0229  1903               	skipnz
 10502     022A  29A7               	goto	i1l3128
 10503     022B  2A2C               	goto	i1l3154
 10504     022C                     i1l3154:
 10505                           
 10506                           ;Key.c: 82:     }
 10507     022C  3001               	movlw	1
 10508     022D  00F1               	movwf	??_Key_ScanTask
 10509     022E  0871               	movf	??_Key_ScanTask,w
 10510     022F  07F3               	addwf	Key_ScanTask@i,f
 10511     0230                     i1l3156:
 10512     0230  3004               	movlw	4
 10513     0231  0273               	subwf	Key_ScanTask@i,w
 10514     0232  1C03               	skipc
 10515     0233  2A35               	goto	u136_21
 10516     0234  2A36               	goto	u136_20
 10517     0235                     u136_21:
 10518     0235  2949               	goto	i1l3106
 10519     0236                     u136_20:
 10520     0236                     i1l763:
 10521     0236  0008               	return
 10522     0237                     __end_of_Key_ScanTask:
 10523                           
 10524                           	psect	text88
 10525     0595                     __ptext88:	
 10526 ;; *************** function _key_hw_read *****************
 10527 ;; Defined at:
 10528 ;;		line 11 in file "Key.c"
 10529 ;; Parameters:    Size  Location     Type
 10530 ;;  idx             1    wreg     unsigned char 
 10531 ;; Auto vars:     Size  Location     Type
 10532 ;;  idx             1    0[COMMON] unsigned char 
 10533 ;; Return value:  Size  Location     Type
 10534 ;;                  1    wreg      _Bool 
 10535 ;; Registers used:
 10536 ;;		wreg, fsr0l, fsr0h, status,2, status,0
 10537 ;; Tracked objects:
 10538 ;;		On entry : 0/0
 10539 ;;		On exit  : 0/0
 10540 ;;		Unchanged: 0/0
 10541 ;; Data sizes:     COMMON   BANK0   BANK1   BANK2   BANK3   BANK4   BANK5   BANK6
 10542 ;;      Params:         0       0       0       0       0       0       0       0
 10543 ;;      Locals:         1       0       0       0       0       0       0       0
 10544 ;;      Temps:          0       0       0       0       0       0       0       0
 10545 ;;      Totals:         1       0       0       0       0       0       0       0
 10546 ;;Total ram usage:        1 bytes
 10547 ;; Hardware stack levels used: 1
 10548 ;; This function calls:
 10549 ;;		Nothing
 10550 ;; This function is called by:
 10551 ;;		_Key_ScanTask
 10552 ;; This function uses a non-reentrant model
 10553 ;;
 10554                           
 10555     0595                     _key_hw_read:	
 10556                           ;psect for function _key_hw_read
 10557                           
 10558                           
 10559                           ;incstack = 0
 10560 ;; hardware stack exceeded
 10561                           ; Regs used in _key_hw_read: [wreg-fsr0h+status,2+status,0]
 10562                           ;key_hw_read@idx stored from wreg
 10563     0595  00F0               	movwf	key_hw_read@idx
 10564     0596                     i1l3072:
 10565                           
 10566                           ;Key.c: 12:     switch(idx) {
 10567     0596  2DB5               	goto	i1l3096
 10568     0597                     i1l3074:
 10569     0597  1003               	clrc
 10570     0598  0020               	movlb	0	; select bank0
 10571     0599  1E8D               	btfss	13,5	;volatile
 10572     059A  1403               	setc
 10573     059B  3000               	movlw	0
 10574     059C  3D09               	addwfc	9,w
 10575     059D  2DC3               	goto	i1l732
 10576     059E                     i1l3078:
 10577     059E  1003               	clrc
 10578     059F  0020               	movlb	0	; select bank0
 10579     05A0  1E0D               	btfss	13,4	;volatile
 10580     05A1  1403               	setc
 10581     05A2  3000               	movlw	0
 10582     05A3  3D09               	addwfc	9,w
 10583     05A4  2DC3               	goto	i1l732
 10584     05A5                     i1l3082:
 10585     05A5  1003               	clrc
 10586     05A6  0020               	movlb	0	; select bank0
 10587     05A7  1D8D               	btfss	13,3	;volatile
 10588     05A8  1403               	setc
 10589     05A9  3000               	movlw	0
 10590     05AA  3D09               	addwfc	9,w
 10591     05AB  2DC3               	goto	i1l732
 10592     05AC                     i1l3086:
 10593     05AC  1003               	clrc
 10594     05AD  0020               	movlb	0	; select bank0
 10595     05AE  1D0D               	btfss	13,2	;volatile
 10596     05AF  1403               	setc
 10597     05B0  3000               	movlw	0
 10598     05B1  3D09               	addwfc	9,w
 10599     05B2  2DC3               	goto	i1l732
 10600     05B3                     i1l3090:
 10601     05B3  3000               	movlw	0
 10602     05B4  2DC3               	goto	i1l732
 10603     05B5                     i1l3096:
 10604     05B5  0870               	movf	key_hw_read@idx,w
 10605                           
 10606                           ; Switch size 1, requested type "simple"
 10607                           ; Number of cases is 4, Range of values is 0 to 3
 10608                           ; switch strategies available:
 10609                           ; Name         Instructions Cycles
 10610                           ; simple_byte           13     7 (average)
 10611                           ; direct_byte           14     6 (fixed)
 10612                           ; jumptable            260     6 (fixed)
 10613                           ;	Chosen strategy is simple_byte
 10614     05B6  3A00               	xorlw	0	; case 0
 10615     05B7  1903               	skipnz
 10616     05B8  2D97               	goto	i1l3074
 10617     05B9  3A01               	xorlw	1	; case 1
 10618     05BA  1903               	skipnz
 10619     05BB  2D9E               	goto	i1l3078
 10620     05BC  3A03               	xorlw	3	; case 2
 10621     05BD  1903               	skipnz
 10622     05BE  2DA5               	goto	i1l3082
 10623     05BF  3A01               	xorlw	1	; case 3
 10624     05C0  1903               	skipnz
 10625     05C1  2DAC               	goto	i1l3086
 10626     05C2  2DB3               	goto	i1l3090
 10627     05C3                     i1l732:
 10628     05C3  0008               	return
 10629     05C4                     __end_of_key_hw_read:
 10630     007E                     btemp	set	126	;btemp
 10631     007E                     int$flags	set	126
 10632     007E                     wtemp0	set	126
 10633                           
 10634                           	psect	config
 10635                           
 10636                           ;Config register CONFIG1 @ 0x8007
 10637                           ;	Oscillator Selection
 10638                           ;	FOSC = INTOSC, INTOSC oscillator: I/O function on CLKIN pin
 10639                           ;	Watchdog Timer Enable
 10640                           ;	WDTE = OFF, WDT disabled
 10641                           ;	Power-up Timer Enable
 10642                           ;	PWRTE = OFF, PWRT disabled
 10643                           ;	MCLR Pin Function Select
 10644                           ;	MCLRE = ON, MCLR/VPP pin function is MCLR
 10645                           ;	Flash Program Memory Code Protection
 10646                           ;	CP = OFF, Program memory code protection is disabled
 10647                           ;	Data Memory Code Protection
 10648                           ;	CPD = OFF, Data memory code protection is disabled
 10649                           ;	Brown-out Reset Enable
 10650                           ;	BOREN = ON, Brown-out Reset enabled
 10651                           ;	Clock Out Enable
 10652                           ;	CLKOUTEN = OFF, CLKOUT function is disabled. I/O or oscillator function on the CLKOUT 
      +                          pin
 10653                           ;	Internal/External Switchover
 10654                           ;	IESO = ON, Internal/External Switchover mode is enabled
 10655                           ;	Fail-Safe Clock Monitor Enable
 10656                           ;	FCMEN = ON, Fail-Safe Clock Monitor is enabled
 10657     8007                     	org	32775
 10658     8007  3FE4               	dw	16356
 10659                           
 10660                           ;Config register CONFIG2 @ 0x8008
 10661                           ;	Flash Memory Self-Write Protection
 10662                           ;	WRT = OFF, Write protection off
 10663                           ;	Voltage Regulator Capacitor Enable
 10664                           ;	VCAPEN = OFF, All VCAP pin functionality is disabled
 10665                           ;	PLL Enable
 10666                           ;	PLLEN = OFF, 4x PLL disabled
 10667                           ;	Stack Overflow/Underflow Reset Enable
 10668                           ;	STVREN = ON, Stack Overflow or Underflow will cause a Reset
 10669                           ;	Brown-out Reset Voltage Selection
 10670                           ;	BORV = LO, Brown-out Reset Voltage (Vbor), low trip point selected.
 10671                           ;	Low-Voltage Programming Enable
 10672                           ;	LVP = OFF, High-voltage on MCLR/VPP must be used for programming
 10673     8008                     	org	32776
 10674     8008  1EFF               	dw	7935

Data Sizes:
    Strings     25
    Constant    32
    Data        4
    BSS         125
    Persistent  36
    Stack       0

Auto Spaces:
    Space          Size  Autos    Used
    COMMON           14      5       9
    BANK0            80     54      73
    BANK1            80      0      78
    BANK2            80      0      32
    BANK3            80      0       0
    BANK4            80      0       0
    BANK5            80      0       0
    BANK6            16      0       0

Pointer List with Targets:

    bufferBlock$data	PTR unsigned char  size(2) Largest target is 0

    cb$0	PTR void  size(1) Largest target is 4
		 -> I2C_Read1ByteRegister@returnValue(COMMON[1]), I2C_Read2ByteRegister@returnValue(COMMON[2]), I2C_ReadDataBlock@bufferBlock(COMMON[4]), I2C_Write1ByteRegister@data(BANK0[1]), 
		 -> I2C_Write2ByteRegister@data(COMMON[2]), NULL(NULL[0]), 

    cb$0	PTR void  size(1) Largest target is 4
		 -> I2C_Read1ByteRegister@returnValue(COMMON[1]), I2C_Read2ByteRegister@returnValue(COMMON[2]), I2C_ReadDataBlock@bufferBlock(COMMON[4]), I2C_Write1ByteRegister@data(BANK0[1]), 
		 -> I2C_Write2ByteRegister@data(COMMON[2]), NULL(NULL[0]), 

    f$.$buffer	PTR unsigned char  size(2) Largest target is 0

    f$.$source	PTR const unsigned char  size(2) Largest target is 0

    fputc@fp	PTR struct _IO_FILE size(1) Largest target is 11
		 -> sprintf@f(BANK0[11]), 

    fputc@fp$.$buffer	PTR unsigned char  size(2) Largest target is 0

    fputc@fp$.$source	PTR const unsigned char  size(2) Largest target is 0

    I2C_CallbackReturnReset@funPtr	PTR void  size(1) Largest target is 4
		 -> I2C_Read1ByteRegister@returnValue(COMMON[1]), I2C_Read2ByteRegister@returnValue(COMMON[2]), I2C_ReadDataBlock@bufferBlock(COMMON[4]), I2C_Write1ByteRegister@data(BANK0[1]), 
		 -> I2C_Write2ByteRegister@data(COMMON[2]), NULL(NULL[0]), 

    I2C_CallbackReturnStop@funPtr	PTR void  size(1) Largest target is 4
		 -> I2C_Read1ByteRegister@returnValue(COMMON[1]), I2C_Read2ByteRegister@returnValue(COMMON[2]), I2C_ReadDataBlock@bufferBlock(COMMON[4]), I2C_Write1ByteRegister@data(BANK0[1]), 
		 -> I2C_Write2ByteRegister@data(COMMON[2]), NULL(NULL[0]), 

    I2C_DO_TX$2136	PTR FTN(PTR void ,)enum E363 size(2) Largest target is 1
		 -> I2C_CallbackReturnReset(), I2C_CallbackReturnStop(), rd1RegCompleteHandler(), rd2RegCompleteHandler(), 
		 -> rdBlkRegCompleteHandler(), wr1RegCompleteHandler(), wr2RegCompleteHandler(), NULL(), 

    I2C_DO_TX$2136$0	PTR void  size(1) Largest target is 4
		 -> I2C_Read1ByteRegister@returnValue(COMMON[1]), I2C_Read2ByteRegister@returnValue(COMMON[2]), I2C_ReadDataBlock@bufferBlock(COMMON[4]), I2C_Write1ByteRegister@data(BANK0[1]), 
		 -> I2C_Write2ByteRegister@data(COMMON[2]), NULL(NULL[0]), 

    I2C_DO_TX$2141	PTR void  size(1) Largest target is 4
		 -> I2C_Read1ByteRegister@returnValue(COMMON[1]), I2C_Read2ByteRegister@returnValue(COMMON[2]), I2C_ReadDataBlock@bufferBlock(COMMON[4]), I2C_Write1ByteRegister@data(BANK0[1]), 
		 -> I2C_Write2ByteRegister@data(COMMON[2]), NULL(NULL[0]), 

    i2c_fsmStateTable	const PTR FTN()enum E3183[16] size(2) Largest target is 1
		 -> I2C_DO_ADDRESS_NACK(), I2C_DO_IDLE(), I2C_DO_RCEN(), I2C_DO_RESET(), 
		 -> I2C_DO_RX(), I2C_DO_RX_ACK(), I2C_DO_RX_NACK_RESTART(), I2C_DO_RX_NACK_STOP(), 
		 -> I2C_DO_SEND_ADR_READ(), I2C_DO_SEND_ADR_WRITE(), I2C_DO_SEND_RESTART(), I2C_DO_SEND_RESTART_READ(), 
		 -> I2C_DO_SEND_RESTART_WRITE(), I2C_DO_SEND_STOP(), I2C_DO_TX(), I2C_DO_TX_EMPTY(), 

    I2C_MasterFsm$2135	const PTR FTN()enum E3183 size(2) Largest target is 1
		 -> I2C_DO_ADDRESS_NACK(), I2C_DO_IDLE(), I2C_DO_RCEN(), I2C_DO_RESET(), 
		 -> I2C_DO_RX(), I2C_DO_RX_ACK(), I2C_DO_RX_NACK_RESTART(), I2C_DO_RX_NACK_STOP(), 
		 -> I2C_DO_SEND_ADR_READ(), I2C_DO_SEND_ADR_WRITE(), I2C_DO_SEND_RESTART(), I2C_DO_SEND_RESTART_READ(), 
		 -> I2C_DO_SEND_RESTART_WRITE(), I2C_DO_SEND_STOP(), I2C_DO_TX(), I2C_DO_TX_EMPTY(), 

    I2C_Read1ByteRegister@returnValue$data	PTR unsigned char  size(2) Largest target is 0

    I2C_Read2ByteRegister@returnValue$data	PTR unsigned char  size(2) Largest target is 0

    I2C_SetAddressNackCallback@cb	PTR FTN(PTR void ,)enum E363 size(2) Largest target is 1
		 -> NULL(), 

    I2C_SetAddressNackCallback@ptr	PTR void  size(2) Largest target is 0
		 -> NULL(NULL[0]), 

    I2C_SetBuffer@buffer	PTR void  size(1) Largest target is 4
		 -> bufferBlock$data(COMMON[2]), I2C_Read1ByteRegister@reg(COMMON[1]), I2C_Read1ByteRegister@returnValue(COMMON[1]), I2C_Read1ByteRegister@returnValue$data(COMMON[2]), 
		 -> I2C_Read2ByteRegister@reg(COMMON[1]), I2C_Read2ByteRegister@returnValue(COMMON[2]), I2C_Read2ByteRegister@returnValue$data(COMMON[2]), I2C_ReadDataBlock@bufferBlock(COMMON[4]), 
		 -> I2C_ReadDataBlock@reg(COMMON[1]), I2C_Write1ByteRegister@data(BANK0[1]), I2C_Write1ByteRegister@data$data(COMMON[2]), I2C_Write1ByteRegister@reg(BANK0[1]), 
		 -> I2C_Write2ByteRegister@data(COMMON[2]), I2C_Write2ByteRegister@data$data(COMMON[2]), I2C_Write2ByteRegister@reg(COMMON[1]), NULL(NULL[0]), 

    I2C_SetCallback@cb	PTR FTN(PTR void ,)enum E363 size(2) Largest target is 1
		 -> rd1RegCompleteHandler(), rd2RegCompleteHandler(), rdBlkRegCompleteHandler(), wr1RegCompleteHandler(), 
		 -> wr2RegCompleteHandler(), NULL(), 

    I2C_SetCallback@ptr	PTR void  size(1) Largest target is 4
		 -> I2C_Read1ByteRegister@returnValue(COMMON[1]), I2C_Read2ByteRegister@returnValue(COMMON[2]), I2C_ReadDataBlock@bufferBlock(COMMON[4]), I2C_Write1ByteRegister@data(BANK0[1]), 
		 -> I2C_Write2ByteRegister@data(COMMON[2]), NULL(NULL[0]), 

    I2C_SetDataCompleteCallback@cb	PTR FTN(PTR void ,)enum E363 size(2) Largest target is 1
		 -> rd1RegCompleteHandler(), rd2RegCompleteHandler(), rdBlkRegCompleteHandler(), wr1RegCompleteHandler(), 
		 -> wr2RegCompleteHandler(), NULL(), 

    I2C_SetDataCompleteCallback@ptr	PTR void  size(1) Largest target is 4
		 -> I2C_Read1ByteRegister@returnValue(COMMON[1]), I2C_Read2ByteRegister@returnValue(COMMON[2]), I2C_ReadDataBlock@bufferBlock(COMMON[4]), I2C_Write1ByteRegister@data(BANK0[1]), 
		 -> I2C_Write2ByteRegister@data(COMMON[2]), NULL(NULL[0]), 

    I2C_Status$callbackPayload	PTR void [6] size(1) Largest target is 4
		 -> I2C_Read1ByteRegister@returnValue(COMMON[1]), I2C_Read2ByteRegister@returnValue(COMMON[2]), I2C_ReadDataBlock@bufferBlock(COMMON[4]), I2C_Write1ByteRegister@data(BANK0[1]), 
		 -> I2C_Write2ByteRegister@data(COMMON[2]), NULL(NULL[0]), 

    I2C_Status$callbackTable	PTR FTN(PTR void ,)enum E363[6] size(2) Largest target is 1
		 -> I2C_CallbackReturnReset(), I2C_CallbackReturnStop(), rd1RegCompleteHandler(), rd2RegCompleteHandler(), 
		 -> rdBlkRegCompleteHandler(), wr1RegCompleteHandler(), wr2RegCompleteHandler(), NULL(), 

    I2C_Status$data_ptr	PTR unsigned char  size(1) Largest target is 4
		 -> bufferBlock$data(COMMON[2]), I2C_Read1ByteRegister@reg(COMMON[1]), I2C_Read1ByteRegister@returnValue(COMMON[1]), I2C_Read1ByteRegister@returnValue$data(COMMON[2]), 
		 -> I2C_Read2ByteRegister@reg(COMMON[1]), I2C_Read2ByteRegister@returnValue(COMMON[2]), I2C_Read2ByteRegister@returnValue$data(COMMON[2]), I2C_ReadDataBlock@bufferBlock(COMMON[4]), 
		 -> I2C_ReadDataBlock@reg(COMMON[1]), I2C_Write1ByteRegister@data(BANK0[1]), I2C_Write1ByteRegister@data$data(COMMON[2]), I2C_Write1ByteRegister@reg(BANK0[1]), 
		 -> I2C_Write2ByteRegister@data(COMMON[2]), I2C_Write2ByteRegister@data$data(COMMON[2]), I2C_Write2ByteRegister@reg(COMMON[1]), NULL(NULL[0]), 

    I2C_Write1ByteRegister@data$data	PTR unsigned char  size(2) Largest target is 0

    I2C_Write2ByteRegister@data$data	PTR unsigned char  size(2) Largest target is 0

    Key_ScanTask@key	PTR struct . size(1) Largest target is 32
		 -> g_keys(BANK1[32]), 

    LCD_Print@str	PTR const unsigned char  size(1) Largest target is 17
		 -> buf(BANK1[17]), 

    NULL$0	PTR void  size(1) Largest target is 4
		 -> I2C_Read1ByteRegister@returnValue(COMMON[1]), I2C_Read2ByteRegister@returnValue(COMMON[2]), I2C_ReadDataBlock@bufferBlock(COMMON[4]), I2C_Write1ByteRegister@data(BANK0[1]), 
		 -> I2C_Write2ByteRegister@data(COMMON[2]), NULL(NULL[0]), 

    rd1RegCompleteHandler@ptr	PTR void  size(1) Largest target is 4
		 -> I2C_Read1ByteRegister@returnValue(COMMON[1]), I2C_Read2ByteRegister@returnValue(COMMON[2]), I2C_ReadDataBlock@bufferBlock(COMMON[4]), I2C_Write1ByteRegister@data(BANK0[1]), 
		 -> I2C_Write2ByteRegister@data(COMMON[2]), NULL(NULL[0]), 

    rd2RegCompleteHandler@ptr	PTR void  size(1) Largest target is 4
		 -> I2C_Read1ByteRegister@returnValue(COMMON[1]), I2C_Read2ByteRegister@returnValue(COMMON[2]), I2C_ReadDataBlock@bufferBlock(COMMON[4]), I2C_Write1ByteRegister@data(BANK0[1]), 
		 -> I2C_Write2ByteRegister@data(COMMON[2]), NULL(NULL[0]), 

    rdBlkRegCompleteHandler@ptr	PTR void  size(1) Largest target is 4
		 -> I2C_Read1ByteRegister@returnValue(COMMON[1]), I2C_Read2ByteRegister@returnValue(COMMON[2]), I2C_ReadDataBlock@bufferBlock(COMMON[4]), I2C_Write1ByteRegister@data(BANK0[1]), 
		 -> I2C_Write2ByteRegister@data(COMMON[2]), NULL(NULL[0]), 

    rdBlkRegCompleteHandler@ptr$data	PTR unsigned char  size(2) Largest target is 0

    S1730$buffer	PTR unsigned char  size(2) Largest target is 0

    S1730$source	PTR const unsigned char  size(2) Largest target is 0

    S246$0$0	PTR void  size(1) Largest target is 4
		 -> I2C_Read1ByteRegister@returnValue(COMMON[1]), I2C_Read2ByteRegister@returnValue(COMMON[2]), I2C_ReadDataBlock@bufferBlock(COMMON[4]), I2C_Write1ByteRegister@data(BANK0[1]), 
		 -> I2C_Write2ByteRegister@data(COMMON[2]), NULL(NULL[0]), 

    S246$callbackPayload	PTR void [6] size(1) Largest target is 4
		 -> I2C_Read1ByteRegister@returnValue(COMMON[1]), I2C_Read2ByteRegister@returnValue(COMMON[2]), I2C_ReadDataBlock@bufferBlock(COMMON[4]), I2C_Write1ByteRegister@data(BANK0[1]), 
		 -> I2C_Write2ByteRegister@data(COMMON[2]), NULL(NULL[0]), 

    S246$callbackTable	PTR FTN(PTR void ,)enum E363[6] size(2) Largest target is 1
		 -> I2C_CallbackReturnReset(), I2C_CallbackReturnStop(), rd1RegCompleteHandler(), rd2RegCompleteHandler(), 
		 -> rdBlkRegCompleteHandler(), wr1RegCompleteHandler(), wr2RegCompleteHandler(), NULL(), 

    S246$data_ptr	PTR unsigned char  size(1) Largest target is 4
		 -> I2C_Read1ByteRegister@reg(COMMON[1]), I2C_Read1ByteRegister@returnValue(COMMON[1]), I2C_Read2ByteRegister@reg(COMMON[1]), I2C_Read2ByteRegister@returnValue(COMMON[2]), 
		 -> I2C_ReadDataBlock@bufferBlock(COMMON[4]), I2C_ReadDataBlock@reg(COMMON[1]), I2C_Write1ByteRegister@data(BANK0[1]), I2C_Write1ByteRegister@reg(BANK0[1]), 
		 -> I2C_Write2ByteRegister@data(COMMON[2]), I2C_Write2ByteRegister@reg(COMMON[1]), NULL(NULL[0]), 

    S94$data	PTR unsigned char  size(2) Largest target is 0

    sprintf@ap	PTR void [1] size(1) Largest target is 2
		 -> ?_sprintf(BANK0[2]), 

    sprintf@fmt	PTR const unsigned char  size(2) Largest target is 13
		 -> STR_1(CODE[13]), STR_2(CODE[12]), 

    sprintf@s	PTR unsigned char  size(1) Largest target is 17
		 -> buf(BANK1[17]), 

    TMR0_InterruptHandler	PTR FTN()void  size(2) Largest target is 1
		 -> TMR0_DefaultInterruptHandler(), TMR0_Even_10msEV(), NULL(), 

    TMR0_SetInterruptHandler@InterruptHandler	PTR FTN()void  size(2) Largest target is 1
		 -> TMR0_DefaultInterruptHandler(), TMR0_Even_10msEV(), 

    TMR1_InterruptHandler	PTR FTN()void  size(2) Largest target is 1
		 -> TMR1_EvenHandler(), NULL(), 

    TMR1_SetInterruptHandler@InterruptHandler	PTR FTN()void  size(2) Largest target is 1
		 -> TMR1_EvenHandler(), 

    vfpfcnvrt@ap	PTR PTR void  size(1) Largest target is 1
		 -> sprintf@ap(BANK0[1]), 

    vfpfcnvrt@cp	PTR unsigned char  size(2) Largest target is 13
		 -> STR_1(CODE[13]), STR_2(CODE[12]), 

    vfpfcnvrt@fmt	PTR PTR unsigned char  size(1) Largest target is 2
		 -> vfprintf@cfmt(BANK0[2]), 

    vfpfcnvrt@fp	PTR struct _IO_FILE size(1) Largest target is 11
		 -> sprintf@f(BANK0[11]), 

    vfprintf@ap	PTR PTR void  size(1) Largest target is 1
		 -> sprintf@ap(BANK0[1]), 

    vfprintf@cfmt	PTR unsigned char  size(2) Largest target is 13
		 -> STR_1(CODE[13]), STR_2(CODE[12]), 

    vfprintf@fmt	PTR const unsigned char  size(2) Largest target is 13
		 -> STR_1(CODE[13]), STR_2(CODE[12]), 

    vfprintf@fp	PTR struct _IO_FILE size(1) Largest target is 11
		 -> sprintf@f(BANK0[11]), 

    wr1RegCompleteHandler@ptr	PTR void  size(1) Largest target is 4
		 -> I2C_Read1ByteRegister@returnValue(COMMON[1]), I2C_Read2ByteRegister@returnValue(COMMON[2]), I2C_ReadDataBlock@bufferBlock(COMMON[4]), I2C_Write1ByteRegister@data(BANK0[1]), 
		 -> I2C_Write2ByteRegister@data(COMMON[2]), NULL(NULL[0]), 

    wr2RegCompleteHandler@ptr	PTR void  size(1) Largest target is 4
		 -> I2C_Read1ByteRegister@returnValue(COMMON[1]), I2C_Read2ByteRegister@returnValue(COMMON[2]), I2C_ReadDataBlock@bufferBlock(COMMON[4]), I2C_Write1ByteRegister@data(BANK0[1]), 
		 -> I2C_Write2ByteRegister@data(COMMON[2]), NULL(NULL[0]), 


Critical Paths under _main in COMMON

    None.

Critical Paths under _INTERRUPT_InterruptManager in COMMON

    _TMR1_ISR->_TMR1_WriteTimer
    _TMR0_Even_10msEV->_Key_ScanTask
    _Key_ScanTask->_key_hw_read

Critical Paths under _main in BANK0

    _main->_sprintf
    _sprintf->_vfprintf
    _vfprintf->_vfpfcnvrt
    _vfpfcnvrt->_abs
    _abs->___awmod
    _TMR0_Initialize->_TMR0_SetInterruptHandler
    _LCD_SetCursor->_LCD_Command
    _LCD_Print->_LCD_Data
    _LCD_Data->_PCF8574_LCD_SendByte
    _LCD_Init->_LCD_Command
    _LCD_functionSet->_LCD_Command
    _LCD_Command->_PCF8574_LCD_SendByte
    _PCF8574_LCD_SendByte->_PCF8574_LCD_SendNibble
    _PCF8574_LCD_SendNibble->_I2C_Write1ByteRegister
    _I2C_SetAddressNackCallback->_I2C_SetCallback
    _I2C_MasterWrite->_I2C_MasterOperation
    _I2C_Poller->_I2C_MasterFsm
    _I2C_MasterFsm->_I2C_DO_ADDRESS_NACK
    _I2C_MasterFsm->_I2C_DO_RX
    _I2C_MasterFsm->_I2C_DO_TX
    _I2C_MasterFsm->_I2C_DO_TX_EMPTY
    _I2C_DO_TX_EMPTY->_I2C_CallbackReturnReset
    _I2C_DO_TX_EMPTY->_I2C_CallbackReturnStop
    _I2C_DO_TX_EMPTY->_rd1RegCompleteHandler
    _I2C_DO_TX_EMPTY->_rd2RegCompleteHandler
    _I2C_DO_TX_EMPTY->_rdBlkRegCompleteHandler
    _I2C_DO_TX_EMPTY->_wr1RegCompleteHandler
    _I2C_DO_TX_EMPTY->_wr2RegCompleteHandler
    _I2C_DO_TX->_I2C_CallbackReturnReset
    _I2C_DO_TX->_I2C_CallbackReturnStop
    _I2C_DO_TX->_rd1RegCompleteHandler
    _I2C_DO_TX->_rd2RegCompleteHandler
    _I2C_DO_TX->_rdBlkRegCompleteHandler
    _I2C_DO_TX->_wr1RegCompleteHandler
    _I2C_DO_TX->_wr2RegCompleteHandler
    _I2C_DO_SEND_ADR_WRITE->_I2C_MasterSendTxData
    _I2C_DO_RX->_I2C_CallbackReturnReset
    _I2C_DO_RX->_I2C_CallbackReturnStop
    _I2C_DO_RX->_rd1RegCompleteHandler
    _I2C_DO_RX->_rd2RegCompleteHandler
    _I2C_DO_RX->_rdBlkRegCompleteHandler
    _I2C_DO_RX->_wr1RegCompleteHandler
    _I2C_DO_RX->_wr2RegCompleteHandler
    _I2C_DO_ADDRESS_NACK->_I2C_CallbackReturnReset
    _I2C_DO_ADDRESS_NACK->_I2C_CallbackReturnStop
    _I2C_DO_ADDRESS_NACK->_rd1RegCompleteHandler
    _I2C_DO_ADDRESS_NACK->_rd2RegCompleteHandler
    _I2C_DO_ADDRESS_NACK->_rdBlkRegCompleteHandler
    _I2C_DO_ADDRESS_NACK->_wr1RegCompleteHandler
    _I2C_DO_ADDRESS_NACK->_wr2RegCompleteHandler
    _wr2RegCompleteHandler->_I2C_SetDataCompleteCallback
    _wr1RegCompleteHandler->_I2C_SetDataCompleteCallback
    _rdBlkRegCompleteHandler->_I2C_SetDataCompleteCallback
    _rd2RegCompleteHandler->_I2C_SetDataCompleteCallback
    _rd1RegCompleteHandler->_I2C_SetDataCompleteCallback
    _I2C_SetDataCompleteCallback->_I2C_SetCallback

Critical Paths under _INTERRUPT_InterruptManager in BANK0

    None.

Critical Paths under _main in BANK1

    None.

Critical Paths under _INTERRUPT_InterruptManager in BANK1

    None.

Critical Paths under _main in BANK2

    None.

Critical Paths under _INTERRUPT_InterruptManager in BANK2

    None.

Critical Paths under _main in BANK3

    None.

Critical Paths under _INTERRUPT_InterruptManager in BANK3

    None.

Critical Paths under _main in BANK4

    None.

Critical Paths under _INTERRUPT_InterruptManager in BANK4

    None.

Critical Paths under _main in BANK5

    None.

Critical Paths under _INTERRUPT_InterruptManager in BANK5

    None.

Critical Paths under _main in BANK6

    None.

Critical Paths under _INTERRUPT_InterruptManager in BANK6

    None.

Call Graph Tables:

 ---------------------------------------------------------------------------------
 (Depth) Function   	        Calls       Base Space   Used Autos Params    Refs
 ---------------------------------------------------------------------------------
 (0) _main                                                 3     3      0  512016
                                             51 BANK0      3     3      0
                           _Key_Init
                    _Key_LongPressed
                   _Key_ShortPressed
                           _LCD_Init
                          _LCD_Print
                      _LCD_SetCursor
                  _SYSTEM_Initialize
           _TMR0_SetInterruptHandler
           _TMR1_SetInterruptHandler
                            _sprintf
 ---------------------------------------------------------------------------------
 (1) _sprintf                                             20    16      4    4280
                                             33 BANK0     18    14      4
                           _vfprintf
 ---------------------------------------------------------------------------------
 (2) _vfprintf                                             7     4      3    3722
                                             26 BANK0      7     4      3
                          _vfpfcnvrt
 ---------------------------------------------------------------------------------
 (3) _vfpfcnvrt                                           15    13      2    3315
                                             11 BANK0     15    13      2
                            ___awdiv
                            ___awmod
                                _abs
                              _fputc
 ---------------------------------------------------------------------------------
 (4) _fputc                                                8     5      3     957
                                              0 BANK0      8     5      3
                              _putch
 ---------------------------------------------------------------------------------
 (5) _putch                                                1     1      0       0
 ---------------------------------------------------------------------------------
 (4) _abs                                                  4     2      2     142
                                              7 BANK0      4     2      2
                            ___awmod (ARG)
 ---------------------------------------------------------------------------------
 (4) ___awmod                                              7     3      4     613
                                              0 BANK0      7     3      4
 ---------------------------------------------------------------------------------
 (4) ___awdiv                                              9     5      4     625
                                              0 BANK0      9     5      4
 ---------------------------------------------------------------------------------
 (1) _TMR1_SetInterruptHandler                             2     0      2     121
                                              0 BANK0      2     0      2
 ---------------------------------------------------------------------------------
 (1) _SYSTEM_Initialize                                    0     0      0     211
                     _I2C_Initialize
              _OSCILLATOR_Initialize
             _PIN_MANAGER_Initialize
                    _TMR0_Initialize
                    _TMR1_Initialize
                     _WDT_Initialize
 ---------------------------------------------------------------------------------
 (2) _WDT_Initialize                                       0     0      0       0
 ---------------------------------------------------------------------------------
 (2) _TMR1_Initialize                                      0     0      0       0
 ---------------------------------------------------------------------------------
 (2) _TMR0_Initialize                                      0     0      0     211
           _TMR0_SetInterruptHandler
 ---------------------------------------------------------------------------------
 (1) _TMR0_SetInterruptHandler                             2     0      2     211
                                              0 BANK0      2     0      2
 ---------------------------------------------------------------------------------
 (2) _PIN_MANAGER_Initialize                               0     0      0       0
 ---------------------------------------------------------------------------------
 (2) _OSCILLATOR_Initialize                                0     0      0       0
 ---------------------------------------------------------------------------------
 (2) _I2C_Initialize                                       0     0      0       0
 ---------------------------------------------------------------------------------
 (1) _LCD_SetCursor                                        6     5      1  101613
                                             25 BANK0      6     5      1
                        _LCD_Command
 ---------------------------------------------------------------------------------
 (1) _LCD_Print                                            2     2      0  101381
                                             25 BANK0      2     2      0
                           _LCD_Data
 ---------------------------------------------------------------------------------
 (2) _LCD_Data                                             1     1      0  101244
                                             24 BANK0      1     1      0
               _PCF8574_LCD_SendByte
 ---------------------------------------------------------------------------------
 (1) _LCD_Init                                             2     2      0  303567
                                             25 BANK0      2     2      0
                        _LCD_Command
                    _LCD_functionSet
             _PCF8574_LCD_SendNibble
 ---------------------------------------------------------------------------------
 (2) _LCD_functionSet                                      3     3      0  101346
                        _LCD_Command
 ---------------------------------------------------------------------------------
 (2) _LCD_Command                                          1     1      0  101244
                                             24 BANK0      1     1      0
               _PCF8574_LCD_SendByte
 ---------------------------------------------------------------------------------
 (3) _PCF8574_LCD_SendByte                                 3     2      1  101213
                                             21 BANK0      3     2      1
             _PCF8574_LCD_SendNibble
 ---------------------------------------------------------------------------------
 (4) _PCF8574_LCD_SendNibble                               4     3      1  100909
                                             17 BANK0      4     3      1
             _I2C_Write1ByteRegister
 ---------------------------------------------------------------------------------
 (5) _I2C_Write1ByteRegister                               3     1      2  100419
                                             14 BANK0      3     1      2
                          _I2C_Close
                    _I2C_MasterWrite
                           _I2C_Open
         _I2C_SetAddressNackCallback
                      _I2C_SetBuffer
        _I2C_SetDataCompleteCallback
 ---------------------------------------------------------------------------------
 (6) _I2C_SetAddressNackCallback                           4     0      4    2259
                                              4 BANK0      4     0      4
                    _I2C_SetCallback
 ---------------------------------------------------------------------------------
 (6) _I2C_Open                                             2     2      0      68
                                              0 BANK0      2     2      0
                 _I2C_MasterClearIrq
                     _I2C_MasterOpen
 ---------------------------------------------------------------------------------
 (7) _I2C_MasterOpen                                       0     0      0       0
 ---------------------------------------------------------------------------------
 (6) _I2C_MasterWrite                                      0     0      0   93025
                _I2C_MasterOperation
 ---------------------------------------------------------------------------------
 (7) _I2C_MasterOperation                                  2     2      0   93025
                                             12 BANK0      2     2      0
                    _I2C_MasterStart
                         _I2C_Poller
 ---------------------------------------------------------------------------------
 (8) _I2C_Poller                                           0     0      0   92957
                      _I2C_MasterFsm
             _I2C_MasterWaitForEvent
 ---------------------------------------------------------------------------------
 (9) _I2C_MasterWaitForEvent                               0     0      0       0
 ---------------------------------------------------------------------------------
 (9) _I2C_MasterFsm                                        2     2      0   92957
                                             10 BANK0      2     2      0
                _I2C_DO_ADDRESS_NACK *
                        _I2C_DO_IDLE *
                        _I2C_DO_RCEN *
                       _I2C_DO_RESET *
                          _I2C_DO_RX *
                      _I2C_DO_RX_ACK *
             _I2C_DO_RX_NACK_RESTART *
                _I2C_DO_RX_NACK_STOP *
               _I2C_DO_SEND_ADR_READ *
              _I2C_DO_SEND_ADR_WRITE *
                _I2C_DO_SEND_RESTART *
           _I2C_DO_SEND_RESTART_READ *
          _I2C_DO_SEND_RESTART_WRITE *
                   _I2C_DO_SEND_STOP *
                          _I2C_DO_TX *
                    _I2C_DO_TX_EMPTY *
                 _I2C_MasterClearIrq
                   _I2C_MasterIsNack
 ---------------------------------------------------------------------------------
 (10) _I2C_DO_TX_EMPTY                                     2     2      0   23216
                                              8 BANK0      2     2      0
                                NULL *
            _I2C_CallbackReturnReset *
             _I2C_CallbackReturnStop *
                _I2C_DO_SEND_RESTART
                   _I2C_DO_SEND_STOP
                   _I2C_MasterSetIrq
              _rd1RegCompleteHandler *
              _rd2RegCompleteHandler *
            _rdBlkRegCompleteHandler *
              _wr1RegCompleteHandler *
              _wr2RegCompleteHandler *
 ---------------------------------------------------------------------------------
 (11) _I2C_MasterSetIrq                                    0     0      0       0
 ---------------------------------------------------------------------------------
 (10) _I2C_DO_TX                                           2     2      0   23247
                                              8 BANK0      2     2      0
                                NULL *
            _I2C_CallbackReturnReset *
             _I2C_CallbackReturnStop *
           _I2C_DO_SEND_RESTART_READ
          _I2C_DO_SEND_RESTART_WRITE
                   _I2C_DO_SEND_STOP
                   _I2C_MasterIsNack
               _I2C_MasterSendTxData
              _rd1RegCompleteHandler *
              _rd2RegCompleteHandler *
            _rdBlkRegCompleteHandler *
              _wr1RegCompleteHandler *
              _wr2RegCompleteHandler *
 ---------------------------------------------------------------------------------
 (10) _I2C_MasterIsNack                                    0     0      0       0
 ---------------------------------------------------------------------------------
 (11) _I2C_DO_SEND_RESTART_WRITE                           0     0      0       0
            _I2C_MasterEnableRestart
 ---------------------------------------------------------------------------------
 (11) _I2C_DO_SEND_RESTART_READ                            0     0      0       0
            _I2C_MasterEnableRestart
 ---------------------------------------------------------------------------------
 (10) _I2C_DO_SEND_ADR_WRITE                               0     0      0      31
               _I2C_MasterSendTxData
 ---------------------------------------------------------------------------------
 (10) _I2C_DO_SEND_ADR_READ                                0     0      0      31
               _I2C_MasterSendTxData
 ---------------------------------------------------------------------------------
 (11) _I2C_MasterSendTxData                                1     1      0      31
                                              0 BANK0      1     1      0
 ---------------------------------------------------------------------------------
 (10) _I2C_DO_RX_ACK                                       0     0      0       0
                  _I2C_MasterSendAck
 ---------------------------------------------------------------------------------
 (10) _I2C_DO_RX                                           2     2      0   23216
                                              8 BANK0      2     2      0
                                NULL *
            _I2C_CallbackReturnReset *
             _I2C_CallbackReturnStop *
             _I2C_DO_RX_NACK_RESTART
                _I2C_DO_RX_NACK_STOP
                _I2C_MasterGetRxData
                  _I2C_MasterSendAck
              _rd1RegCompleteHandler *
              _rd2RegCompleteHandler *
            _rdBlkRegCompleteHandler *
              _wr1RegCompleteHandler *
              _wr2RegCompleteHandler *
 ---------------------------------------------------------------------------------
 (11) _I2C_MasterSendAck                                   0     0      0       0
 ---------------------------------------------------------------------------------
 (11) _I2C_MasterGetRxData                                 0     0      0       0
 ---------------------------------------------------------------------------------
 (10) _I2C_DO_RX_NACK_STOP                                 0     0      0       0
                 _I2C_MasterSendNack
 ---------------------------------------------------------------------------------
 (10) _I2C_DO_RX_NACK_RESTART                              0     0      0       0
                 _I2C_MasterSendNack
 ---------------------------------------------------------------------------------
 (11) _I2C_MasterSendNack                                  0     0      0       0
 ---------------------------------------------------------------------------------
 (10) _I2C_DO_RESET                                        0     0      0       0
 ---------------------------------------------------------------------------------
 (10) _I2C_DO_RCEN                                         0     0      0       0
                  _I2C_MasterStartRx
 ---------------------------------------------------------------------------------
 (11) _I2C_MasterStartRx                                   0     0      0       0
 ---------------------------------------------------------------------------------
 (10) _I2C_DO_IDLE                                         0     0      0       0
 ---------------------------------------------------------------------------------
 (10) _I2C_DO_ADDRESS_NACK                                 2     2      0   23216
                                              8 BANK0      2     2      0
                                NULL *
            _I2C_CallbackReturnReset *
             _I2C_CallbackReturnStop *
                _I2C_DO_SEND_RESTART
                   _I2C_DO_SEND_STOP
              _rd1RegCompleteHandler *
              _rd2RegCompleteHandler *
            _rdBlkRegCompleteHandler *
              _wr1RegCompleteHandler *
              _wr2RegCompleteHandler *
 ---------------------------------------------------------------------------------
 (11) _wr2RegCompleteHandler                               1     0      1    4584
                                              7 BANK0      1     0      1
                      _I2C_SetBuffer
        _I2C_SetDataCompleteCallback
 ---------------------------------------------------------------------------------
 (11) _wr1RegCompleteHandler                               1     0      1    4584
                                              7 BANK0      1     0      1
                      _I2C_SetBuffer
        _I2C_SetDataCompleteCallback
 ---------------------------------------------------------------------------------
 (11) _rdBlkRegCompleteHandler                             1     0      1    4615
                                              7 BANK0      1     0      1
                      _I2C_SetBuffer
        _I2C_SetDataCompleteCallback
 ---------------------------------------------------------------------------------
 (11) _rd2RegCompleteHandler                               1     0      1    4584
                                              7 BANK0      1     0      1
                      _I2C_SetBuffer
        _I2C_SetDataCompleteCallback
 ---------------------------------------------------------------------------------
 (11) _rd1RegCompleteHandler                               1     0      1    4584
                                              7 BANK0      1     0      1
                      _I2C_SetBuffer
        _I2C_SetDataCompleteCallback
 ---------------------------------------------------------------------------------
 (6) _I2C_SetDataCompleteCallback                          3     0      3    2979
                                              4 BANK0      3     0      3
                    _I2C_SetCallback
 ---------------------------------------------------------------------------------
 (7) _I2C_SetCallback                                      4     1      3    1117
                                              0 BANK0      4     1      3
 ---------------------------------------------------------------------------------
 (6) _I2C_SetBuffer                                        3     1      2    1574
                                              0 BANK0      3     1      2
 ---------------------------------------------------------------------------------
 (11) _I2C_DO_SEND_STOP                                    0     0      0       0
                     _I2C_MasterStop
 ---------------------------------------------------------------------------------
 (12) _I2C_MasterStop                                      0     0      0       0
 ---------------------------------------------------------------------------------
 (11) _I2C_DO_SEND_RESTART                                 0     0      0       0
            _I2C_MasterEnableRestart
 ---------------------------------------------------------------------------------
 (12) _I2C_MasterEnableRestart                             0     0      0       0
 ---------------------------------------------------------------------------------
 (11) _I2C_CallbackReturnStop                              1     0      1       0
                                              7 BANK0      1     0      1
 ---------------------------------------------------------------------------------
 (11) _I2C_CallbackReturnReset                             1     0      1     265
                                              7 BANK0      1     0      1
 ---------------------------------------------------------------------------------
 (18) NULL(Fake)                                           1     0      1       0
 ---------------------------------------------------------------------------------
 (8) _I2C_MasterStart                                      0     0      0       0
 ---------------------------------------------------------------------------------
 (6) _I2C_Close                                            1     1      0      37
                                              0 BANK0      1     1      0
                 _I2C_MasterClearIrq
                    _I2C_MasterClose
               _I2C_MasterDisableIrq
 ---------------------------------------------------------------------------------
 (7) _I2C_MasterDisableIrq                                 0     0      0       0
 ---------------------------------------------------------------------------------
 (7) _I2C_MasterClose                                      0     0      0       0
 ---------------------------------------------------------------------------------
 (7) _I2C_MasterClearIrq                                   0     0      0       0
 ---------------------------------------------------------------------------------
 (1) _Key_ShortPressed                                     2     2      0      93
                                              0 BANK0      2     2      0
 ---------------------------------------------------------------------------------
 (1) _Key_LongPressed                                      2     2      0      93
                                              0 BANK0      2     2      0
 ---------------------------------------------------------------------------------
 (1) _Key_Init                                             2     2      0     254
                                              0 BANK0      2     2      0
 ---------------------------------------------------------------------------------
 Estimated maximum stack depth 18
 ---------------------------------------------------------------------------------
 (Depth) Function   	        Calls       Base Space   Used Autos Params    Refs
 ---------------------------------------------------------------------------------
 (15) _INTERRUPT_InterruptManager                          0     0      0     903
                           _TMR0_ISR
                           _TMR1_ISR
 ---------------------------------------------------------------------------------
 (16) _TMR1_ISR                                            0     0      0     240
                      _TMR1_CallBack
                    _TMR1_WriteTimer
 ---------------------------------------------------------------------------------
 (17) _TMR1_WriteTimer                                     2     0      2     240
                                              0 COMMON     2     0      2
 ---------------------------------------------------------------------------------
 (17) _TMR1_CallBack                                       0     0      0       0
                                NULL *
                   _TMR1_EvenHandler *
 ---------------------------------------------------------------------------------
 (18) _TMR1_EvenHandler                                    0     0      0       0
 ---------------------------------------------------------------------------------
 (16) _TMR0_ISR                                            0     0      0     663
                      _TMR0_CallBack
 ---------------------------------------------------------------------------------
 (17) _TMR0_CallBack                                       0     0      0     663
                                NULL *
       _TMR0_DefaultInterruptHandler *
                   _TMR0_Even_10msEV *
 ---------------------------------------------------------------------------------
 (18) _TMR0_Even_10msEV                                    0     0      0     663
                       _Key_ScanTask
 ---------------------------------------------------------------------------------
 (19) _Key_ScanTask                                        4     4      0     663
                                              1 COMMON     4     4      0
                        _key_hw_read
 ---------------------------------------------------------------------------------
 (20) _key_hw_read                                         1     1      0      22
                                              0 COMMON     1     1      0
 ---------------------------------------------------------------------------------
 (18) _TMR0_DefaultInterruptHandler                        0     0      0       0
 ---------------------------------------------------------------------------------
 (18) NULL(Fake)                                           1     0      1       0
 ---------------------------------------------------------------------------------
 Estimated maximum stack depth 20
 ---------------------------------------------------------------------------------

 Call Graph Graphs:

 _main (ROOT)
   _Key_Init
   _Key_LongPressed
   _Key_ShortPressed
   _LCD_Init
     _LCD_Command
       _PCF8574_LCD_SendByte
         _PCF8574_LCD_SendNibble
           _I2C_Write1ByteRegister
             _I2C_Close
               _I2C_MasterClearIrq
               _I2C_MasterClose
               _I2C_MasterDisableIrq
             _I2C_MasterWrite
               _I2C_MasterOperation
                 _I2C_MasterStart
                 _I2C_Poller
                   _I2C_MasterFsm
                     _I2C_DO_ADDRESS_NACK *
                       NULL(Fake) *
                       _I2C_CallbackReturnReset *
                       _I2C_CallbackReturnStop *
                       _I2C_DO_SEND_RESTART *
                         _I2C_MasterEnableRestart
                       _I2C_DO_SEND_STOP *
                         _I2C_MasterStop
                       _rd1RegCompleteHandler *
                         _I2C_SetBuffer
                         _I2C_SetDataCompleteCallback
                           _I2C_SetCallback
                       _rd2RegCompleteHandler *
                         _I2C_SetBuffer
                         _I2C_SetDataCompleteCallback
                       _rdBlkRegCompleteHandler *
                         _I2C_SetBuffer
                         _I2C_SetDataCompleteCallback
                       _wr1RegCompleteHandler *
                         _I2C_SetBuffer
                         _I2C_SetDataCompleteCallback
                       _wr2RegCompleteHandler *
                         _I2C_SetBuffer
                         _I2C_SetDataCompleteCallback
                     _I2C_DO_IDLE *
                     _I2C_DO_RCEN *
                       _I2C_MasterStartRx
                     _I2C_DO_RESET *
                     _I2C_DO_RX *
                       NULL(Fake) *
                       _I2C_CallbackReturnReset *
                       _I2C_CallbackReturnStop *
                       _I2C_DO_RX_NACK_RESTART *
                         _I2C_MasterSendNack
                       _I2C_DO_RX_NACK_STOP *
                         _I2C_MasterSendNack
                       _I2C_MasterGetRxData *
                       _I2C_MasterSendAck *
                       _rd1RegCompleteHandler *
                       _rd2RegCompleteHandler *
                       _rdBlkRegCompleteHandler *
                       _wr1RegCompleteHandler *
                       _wr2RegCompleteHandler *
                     _I2C_DO_RX_ACK *
                       _I2C_MasterSendAck
                     _I2C_DO_RX_NACK_RESTART *
                     _I2C_DO_RX_NACK_STOP *
                     _I2C_DO_SEND_ADR_READ *
                       _I2C_MasterSendTxData
                     _I2C_DO_SEND_ADR_WRITE *
                       _I2C_MasterSendTxData
                     _I2C_DO_SEND_RESTART *
                     _I2C_DO_SEND_RESTART_READ *
                       _I2C_MasterEnableRestart
                     _I2C_DO_SEND_RESTART_WRITE *
                       _I2C_MasterEnableRestart
                     _I2C_DO_SEND_STOP *
                     _I2C_DO_TX *
                       NULL(Fake) *
                       _I2C_CallbackReturnReset *
                       _I2C_CallbackReturnStop *
                       _I2C_DO_SEND_RESTART_READ *
                       _I2C_DO_SEND_RESTART_WRITE *
                       _I2C_DO_SEND_STOP *
                       _I2C_MasterIsNack *
                       _I2C_MasterSendTxData *
                       _rd1RegCompleteHandler *
                       _rd2RegCompleteHandler *
                       _rdBlkRegCompleteHandler *
                       _wr1RegCompleteHandler *
                       _wr2RegCompleteHandler *
                     _I2C_DO_TX_EMPTY *
                       NULL(Fake) *
                       _I2C_CallbackReturnReset *
                       _I2C_CallbackReturnStop *
                       _I2C_DO_SEND_RESTART *
                       _I2C_DO_SEND_STOP *
                       _I2C_MasterSetIrq *
                       _rd1RegCompleteHandler *
                       _rd2RegCompleteHandler *
                       _rdBlkRegCompleteHandler *
                       _wr1RegCompleteHandler *
                       _wr2RegCompleteHandler *
                     _I2C_MasterClearIrq *
                     _I2C_MasterIsNack *
                   _I2C_MasterWaitForEvent
             _I2C_Open
               _I2C_MasterClearIrq
               _I2C_MasterOpen
             _I2C_SetAddressNackCallback
               _I2C_SetCallback
             _I2C_SetBuffer
             _I2C_SetDataCompleteCallback
     _LCD_functionSet
       _LCD_Command
     _PCF8574_LCD_SendNibble
   _LCD_Print
     _LCD_Data
       _PCF8574_LCD_SendByte
   _LCD_SetCursor
     _LCD_Command
   _SYSTEM_Initialize
     _I2C_Initialize
     _OSCILLATOR_Initialize
     _PIN_MANAGER_Initialize
     _TMR0_Initialize
       _TMR0_SetInterruptHandler
     _TMR1_Initialize
     _WDT_Initialize
   _TMR0_SetInterruptHandler
   _TMR1_SetInterruptHandler
   _sprintf
     _vfprintf
       _vfpfcnvrt
         ___awdiv
         ___awmod
         _abs
           ___awmod (ARG)
         _fputc
           _putch

 _INTERRUPT_InterruptManager (ROOT)
   _TMR0_ISR
     _TMR0_CallBack
       NULL(Fake) *
       _TMR0_DefaultInterruptHandler *
       _TMR0_Even_10msEV *
         _Key_ScanTask
           _key_hw_read
   _TMR1_ISR
     _TMR1_CallBack
       NULL(Fake) *
       _TMR1_EvenHandler *
     _TMR1_WriteTimer

 Address spaces:
Name               Size   Autos  Total    Cost      Usage
BIGRAM             1F0      0       0       0        0.0%
EEDATA             100      0       0       0        0.0%
NULL                 0      0       0       0        0.0%
CODE                 0      0       0       0        0.0%
BITCOMMON            E      0       0       1        0.0%
BITSFR0              0      0       0       1        0.0%
SFR0                 0      0       0       1        0.0%
COMMON               E      5       9       2       64.3%
BITSFR1              0      0       0       2        0.0%
SFR1                 0      0       0       2        0.0%
BITSFR2              0      0       0       3        0.0%
SFR2                 0      0       0       3        0.0%
STACK                0      0       0       3        0.0%
BITSFR3              0      0       0       4        0.0%
SFR3                 0      0       0       4        0.0%
ABS                  0      0      C0       4        0.0%
BITBANK0            50      0       0       5        0.0%
BITSFR4              0      0       0       5        0.0%
SFR4                 0      0       0       5        0.0%
BANK0               50     36      49       6       91.2%
BITSFR5              0      0       0       6        0.0%
SFR5                 0      0       0       6        0.0%
BITBANK1            50      0       0       7        0.0%
BITSFR6              0      0       0       7        0.0%
SFR6                 0      0       0       7        0.0%
BANK1               50      0      4E       8       97.5%
BITSFR7              0      0       0       8        0.0%
SFR7                 0      0       0       8        0.0%
BITBANK2            50      0       0       9        0.0%
BITSFR8              0      0       0       9        0.0%
SFR8                 0      0       0       9        0.0%
BANK2               50      0      20      10       40.0%
BITSFR9              0      0       0      10        0.0%
SFR9                 0      0       0      10        0.0%
BITBANK3            50      0       0      11        0.0%
BITSFR10             0      0       0      11        0.0%
SFR10                0      0       0      11        0.0%
BANK3               50      0       0      12        0.0%
BITSFR11             0      0       0      12        0.0%
SFR11                0      0       0      12        0.0%
BITBANK4            50      0       0      13        0.0%
BITSFR12             0      0       0      13        0.0%
SFR12                0      0       0      13        0.0%
BANK4               50      0       0      14        0.0%
BITSFR13             0      0       0      14        0.0%
SFR13                0      0       0      14        0.0%
BITBANK5            50      0       0      15        0.0%
BITSFR14             0      0       0      15        0.0%
SFR14                0      0       0      15        0.0%
BANK5               50      0       0      16        0.0%
BITSFR15             0      0       0      16        0.0%
SFR15                0      0       0      16        0.0%
BITBANK6            10      0       0      17        0.0%
BITSFR16             0      0       0      17        0.0%
SFR16                0      0       0      17        0.0%
BANK6               10      0       0      18        0.0%
BITSFR17             0      0       0      18        0.0%
SFR17                0      0       0      18        0.0%
BITSFR18             0      0       0      19        0.0%
SFR18                0      0       0      19        0.0%
DATA                 0      0      C0      19        0.0%
BITSFR19             0      0       0      20        0.0%
SFR19                0      0       0      20        0.0%
BITSFR20             0      0       0      21        0.0%
SFR20                0      0       0      21        0.0%
BITSFR21             0      0       0      22        0.0%
SFR21                0      0       0      22        0.0%
BITSFR22             0      0       0      23        0.0%
SFR22                0      0       0      23        0.0%
BITSFR23             0      0       0      24        0.0%
SFR23                0      0       0      24        0.0%
BITSFR24             0      0       0      25        0.0%
SFR24                0      0       0      25        0.0%
BITSFR25             0      0       0      26        0.0%
SFR25                0      0       0      26        0.0%
BITSFR26             0      0       0      27        0.0%
SFR26                0      0       0      27        0.0%
BITSFR27             0      0       0      28        0.0%
SFR27                0      0       0      28        0.0%
BITSFR28             0      0       0      29        0.0%
SFR28                0      0       0      29        0.0%
BITSFR29             0      0       0      30        0.0%
SFR29                0      0       0      30        0.0%
BITSFR30             0      0       0      31        0.0%
SFR30                0      0       0      31        0.0%
BITSFR31             0      0       0      32        0.0%
SFR31                0      0       0      32        0.0%


Microchip Technology PIC Macro Assembler V2.46 build 20240104201356 
Symbol Table                                                                                   Sat Nov 15 10:56:24 2025

                  ??_I2C_DO_SEND_ADR_READ 0075                   ??_I2C_DO_SEND_ADR_WRITE 0075  
                            ?_LCD_Command 0070                               _SSPSTATbits 0214  
                                      l51 0564                                        l90 0F9D  
                                      l93 0FB0                                        l96 0FC3  
                                      l99 0F8A                              ___awdiv@sign 0026  
                         _timer0ReloadVal 0078                             _LCD_SetCursor 07E4  
                   ??_I2C_DO_SEND_RESTART 0075                                       l102 079C  
                                     l212 052D                                       l213 052F  
                                     l223 06D4                                       l312 0594  
                                     l217 0782                                       l209 0EDE  
                                     l402 0E3B                                       l306 0EBB  
                                     l330 0E62                                       l411 0E4C  
                                     l236 0FFF                                       l405 0E9C  
                                     l333 0E67                                       l229 0E8A  
                                     l245 0EF6                                       l342 0E76  
                                     l262 0F29                                       l502 0E54  
                                     l239 0EEA                                       l351 0E85  
                                     l256 06B3                                       l408 0E50  
                                     l432 0E44                                       l272 0ECC  
                                     l336 0E6C                                       l281 03C6  
                                     l345 0E7B                                       l426 0E32  
                                     l266 0616                                       l275 0EC3  
                                     l339 0E71                                       l435 0E9D  
                                     l348 0E80                                       l429 0E2C  
                                     l381 0E2F                                       l365 0E29  
                                     l269 0E5D                                       l357 05ED  
                                     l390 0E38                                       l278 03AA  
                                     l294 048A                                       l710 07B4  
                                     l470 0767                                       l606 0FEA  
                                     l295 04B3                                       l439 0EA2  
                                     l527 0F65                                       l368 0003  
                                     l384 0E41                                       l704 07F8  
                                     l713 0ED5                                       l378 0F36  
                                     l387 0E96                                       l563 0EAE  
                                     l396 0E3E                                       l628 0EA8  
                                     l399 0E35                                       l744 0371  
                                     l496 0FD6                                       l771 068E  
                                     l691 0F02                                       l499 07FF  
                                     l685 063E                                       l694 0F43  
                                     l767 0666                                       l688 07E3  
                                     l699 04F4                             ?_Key_ScanTask 0070  
                         _timer1ReloadVal 0075                                       _abs 0F66  
                                     _buf 00DD                    _I2C_MasterWaitForEvent 0E9D  
                            ___awmod@sign 0026                                       wreg 0009  
            ??_I2C_SetAddressNackCallback 0075                    _I2C_Write1ByteRegister 0530  
                ??_I2C_CallbackReturnStop 0075                              _I2C_DO_RESET 0E81  
                                    ?_abs 0027                   ??_rd2RegCompleteHandler 0075  
                                    l1074 0318                                      l1422 0147  
                                    l1087 041A                                      l4002 05D1  
                                    l4010 05F1                                      l1435 0F77  
                                    l4100 0768                                      l4012 05F6  
                                    l4020 0F1E                                      l1428 074B  
                                    l4110 0779                                      l4102 0770  
                                    l4014 05FE                                      l4022 0F21  
                                    l4030 0F30                                      l1447 046C  
                                    l4040 0E2D                                      l4112 077C  
                                    l4104 0771                                      l4016 0601  
                                    l4008 05EE                                      l4024 0F24  
                                    l4032 0F32                                      l4120 0532  
                                    l4200 03DD                                      l1384 072F  
                                    l4106 0773                                      l4114 0780  
                                    l4018 0F1D                                      l4050 06C5  
                                    l4042 06B6                                      l4034 0F35  
                                    l4026 0F2A                                      l4130 055C  
                                    l4122 053C                                      l3330 0ED6  
                                    l4210 03F3                                      l4202 03E3  
                                    l1458 0E27                                      l4108 0776  
                                    l4052 06C9                                      l4044 06BD  
                                    l4028 0F2F                                      l4124 0546  
                                    l4140 0635                                      l4132 0619  
                                    l3332 0ED8                                      l3340 0751  
                                    l4300 0FD7                                      l4220 0411  
                                    l4212 03FD                                      l4204 03E6  
                                    l3260 0F66                                      l4038 0E30  
                                    l4054 06CC                                      l4046 06BE  
                                    l4070 0504                                      l4062 04F7  
                                    l4126 054F                                      l4118 0532  
                                    l4134 0628                                      l4142 07CF  
                                    l3334 0EDA                                      l3350 075D  
                                    l3342 0754                                      l4310 0FE3  
                                    l4302 0FDC                                      l4150 02C4  
                                    l4222 0416                                      l4214 0401  
                                    l4206 03EB                                      l3262 0F6B  
                                    l4230 0426                                      l4056 06CF  
                                    l4048 06C0                                      l4080 051A  
                                    l4072 050B                                      l4064 04FE  
                                    l4128 0559                                      l4136 0629  
                                    l4320 0ECD                                      l4312 0F39  
                                    l3336 0EDD                                      l3360 07FC  
                                    l3352 0761                                      l3344 0756  
                                    l4304 0FDF                                      l4160 02D5  
                                    l4152 02C6                                      l4144 02B9  
                                    l4216 0406                                      l4208 03EF  
                                    l3264 0F6C                                      l4232 042B  
                                    l4400 0715                                      l2730 0E63  
                                    l4058 06D2                                      l4090 052B  
                                    l4082 051F                                      l4074 0510  
                                    l4066 0502                                      l4138 0631  
                                    l4322 0ECD                                      l4314 0F3F  
                                    l3362 07FD                                      l3354 0763  
                                    l3346 0758                                      l3338 074C  
                                    l4242 0EA3                                      l4306 0FE1  
                                    l3370 0F59                                      l4170 02EB  
                                    l4162 02DB                                      l4154 02CA  
                                    l4146 02BB                                      l4218 040C  
                                    l4234 0435                                      l4226 041B  
                                    l4250 006B                                      l4330 073F  
                                    l4402 0719                                      l4420 0669  
                                    l2724 0E5E                                      l2732 0E66  
                                    l2900 0E72                                      l4084 0520  
                                    l4076 0511                                      l4068 0503  
                                    l4244 0EF9                                      l4324 0ED1  
                                    l4316 0ECD                                      l4340 04B4  
                                    l4412 079F                                      l3356 0765  
                                    l3348 075A                                      l4308 0FE2  
                                    l3372 0F5B                                      l3364 0E51  
                                    l4172 02FA                                      l4164 02DE  
                                    l4180 030A                                      l4156 02CF  
                                    l4148 02BF                                      l4236 0453  
                                    l4228 0421                                      l4260 008F  
                                    l4252 0073                                      l4332 0749  
                                    l4404 071B                                      l4422 066F  
                                    l4430 068D                                      l2742 0E3F  
                                    l2718 0E97                                      l2726 0E61  
                                    l2902 0E75                                      l2750 0E7F  
                                    l2910 0E84                                      l4086 0525  
                                    l4078 0516                                      l4094 0EEB  
                                    l4246 0EFE                                      l4318 0ECD  
                                    l4350 04C4                                      l4342 04BD  
                                    l4414 07A0                                      l3358 07F9  
                                    l3374 0F5C                                      l3366 0F55  
                                    l4182 030F                                      l4174 02FE  
                                    l4166 02E3                                      l4158 02D3  
                                    l4190 03C9                                      l4238 0463  
                                    l4270 00BB                                      l4262 0099  
                                    l4254 007A                                      l4326 0732  
                                    l4406 071D                                      l4424 067F  
                                    l2760 0E3C                                      l2736 0E6D  
                                    l4096 0E86                                      l4088 0528  
                                    l4360 04E1                                      l4352 04CD  
                                    l4416 07A7                                      l3376 0F60  
                                    l3368 0F57                                      l4336 0FC4  
                                    l4184 0314                                      l4176 02FF  
                                    l4168 02E7                                      l4192 03CD  
                                    l4280 00F9                                      l4272 00D9  
                                    l4264 00A5                                      l4256 007E  
                                    l4248 005A                                      l4328 0737  
                                    l4408 0727                                      l4426 068B  
                                    l2674 0E36                                      l2770 0E28  
                                    l2746 0E4D                                      l2762 0E68  
                                    l2738 0E70                                      l2754 0E77  
                                    l2906 0E81                                      l4362 04E4  
                                    l4354 04D2                                      l4418 07AC  
                                    l4370 07E6                                      l3378 0F62  
                                    l4338 0EA9                                      l4178 0304  
                                    l4194 03D2                                      l4282 00FE  
                                    l4274 00E9                                      l4266 00B2  
                                    l4290 0125                                      l4258 0085  
                                    l4380 031B                                      l2676 0E39  
                                    l2780 0E59                                      l3900 0372  
                                    l2764 0E6B                                      l2756 0E7A  
                                    l2748 0E7C                                      l2908 0E83  
                                    l4364 04E8                                      l4356 04D8  
                                    l4348 04BF                                      l4372 07EE  
                                    l4196 03D4                                      l4188 03C7  
                                    l4284 0108                                      l4276 00EF  
                                    l4268 00B4                                      l4382 0367  
                                    l4374 0319                                      l4390 0657  
                                    l3830 0697                                      l2774 0002  
                                    l2678 0E49                                      l2782 0E5B  
                                    l2870 0EB7                                      l4366 04EC  
                                    l4358 04DD                                      l4198 03D8  
                                    l4286 0119                                      l4278 00F4  
                                    l4294 012F                                      l4384 036B  
                                    l4392 0663                                      l3840 0FFE  
                                    l3832 06A6                                      l2768 0E42  
                                    l2784 0E5C                                      l3920 03AC  
                                    l3912 0383                                      l3904 037B  
                                    l2872 0EBA                                      l4368 04F0  
                                    l4288 011E                                      l4560 0253  
                                    l4386 0641                                      l2946 0E33  
                                    l3834 0EDF                                      l3842 0F8B  
                                    l3850 0F9E                                      l3922 03B8  
                                    l4562 0256                                      l4554 0237  
                                    l4388 0647                                      l4396 0665  
                                    l3836 0FED                                      l3828 0691  
                                    l3844 0F94                                      l3852 0FA7  
                                    l3860 0FBA                                      l3924 03C3  
                                    l3908 037F                                      l3940 0485  
                                    l2868 0EB5                                      l4580 02A4  
                                    l4572 025C                                      l4564 0258  
                                    l4556 024A                                      l3838 0FF2  
                                    l3870 0F89                                      l3846 0F9C  
                                    l3854 0FAF                                      l3862 0FC2  
                                    l3926 03C5                                      l3918 0387  
                                    l3942 0488                                      l3934 046D  
                                    l4582 02A9                                      l4574 0266  
                                    l4566 0259                                      l4558 024D  
                                    l3880 0E93                                      l3952 0490  
                                    l3936 0475                                      l4576 0280  
                                    l3882 0E2A                                      l3866 0F78  
                                    l3858 0FB1                                      l3874 0783  
                                    l4690 0586                                      l3970 056C  
                                    l3938 047B                                      l4578 028A  
                                    l3868 0F81                                      l3876 079B  
                                    l3972 056F                                      l3964 0565  
                                    l3884 0EC4                                      l3892 0EBC  
                                    l3948 048C                                      l4684 05E5  
                                    l3966 0568                                      l3982 0575  
                                    l3886 0EC6                                      l3894 0EBE  
                                    l4686 04A5                                      l3958 0494  
                                    l3990 05C6                                      l3976 0571  
                                    l3888 0ECB                                      l3896 0EC2  
                                    l4688 039C                                      l3992 05C9  
                                    l3996 05CD                                      l3988 05C4  
                                    STR_1 1000                                      STR_2 100D  
                 PCF8574_LCD_SendByte@val 0037                                      u1130 0EA2  
                                    u1131 0EA1                                      u2200 05F6  
                                    u2201 05F5                                      u2210 05FE  
                                    u2211 05FD                                      u2220 0F29  
                                    u2221 0F28                                      _LATA 010C  
                                    u2150 0697                                      u2230 0F2F  
                                    u2310 0628                                      _LATB 010D  
                                    u2151 0696                                      u2231 0F2E  
                                    u2311 0627                                      u3007 0F40  
                                    _LATC 010E                                      u2160 0FF2  
                                    u2240 06BD                                      u1600 0F6B  
                                    u2161 0FF1                                      u2241 06BC  
                                    u2305 061C                                      u3017 04B8  
                                    u1601 0F6A                                      _LATE 0110  
                                    u2170 037A                                      u2250 06C5  
                                    u2410 030A                                      u2330 02BF  
                                    u2171 0379                                      u2251 06C4  
                                    u3027 04C8                                      u2411 0309  
                                    u2331 02BE                                      u2180 03C3  
                                    u2260 04FE                                      u2420 030F  
                                    u2340 02CA                                      u2500 040C  
                                    u2181 03C2                                      u2261 04FD  
                                    u2325 07D4                                      u3037 04DE  
                                    u2421 030E                                      u2405 0300  
                                    u2341 02C9                                      u2501 040B  
                                    u2270 0770                                      u2190 0485  
                                    u2350 02DB                                      u2510 0411  
                                    u2430 03CD                                      u2271 076F  
                                    u2191 0484                                      u3047 04F1  
                                    u2351 02DA                                      u2511 0410  
                                    u2431 03CC                                      u2280 053C  
                                    u2440 03D8                                      u2520 0421  
                                    u2600 00BA                                      u2281 053B  
                                    u3057 0ED2                                      u2441 03D7  
                                    u2521 0420                                      u2290 0564  
                                    u2370 02EB                                      u2450 03E3  
                                    u2530 0426                                      u2610 00EF  
                                    u2291 0563                                      u3067 0EFF  
                                    u2371 02EA                                      u2451 03E2  
                                    u2531 0425                                      u2611 00EE  
                                    u2540 0435                                      u2620 00F4  
                                    u3077 0632                                      u2365 02DF  
                                    u2541 0434                                      u2621 00F3  
                                    u2390 02FA                                      u2470 03F3  
                                    u2550 0453                                      u2630 00F9  
                                    u2391 02F9                                      u2471 03F2  
                                    u2551 0452                                      u2631 00F8  
                                    u2800 066F                                      u2480 03FD  
                                    u2640 00FE                                      u2560 006B  
                                    u2705 0338                                      u2801 066E  
                                    u2385 02EC                                      u2481 03FC  
                                    u2465 03E7                                      u2641 00FD  
                                    u2561 006A                                      u2650 0124  
                                    u2570 008F                                      u2715 0346  
                                    u2395 02F6                                      u2555 044F  
                                    u2651 0123                                      u2571 008E  
                                    u2740 0371                                      u2820 067F  
                                    u2580 0099                                      u2660 0749  
                                    u2741 0370                                      u2725 0352  
                                    u2821 067E                                      u2485 03F9  
                                    u2581 0098                                      u2661 0748  
                                    u2750 0647                                      u2670 04D8  
                                    u2590 00B9                                      u2735 035E  
                                    u2815 0672                                      u2751 0646  
                                    u2671 04D7                                      u2495 0402  
                                    u2591 00B7                                      u2770 0657  
                                    u2835 0682                                      u2771 0656  
                                    u2685 031E                                      u2765 064A  
                                    u2790 07B4                                      u2695 032A  
                                    u2791 07B3                                      u2785 065A  
                                    u2970 0266                                      u2971 0265  
                                    u2980 028A                                      u2981 0289  
                                    u2990 02B6                                      u2991 02B5  
                                    u2995 02B2                                      _TMR0 0015  
                                    _WPUB 020D                                      _WPUE 0210  
                 ??_wr2RegCompleteHandler 0075                                      abs@a 0027  
                                    _dbuf 0120                                      _main 0237  
                ?_I2C_CallbackReturnReset 0027                                      _prec 0058  
                                    fsr0h 0005                                      fsr1h 0007  
                                    indf0 0000                                      fsr0l 0004  
                                    indf1 0001                                      fsr1l 0006  
                        __end_of_I2C_Open 0530                                      btemp 007E  
                                    start 0026                ??_TMR1_SetInterruptHandler 0075  
                __end_of_TMR0_Even_10msEV 0E49                                     ??_abs 0029  
                        ?_I2C_MasterClose 0070                          __end_of_LCD_Data 0F44  
                 __end_of_TMR0_Initialize 0FEB                          __end_of_LCD_Init 04F5  
                            LCD_Data@data 0038            ??_TMR0_DefaultInterruptHandler 0070  
                          ?_LCD_SetCursor 0039                          ?_I2C_MasterStart 0070  
                           _I2C_DO_RX_ACK 0E72                          ?_I2C_MasterWrite 0070  
           __end_of_OSCILLATOR_Initialize 0800                                     ?_main 0070  
                         __end_of___awdiv 0319                   __end_of_Key_LongPressed 068F  
                          ??_Key_ScanTask 0071                           __end_of___awmod 041B  
                            ?_key_hw_read 0070                           ___awdiv@divisor 0020  
                                   _T1CON 0018                                     i1l621 07CC  
                                   i1l541 0F54                                     i1l631 0E26  
                                   i1l560 0F1C                                     i1l625 0F0F  
                                   i1l722 0E48                                     i1l732 05C3  
                                   i1l556 0712                                     i1l725 0E90  
                                   i1l581 0012                                     i1l586 0024  
                                   i1l763 0236                                     i1l587 0024  
                         ___awdiv@counter 0025                              vfpfcnvrt@fmt 002B  
                PCF8574_LCD_SendNibble@rs 0031                                     _TMR1H 0017  
                                   _TMR1L 0016                         ??_I2C_DO_TX_EMPTY 0028  
                                   _TRISA 008C                                     _TRISB 008D  
                                   _TRISC 008E                                     _TRISE 0090  
                  ??_PCF8574_LCD_SendByte 0036                 ?_TMR0_SetInterruptHandler 0020  
                        __end_of_TMR0_ISR 07CD                          __end_of_TMR1_ISR 0713  
                       __end_of_I2C_DO_RX 04B4                         __end_of_I2C_DO_TX 03C7  
                                   _flags 0060                            _WDT_Initialize 0E51  
                                   _fputc 041B                         __end_of_I2C_Close 0783  
          I2C_MasterOperation@returnValue 002D                                     _width 0056  
                                   _putch 0E27                                     main@i 0054  
                 _I2C_MasterEnableRestart 0E36                   __end_of_TMR1_Initialize 0F66  
                                   pclath 000A                          ?_I2C_SetCallback 0020  
            I2C_SetAddressNackCallback@cb 0024                                     status 0003  
                                   wtemp0 007E                           __end_of_sprintf 0730  
                       ?_I2C_DO_SEND_STOP 0070                           _TMR1_WriteTimer 0F44  
                      ??_I2C_DO_SEND_STOP 0075                           __initialization 0028  
                            __end_of_main 02B9                          __end_of_Key_Init 0372  
               ?_I2C_DO_SEND_RESTART_READ 0070                            ?_I2C_DO_RX_ACK 0070  
             ?_INTERRUPT_InterruptManager 0070                                    ??_main 0053  
                       ?_I2C_MasterIsNack 0070                          _Key_ShortPressed 063F  
                __end_of_TMR1_EvenHandler 0E91                         ?_I2C_MasterSetIrq 0070  
                       __end_of_LCD_Print 07B5                        Key_LongPressed@idx 0021  
                      ??_I2C_MasterIsNack 0075                    __end_of_WDT_Initialize 0E55  
                      ??_I2C_MasterSetIrq 0075                              LCD_Print@str 003A  
         __end_of_I2C_CallbackReturnReset 0004                                    ?_fputc 0020  
                        ___awdiv@dividend 0022                                    _APFCON 011D  
           I2C_SetDataCompleteCallback@cb 0024                                    _ANSELA 018C  
                                  ?_putch 0070                                    _ANSELB 018D  
                                  _BORCON 0116                                    _T1GCON 0019  
                            ??_I2C_Poller 0075                   TMR1_WriteTimer@timerVal 0070  
                                  i1l3100 0148                                    i1l3110 015D  
                                  i1l3120 018F                                    i1l3112 0168  
                                  i1l3130 01B0                                    i1l3122 0194  
                                  i1l3114 016E                                    i1l3106 0149  
                                  i1l3140 01F2                                    i1l3132 01C6  
                                  i1l3116 0177                                    i1l3124 019C  
                                  i1l3108 0154                                    i1l3134 01CF  
                                  i1l3142 01FF                                    i1l3126 01A0  
                                  i1l3118 017F                                    i1l3072 0596  
                                  i1l3144 0203                                    i1l3136 01DC  
                                  i1l3128 01A7                                    i1l3152 0216  
                                  i1l3400 0F4E                                    i1l3090 05B3  
                                  i1l3082 05A5                                    i1l3074 0597  
                                  i1l3146 0209                                    i1l3138 01E9  
                                  i1l3154 022C                                    i1l3410 0F03  
                                  i1l3402 0F50                                    i1l3156 0230  
                                  i1l3148 0210                                    i1l3412 0F0A  
                                  i1l3404 0F52                                    i1l3086 05AC  
                                  i1l3078 059E                                    i1l3406 0F10  
                                  i1l3096 05B5                                    u130_20 018F  
                                  i1l3408 0F17                                    i1l3440 06F5  
                                  u210_20 001B                                    u130_21 018E  
                                  u210_21 001A                                    i1l3274 0E45  
                                  i1l3442 06F7                                    i1l3452 07B5  
                                  i1l3276 0E8B                                    i1l3444 06FE  
                                  i1l3454 07B6                                    i1l3446 070C  
                                  u131_20 01B0                                    i1l3456 07C6  
                                  i1l3392 0F44                                    i1l3448 070F  
                                  u211_20 0020                                    u131_21 01AF  
                                  u211_21 001F                                    i1l3458 07C9  
                                  i1l3394 0F49                                    i1l3396 0F4A  
                                  i1l3398 0F4C                                    u132_20 01C6  
                                  u132_21 01C5                                    i1l3690 000E  
                                  i1l3692 0016                                    i1l3694 001B  
                                  i1l3686 0006                                    u133_20 01CF  
                                  i1l3696 0020                                    i1l3688 000A  
                                  u133_21 01CE                                    i1l4692 0221  
                                  u134_20 01E9                                    u134_21 01E8  
                                  u135_20 01F2                                    u207_20 000A  
                                  u135_21 01F1                                    u207_21 0009  
                                  u127_25 014C                                    u136_20 0236  
                                  u128_20 015D                                    u208_20 000E  
                                  u136_21 0235                                    u128_21 015C  
                                  u208_21 000D                                    u129_20 0177  
                                  u209_20 0016                                    u129_21 0176  
                                  u209_21 0015                                    u171_20 0F49  
                                  u171_21 0F48                                    u172_20 0F17  
                                  u172_21 0F16                                    u173_20 0F0A  
                                  u173_21 0F09                                    u175_20 070C  
                                  u175_21 070B                                    u176_20 07C6  
                                  u176_21 07C5                                    _OSCCON 0099  
                           vfpfcnvrt@done 0031                                    _WDTCON 0097  
                                  _SSPADD 0212                                    _SSPBUF 0211  
                     _I2C_MasterGetRxData 0E3F                              vfprintf@cfmt 003F  
                           _I2C_MasterFsm 05EE                                 ??___awdiv 0024  
                               ??___awmod 0024                           ??_LCD_SetCursor 0075  
                                  _g_keys 00BD                          ?_TMR0_Initialize 0070  
                       I2C_SetCallback@cb 0020                          ___awdiv@quotient 0027  
                         ___awmod@divisor 0020                           ___awmod@counter 0025  
                           _I2C_SetBuffer 0FEB                        __end_of_I2C_Poller 0F2A  
                        ?_Key_LongPressed 0070              __end_of_I2C_MasterDisableIrq 0E33  
                                  fputc@c 0020                       _I2C_DO_ADDRESS_NACK 05C4  
                    ?_I2C_MasterGetRxData 0070                                 ?_I2C_Open 0070  
      __end_of_I2C_SetAddressNackCallback 0EF7                _I2C_SetAddressNackCallback 0EEB  
                         ?_WDT_Initialize 0070                 ??_I2C_MasterEnableRestart 0075  
                                  putch@c 0070                     __end_of_TMR0_CallBack 0F10  
                        __end_of_vfprintf 074C  TMR0_SetInterruptHandler@InterruptHandler 0020  
TMR1_SetInterruptHandler@InterruptHandler 0020                                 ??_sprintf 0045  
                           Key_ScanTask@i 0073                   __end_of_TMR1_WriteTimer 0F55  
                   __end_of_TMR1_CallBack 0F1D                          ?_TMR1_Initialize 0070  
                       _SYSTEM_Initialize 0FC4                                 ?_LCD_Data 0070  
                 __end_of__initialization 0054                                 ?_LCD_Init 0070  
                     _I2C_MasterOperation 06B4                        ?_SYSTEM_Initialize 0070  
                    __end_of_Key_ScanTask 0237                      ?_I2C_DO_ADDRESS_NACK 0070  
                 _rdBlkRegCompleteHandler 0783                                 LCD_Init@i 003A  
                          __pcstackCOMMON 0070                            ?_I2C_MasterFsm 0070  
                         ??_I2C_DO_RX_ACK 0075                              __pidataBANK0 0E55  
                  _I2C_CallbackReturnStop 0E28                       ??_SYSTEM_Initialize 0075  
                               ?_TMR0_ISR 0070                                 ?_TMR1_ISR 0070  
                           __end_of_fputc 046D                             __end_of_putch 0E28  
                          ?_I2C_SetBuffer 0020                   ?_I2C_MasterWaitForEvent 0070  
           __end_of_I2C_DO_SEND_ADR_WRITE 0EC4                ?_I2C_DO_SEND_RESTART_WRITE 0070  
                    ?_I2C_MasterOperation 0070                     ??_I2C_MasterGetRxData 0075  
                 ?_I2C_Write1ByteRegister 002E                            _OPTION_REGbits 0095  
                   TMR0_ISR@CountCallBack 005C                                ??_I2C_Open 0075  
              __end_of_I2C_MasterClearIrq 0E2D                                   ??_fputc 0023  
               __end_of_SYSTEM_Initialize 0FD7                                   ??_putch 0075  
                       _I2C_MasterSendAck 0E4D                                __pbssBANK0 0056  
                              __pbssBANK1 00A0                                __pbssBANK2 0120  
                               ?_Key_Init 0070                             ??_I2C_DO_IDLE 0075  
                           ??_I2C_DO_RCEN 0075             __end_of_rd2RegCompleteHandler 0FB1  
                              ??_LCD_Data 0075              __end_of_I2C_MasterSendTxData 0E97  
                      ?_I2C_MasterSendAck 0070                                ??_LCD_Init 0039  
                       _I2C_MasterStartRx 0E3C                         ??_LCD_functionSet 0075  
                   ??_I2C_DO_ADDRESS_NACK 0028             __end_of_wr2RegCompleteHandler 0F8B  
                     _I2C_DO_RX_NACK_STOP 0E77                     _rd1RegCompleteHandler 0F8B  
                      ?_I2C_MasterStartRx 0070                __end_of_I2C_MasterSendNack 0E4D  
                   _wr1RegCompleteHandler 0FB1                                __pmaintext 0237  
                     ??_I2C_MasterSendAck 0075                  rd1RegCompleteHandler@ptr 0027  
             __end_of_I2C_DO_SEND_RESTART 0E6D                           _I2C_DO_TX_EMPTY 0565  
        __end_of_TMR0_SetInterruptHandler 0EA9                       I2C_SetBuffer@buffer 0022  
                              ??_TMR0_ISR 0075                                ??_TMR1_ISR 0072  
                              __pintentry 0004            __end_of_I2C_MasterWaitForEvent 0EA3  
                     ??_I2C_MasterStartRx 0075                         ?_TMR0_Even_10msEV 0070  
                   ??_I2C_MasterOperation 0075                        ??_TMR0_Even_10msEV 0075  
          I2C_SetDataCompleteCallback@ptr 0026            __end_of_I2C_Write1ByteRegister 0565  
                ??_I2C_DO_RX_NACK_RESTART 0075         __end_of_I2C_DO_SEND_RESTART_WRITE 0E68  
                    ?_I2C_DO_RX_NACK_STOP 0070                 __end_of_I2C_MasterSendAck 0E51  
                                 _OSCTUNE 0098                                   _SSPCON1 0215  
                                 _SSPCON2 0216                                   _SSPSTAT 0214  
                        ?_TMR1_WriteTimer 0070                 __end_of_I2C_MasterStartRx 0E3F  
                    I2C_Close@returnValue 0020              ?_I2C_SetDataCompleteCallback 0024  
                              ??_Key_Init 0020                                 _I2C_DO_RX 046D  
                               _I2C_DO_TX 0372          __end_of_I2C_DO_SEND_RESTART_READ 0E63  
                               _I2C_Close 0768                  ??_PCF8574_LCD_SendNibble 0032  
               ??_rdBlkRegCompleteHandler 0075                  __end_of_Key_ShortPressed 0667  
                    _I2C_MasterDisableIrq 0E30                           ??_I2C_MasterFsm 002A  
                     __end_of_I2C_DO_IDLE 0E5E                       __end_of_I2C_DO_RCEN 0EBC  
                                 ___awdiv 02B9                                   ___awmod 03C7  
                         ??_I2C_SetBuffer 0075                                 ?_vfprintf 003A  
                 I2C_SetBuffer@bufferSize 0020                  LCD_SetCursor@row_offsets 003A  
                          _I2C_MasterOpen 0F2A                            _I2C_MasterStop 0E39  
                          _I2C_Initialize 0ED6                                   __ptext1 0713  
                                 __ptext2 0730                                   __ptext3 0058  
                                 __ptext4 041B                                   __ptext5 0E27  
                                 __ptext6 0F66                                   __ptext7 03C7  
                                 __ptext8 02B9                                   __ptext9 0EA9  
                   ??_I2C_DO_RX_NACK_STOP 0075                                 _T1CONbits 0018  
                   _OSCILLATOR_Initialize 07F9                          ___awmod@dividend 0022  
                       ?_TMR1_EvenHandler 0070                        I2C_SetCallback@idx 0023  
                ??_PIN_MANAGER_Initialize 0075             I2C_CallbackReturnReset@funPtr 0027  
               ?_TMR1_SetInterruptHandler 0020                        I2C_SetCallback@ptr 0022  
                wr1RegCompleteHandler@ptr 0027                 I2C_Write1ByteRegister@reg 002E  
                      ??_TMR1_EvenHandler 0070                                 _LCD_Print 079D  
                                 _sprintf 0713                                   clrloop0 0EB0  
                    end_of_initialization 0054                                ?_I2C_DO_RX 0070  
                              ?_I2C_DO_TX 0070                          LCD_SetCursor@col 003E  
                        LCD_SetCursor@row 0039                                   fputc@fp 0022  
                          LCD_Command@cmd 0038                                ?_I2C_Close 0070  
                  ?_rd1RegCompleteHandler 0027                   __end_of_I2C_DO_TX_EMPTY 0595  
                            _fT1_1ms_flag 0077                     ?_I2C_MasterDisableIrq 0070  
                  ?_wr1RegCompleteHandler 0027                         __end_of_vfpfcnvrt 0148  
                  __end_of_I2C_MasterOpen 0F37                          vfpfcnvrt@convarg 0035  
                  __end_of_I2C_MasterStop 0E3C                    __end_of_I2C_Initialize 0EDF  
                              ??_vfprintf 003D                          ??_WDT_Initialize 0075  
                _TMR0_SetInterruptHandler 0EA3                                 _PORTBbits 000D  
         __end_of_rdBlkRegCompleteHandler 079D                      _I2C_MasterSendTxData 0E91  
                            _Key_ScanTask 0148               ?_I2C_SetAddressNackCallback 0024  
                              ?_LCD_Print 0070                                 Key_Init@i 0021  
                             _I2C_DO_IDLE 0E59                               _I2C_DO_RCEN 0EB5  
              rdBlkRegCompleteHandler@ptr 0027             I2C_Write1ByteRegister@address 0030  
                  PCF8574_LCD_SendByte@rs 0035                   ?_I2C_CallbackReturnStop 0027  
                _I2C_DO_SEND_RESTART_READ 0E5E              I2C_CallbackReturnStop@funPtr 0027  
                         ?_I2C_MasterOpen 0070                           ?_I2C_MasterStop 0070  
                         ?_I2C_Initialize 0070                             ??_LCD_Command 0075  
                 _I2C_CallbackReturnReset 0002                               vfpfcnvrt@ap 002C  
                             vfpfcnvrt@cp 0033                               vfpfcnvrt@fp 0032  
              PCF8574_LCD_SendNibble@data 0034                     __end_of_LCD_SetCursor 07F9  
                   ?_I2C_MasterSendTxData 0070                    ?_OSCILLATOR_Initialize 0070  
             ??_I2C_DO_SEND_RESTART_WRITE 0075                       start_initialization 0028  
                         _LCD_functionSet 0ECD                               __end_of_abs 0F78  
                           ?_I2C_DO_RESET 0070                               ??_I2C_DO_RX 0028  
                             ??_I2C_DO_TX 0028                         ??_I2C_MasterClose 0075  
                  ??_I2C_MasterDisableIrq 0075                               ??_I2C_Close 0075  
                       ??_I2C_MasterStart 0075                         ??_I2C_MasterWrite 0075  
          __end_of_I2C_CallbackReturnStop 0E2A                    _I2C_DO_RX_NACK_RESTART 0E7C  
                        ?_I2C_DO_TX_EMPTY 0070                        _I2C_MasterClearIrq 0E2A  
                             vfprintf@fmt 003A                       ?_I2C_MasterClearIrq 0070  
             __end_of_I2C_MasterGetRxData 0E42                               __pdataBANK0 0065  
                   __end_of_I2C_DO_RX_ACK 0E77                          _I2C_DO_SEND_STOP 0E6D  
                       ??_I2C_SetCallback 0075                             ??_key_hw_read 0070  
                     I2C_Open@returnValue 0021                        _I2C_MasterSendNack 0E49  
                  _PCF8574_LCD_SendNibble 0617                  ?_I2C_MasterEnableRestart 0070  
                       _i2c_fsmStateTable 06D5                     _I2C_DO_SEND_ADR_WRITE 0EBC  
                     __end_of_LCD_Command 0F03                     TMR1_ISR@CountCallBack 005E  
                             __pbssCOMMON 0075                                 ___latbits 0002  
                           __pcstackBANK0 0020                            ??_I2C_DO_RESET 0075  
                     ?_I2C_MasterSendNack 0070                               ??_LCD_Print 0039  
            __end_of_I2C_DO_SEND_ADR_READ 0ECD                      ??_I2C_MasterClearIrq 0075  
             __end_of_I2C_DO_ADDRESS_NACK 05EE                          _I2C_MasterIsNack 0E97  
               _I2C_DO_SEND_RESTART_WRITE 0E63                          _I2C_MasterSetIrq 0E42  
                   _TMR0_InterruptHandler 0061                                 __pnvBANK0 0061  
                   _rd2RegCompleteHandler 0F9E                         ?_Key_ShortPressed 0070  
                  _PIN_MANAGER_Initialize 074C                     _wr2RegCompleteHandler 0F78  
               ??_I2C_CallbackReturnReset 0075               __end_of_I2C_MasterOperation 06D5  
                    ??_I2C_MasterSendNack 0075                  rd2RegCompleteHandler@ptr 0027  
                      ??_Key_ShortPressed 0020          __end_of_TMR1_SetInterruptHandler 0EAF  
                                ?___awdiv 0020                                  ?___awmod 0020  
                  ??_I2C_MasterSendTxData 0075                   __end_of_LCD_functionSet 0ED6  
               __end_of_i2c_fsmStateTable 06F5              ??_INTERRUPT_InterruptManager 0075  
                          key_hw_read@idx 0070                   I2C_MasterOperation@read 002C  
                                _I2C_Open 04F5                       __end_of_key_hw_read 05C4  
                                ?_sprintf 0041                             _TMR0_CallBack 0F03  
                 ??_rd1RegCompleteHandler 0075                   ??_wr1RegCompleteHandler 0075  
                           _TMR1_CallBack 0F10                                  _LCD_Data 0F37  
                       ??_TMR0_Initialize 0075                                  _LCD_Init 04B4  
                                _LATCbits 010E                                 clear_ram0 0EAF  
                                _PIE1bits 0091                         ??_Key_LongPressed 0020  
              ??_TMR0_SetInterruptHandler 0075                                  _PIR1bits 0011  
                                _PIR2bits 0012              __end_of_PCF8574_LCD_SendByte 07E4  
                   __end_of_I2C_MasterFsm 0617               __end_of_I2C_DO_RX_NACK_STOP 0E7C  
                                _TMR0_ISR 07B5                                  _TMR1_ISR 06F5  
         __end_of_I2C_MasterEnableRestart 0E39                               _LCD_Command 0EF7  
                               _vfpfcnvrt 0058                     __end_of_I2C_SetBuffer 1000  
                       ??_TMR1_Initialize 0075                    ?_I2C_DO_SEND_ADR_WRITE 0070  
                I2C_MasterSendTxData@data 0020                  wr2RegCompleteHandler@ptr 0027  
                          ?_TMR0_CallBack 0070                                vfpfcnvrt@c 0039  
              ??_I2C_DO_SEND_RESTART_READ 0075                  ?_rdBlkRegCompleteHandler 0027  
                      LCD_SetCursor@F3270 0065                            ?_TMR1_CallBack 0070  
                              _I2C_Poller 0F1D                                  _Key_Init 0319  
                              _I2C_Status 00A0                              ?_I2C_DO_IDLE 0070  
                            ?_I2C_DO_RCEN 0070              PCF8574_LCD_SendNibble@nibble 0033  
                  ?_rd2RegCompleteHandler 0027                          ??_I2C_MasterOpen 0075  
                  ?_wr2RegCompleteHandler 0027                          ??_I2C_MasterStop 0075  
                ??_I2C_MasterWaitForEvent 0075                          ??_I2C_Initialize 0075  
                              vfprintf@ap 003C                                vfprintf@fp 003E  
                    __end_of_I2C_DO_RESET 0E86                  ??_I2C_Write1ByteRegister 0075  
                 ??_OSCILLATOR_Initialize 0075                       Key_ShortPressed@idx 0021  
                    _I2C_DO_SEND_ADR_READ 0EC4                                ?_vfpfcnvrt 002B  
                        ?_LCD_functionSet 0070                  _TMR1_SetInterruptHandler 0EA9  
                             _key_hw_read 0595                     _TMR1_InterruptHandler 0063  
                         _I2C_MasterClose 0E2D             I2C_SetAddressNackCallback@ptr 0026  
                              sprintf@fmt 0041                           I2C_Open@address 0020  
                         _I2C_MasterStart 0E33                           _I2C_MasterWrite 0E86  
                                __ptext10 0FC4                                  __ptext11 0E51  
                                __ptext20 0F37                                  __ptext12 0F55  
                                __ptext21 04B4                                  __ptext13 0FD7  
                              _T1GCONbits 0019                                  __ptext30 0E86  
                                __ptext22 0ECD                                  __ptext14 0EA3  
                                __ptext31 06B4                                  __ptext23 0EF7  
                                __ptext15 074C                                  __ptext40 0E6D  
                                __ptext32 0F1D                                  __ptext24 07CD  
                                __ptext16 07F9                                  __ptext41 0E68  
                                __ptext33 0E9D                                  __ptext25 0617  
                                __ptext17 0ED6                                  __ptext50 0565  
                                __ptext42 0E63                                  __ptext34 05EE  
                                __ptext26 0530                                  __ptext18 07E4  
                                __ptext51 0E42                                  __ptext43 0E5E  
                                __ptext35 05C4                                  __ptext27 0EEB  
                                __ptext19 079D                                  __ptext60 0783  
                                __ptext52 0E97                                  __ptext44 0EB5  
                                __ptext36 0E81                                  __ptext28 04F5  
                                __ptext61 0FB1                                  __ptext53 0E91  
                                __ptext45 046D                                  __ptext37 0E7C  
                                __ptext29 0F2A                                  __ptext70 0E33  
                                __ptext62 0F9E                                  __ptext54 0E4D  
                                __ptext46 0372                                  __ptext38 0E77  
                                __ptext71 0768                                  __ptext63 0F8B  
                                __ptext55 0E3F                                  __ptext47 0EBC  
                                __ptext39 0E72                                  __ptext80 0F44  
                                __ptext72 0E30                                  __ptext64 0F78  
                                __ptext56 0E49                                  __ptext48 0EC4  
                                __ptext81 0F10                                  __ptext73 0E2D  
                                __ptext65 0EDF                                  __ptext57 0E3C  
                                __ptext49 0E59                                  __ptext82 0E8B  
                                __ptext74 0E2A                                  __ptext66 068F  
                                __ptext58 0002                                  __ptext83 07B5  
                                __ptext75 063F                                  __ptext67 0FEB  
                                __ptext59 0E28                                  __ptext84 0F03  
                                __ptext76 0667                                  __ptext68 0E39  
                                __ptext85 0E26                                  __ptext77 0319  
                                __ptext69 0E36                                  __ptext86 0E45  
                                __ptext87 0148                                  __ptext79 06F5  
                                __ptext88 0595                          _TMR0_Even_10msEV 0E45  
     __end_of_I2C_SetDataCompleteCallback 0EEB               _I2C_SetDataCompleteCallback 0EDF  
                 ?_I2C_DO_RX_NACK_RESTART 0070                  __end_of_I2C_DO_SEND_STOP 0E72  
    __end_of_TMR0_DefaultInterruptHandler 0E27              _TMR0_DefaultInterruptHandler 0E26  
                         _I2C_SetCallback 068F             ??_I2C_SetDataCompleteCallback 0075  
              I2C_Write1ByteRegister@data 002F                                  int$flags 007E  
                   ?_I2C_DO_SEND_ADR_READ 0070                   ?_PCF8574_LCD_SendNibble 0031  
                                _vfprintf 0730        __end_of_INTERRUPT_InterruptManager 0026  
              _INTERRUPT_InterruptManager 0004                         ??_TMR1_WriteTimer 0072  
                __end_of_I2C_MasterIsNack 0E9D                  __end_of_I2C_MasterSetIrq 0E45  
                              _T1_1ms_cnt 005A                                _INTCONbits 000B  
                         ??_TMR0_CallBack 0075            __end_of_I2C_DO_RX_NACK_RESTART 0E81  
                         ??_TMR1_CallBack 0070                      _PCF8574_LCD_SendByte 07CD  
                                intlevel1 0000                               ?_I2C_Poller 0070  
                               sprintf@ap 0046                   ?_PIN_MANAGER_Initialize 0070  
                     _I2C_DO_SEND_RESTART 0E68                          _TMR1_EvenHandler 0E8B  
           ?_TMR0_DefaultInterruptHandler 0070            __end_of_PCF8574_LCD_SendNibble 063F  
                 __end_of_I2C_MasterClose 0E30                               ??_vfpfcnvrt 002D  
                 __end_of_I2C_MasterStart 0E36                   __end_of_I2C_MasterWrite 0E8B  
                           __pstringtext1 06D5                             __pstringtext2 1000  
                           __pstringtext3 100D                             __pstringtext4 0000  
                    ?_I2C_DO_SEND_RESTART 0070                                _OPTION_REG 0095  
                                sprintf@f 0048                                  sprintf@s 0047  
                         _TMR0_Initialize 0FD7                           Key_ScanTask@key 0074  
                             _SSPCON1bits 0215                     ?_PCF8574_LCD_SendByte 0035  
                             _SSPCON2bits 0216                           _Key_LongPressed 0667  
                 __end_of_I2C_SetCallback 06B4            __end_of_PIN_MANAGER_Initialize 0768  
           __end_of_rd1RegCompleteHandler 0F9E             __end_of_wr1RegCompleteHandler 0FC4  
                         _TMR1_Initialize 0F55  
