

Microchip MPLAB XC8 Assembler V2.46 build 20240104201356 
                                                                                               Fri Nov 21 16:12:44 2025

Microchip MPLAB XC8 C Compiler v2.46 (Free license) build 20240104201356 Og1 
     1                           	processor	16F1936
     2                           	pagewidth 120
     3                           	opt	flic
     4                           	psect	eeprom_data,global,class=EEDATA,space=3,delta=2,noexec
     5                           	psect	idataBANK0,global,class=CODE,delta=2,noexec
     6                           	psect	idataBANK1,global,class=CODE,delta=2,noexec
     7                           	psect	stringtext1,global,class=STRCODE,delta=2,noexec
     8                           	psect	stringtext2,global,class=STRCODE,delta=2,noexec
     9                           	psect	stringtext3,global,class=STRCODE,delta=2,noexec
    10                           	psect	stringtext4,global,class=STRCODE,delta=2,noexec
    11                           	psect	stringtext5,global,class=STRCODE,delta=2,noexec
    12                           	psect	stringtext6,global,class=STRCODE,delta=2,noexec
    13                           	psect	stringtext7,global,class=STRCODE,delta=2,noexec
    14                           	psect	stringtext8,global,class=STRCODE,delta=2,noexec
    15                           	psect	stringtext9,global,class=STRCODE,delta=2,noexec
    16                           	psect	stringtext10,global,class=STRCODE,delta=2,noexec
    17                           	psect	stringtext11,global,class=STRCODE,delta=2,noexec
    18                           	psect	cinit,global,class=CODE,merge=1,delta=2
    19                           	psect	bssCOMMON,global,class=COMMON,space=1,delta=1,noexec
    20                           	psect	bssBANK0,global,class=BANK0,space=1,delta=1,noexec
    21                           	psect	dataBANK0,global,class=BANK0,space=1,delta=1,noexec
    22                           	psect	bssBANK1,global,class=BANK1,space=1,delta=1,noexec
    23                           	psect	dataBANK1,global,class=BANK1,space=1,delta=1,noexec
    24                           	psect	bssBANK2,global,class=BANK2,space=1,delta=1,noexec
    25                           	psect	bssBANK3,global,class=BANK3,space=1,delta=1,noexec
    26                           	psect	inittext,global,class=CODE,delta=2
    27                           	psect	clrtext,global,class=CODE,delta=2
    28                           	psect	cstackBANK3,global,class=BANK3,space=1,delta=1,noexec
    29                           	psect	cstackCOMMON,global,class=COMMON,space=1,delta=1,noexec
    30                           	psect	cstackBANK0,global,class=BANK0,space=1,delta=1,noexec
    31                           	psect	maintext,global,class=CODE,merge=1,split=1,delta=2
    32                           	psect	text1,local,class=CODE,merge=1,delta=2
    33                           	psect	text2,local,class=CODE,merge=1,delta=2
    34                           	psect	text3,local,class=CODE,merge=1,delta=2
    35                           	psect	text4,local,class=CODE,merge=1,delta=2
    36                           	psect	text5,local,class=CODE,merge=1,delta=2
    37                           	psect	text6,local,class=CODE,merge=1,delta=2
    38                           	psect	text7,local,class=CODE,merge=1,delta=2
    39                           	psect	text8,local,class=CODE,merge=1,delta=2
    40                           	psect	text9,local,class=CODE,merge=1,delta=2
    41                           	psect	text10,local,class=CODE,merge=1,delta=2
    42                           	psect	text11,local,class=CODE,merge=1,delta=2
    43                           	psect	text12,local,class=CODE,merge=1,delta=2
    44                           	psect	text13,local,class=CODE,merge=1,delta=2
    45                           	psect	text14,local,class=CODE,merge=1,delta=2
    46                           	psect	text15,local,class=CODE,merge=1,delta=2
    47                           	psect	text16,local,class=CODE,merge=1,delta=2
    48                           	psect	text17,local,class=CODE,merge=1,delta=2
    49                           	psect	text18,local,class=CODE,merge=1,delta=2
    50                           	psect	text19,local,class=CODE,merge=1,delta=2
    51                           	psect	text20,local,class=CODE,merge=1,delta=2
    52                           	psect	text21,local,class=CODE,merge=1,delta=2
    53                           	psect	text22,local,class=CODE,merge=1,delta=2
    54                           	psect	text23,local,class=CODE,merge=1,delta=2
    55                           	psect	text24,local,class=CODE,merge=1,delta=2
    56                           	psect	text25,local,class=CODE,merge=1,delta=2
    57                           	psect	text26,local,class=CODE,merge=1,delta=2
    58                           	psect	text27,local,class=CODE,merge=1,inline,delta=2
    59                           	psect	text28,local,class=CODE,merge=1,delta=2
    60                           	psect	text29,local,class=CODE,merge=1,delta=2
    61                           	psect	text30,local,class=CODE,merge=1,delta=2
    62                           	psect	text31,local,class=CODE,merge=1,inline,delta=2
    63                           	psect	text32,local,class=CODE,merge=1,inline,delta=2
    64                           	psect	text33,local,class=CODE,merge=1,delta=2
    65                           	psect	text34,local,class=CODE,merge=1,delta=2
    66                           	psect	text35,local,class=CODE,merge=1,delta=2
    67                           	psect	text36,local,class=CODE,merge=1,delta=2
    68                           	psect	text37,local,class=CODE,merge=1,delta=2
    69                           	psect	text38,local,class=CODE,merge=1,delta=2
    70                           	psect	text39,local,class=CODE,merge=1,delta=2
    71                           	psect	text40,local,class=CODE,merge=1,delta=2
    72                           	psect	text41,local,class=CODE,merge=1,delta=2
    73                           	psect	text42,local,class=CODE,merge=1,delta=2
    74                           	psect	text43,local,class=CODE,merge=1,delta=2
    75                           	psect	text44,local,class=CODE,merge=1,delta=2
    76                           	psect	text45,local,class=CODE,merge=1,delta=2
    77                           	psect	text46,local,class=CODE,merge=1,delta=2
    78                           	psect	text47,local,class=CODE,merge=1,delta=2
    79                           	psect	text48,local,class=CODE,merge=1,delta=2
    80                           	psect	text49,local,class=CODE,merge=1,inline,delta=2
    81                           	psect	text50,local,class=CODE,merge=1,inline,delta=2
    82                           	psect	text51,local,class=CODE,merge=1,inline,delta=2
    83                           	psect	text52,local,class=CODE,merge=1,inline,delta=2
    84                           	psect	text53,local,class=CODE,merge=1,inline,delta=2
    85                           	psect	text54,local,class=CODE,merge=1,inline,delta=2
    86                           	psect	text55,local,class=CODE,merge=1,inline,delta=2
    87                           	psect	text56,local,class=CODE,merge=1,delta=2
    88                           	psect	text57,local,class=CODE,merge=1,delta=2
    89                           	psect	text58,local,class=CODE,merge=1,delta=2
    90                           	psect	text59,local,class=CODE,merge=1,delta=2
    91                           	psect	text60,local,class=CODE,merge=1,delta=2
    92                           	psect	text61,local,class=CODE,merge=1,delta=2
    93                           	psect	text62,local,class=CODE,merge=1,inline,delta=2
    94                           	psect	text63,local,class=CODE,merge=1,inline,delta=2
    95                           	psect	text64,local,class=CODE,merge=1,inline,delta=2
    96                           	psect	text65,local,class=CODE,merge=1,delta=2
    97                           	psect	text66,local,class=CODE,merge=1,inline,delta=2
    98                           	psect	text67,local,class=CODE,merge=1,inline,delta=2
    99                           	psect	text68,local,class=CODE,merge=1,inline,delta=2
   100                           	psect	text69,local,class=CODE,merge=1,delta=2
   101                           	psect	text70,local,class=CODE,merge=1,delta=2
   102                           	psect	text71,local,class=CODE,merge=1,delta=2,group=2
   103                           	psect	text72,local,class=CODE,merge=1,delta=2
   104                           	psect	text73,local,class=CODE,merge=1,delta=2
   105                           	psect	text74,local,class=CODE,merge=1,delta=2
   106                           	psect	text75,local,class=CODE,merge=1,delta=2,group=3
   107                           	psect	text76,local,class=CODE,merge=1,delta=2
   108                           	psect	text77,local,class=CODE,merge=1,delta=2,group=2
   109                           	psect	text78,local,class=CODE,merge=1,delta=2,group=2
   110                           	psect	text79,local,class=CODE,merge=1,delta=2,group=2
   111                           	psect	text80,local,class=CODE,merge=1,delta=2
   112                           	psect	text81,local,class=CODE,merge=1,delta=2,group=3
   113                           	psect	text82,local,class=CODE,merge=1,delta=2,group=1
   114                           	psect	text83,local,class=CODE,merge=1,delta=2,group=1
   115                           	psect	text84,local,class=CODE,merge=1,delta=2,group=3
   116                           	psect	text85,local,class=CODE,merge=1,delta=2,group=3
   117                           	psect	text86,local,class=CODE,merge=1,delta=2,group=3
   118                           	psect	text87,local,class=CODE,merge=1,delta=2,group=2
   119                           	psect	text88,local,class=CODE,merge=1,delta=2,group=2
   120                           	psect	intentry,global,class=CODE,delta=2
   121                           	psect	text90,local,class=CODE,merge=1,delta=2
   122                           	psect	text91,local,class=CODE,merge=1,delta=2
   123                           	psect	text92,local,class=CODE,merge=1,delta=2
   124                           	psect	text93,local,class=CODE,merge=1,delta=2
   125                           	psect	text94,local,class=CODE,merge=1,delta=2
   126                           	psect	text95,local,class=CODE,merge=1,delta=2
   127                           	psect	text96,local,class=CODE,merge=1,delta=2
   128                           	psect	config,global,abs,ovrld,class=CONFIG,space=4,delta=2,noexec
   129                           	dabs	1,0x7E,2
   130     0000                     
   131                           ; Version 2.20
   132                           ; Generated 12/02/2020 GMT
   133                           ; 
   134                           ; Copyright © 2020, Microchip Technology Inc. and its subsidiaries ("Microchip")
   135                           ; All rights reserved.
   136                           ; 
   137                           ; This software is developed by Microchip Technology Inc. and its subsidiaries ("Microch
      +                          ip").
   138                           ; 
   139                           ; Redistribution and use in source and binary forms, with or without modification, are
   140                           ; permitted provided that the following conditions are met:
   141                           ; 
   142                           ;     1. Redistributions of source code must retain the above copyright notice, this lis
      +                          t of
   143                           ;        conditions and the following disclaimer.
   144                           ; 
   145                           ;     2. Redistributions in binary form must reproduce the above copyright notice, this 
      +                          list
   146                           ;        of conditions and the following disclaimer in the documentation and/or other
   147                           ;        materials provided with the distribution.
   148                           ; 
   149                           ;     3. Microchip's name may not be used to endorse or promote products derived from th
      +                          is
   150                           ;        software without specific prior written permission.
   151                           ; 
   152                           ; THIS SOFTWARE IS PROVIDED BY MICROCHIP "AS IS" AND ANY EXPRESS OR IMPLIED WARRANTIES,
   153                           ; INCLUDING, BUT NOT LIMITED TO, THE IMPLIED WARRANTIES OF MERCHANTABILITY AND FITNESS F
      +                          OR
   154                           ; PURPOSE ARE DISCLAIMED.  IN NO EVENT SHALL MICROCHIP BE LIABLE FOR ANY DIRECT, INDIREC
      +                          T,
   155                           ; INCIDENTAL, SPECIAL, EXEMPLARY, OR CONSEQUENTIAL DAMAGES (INCLUDING BUT NOT LIMITED TO
   156                           ; PROCUREMENT OF SUBSTITUTE GOODS OR SERVICES; LOSS OF USE, DATA OR PROFITS; OR BUSINESS
   157                           ; INTERRUPTION) HOWSOEVER CAUSED AND ON ANY THEORY OF LIABILITY, WHETHER IN CONTRACT, ST
      +                          RICT
   158                           ; LIABILITY, OR TORT (INCLUDING NEGLIGENCE OR OTHERWISE) ARISING IN ANY WAY OUT OF THE U
      +                          SE OF
   159                           ; THIS SOFTWARE, EVEN IF ADVISED OF THE POSSIBILITY OF SUCH DAMAGE.
   160                           ; 
   161                           ; 
   162                           ; Code-generator required, PIC16F1936 Definitions
   163                           ; 
   164                           ; SFR Addresses
   165     0000                     	;# 
   166     0001                     	;# 
   167     0002                     	;# 
   168     0003                     	;# 
   169     0004                     	;# 
   170     0005                     	;# 
   171     0006                     	;# 
   172     0007                     	;# 
   173     0008                     	;# 
   174     0009                     	;# 
   175     000A                     	;# 
   176     000B                     	;# 
   177     000C                     	;# 
   178     000D                     	;# 
   179     000E                     	;# 
   180     0010                     	;# 
   181     0011                     	;# 
   182     0012                     	;# 
   183     0013                     	;# 
   184     0015                     	;# 
   185     0016                     	;# 
   186     0016                     	;# 
   187     0017                     	;# 
   188     0018                     	;# 
   189     0019                     	;# 
   190     001A                     	;# 
   191     001B                     	;# 
   192     001C                     	;# 
   193     001E                     	;# 
   194     001F                     	;# 
   195     008C                     	;# 
   196     008D                     	;# 
   197     008E                     	;# 
   198     0090                     	;# 
   199     0091                     	;# 
   200     0092                     	;# 
   201     0093                     	;# 
   202     0095                     	;# 
   203     0096                     	;# 
   204     0097                     	;# 
   205     0098                     	;# 
   206     0099                     	;# 
   207     009A                     	;# 
   208     009B                     	;# 
   209     009B                     	;# 
   210     009C                     	;# 
   211     009D                     	;# 
   212     009E                     	;# 
   213     010C                     	;# 
   214     010D                     	;# 
   215     010E                     	;# 
   216     0110                     	;# 
   217     0111                     	;# 
   218     0112                     	;# 
   219     0113                     	;# 
   220     0114                     	;# 
   221     0115                     	;# 
   222     0116                     	;# 
   223     0117                     	;# 
   224     0118                     	;# 
   225     0119                     	;# 
   226     011A                     	;# 
   227     011B                     	;# 
   228     011D                     	;# 
   229     018C                     	;# 
   230     018D                     	;# 
   231     0191                     	;# 
   232     0191                     	;# 
   233     0192                     	;# 
   234     0193                     	;# 
   235     0193                     	;# 
   236     0193                     	;# 
   237     0194                     	;# 
   238     0195                     	;# 
   239     0196                     	;# 
   240     0199                     	;# 
   241     019A                     	;# 
   242     019B                     	;# 
   243     019B                     	;# 
   244     019B                     	;# 
   245     019B                     	;# 
   246     019C                     	;# 
   247     019C                     	;# 
   248     019D                     	;# 
   249     019E                     	;# 
   250     019F                     	;# 
   251     020D                     	;# 
   252     0210                     	;# 
   253     0211                     	;# 
   254     0212                     	;# 
   255     0213                     	;# 
   256     0214                     	;# 
   257     0215                     	;# 
   258     0215                     	;# 
   259     0216                     	;# 
   260     0217                     	;# 
   261     0291                     	;# 
   262     0291                     	;# 
   263     0292                     	;# 
   264     0293                     	;# 
   265     0294                     	;# 
   266     0295                     	;# 
   267     0295                     	;# 
   268     0296                     	;# 
   269     0298                     	;# 
   270     0298                     	;# 
   271     0299                     	;# 
   272     029A                     	;# 
   273     029B                     	;# 
   274     029C                     	;# 
   275     029C                     	;# 
   276     029D                     	;# 
   277     029E                     	;# 
   278     029F                     	;# 
   279     0311                     	;# 
   280     0311                     	;# 
   281     0312                     	;# 
   282     0313                     	;# 
   283     0314                     	;# 
   284     0315                     	;# 
   285     0315                     	;# 
   286     0316                     	;# 
   287     0318                     	;# 
   288     0318                     	;# 
   289     0319                     	;# 
   290     031A                     	;# 
   291     031C                     	;# 
   292     031C                     	;# 
   293     031D                     	;# 
   294     031E                     	;# 
   295     0394                     	;# 
   296     0395                     	;# 
   297     0396                     	;# 
   298     0415                     	;# 
   299     0416                     	;# 
   300     0417                     	;# 
   301     041C                     	;# 
   302     041D                     	;# 
   303     041E                     	;# 
   304     0791                     	;# 
   305     0792                     	;# 
   306     0793                     	;# 
   307     0794                     	;# 
   308     0795                     	;# 
   309     0798                     	;# 
   310     0799                     	;# 
   311     07A0                     	;# 
   312     07A1                     	;# 
   313     07A3                     	;# 
   314     07A4                     	;# 
   315     07A6                     	;# 
   316     07A7                     	;# 
   317     07A9                     	;# 
   318     07AA                     	;# 
   319     0FE4                     	;# 
   320     0FE5                     	;# 
   321     0FE6                     	;# 
   322     0FE7                     	;# 
   323     0FE8                     	;# 
   324     0FE9                     	;# 
   325     0FEA                     	;# 
   326     0FEB                     	;# 
   327     0FED                     	;# 
   328     0FEE                     	;# 
   329     0FEF                     	;# 
   330     0000                     	;# 
   331     0001                     	;# 
   332     0002                     	;# 
   333     0003                     	;# 
   334     0004                     	;# 
   335     0005                     	;# 
   336     0006                     	;# 
   337     0007                     	;# 
   338     0008                     	;# 
   339     0009                     	;# 
   340     000A                     	;# 
   341     000B                     	;# 
   342     000C                     	;# 
   343     000D                     	;# 
   344     000E                     	;# 
   345     0010                     	;# 
   346     0011                     	;# 
   347     0012                     	;# 
   348     0013                     	;# 
   349     0015                     	;# 
   350     0016                     	;# 
   351     0016                     	;# 
   352     0017                     	;# 
   353     0018                     	;# 
   354     0019                     	;# 
   355     001A                     	;# 
   356     001B                     	;# 
   357     001C                     	;# 
   358     001E                     	;# 
   359     001F                     	;# 
   360     008C                     	;# 
   361     008D                     	;# 
   362     008E                     	;# 
   363     0090                     	;# 
   364     0091                     	;# 
   365     0092                     	;# 
   366     0093                     	;# 
   367     0095                     	;# 
   368     0096                     	;# 
   369     0097                     	;# 
   370     0098                     	;# 
   371     0099                     	;# 
   372     009A                     	;# 
   373     009B                     	;# 
   374     009B                     	;# 
   375     009C                     	;# 
   376     009D                     	;# 
   377     009E                     	;# 
   378     010C                     	;# 
   379     010D                     	;# 
   380     010E                     	;# 
   381     0110                     	;# 
   382     0111                     	;# 
   383     0112                     	;# 
   384     0113                     	;# 
   385     0114                     	;# 
   386     0115                     	;# 
   387     0116                     	;# 
   388     0117                     	;# 
   389     0118                     	;# 
   390     0119                     	;# 
   391     011A                     	;# 
   392     011B                     	;# 
   393     011D                     	;# 
   394     018C                     	;# 
   395     018D                     	;# 
   396     0191                     	;# 
   397     0191                     	;# 
   398     0192                     	;# 
   399     0193                     	;# 
   400     0193                     	;# 
   401     0193                     	;# 
   402     0194                     	;# 
   403     0195                     	;# 
   404     0196                     	;# 
   405     0199                     	;# 
   406     019A                     	;# 
   407     019B                     	;# 
   408     019B                     	;# 
   409     019B                     	;# 
   410     019B                     	;# 
   411     019C                     	;# 
   412     019C                     	;# 
   413     019D                     	;# 
   414     019E                     	;# 
   415     019F                     	;# 
   416     020D                     	;# 
   417     0210                     	;# 
   418     0211                     	;# 
   419     0212                     	;# 
   420     0213                     	;# 
   421     0214                     	;# 
   422     0215                     	;# 
   423     0215                     	;# 
   424     0216                     	;# 
   425     0217                     	;# 
   426     0291                     	;# 
   427     0291                     	;# 
   428     0292                     	;# 
   429     0293                     	;# 
   430     0294                     	;# 
   431     0295                     	;# 
   432     0295                     	;# 
   433     0296                     	;# 
   434     0298                     	;# 
   435     0298                     	;# 
   436     0299                     	;# 
   437     029A                     	;# 
   438     029B                     	;# 
   439     029C                     	;# 
   440     029C                     	;# 
   441     029D                     	;# 
   442     029E                     	;# 
   443     029F                     	;# 
   444     0311                     	;# 
   445     0311                     	;# 
   446     0312                     	;# 
   447     0313                     	;# 
   448     0314                     	;# 
   449     0315                     	;# 
   450     0315                     	;# 
   451     0316                     	;# 
   452     0318                     	;# 
   453     0318                     	;# 
   454     0319                     	;# 
   455     031A                     	;# 
   456     031C                     	;# 
   457     031C                     	;# 
   458     031D                     	;# 
   459     031E                     	;# 
   460     0394                     	;# 
   461     0395                     	;# 
   462     0396                     	;# 
   463     0415                     	;# 
   464     0416                     	;# 
   465     0417                     	;# 
   466     041C                     	;# 
   467     041D                     	;# 
   468     041E                     	;# 
   469     0791                     	;# 
   470     0792                     	;# 
   471     0793                     	;# 
   472     0794                     	;# 
   473     0795                     	;# 
   474     0798                     	;# 
   475     0799                     	;# 
   476     07A0                     	;# 
   477     07A1                     	;# 
   478     07A3                     	;# 
   479     07A4                     	;# 
   480     07A6                     	;# 
   481     07A7                     	;# 
   482     07A9                     	;# 
   483     07AA                     	;# 
   484     0FE4                     	;# 
   485     0FE5                     	;# 
   486     0FE6                     	;# 
   487     0FE7                     	;# 
   488     0FE8                     	;# 
   489     0FE9                     	;# 
   490     0FEA                     	;# 
   491     0FEB                     	;# 
   492     0FED                     	;# 
   493     0FEE                     	;# 
   494     0FEF                     	;# 
   495     0000                     	;# 
   496     0001                     	;# 
   497     0002                     	;# 
   498     0003                     	;# 
   499     0004                     	;# 
   500     0005                     	;# 
   501     0006                     	;# 
   502     0007                     	;# 
   503     0008                     	;# 
   504     0009                     	;# 
   505     000A                     	;# 
   506     000B                     	;# 
   507     000C                     	;# 
   508     000D                     	;# 
   509     000E                     	;# 
   510     0010                     	;# 
   511     0011                     	;# 
   512     0012                     	;# 
   513     0013                     	;# 
   514     0015                     	;# 
   515     0016                     	;# 
   516     0016                     	;# 
   517     0017                     	;# 
   518     0018                     	;# 
   519     0019                     	;# 
   520     001A                     	;# 
   521     001B                     	;# 
   522     001C                     	;# 
   523     001E                     	;# 
   524     001F                     	;# 
   525     008C                     	;# 
   526     008D                     	;# 
   527     008E                     	;# 
   528     0090                     	;# 
   529     0091                     	;# 
   530     0092                     	;# 
   531     0093                     	;# 
   532     0095                     	;# 
   533     0096                     	;# 
   534     0097                     	;# 
   535     0098                     	;# 
   536     0099                     	;# 
   537     009A                     	;# 
   538     009B                     	;# 
   539     009B                     	;# 
   540     009C                     	;# 
   541     009D                     	;# 
   542     009E                     	;# 
   543     010C                     	;# 
   544     010D                     	;# 
   545     010E                     	;# 
   546     0110                     	;# 
   547     0111                     	;# 
   548     0112                     	;# 
   549     0113                     	;# 
   550     0114                     	;# 
   551     0115                     	;# 
   552     0116                     	;# 
   553     0117                     	;# 
   554     0118                     	;# 
   555     0119                     	;# 
   556     011A                     	;# 
   557     011B                     	;# 
   558     011D                     	;# 
   559     018C                     	;# 
   560     018D                     	;# 
   561     0191                     	;# 
   562     0191                     	;# 
   563     0192                     	;# 
   564     0193                     	;# 
   565     0193                     	;# 
   566     0193                     	;# 
   567     0194                     	;# 
   568     0195                     	;# 
   569     0196                     	;# 
   570     0199                     	;# 
   571     019A                     	;# 
   572     019B                     	;# 
   573     019B                     	;# 
   574     019B                     	;# 
   575     019B                     	;# 
   576     019C                     	;# 
   577     019C                     	;# 
   578     019D                     	;# 
   579     019E                     	;# 
   580     019F                     	;# 
   581     020D                     	;# 
   582     0210                     	;# 
   583     0211                     	;# 
   584     0212                     	;# 
   585     0213                     	;# 
   586     0214                     	;# 
   587     0215                     	;# 
   588     0215                     	;# 
   589     0216                     	;# 
   590     0217                     	;# 
   591     0291                     	;# 
   592     0291                     	;# 
   593     0292                     	;# 
   594     0293                     	;# 
   595     0294                     	;# 
   596     0295                     	;# 
   597     0295                     	;# 
   598     0296                     	;# 
   599     0298                     	;# 
   600     0298                     	;# 
   601     0299                     	;# 
   602     029A                     	;# 
   603     029B                     	;# 
   604     029C                     	;# 
   605     029C                     	;# 
   606     029D                     	;# 
   607     029E                     	;# 
   608     029F                     	;# 
   609     0311                     	;# 
   610     0311                     	;# 
   611     0312                     	;# 
   612     0313                     	;# 
   613     0314                     	;# 
   614     0315                     	;# 
   615     0315                     	;# 
   616     0316                     	;# 
   617     0318                     	;# 
   618     0318                     	;# 
   619     0319                     	;# 
   620     031A                     	;# 
   621     031C                     	;# 
   622     031C                     	;# 
   623     031D                     	;# 
   624     031E                     	;# 
   625     0394                     	;# 
   626     0395                     	;# 
   627     0396                     	;# 
   628     0415                     	;# 
   629     0416                     	;# 
   630     0417                     	;# 
   631     041C                     	;# 
   632     041D                     	;# 
   633     041E                     	;# 
   634     0791                     	;# 
   635     0792                     	;# 
   636     0793                     	;# 
   637     0794                     	;# 
   638     0795                     	;# 
   639     0798                     	;# 
   640     0799                     	;# 
   641     07A0                     	;# 
   642     07A1                     	;# 
   643     07A3                     	;# 
   644     07A4                     	;# 
   645     07A6                     	;# 
   646     07A7                     	;# 
   647     07A9                     	;# 
   648     07AA                     	;# 
   649     0FE4                     	;# 
   650     0FE5                     	;# 
   651     0FE6                     	;# 
   652     0FE7                     	;# 
   653     0FE8                     	;# 
   654     0FE9                     	;# 
   655     0FEA                     	;# 
   656     0FEB                     	;# 
   657     0FED                     	;# 
   658     0FEE                     	;# 
   659     0FEF                     	;# 
   660     0000                     	;# 
   661     0001                     	;# 
   662     0002                     	;# 
   663     0003                     	;# 
   664     0004                     	;# 
   665     0005                     	;# 
   666     0006                     	;# 
   667     0007                     	;# 
   668     0008                     	;# 
   669     0009                     	;# 
   670     000A                     	;# 
   671     000B                     	;# 
   672     000C                     	;# 
   673     000D                     	;# 
   674     000E                     	;# 
   675     0010                     	;# 
   676     0011                     	;# 
   677     0012                     	;# 
   678     0013                     	;# 
   679     0015                     	;# 
   680     0016                     	;# 
   681     0016                     	;# 
   682     0017                     	;# 
   683     0018                     	;# 
   684     0019                     	;# 
   685     001A                     	;# 
   686     001B                     	;# 
   687     001C                     	;# 
   688     001E                     	;# 
   689     001F                     	;# 
   690     008C                     	;# 
   691     008D                     	;# 
   692     008E                     	;# 
   693     0090                     	;# 
   694     0091                     	;# 
   695     0092                     	;# 
   696     0093                     	;# 
   697     0095                     	;# 
   698     0096                     	;# 
   699     0097                     	;# 
   700     0098                     	;# 
   701     0099                     	;# 
   702     009A                     	;# 
   703     009B                     	;# 
   704     009B                     	;# 
   705     009C                     	;# 
   706     009D                     	;# 
   707     009E                     	;# 
   708     010C                     	;# 
   709     010D                     	;# 
   710     010E                     	;# 
   711     0110                     	;# 
   712     0111                     	;# 
   713     0112                     	;# 
   714     0113                     	;# 
   715     0114                     	;# 
   716     0115                     	;# 
   717     0116                     	;# 
   718     0117                     	;# 
   719     0118                     	;# 
   720     0119                     	;# 
   721     011A                     	;# 
   722     011B                     	;# 
   723     011D                     	;# 
   724     018C                     	;# 
   725     018D                     	;# 
   726     0191                     	;# 
   727     0191                     	;# 
   728     0192                     	;# 
   729     0193                     	;# 
   730     0193                     	;# 
   731     0193                     	;# 
   732     0194                     	;# 
   733     0195                     	;# 
   734     0196                     	;# 
   735     0199                     	;# 
   736     019A                     	;# 
   737     019B                     	;# 
   738     019B                     	;# 
   739     019B                     	;# 
   740     019B                     	;# 
   741     019C                     	;# 
   742     019C                     	;# 
   743     019D                     	;# 
   744     019E                     	;# 
   745     019F                     	;# 
   746     020D                     	;# 
   747     0210                     	;# 
   748     0211                     	;# 
   749     0212                     	;# 
   750     0213                     	;# 
   751     0214                     	;# 
   752     0215                     	;# 
   753     0215                     	;# 
   754     0216                     	;# 
   755     0217                     	;# 
   756     0291                     	;# 
   757     0291                     	;# 
   758     0292                     	;# 
   759     0293                     	;# 
   760     0294                     	;# 
   761     0295                     	;# 
   762     0295                     	;# 
   763     0296                     	;# 
   764     0298                     	;# 
   765     0298                     	;# 
   766     0299                     	;# 
   767     029A                     	;# 
   768     029B                     	;# 
   769     029C                     	;# 
   770     029C                     	;# 
   771     029D                     	;# 
   772     029E                     	;# 
   773     029F                     	;# 
   774     0311                     	;# 
   775     0311                     	;# 
   776     0312                     	;# 
   777     0313                     	;# 
   778     0314                     	;# 
   779     0315                     	;# 
   780     0315                     	;# 
   781     0316                     	;# 
   782     0318                     	;# 
   783     0318                     	;# 
   784     0319                     	;# 
   785     031A                     	;# 
   786     031C                     	;# 
   787     031C                     	;# 
   788     031D                     	;# 
   789     031E                     	;# 
   790     0394                     	;# 
   791     0395                     	;# 
   792     0396                     	;# 
   793     0415                     	;# 
   794     0416                     	;# 
   795     0417                     	;# 
   796     041C                     	;# 
   797     041D                     	;# 
   798     041E                     	;# 
   799     0791                     	;# 
   800     0792                     	;# 
   801     0793                     	;# 
   802     0794                     	;# 
   803     0795                     	;# 
   804     0798                     	;# 
   805     0799                     	;# 
   806     07A0                     	;# 
   807     07A1                     	;# 
   808     07A3                     	;# 
   809     07A4                     	;# 
   810     07A6                     	;# 
   811     07A7                     	;# 
   812     07A9                     	;# 
   813     07AA                     	;# 
   814     0FE4                     	;# 
   815     0FE5                     	;# 
   816     0FE6                     	;# 
   817     0FE7                     	;# 
   818     0FE8                     	;# 
   819     0FE9                     	;# 
   820     0FEA                     	;# 
   821     0FEB                     	;# 
   822     0FED                     	;# 
   823     0FEE                     	;# 
   824     0FEF                     	;# 
   825     0000                     	;# 
   826     0001                     	;# 
   827     0002                     	;# 
   828     0003                     	;# 
   829     0004                     	;# 
   830     0005                     	;# 
   831     0006                     	;# 
   832     0007                     	;# 
   833     0008                     	;# 
   834     0009                     	;# 
   835     000A                     	;# 
   836     000B                     	;# 
   837     000C                     	;# 
   838     000D                     	;# 
   839     000E                     	;# 
   840     0010                     	;# 
   841     0011                     	;# 
   842     0012                     	;# 
   843     0013                     	;# 
   844     0015                     	;# 
   845     0016                     	;# 
   846     0016                     	;# 
   847     0017                     	;# 
   848     0018                     	;# 
   849     0019                     	;# 
   850     001A                     	;# 
   851     001B                     	;# 
   852     001C                     	;# 
   853     001E                     	;# 
   854     001F                     	;# 
   855     008C                     	;# 
   856     008D                     	;# 
   857     008E                     	;# 
   858     0090                     	;# 
   859     0091                     	;# 
   860     0092                     	;# 
   861     0093                     	;# 
   862     0095                     	;# 
   863     0096                     	;# 
   864     0097                     	;# 
   865     0098                     	;# 
   866     0099                     	;# 
   867     009A                     	;# 
   868     009B                     	;# 
   869     009B                     	;# 
   870     009C                     	;# 
   871     009D                     	;# 
   872     009E                     	;# 
   873     010C                     	;# 
   874     010D                     	;# 
   875     010E                     	;# 
   876     0110                     	;# 
   877     0111                     	;# 
   878     0112                     	;# 
   879     0113                     	;# 
   880     0114                     	;# 
   881     0115                     	;# 
   882     0116                     	;# 
   883     0117                     	;# 
   884     0118                     	;# 
   885     0119                     	;# 
   886     011A                     	;# 
   887     011B                     	;# 
   888     011D                     	;# 
   889     018C                     	;# 
   890     018D                     	;# 
   891     0191                     	;# 
   892     0191                     	;# 
   893     0192                     	;# 
   894     0193                     	;# 
   895     0193                     	;# 
   896     0193                     	;# 
   897     0194                     	;# 
   898     0195                     	;# 
   899     0196                     	;# 
   900     0199                     	;# 
   901     019A                     	;# 
   902     019B                     	;# 
   903     019B                     	;# 
   904     019B                     	;# 
   905     019B                     	;# 
   906     019C                     	;# 
   907     019C                     	;# 
   908     019D                     	;# 
   909     019E                     	;# 
   910     019F                     	;# 
   911     020D                     	;# 
   912     0210                     	;# 
   913     0211                     	;# 
   914     0212                     	;# 
   915     0213                     	;# 
   916     0214                     	;# 
   917     0215                     	;# 
   918     0215                     	;# 
   919     0216                     	;# 
   920     0217                     	;# 
   921     0291                     	;# 
   922     0291                     	;# 
   923     0292                     	;# 
   924     0293                     	;# 
   925     0294                     	;# 
   926     0295                     	;# 
   927     0295                     	;# 
   928     0296                     	;# 
   929     0298                     	;# 
   930     0298                     	;# 
   931     0299                     	;# 
   932     029A                     	;# 
   933     029B                     	;# 
   934     029C                     	;# 
   935     029C                     	;# 
   936     029D                     	;# 
   937     029E                     	;# 
   938     029F                     	;# 
   939     0311                     	;# 
   940     0311                     	;# 
   941     0312                     	;# 
   942     0313                     	;# 
   943     0314                     	;# 
   944     0315                     	;# 
   945     0315                     	;# 
   946     0316                     	;# 
   947     0318                     	;# 
   948     0318                     	;# 
   949     0319                     	;# 
   950     031A                     	;# 
   951     031C                     	;# 
   952     031C                     	;# 
   953     031D                     	;# 
   954     031E                     	;# 
   955     0394                     	;# 
   956     0395                     	;# 
   957     0396                     	;# 
   958     0415                     	;# 
   959     0416                     	;# 
   960     0417                     	;# 
   961     041C                     	;# 
   962     041D                     	;# 
   963     041E                     	;# 
   964     0791                     	;# 
   965     0792                     	;# 
   966     0793                     	;# 
   967     0794                     	;# 
   968     0795                     	;# 
   969     0798                     	;# 
   970     0799                     	;# 
   971     07A0                     	;# 
   972     07A1                     	;# 
   973     07A3                     	;# 
   974     07A4                     	;# 
   975     07A6                     	;# 
   976     07A7                     	;# 
   977     07A9                     	;# 
   978     07AA                     	;# 
   979     0FE4                     	;# 
   980     0FE5                     	;# 
   981     0FE6                     	;# 
   982     0FE7                     	;# 
   983     0FE8                     	;# 
   984     0FE9                     	;# 
   985     0FEA                     	;# 
   986     0FEB                     	;# 
   987     0FED                     	;# 
   988     0FEE                     	;# 
   989     0FEF                     	;# 
   990     0000                     	;# 
   991     0001                     	;# 
   992     0002                     	;# 
   993     0003                     	;# 
   994     0004                     	;# 
   995     0005                     	;# 
   996     0006                     	;# 
   997     0007                     	;# 
   998     0008                     	;# 
   999     0009                     	;# 
  1000     000A                     	;# 
  1001     000B                     	;# 
  1002     000C                     	;# 
  1003     000D                     	;# 
  1004     000E                     	;# 
  1005     0010                     	;# 
  1006     0011                     	;# 
  1007     0012                     	;# 
  1008     0013                     	;# 
  1009     0015                     	;# 
  1010     0016                     	;# 
  1011     0016                     	;# 
  1012     0017                     	;# 
  1013     0018                     	;# 
  1014     0019                     	;# 
  1015     001A                     	;# 
  1016     001B                     	;# 
  1017     001C                     	;# 
  1018     001E                     	;# 
  1019     001F                     	;# 
  1020     008C                     	;# 
  1021     008D                     	;# 
  1022     008E                     	;# 
  1023     0090                     	;# 
  1024     0091                     	;# 
  1025     0092                     	;# 
  1026     0093                     	;# 
  1027     0095                     	;# 
  1028     0096                     	;# 
  1029     0097                     	;# 
  1030     0098                     	;# 
  1031     0099                     	;# 
  1032     009A                     	;# 
  1033     009B                     	;# 
  1034     009B                     	;# 
  1035     009C                     	;# 
  1036     009D                     	;# 
  1037     009E                     	;# 
  1038     010C                     	;# 
  1039     010D                     	;# 
  1040     010E                     	;# 
  1041     0110                     	;# 
  1042     0111                     	;# 
  1043     0112                     	;# 
  1044     0113                     	;# 
  1045     0114                     	;# 
  1046     0115                     	;# 
  1047     0116                     	;# 
  1048     0117                     	;# 
  1049     0118                     	;# 
  1050     0119                     	;# 
  1051     011A                     	;# 
  1052     011B                     	;# 
  1053     011D                     	;# 
  1054     018C                     	;# 
  1055     018D                     	;# 
  1056     0191                     	;# 
  1057     0191                     	;# 
  1058     0192                     	;# 
  1059     0193                     	;# 
  1060     0193                     	;# 
  1061     0193                     	;# 
  1062     0194                     	;# 
  1063     0195                     	;# 
  1064     0196                     	;# 
  1065     0199                     	;# 
  1066     019A                     	;# 
  1067     019B                     	;# 
  1068     019B                     	;# 
  1069     019B                     	;# 
  1070     019B                     	;# 
  1071     019C                     	;# 
  1072     019C                     	;# 
  1073     019D                     	;# 
  1074     019E                     	;# 
  1075     019F                     	;# 
  1076     020D                     	;# 
  1077     0210                     	;# 
  1078     0211                     	;# 
  1079     0212                     	;# 
  1080     0213                     	;# 
  1081     0214                     	;# 
  1082     0215                     	;# 
  1083     0215                     	;# 
  1084     0216                     	;# 
  1085     0217                     	;# 
  1086     0291                     	;# 
  1087     0291                     	;# 
  1088     0292                     	;# 
  1089     0293                     	;# 
  1090     0294                     	;# 
  1091     0295                     	;# 
  1092     0295                     	;# 
  1093     0296                     	;# 
  1094     0298                     	;# 
  1095     0298                     	;# 
  1096     0299                     	;# 
  1097     029A                     	;# 
  1098     029B                     	;# 
  1099     029C                     	;# 
  1100     029C                     	;# 
  1101     029D                     	;# 
  1102     029E                     	;# 
  1103     029F                     	;# 
  1104     0311                     	;# 
  1105     0311                     	;# 
  1106     0312                     	;# 
  1107     0313                     	;# 
  1108     0314                     	;# 
  1109     0315                     	;# 
  1110     0315                     	;# 
  1111     0316                     	;# 
  1112     0318                     	;# 
  1113     0318                     	;# 
  1114     0319                     	;# 
  1115     031A                     	;# 
  1116     031C                     	;# 
  1117     031C                     	;# 
  1118     031D                     	;# 
  1119     031E                     	;# 
  1120     0394                     	;# 
  1121     0395                     	;# 
  1122     0396                     	;# 
  1123     0415                     	;# 
  1124     0416                     	;# 
  1125     0417                     	;# 
  1126     041C                     	;# 
  1127     041D                     	;# 
  1128     041E                     	;# 
  1129     0791                     	;# 
  1130     0792                     	;# 
  1131     0793                     	;# 
  1132     0794                     	;# 
  1133     0795                     	;# 
  1134     0798                     	;# 
  1135     0799                     	;# 
  1136     07A0                     	;# 
  1137     07A1                     	;# 
  1138     07A3                     	;# 
  1139     07A4                     	;# 
  1140     07A6                     	;# 
  1141     07A7                     	;# 
  1142     07A9                     	;# 
  1143     07AA                     	;# 
  1144     0FE4                     	;# 
  1145     0FE5                     	;# 
  1146     0FE6                     	;# 
  1147     0FE7                     	;# 
  1148     0FE8                     	;# 
  1149     0FE9                     	;# 
  1150     0FEA                     	;# 
  1151     0FEB                     	;# 
  1152     0FED                     	;# 
  1153     0FEE                     	;# 
  1154     0FEF                     	;# 
  1155     0000                     	;# 
  1156     0001                     	;# 
  1157     0002                     	;# 
  1158     0003                     	;# 
  1159     0004                     	;# 
  1160     0005                     	;# 
  1161     0006                     	;# 
  1162     0007                     	;# 
  1163     0008                     	;# 
  1164     0009                     	;# 
  1165     000A                     	;# 
  1166     000B                     	;# 
  1167     000C                     	;# 
  1168     000D                     	;# 
  1169     000E                     	;# 
  1170     0010                     	;# 
  1171     0011                     	;# 
  1172     0012                     	;# 
  1173     0013                     	;# 
  1174     0015                     	;# 
  1175     0016                     	;# 
  1176     0016                     	;# 
  1177     0017                     	;# 
  1178     0018                     	;# 
  1179     0019                     	;# 
  1180     001A                     	;# 
  1181     001B                     	;# 
  1182     001C                     	;# 
  1183     001E                     	;# 
  1184     001F                     	;# 
  1185     008C                     	;# 
  1186     008D                     	;# 
  1187     008E                     	;# 
  1188     0090                     	;# 
  1189     0091                     	;# 
  1190     0092                     	;# 
  1191     0093                     	;# 
  1192     0095                     	;# 
  1193     0096                     	;# 
  1194     0097                     	;# 
  1195     0098                     	;# 
  1196     0099                     	;# 
  1197     009A                     	;# 
  1198     009B                     	;# 
  1199     009B                     	;# 
  1200     009C                     	;# 
  1201     009D                     	;# 
  1202     009E                     	;# 
  1203     010C                     	;# 
  1204     010D                     	;# 
  1205     010E                     	;# 
  1206     0110                     	;# 
  1207     0111                     	;# 
  1208     0112                     	;# 
  1209     0113                     	;# 
  1210     0114                     	;# 
  1211     0115                     	;# 
  1212     0116                     	;# 
  1213     0117                     	;# 
  1214     0118                     	;# 
  1215     0119                     	;# 
  1216     011A                     	;# 
  1217     011B                     	;# 
  1218     011D                     	;# 
  1219     018C                     	;# 
  1220     018D                     	;# 
  1221     0191                     	;# 
  1222     0191                     	;# 
  1223     0192                     	;# 
  1224     0193                     	;# 
  1225     0193                     	;# 
  1226     0193                     	;# 
  1227     0194                     	;# 
  1228     0195                     	;# 
  1229     0196                     	;# 
  1230     0199                     	;# 
  1231     019A                     	;# 
  1232     019B                     	;# 
  1233     019B                     	;# 
  1234     019B                     	;# 
  1235     019B                     	;# 
  1236     019C                     	;# 
  1237     019C                     	;# 
  1238     019D                     	;# 
  1239     019E                     	;# 
  1240     019F                     	;# 
  1241     020D                     	;# 
  1242     0210                     	;# 
  1243     0211                     	;# 
  1244     0212                     	;# 
  1245     0213                     	;# 
  1246     0214                     	;# 
  1247     0215                     	;# 
  1248     0215                     	;# 
  1249     0216                     	;# 
  1250     0217                     	;# 
  1251     0291                     	;# 
  1252     0291                     	;# 
  1253     0292                     	;# 
  1254     0293                     	;# 
  1255     0294                     	;# 
  1256     0295                     	;# 
  1257     0295                     	;# 
  1258     0296                     	;# 
  1259     0298                     	;# 
  1260     0298                     	;# 
  1261     0299                     	;# 
  1262     029A                     	;# 
  1263     029B                     	;# 
  1264     029C                     	;# 
  1265     029C                     	;# 
  1266     029D                     	;# 
  1267     029E                     	;# 
  1268     029F                     	;# 
  1269     0311                     	;# 
  1270     0311                     	;# 
  1271     0312                     	;# 
  1272     0313                     	;# 
  1273     0314                     	;# 
  1274     0315                     	;# 
  1275     0315                     	;# 
  1276     0316                     	;# 
  1277     0318                     	;# 
  1278     0318                     	;# 
  1279     0319                     	;# 
  1280     031A                     	;# 
  1281     031C                     	;# 
  1282     031C                     	;# 
  1283     031D                     	;# 
  1284     031E                     	;# 
  1285     0394                     	;# 
  1286     0395                     	;# 
  1287     0396                     	;# 
  1288     0415                     	;# 
  1289     0416                     	;# 
  1290     0417                     	;# 
  1291     041C                     	;# 
  1292     041D                     	;# 
  1293     041E                     	;# 
  1294     0791                     	;# 
  1295     0792                     	;# 
  1296     0793                     	;# 
  1297     0794                     	;# 
  1298     0795                     	;# 
  1299     0798                     	;# 
  1300     0799                     	;# 
  1301     07A0                     	;# 
  1302     07A1                     	;# 
  1303     07A3                     	;# 
  1304     07A4                     	;# 
  1305     07A6                     	;# 
  1306     07A7                     	;# 
  1307     07A9                     	;# 
  1308     07AA                     	;# 
  1309     0FE4                     	;# 
  1310     0FE5                     	;# 
  1311     0FE6                     	;# 
  1312     0FE7                     	;# 
  1313     0FE8                     	;# 
  1314     0FE9                     	;# 
  1315     0FEA                     	;# 
  1316     0FEB                     	;# 
  1317     0FED                     	;# 
  1318     0FEE                     	;# 
  1319     0FEF                     	;# 
  1320     0000                     	;# 
  1321     0001                     	;# 
  1322     0002                     	;# 
  1323     0003                     	;# 
  1324     0004                     	;# 
  1325     0005                     	;# 
  1326     0006                     	;# 
  1327     0007                     	;# 
  1328     0008                     	;# 
  1329     0009                     	;# 
  1330     000A                     	;# 
  1331     000B                     	;# 
  1332     000C                     	;# 
  1333     000D                     	;# 
  1334     000E                     	;# 
  1335     0010                     	;# 
  1336     0011                     	;# 
  1337     0012                     	;# 
  1338     0013                     	;# 
  1339     0015                     	;# 
  1340     0016                     	;# 
  1341     0016                     	;# 
  1342     0017                     	;# 
  1343     0018                     	;# 
  1344     0019                     	;# 
  1345     001A                     	;# 
  1346     001B                     	;# 
  1347     001C                     	;# 
  1348     001E                     	;# 
  1349     001F                     	;# 
  1350     008C                     	;# 
  1351     008D                     	;# 
  1352     008E                     	;# 
  1353     0090                     	;# 
  1354     0091                     	;# 
  1355     0092                     	;# 
  1356     0093                     	;# 
  1357     0095                     	;# 
  1358     0096                     	;# 
  1359     0097                     	;# 
  1360     0098                     	;# 
  1361     0099                     	;# 
  1362     009A                     	;# 
  1363     009B                     	;# 
  1364     009B                     	;# 
  1365     009C                     	;# 
  1366     009D                     	;# 
  1367     009E                     	;# 
  1368     010C                     	;# 
  1369     010D                     	;# 
  1370     010E                     	;# 
  1371     0110                     	;# 
  1372     0111                     	;# 
  1373     0112                     	;# 
  1374     0113                     	;# 
  1375     0114                     	;# 
  1376     0115                     	;# 
  1377     0116                     	;# 
  1378     0117                     	;# 
  1379     0118                     	;# 
  1380     0119                     	;# 
  1381     011A                     	;# 
  1382     011B                     	;# 
  1383     011D                     	;# 
  1384     018C                     	;# 
  1385     018D                     	;# 
  1386     0191                     	;# 
  1387     0191                     	;# 
  1388     0192                     	;# 
  1389     0193                     	;# 
  1390     0193                     	;# 
  1391     0193                     	;# 
  1392     0194                     	;# 
  1393     0195                     	;# 
  1394     0196                     	;# 
  1395     0199                     	;# 
  1396     019A                     	;# 
  1397     019B                     	;# 
  1398     019B                     	;# 
  1399     019B                     	;# 
  1400     019B                     	;# 
  1401     019C                     	;# 
  1402     019C                     	;# 
  1403     019D                     	;# 
  1404     019E                     	;# 
  1405     019F                     	;# 
  1406     020D                     	;# 
  1407     0210                     	;# 
  1408     0211                     	;# 
  1409     0212                     	;# 
  1410     0213                     	;# 
  1411     0214                     	;# 
  1412     0215                     	;# 
  1413     0215                     	;# 
  1414     0216                     	;# 
  1415     0217                     	;# 
  1416     0291                     	;# 
  1417     0291                     	;# 
  1418     0292                     	;# 
  1419     0293                     	;# 
  1420     0294                     	;# 
  1421     0295                     	;# 
  1422     0295                     	;# 
  1423     0296                     	;# 
  1424     0298                     	;# 
  1425     0298                     	;# 
  1426     0299                     	;# 
  1427     029A                     	;# 
  1428     029B                     	;# 
  1429     029C                     	;# 
  1430     029C                     	;# 
  1431     029D                     	;# 
  1432     029E                     	;# 
  1433     029F                     	;# 
  1434     0311                     	;# 
  1435     0311                     	;# 
  1436     0312                     	;# 
  1437     0313                     	;# 
  1438     0314                     	;# 
  1439     0315                     	;# 
  1440     0315                     	;# 
  1441     0316                     	;# 
  1442     0318                     	;# 
  1443     0318                     	;# 
  1444     0319                     	;# 
  1445     031A                     	;# 
  1446     031C                     	;# 
  1447     031C                     	;# 
  1448     031D                     	;# 
  1449     031E                     	;# 
  1450     0394                     	;# 
  1451     0395                     	;# 
  1452     0396                     	;# 
  1453     0415                     	;# 
  1454     0416                     	;# 
  1455     0417                     	;# 
  1456     041C                     	;# 
  1457     041D                     	;# 
  1458     041E                     	;# 
  1459     0791                     	;# 
  1460     0792                     	;# 
  1461     0793                     	;# 
  1462     0794                     	;# 
  1463     0795                     	;# 
  1464     0798                     	;# 
  1465     0799                     	;# 
  1466     07A0                     	;# 
  1467     07A1                     	;# 
  1468     07A3                     	;# 
  1469     07A4                     	;# 
  1470     07A6                     	;# 
  1471     07A7                     	;# 
  1472     07A9                     	;# 
  1473     07AA                     	;# 
  1474     0FE4                     	;# 
  1475     0FE5                     	;# 
  1476     0FE6                     	;# 
  1477     0FE7                     	;# 
  1478     0FE8                     	;# 
  1479     0FE9                     	;# 
  1480     0FEA                     	;# 
  1481     0FEB                     	;# 
  1482     0FED                     	;# 
  1483     0FEE                     	;# 
  1484     0FEF                     	;# 
  1485     0000                     	;# 
  1486     0001                     	;# 
  1487     0002                     	;# 
  1488     0003                     	;# 
  1489     0004                     	;# 
  1490     0005                     	;# 
  1491     0006                     	;# 
  1492     0007                     	;# 
  1493     0008                     	;# 
  1494     0009                     	;# 
  1495     000A                     	;# 
  1496     000B                     	;# 
  1497     000C                     	;# 
  1498     000D                     	;# 
  1499     000E                     	;# 
  1500     0010                     	;# 
  1501     0011                     	;# 
  1502     0012                     	;# 
  1503     0013                     	;# 
  1504     0015                     	;# 
  1505     0016                     	;# 
  1506     0016                     	;# 
  1507     0017                     	;# 
  1508     0018                     	;# 
  1509     0019                     	;# 
  1510     001A                     	;# 
  1511     001B                     	;# 
  1512     001C                     	;# 
  1513     001E                     	;# 
  1514     001F                     	;# 
  1515     008C                     	;# 
  1516     008D                     	;# 
  1517     008E                     	;# 
  1518     0090                     	;# 
  1519     0091                     	;# 
  1520     0092                     	;# 
  1521     0093                     	;# 
  1522     0095                     	;# 
  1523     0096                     	;# 
  1524     0097                     	;# 
  1525     0098                     	;# 
  1526     0099                     	;# 
  1527     009A                     	;# 
  1528     009B                     	;# 
  1529     009B                     	;# 
  1530     009C                     	;# 
  1531     009D                     	;# 
  1532     009E                     	;# 
  1533     010C                     	;# 
  1534     010D                     	;# 
  1535     010E                     	;# 
  1536     0110                     	;# 
  1537     0111                     	;# 
  1538     0112                     	;# 
  1539     0113                     	;# 
  1540     0114                     	;# 
  1541     0115                     	;# 
  1542     0116                     	;# 
  1543     0117                     	;# 
  1544     0118                     	;# 
  1545     0119                     	;# 
  1546     011A                     	;# 
  1547     011B                     	;# 
  1548     011D                     	;# 
  1549     018C                     	;# 
  1550     018D                     	;# 
  1551     0191                     	;# 
  1552     0191                     	;# 
  1553     0192                     	;# 
  1554     0193                     	;# 
  1555     0193                     	;# 
  1556     0193                     	;# 
  1557     0194                     	;# 
  1558     0195                     	;# 
  1559     0196                     	;# 
  1560     0199                     	;# 
  1561     019A                     	;# 
  1562     019B                     	;# 
  1563     019B                     	;# 
  1564     019B                     	;# 
  1565     019B                     	;# 
  1566     019C                     	;# 
  1567     019C                     	;# 
  1568     019D                     	;# 
  1569     019E                     	;# 
  1570     019F                     	;# 
  1571     020D                     	;# 
  1572     0210                     	;# 
  1573     0211                     	;# 
  1574     0212                     	;# 
  1575     0213                     	;# 
  1576     0214                     	;# 
  1577     0215                     	;# 
  1578     0215                     	;# 
  1579     0216                     	;# 
  1580     0217                     	;# 
  1581     0291                     	;# 
  1582     0291                     	;# 
  1583     0292                     	;# 
  1584     0293                     	;# 
  1585     0294                     	;# 
  1586     0295                     	;# 
  1587     0295                     	;# 
  1588     0296                     	;# 
  1589     0298                     	;# 
  1590     0298                     	;# 
  1591     0299                     	;# 
  1592     029A                     	;# 
  1593     029B                     	;# 
  1594     029C                     	;# 
  1595     029C                     	;# 
  1596     029D                     	;# 
  1597     029E                     	;# 
  1598     029F                     	;# 
  1599     0311                     	;# 
  1600     0311                     	;# 
  1601     0312                     	;# 
  1602     0313                     	;# 
  1603     0314                     	;# 
  1604     0315                     	;# 
  1605     0315                     	;# 
  1606     0316                     	;# 
  1607     0318                     	;# 
  1608     0318                     	;# 
  1609     0319                     	;# 
  1610     031A                     	;# 
  1611     031C                     	;# 
  1612     031C                     	;# 
  1613     031D                     	;# 
  1614     031E                     	;# 
  1615     0394                     	;# 
  1616     0395                     	;# 
  1617     0396                     	;# 
  1618     0415                     	;# 
  1619     0416                     	;# 
  1620     0417                     	;# 
  1621     041C                     	;# 
  1622     041D                     	;# 
  1623     041E                     	;# 
  1624     0791                     	;# 
  1625     0792                     	;# 
  1626     0793                     	;# 
  1627     0794                     	;# 
  1628     0795                     	;# 
  1629     0798                     	;# 
  1630     0799                     	;# 
  1631     07A0                     	;# 
  1632     07A1                     	;# 
  1633     07A3                     	;# 
  1634     07A4                     	;# 
  1635     07A6                     	;# 
  1636     07A7                     	;# 
  1637     07A9                     	;# 
  1638     07AA                     	;# 
  1639     0FE4                     	;# 
  1640     0FE5                     	;# 
  1641     0FE6                     	;# 
  1642     0FE7                     	;# 
  1643     0FE8                     	;# 
  1644     0FE9                     	;# 
  1645     0FEA                     	;# 
  1646     0FEB                     	;# 
  1647     0FED                     	;# 
  1648     0FEE                     	;# 
  1649     0FEF                     	;# 
  1650     0000                     	;# 
  1651     0001                     	;# 
  1652     0002                     	;# 
  1653     0003                     	;# 
  1654     0004                     	;# 
  1655     0005                     	;# 
  1656     0006                     	;# 
  1657     0007                     	;# 
  1658     0008                     	;# 
  1659     0009                     	;# 
  1660     000A                     	;# 
  1661     000B                     	;# 
  1662     000C                     	;# 
  1663     000D                     	;# 
  1664     000E                     	;# 
  1665     0010                     	;# 
  1666     0011                     	;# 
  1667     0012                     	;# 
  1668     0013                     	;# 
  1669     0015                     	;# 
  1670     0016                     	;# 
  1671     0016                     	;# 
  1672     0017                     	;# 
  1673     0018                     	;# 
  1674     0019                     	;# 
  1675     001A                     	;# 
  1676     001B                     	;# 
  1677     001C                     	;# 
  1678     001E                     	;# 
  1679     001F                     	;# 
  1680     008C                     	;# 
  1681     008D                     	;# 
  1682     008E                     	;# 
  1683     0090                     	;# 
  1684     0091                     	;# 
  1685     0092                     	;# 
  1686     0093                     	;# 
  1687     0095                     	;# 
  1688     0096                     	;# 
  1689     0097                     	;# 
  1690     0098                     	;# 
  1691     0099                     	;# 
  1692     009A                     	;# 
  1693     009B                     	;# 
  1694     009B                     	;# 
  1695     009C                     	;# 
  1696     009D                     	;# 
  1697     009E                     	;# 
  1698     010C                     	;# 
  1699     010D                     	;# 
  1700     010E                     	;# 
  1701     0110                     	;# 
  1702     0111                     	;# 
  1703     0112                     	;# 
  1704     0113                     	;# 
  1705     0114                     	;# 
  1706     0115                     	;# 
  1707     0116                     	;# 
  1708     0117                     	;# 
  1709     0118                     	;# 
  1710     0119                     	;# 
  1711     011A                     	;# 
  1712     011B                     	;# 
  1713     011D                     	;# 
  1714     018C                     	;# 
  1715     018D                     	;# 
  1716     0191                     	;# 
  1717     0191                     	;# 
  1718     0192                     	;# 
  1719     0193                     	;# 
  1720     0193                     	;# 
  1721     0193                     	;# 
  1722     0194                     	;# 
  1723     0195                     	;# 
  1724     0196                     	;# 
  1725     0199                     	;# 
  1726     019A                     	;# 
  1727     019B                     	;# 
  1728     019B                     	;# 
  1729     019B                     	;# 
  1730     019B                     	;# 
  1731     019C                     	;# 
  1732     019C                     	;# 
  1733     019D                     	;# 
  1734     019E                     	;# 
  1735     019F                     	;# 
  1736     020D                     	;# 
  1737     0210                     	;# 
  1738     0211                     	;# 
  1739     0212                     	;# 
  1740     0213                     	;# 
  1741     0214                     	;# 
  1742     0215                     	;# 
  1743     0215                     	;# 
  1744     0216                     	;# 
  1745     0217                     	;# 
  1746     0291                     	;# 
  1747     0291                     	;# 
  1748     0292                     	;# 
  1749     0293                     	;# 
  1750     0294                     	;# 
  1751     0295                     	;# 
  1752     0295                     	;# 
  1753     0296                     	;# 
  1754     0298                     	;# 
  1755     0298                     	;# 
  1756     0299                     	;# 
  1757     029A                     	;# 
  1758     029B                     	;# 
  1759     029C                     	;# 
  1760     029C                     	;# 
  1761     029D                     	;# 
  1762     029E                     	;# 
  1763     029F                     	;# 
  1764     0311                     	;# 
  1765     0311                     	;# 
  1766     0312                     	;# 
  1767     0313                     	;# 
  1768     0314                     	;# 
  1769     0315                     	;# 
  1770     0315                     	;# 
  1771     0316                     	;# 
  1772     0318                     	;# 
  1773     0318                     	;# 
  1774     0319                     	;# 
  1775     031A                     	;# 
  1776     031C                     	;# 
  1777     031C                     	;# 
  1778     031D                     	;# 
  1779     031E                     	;# 
  1780     0394                     	;# 
  1781     0395                     	;# 
  1782     0396                     	;# 
  1783     0415                     	;# 
  1784     0416                     	;# 
  1785     0417                     	;# 
  1786     041C                     	;# 
  1787     041D                     	;# 
  1788     041E                     	;# 
  1789     0791                     	;# 
  1790     0792                     	;# 
  1791     0793                     	;# 
  1792     0794                     	;# 
  1793     0795                     	;# 
  1794     0798                     	;# 
  1795     0799                     	;# 
  1796     07A0                     	;# 
  1797     07A1                     	;# 
  1798     07A3                     	;# 
  1799     07A4                     	;# 
  1800     07A6                     	;# 
  1801     07A7                     	;# 
  1802     07A9                     	;# 
  1803     07AA                     	;# 
  1804     0FE4                     	;# 
  1805     0FE5                     	;# 
  1806     0FE6                     	;# 
  1807     0FE7                     	;# 
  1808     0FE8                     	;# 
  1809     0FE9                     	;# 
  1810     0FEA                     	;# 
  1811     0FEB                     	;# 
  1812     0FED                     	;# 
  1813     0FEE                     	;# 
  1814     0FEF                     	;# 
  1815     0000                     	;# 
  1816     0001                     	;# 
  1817     0002                     	;# 
  1818     0003                     	;# 
  1819     0004                     	;# 
  1820     0005                     	;# 
  1821     0006                     	;# 
  1822     0007                     	;# 
  1823     0008                     	;# 
  1824     0009                     	;# 
  1825     000A                     	;# 
  1826     000B                     	;# 
  1827     000C                     	;# 
  1828     000D                     	;# 
  1829     000E                     	;# 
  1830     0010                     	;# 
  1831     0011                     	;# 
  1832     0012                     	;# 
  1833     0013                     	;# 
  1834     0015                     	;# 
  1835     0016                     	;# 
  1836     0016                     	;# 
  1837     0017                     	;# 
  1838     0018                     	;# 
  1839     0019                     	;# 
  1840     001A                     	;# 
  1841     001B                     	;# 
  1842     001C                     	;# 
  1843     001E                     	;# 
  1844     001F                     	;# 
  1845     008C                     	;# 
  1846     008D                     	;# 
  1847     008E                     	;# 
  1848     0090                     	;# 
  1849     0091                     	;# 
  1850     0092                     	;# 
  1851     0093                     	;# 
  1852     0095                     	;# 
  1853     0096                     	;# 
  1854     0097                     	;# 
  1855     0098                     	;# 
  1856     0099                     	;# 
  1857     009A                     	;# 
  1858     009B                     	;# 
  1859     009B                     	;# 
  1860     009C                     	;# 
  1861     009D                     	;# 
  1862     009E                     	;# 
  1863     010C                     	;# 
  1864     010D                     	;# 
  1865     010E                     	;# 
  1866     0110                     	;# 
  1867     0111                     	;# 
  1868     0112                     	;# 
  1869     0113                     	;# 
  1870     0114                     	;# 
  1871     0115                     	;# 
  1872     0116                     	;# 
  1873     0117                     	;# 
  1874     0118                     	;# 
  1875     0119                     	;# 
  1876     011A                     	;# 
  1877     011B                     	;# 
  1878     011D                     	;# 
  1879     018C                     	;# 
  1880     018D                     	;# 
  1881     0191                     	;# 
  1882     0191                     	;# 
  1883     0192                     	;# 
  1884     0193                     	;# 
  1885     0193                     	;# 
  1886     0193                     	;# 
  1887     0194                     	;# 
  1888     0195                     	;# 
  1889     0196                     	;# 
  1890     0199                     	;# 
  1891     019A                     	;# 
  1892     019B                     	;# 
  1893     019B                     	;# 
  1894     019B                     	;# 
  1895     019B                     	;# 
  1896     019C                     	;# 
  1897     019C                     	;# 
  1898     019D                     	;# 
  1899     019E                     	;# 
  1900     019F                     	;# 
  1901     020D                     	;# 
  1902     0210                     	;# 
  1903     0211                     	;# 
  1904     0212                     	;# 
  1905     0213                     	;# 
  1906     0214                     	;# 
  1907     0215                     	;# 
  1908     0215                     	;# 
  1909     0216                     	;# 
  1910     0217                     	;# 
  1911     0291                     	;# 
  1912     0291                     	;# 
  1913     0292                     	;# 
  1914     0293                     	;# 
  1915     0294                     	;# 
  1916     0295                     	;# 
  1917     0295                     	;# 
  1918     0296                     	;# 
  1919     0298                     	;# 
  1920     0298                     	;# 
  1921     0299                     	;# 
  1922     029A                     	;# 
  1923     029B                     	;# 
  1924     029C                     	;# 
  1925     029C                     	;# 
  1926     029D                     	;# 
  1927     029E                     	;# 
  1928     029F                     	;# 
  1929     0311                     	;# 
  1930     0311                     	;# 
  1931     0312                     	;# 
  1932     0313                     	;# 
  1933     0314                     	;# 
  1934     0315                     	;# 
  1935     0315                     	;# 
  1936     0316                     	;# 
  1937     0318                     	;# 
  1938     0318                     	;# 
  1939     0319                     	;# 
  1940     031A                     	;# 
  1941     031C                     	;# 
  1942     031C                     	;# 
  1943     031D                     	;# 
  1944     031E                     	;# 
  1945     0394                     	;# 
  1946     0395                     	;# 
  1947     0396                     	;# 
  1948     0415                     	;# 
  1949     0416                     	;# 
  1950     0417                     	;# 
  1951     041C                     	;# 
  1952     041D                     	;# 
  1953     041E                     	;# 
  1954     0791                     	;# 
  1955     0792                     	;# 
  1956     0793                     	;# 
  1957     0794                     	;# 
  1958     0795                     	;# 
  1959     0798                     	;# 
  1960     0799                     	;# 
  1961     07A0                     	;# 
  1962     07A1                     	;# 
  1963     07A3                     	;# 
  1964     07A4                     	;# 
  1965     07A6                     	;# 
  1966     07A7                     	;# 
  1967     07A9                     	;# 
  1968     07AA                     	;# 
  1969     0FE4                     	;# 
  1970     0FE5                     	;# 
  1971     0FE6                     	;# 
  1972     0FE7                     	;# 
  1973     0FE8                     	;# 
  1974     0FE9                     	;# 
  1975     0FEA                     	;# 
  1976     0FEB                     	;# 
  1977     0FED                     	;# 
  1978     0FEE                     	;# 
  1979     0FEF                     	;# 
  1980     0000                     	;# 
  1981     0001                     	;# 
  1982     0002                     	;# 
  1983     0003                     	;# 
  1984     0004                     	;# 
  1985     0005                     	;# 
  1986     0006                     	;# 
  1987     0007                     	;# 
  1988     0008                     	;# 
  1989     0009                     	;# 
  1990     000A                     	;# 
  1991     000B                     	;# 
  1992     000C                     	;# 
  1993     000D                     	;# 
  1994     000E                     	;# 
  1995     0010                     	;# 
  1996     0011                     	;# 
  1997     0012                     	;# 
  1998     0013                     	;# 
  1999     0015                     	;# 
  2000     0016                     	;# 
  2001     0016                     	;# 
  2002     0017                     	;# 
  2003     0018                     	;# 
  2004     0019                     	;# 
  2005     001A                     	;# 
  2006     001B                     	;# 
  2007     001C                     	;# 
  2008     001E                     	;# 
  2009     001F                     	;# 
  2010     008C                     	;# 
  2011     008D                     	;# 
  2012     008E                     	;# 
  2013     0090                     	;# 
  2014     0091                     	;# 
  2015     0092                     	;# 
  2016     0093                     	;# 
  2017     0095                     	;# 
  2018     0096                     	;# 
  2019     0097                     	;# 
  2020     0098                     	;# 
  2021     0099                     	;# 
  2022     009A                     	;# 
  2023     009B                     	;# 
  2024     009B                     	;# 
  2025     009C                     	;# 
  2026     009D                     	;# 
  2027     009E                     	;# 
  2028     010C                     	;# 
  2029     010D                     	;# 
  2030     010E                     	;# 
  2031     0110                     	;# 
  2032     0111                     	;# 
  2033     0112                     	;# 
  2034     0113                     	;# 
  2035     0114                     	;# 
  2036     0115                     	;# 
  2037     0116                     	;# 
  2038     0117                     	;# 
  2039     0118                     	;# 
  2040     0119                     	;# 
  2041     011A                     	;# 
  2042     011B                     	;# 
  2043     011D                     	;# 
  2044     018C                     	;# 
  2045     018D                     	;# 
  2046     0191                     	;# 
  2047     0191                     	;# 
  2048     0192                     	;# 
  2049     0193                     	;# 
  2050     0193                     	;# 
  2051     0193                     	;# 
  2052     0194                     	;# 
  2053     0195                     	;# 
  2054     0196                     	;# 
  2055     0199                     	;# 
  2056     019A                     	;# 
  2057     019B                     	;# 
  2058     019B                     	;# 
  2059     019B                     	;# 
  2060     019B                     	;# 
  2061     019C                     	;# 
  2062     019C                     	;# 
  2063     019D                     	;# 
  2064     019E                     	;# 
  2065     019F                     	;# 
  2066     020D                     	;# 
  2067     0210                     	;# 
  2068     0211                     	;# 
  2069     0212                     	;# 
  2070     0213                     	;# 
  2071     0214                     	;# 
  2072     0215                     	;# 
  2073     0215                     	;# 
  2074     0216                     	;# 
  2075     0217                     	;# 
  2076     0291                     	;# 
  2077     0291                     	;# 
  2078     0292                     	;# 
  2079     0293                     	;# 
  2080     0294                     	;# 
  2081     0295                     	;# 
  2082     0295                     	;# 
  2083     0296                     	;# 
  2084     0298                     	;# 
  2085     0298                     	;# 
  2086     0299                     	;# 
  2087     029A                     	;# 
  2088     029B                     	;# 
  2089     029C                     	;# 
  2090     029C                     	;# 
  2091     029D                     	;# 
  2092     029E                     	;# 
  2093     029F                     	;# 
  2094     0311                     	;# 
  2095     0311                     	;# 
  2096     0312                     	;# 
  2097     0313                     	;# 
  2098     0314                     	;# 
  2099     0315                     	;# 
  2100     0315                     	;# 
  2101     0316                     	;# 
  2102     0318                     	;# 
  2103     0318                     	;# 
  2104     0319                     	;# 
  2105     031A                     	;# 
  2106     031C                     	;# 
  2107     031C                     	;# 
  2108     031D                     	;# 
  2109     031E                     	;# 
  2110     0394                     	;# 
  2111     0395                     	;# 
  2112     0396                     	;# 
  2113     0415                     	;# 
  2114     0416                     	;# 
  2115     0417                     	;# 
  2116     041C                     	;# 
  2117     041D                     	;# 
  2118     041E                     	;# 
  2119     0791                     	;# 
  2120     0792                     	;# 
  2121     0793                     	;# 
  2122     0794                     	;# 
  2123     0795                     	;# 
  2124     0798                     	;# 
  2125     0799                     	;# 
  2126     07A0                     	;# 
  2127     07A1                     	;# 
  2128     07A3                     	;# 
  2129     07A4                     	;# 
  2130     07A6                     	;# 
  2131     07A7                     	;# 
  2132     07A9                     	;# 
  2133     07AA                     	;# 
  2134     0FE4                     	;# 
  2135     0FE5                     	;# 
  2136     0FE6                     	;# 
  2137     0FE7                     	;# 
  2138     0FE8                     	;# 
  2139     0FE9                     	;# 
  2140     0FEA                     	;# 
  2141     0FEB                     	;# 
  2142     0FED                     	;# 
  2143     0FEE                     	;# 
  2144     0FEF                     	;# 
  2145                           
  2146                           	psect	eeprom_data
  2147     0000  0023 0000 00FF 00FF 00FF 00FF 00FF 00FF 	db	35,0,255,255,255,255,255,255	;# 
  2148     0008  0023 0000 00FF 00FF 00FF 00FF 00FF 00FF 	db	35,0,255,255,255,255,255,255	;# 
  2149     0000                     	;# 
  2150     0001                     	;# 
  2151     0002                     	;# 
  2152     0003                     	;# 
  2153     0004                     	;# 
  2154     0005                     	;# 
  2155     0006                     	;# 
  2156     0007                     	;# 
  2157     0008                     	;# 
  2158     0009                     	;# 
  2159     000A                     	;# 
  2160     000B                     	;# 
  2161     000C                     	;# 
  2162     000D                     	;# 
  2163     000E                     	;# 
  2164     0010                     	;# 
  2165     0011                     	;# 
  2166     0012                     	;# 
  2167     0013                     	;# 
  2168     0015                     	;# 
  2169     0016                     	;# 
  2170     0016                     	;# 
  2171     0017                     	;# 
  2172     0018                     	;# 
  2173     0019                     	;# 
  2174     001A                     	;# 
  2175     001B                     	;# 
  2176     001C                     	;# 
  2177     001E                     	;# 
  2178     001F                     	;# 
  2179     008C                     	;# 
  2180     008D                     	;# 
  2181     008E                     	;# 
  2182     0090                     	;# 
  2183     0091                     	;# 
  2184     0092                     	;# 
  2185     0093                     	;# 
  2186     0095                     	;# 
  2187     0096                     	;# 
  2188     0097                     	;# 
  2189     0098                     	;# 
  2190     0099                     	;# 
  2191     009A                     	;# 
  2192     009B                     	;# 
  2193     009B                     	;# 
  2194     009C                     	;# 
  2195     009D                     	;# 
  2196     009E                     	;# 
  2197     010C                     	;# 
  2198     010D                     	;# 
  2199     010E                     	;# 
  2200     0110                     	;# 
  2201     0111                     	;# 
  2202     0112                     	;# 
  2203     0113                     	;# 
  2204     0114                     	;# 
  2205     0115                     	;# 
  2206     0116                     	;# 
  2207     0117                     	;# 
  2208     0118                     	;# 
  2209     0119                     	;# 
  2210     011A                     	;# 
  2211     011B                     	;# 
  2212     011D                     	;# 
  2213     018C                     	;# 
  2214     018D                     	;# 
  2215     0191                     	;# 
  2216     0191                     	;# 
  2217     0192                     	;# 
  2218     0193                     	;# 
  2219     0193                     	;# 
  2220     0193                     	;# 
  2221     0194                     	;# 
  2222     0195                     	;# 
  2223     0196                     	;# 
  2224     0199                     	;# 
  2225     019A                     	;# 
  2226     019B                     	;# 
  2227     019B                     	;# 
  2228     019B                     	;# 
  2229     019B                     	;# 
  2230     019C                     	;# 
  2231     019C                     	;# 
  2232     019D                     	;# 
  2233     019E                     	;# 
  2234     019F                     	;# 
  2235     020D                     	;# 
  2236     0210                     	;# 
  2237     0211                     	;# 
  2238     0212                     	;# 
  2239     0213                     	;# 
  2240     0214                     	;# 
  2241     0215                     	;# 
  2242     0215                     	;# 
  2243     0216                     	;# 
  2244     0217                     	;# 
  2245     0291                     	;# 
  2246     0291                     	;# 
  2247     0292                     	;# 
  2248     0293                     	;# 
  2249     0294                     	;# 
  2250     0295                     	;# 
  2251     0295                     	;# 
  2252     0296                     	;# 
  2253     0298                     	;# 
  2254     0298                     	;# 
  2255     0299                     	;# 
  2256     029A                     	;# 
  2257     029B                     	;# 
  2258     029C                     	;# 
  2259     029C                     	;# 
  2260     029D                     	;# 
  2261     029E                     	;# 
  2262     029F                     	;# 
  2263     0311                     	;# 
  2264     0311                     	;# 
  2265     0312                     	;# 
  2266     0313                     	;# 
  2267     0314                     	;# 
  2268     0315                     	;# 
  2269     0315                     	;# 
  2270     0316                     	;# 
  2271     0318                     	;# 
  2272     0318                     	;# 
  2273     0319                     	;# 
  2274     031A                     	;# 
  2275     031C                     	;# 
  2276     031C                     	;# 
  2277     031D                     	;# 
  2278     031E                     	;# 
  2279     0394                     	;# 
  2280     0395                     	;# 
  2281     0396                     	;# 
  2282     0415                     	;# 
  2283     0416                     	;# 
  2284     0417                     	;# 
  2285     041C                     	;# 
  2286     041D                     	;# 
  2287     041E                     	;# 
  2288     0791                     	;# 
  2289     0792                     	;# 
  2290     0793                     	;# 
  2291     0794                     	;# 
  2292     0795                     	;# 
  2293     0798                     	;# 
  2294     0799                     	;# 
  2295     07A0                     	;# 
  2296     07A1                     	;# 
  2297     07A3                     	;# 
  2298     07A4                     	;# 
  2299     07A6                     	;# 
  2300     07A7                     	;# 
  2301     07A9                     	;# 
  2302     07AA                     	;# 
  2303     0FE4                     	;# 
  2304     0FE5                     	;# 
  2305     0FE6                     	;# 
  2306     0FE7                     	;# 
  2307     0FE8                     	;# 
  2308     0FE9                     	;# 
  2309     0FEA                     	;# 
  2310     0FEB                     	;# 
  2311     0FED                     	;# 
  2312     0FEE                     	;# 
  2313     0FEF                     	;# 
  2314     0000                     	;# 
  2315     0001                     	;# 
  2316     0002                     	;# 
  2317     0003                     	;# 
  2318     0004                     	;# 
  2319     0005                     	;# 
  2320     0006                     	;# 
  2321     0007                     	;# 
  2322     0008                     	;# 
  2323     0009                     	;# 
  2324     000A                     	;# 
  2325     000B                     	;# 
  2326     000C                     	;# 
  2327     000D                     	;# 
  2328     000E                     	;# 
  2329     0010                     	;# 
  2330     0011                     	;# 
  2331     0012                     	;# 
  2332     0013                     	;# 
  2333     0015                     	;# 
  2334     0016                     	;# 
  2335     0016                     	;# 
  2336     0017                     	;# 
  2337     0018                     	;# 
  2338     0019                     	;# 
  2339     001A                     	;# 
  2340     001B                     	;# 
  2341     001C                     	;# 
  2342     001E                     	;# 
  2343     001F                     	;# 
  2344     008C                     	;# 
  2345     008D                     	;# 
  2346     008E                     	;# 
  2347     0090                     	;# 
  2348     0091                     	;# 
  2349     0092                     	;# 
  2350     0093                     	;# 
  2351     0095                     	;# 
  2352     0096                     	;# 
  2353     0097                     	;# 
  2354     0098                     	;# 
  2355     0099                     	;# 
  2356     009A                     	;# 
  2357     009B                     	;# 
  2358     009B                     	;# 
  2359     009C                     	;# 
  2360     009D                     	;# 
  2361     009E                     	;# 
  2362     010C                     	;# 
  2363     010D                     	;# 
  2364     010E                     	;# 
  2365     0110                     	;# 
  2366     0111                     	;# 
  2367     0112                     	;# 
  2368     0113                     	;# 
  2369     0114                     	;# 
  2370     0115                     	;# 
  2371     0116                     	;# 
  2372     0117                     	;# 
  2373     0118                     	;# 
  2374     0119                     	;# 
  2375     011A                     	;# 
  2376     011B                     	;# 
  2377     011D                     	;# 
  2378     018C                     	;# 
  2379     018D                     	;# 
  2380     0191                     	;# 
  2381     0191                     	;# 
  2382     0192                     	;# 
  2383     0193                     	;# 
  2384     0193                     	;# 
  2385     0193                     	;# 
  2386     0194                     	;# 
  2387     0195                     	;# 
  2388     0196                     	;# 
  2389     0199                     	;# 
  2390     019A                     	;# 
  2391     019B                     	;# 
  2392     019B                     	;# 
  2393     019B                     	;# 
  2394     019B                     	;# 
  2395     019C                     	;# 
  2396     019C                     	;# 
  2397     019D                     	;# 
  2398     019E                     	;# 
  2399     019F                     	;# 
  2400     020D                     	;# 
  2401     0210                     	;# 
  2402     0211                     	;# 
  2403     0212                     	;# 
  2404     0213                     	;# 
  2405     0214                     	;# 
  2406     0215                     	;# 
  2407     0215                     	;# 
  2408     0216                     	;# 
  2409     0217                     	;# 
  2410     0291                     	;# 
  2411     0291                     	;# 
  2412     0292                     	;# 
  2413     0293                     	;# 
  2414     0294                     	;# 
  2415     0295                     	;# 
  2416     0295                     	;# 
  2417     0296                     	;# 
  2418     0298                     	;# 
  2419     0298                     	;# 
  2420     0299                     	;# 
  2421     029A                     	;# 
  2422     029B                     	;# 
  2423     029C                     	;# 
  2424     029C                     	;# 
  2425     029D                     	;# 
  2426     029E                     	;# 
  2427     029F                     	;# 
  2428     0311                     	;# 
  2429     0311                     	;# 
  2430     0312                     	;# 
  2431     0313                     	;# 
  2432     0314                     	;# 
  2433     0315                     	;# 
  2434     0315                     	;# 
  2435     0316                     	;# 
  2436     0318                     	;# 
  2437     0318                     	;# 
  2438     0319                     	;# 
  2439     031A                     	;# 
  2440     031C                     	;# 
  2441     031C                     	;# 
  2442     031D                     	;# 
  2443     031E                     	;# 
  2444     0394                     	;# 
  2445     0395                     	;# 
  2446     0396                     	;# 
  2447     0415                     	;# 
  2448     0416                     	;# 
  2449     0417                     	;# 
  2450     041C                     	;# 
  2451     041D                     	;# 
  2452     041E                     	;# 
  2453     0791                     	;# 
  2454     0792                     	;# 
  2455     0793                     	;# 
  2456     0794                     	;# 
  2457     0795                     	;# 
  2458     0798                     	;# 
  2459     0799                     	;# 
  2460     07A0                     	;# 
  2461     07A1                     	;# 
  2462     07A3                     	;# 
  2463     07A4                     	;# 
  2464     07A6                     	;# 
  2465     07A7                     	;# 
  2466     07A9                     	;# 
  2467     07AA                     	;# 
  2468     0FE4                     	;# 
  2469     0FE5                     	;# 
  2470     0FE6                     	;# 
  2471     0FE7                     	;# 
  2472     0FE8                     	;# 
  2473     0FE9                     	;# 
  2474     0FEA                     	;# 
  2475     0FEB                     	;# 
  2476     0FED                     	;# 
  2477     0FEE                     	;# 
  2478     0FEF                     	;# 
  2479     0000                     	;# 
  2480     0001                     	;# 
  2481     0002                     	;# 
  2482     0003                     	;# 
  2483     0004                     	;# 
  2484     0005                     	;# 
  2485     0006                     	;# 
  2486     0007                     	;# 
  2487     0008                     	;# 
  2488     0009                     	;# 
  2489     000A                     	;# 
  2490     000B                     	;# 
  2491     000C                     	;# 
  2492     000D                     	;# 
  2493     000E                     	;# 
  2494     0010                     	;# 
  2495     0011                     	;# 
  2496     0012                     	;# 
  2497     0013                     	;# 
  2498     0015                     	;# 
  2499     0016                     	;# 
  2500     0016                     	;# 
  2501     0017                     	;# 
  2502     0018                     	;# 
  2503     0019                     	;# 
  2504     001A                     	;# 
  2505     001B                     	;# 
  2506     001C                     	;# 
  2507     001E                     	;# 
  2508     001F                     	;# 
  2509     008C                     	;# 
  2510     008D                     	;# 
  2511     008E                     	;# 
  2512     0090                     	;# 
  2513     0091                     	;# 
  2514     0092                     	;# 
  2515     0093                     	;# 
  2516     0095                     	;# 
  2517     0096                     	;# 
  2518     0097                     	;# 
  2519     0098                     	;# 
  2520     0099                     	;# 
  2521     009A                     	;# 
  2522     009B                     	;# 
  2523     009B                     	;# 
  2524     009C                     	;# 
  2525     009D                     	;# 
  2526     009E                     	;# 
  2527     010C                     	;# 
  2528     010D                     	;# 
  2529     010E                     	;# 
  2530     0110                     	;# 
  2531     0111                     	;# 
  2532     0112                     	;# 
  2533     0113                     	;# 
  2534     0114                     	;# 
  2535     0115                     	;# 
  2536     0116                     	;# 
  2537     0117                     	;# 
  2538     0118                     	;# 
  2539     0119                     	;# 
  2540     011A                     	;# 
  2541     011B                     	;# 
  2542     011D                     	;# 
  2543     018C                     	;# 
  2544     018D                     	;# 
  2545     0191                     	;# 
  2546     0191                     	;# 
  2547     0192                     	;# 
  2548     0193                     	;# 
  2549     0193                     	;# 
  2550     0193                     	;# 
  2551     0194                     	;# 
  2552     0195                     	;# 
  2553     0196                     	;# 
  2554     0199                     	;# 
  2555     019A                     	;# 
  2556     019B                     	;# 
  2557     019B                     	;# 
  2558     019B                     	;# 
  2559     019B                     	;# 
  2560     019C                     	;# 
  2561     019C                     	;# 
  2562     019D                     	;# 
  2563     019E                     	;# 
  2564     019F                     	;# 
  2565     020D                     	;# 
  2566     0210                     	;# 
  2567     0211                     	;# 
  2568     0212                     	;# 
  2569     0213                     	;# 
  2570     0214                     	;# 
  2571     0215                     	;# 
  2572     0215                     	;# 
  2573     0216                     	;# 
  2574     0217                     	;# 
  2575     0291                     	;# 
  2576     0291                     	;# 
  2577     0292                     	;# 
  2578     0293                     	;# 
  2579     0294                     	;# 
  2580     0295                     	;# 
  2581     0295                     	;# 
  2582     0296                     	;# 
  2583     0298                     	;# 
  2584     0298                     	;# 
  2585     0299                     	;# 
  2586     029A                     	;# 
  2587     029B                     	;# 
  2588     029C                     	;# 
  2589     029C                     	;# 
  2590     029D                     	;# 
  2591     029E                     	;# 
  2592     029F                     	;# 
  2593     0311                     	;# 
  2594     0311                     	;# 
  2595     0312                     	;# 
  2596     0313                     	;# 
  2597     0314                     	;# 
  2598     0315                     	;# 
  2599     0315                     	;# 
  2600     0316                     	;# 
  2601     0318                     	;# 
  2602     0318                     	;# 
  2603     0319                     	;# 
  2604     031A                     	;# 
  2605     031C                     	;# 
  2606     031C                     	;# 
  2607     031D                     	;# 
  2608     031E                     	;# 
  2609     0394                     	;# 
  2610     0395                     	;# 
  2611     0396                     	;# 
  2612     0415                     	;# 
  2613     0416                     	;# 
  2614     0417                     	;# 
  2615     041C                     	;# 
  2616     041D                     	;# 
  2617     041E                     	;# 
  2618     0791                     	;# 
  2619     0792                     	;# 
  2620     0793                     	;# 
  2621     0794                     	;# 
  2622     0795                     	;# 
  2623     0798                     	;# 
  2624     0799                     	;# 
  2625     07A0                     	;# 
  2626     07A1                     	;# 
  2627     07A3                     	;# 
  2628     07A4                     	;# 
  2629     07A6                     	;# 
  2630     07A7                     	;# 
  2631     07A9                     	;# 
  2632     07AA                     	;# 
  2633     0FE4                     	;# 
  2634     0FE5                     	;# 
  2635     0FE6                     	;# 
  2636     0FE7                     	;# 
  2637     0FE8                     	;# 
  2638     0FE9                     	;# 
  2639     0FEA                     	;# 
  2640     0FEB                     	;# 
  2641     0FED                     	;# 
  2642     0FEE                     	;# 
  2643     0FEF                     	;# 
  2644                           
  2645                           	psect	idataBANK0
  2646     16E1                     __pidataBANK0:
  2647                           
  2648                           ;initializer for _SetTimer2_cnt
  2649     16E1  3401               	retlw	1
  2650     16E2  3400               	retlw	0
  2651                           
  2652                           ;initializer for _SetTimer1_cnt
  2653     16E3  3401               	retlw	1
  2654     16E4  3400               	retlw	0
  2655                           
  2656                           	psect	idataBANK1
  2657     16DD                     __pidataBANK1:
  2658                           
  2659                           ;initializer for LCD_SetCursor@F3193
  2660     16DD  3400               	retlw	0
  2661     16DE  3440               	retlw	64
  2662     16DF  3414               	retlw	20
  2663     16E0  3454               	retlw	84
  2664                           
  2665                           	psect	stringtext1
  2666     1000                     __pstringtext1:
  2667     1000                     _i2c_fsmStateTable:
  2668     1000  34EA               	retlw	low _I2C_DO_IDLE
  2669     1001  3416               	retlw	high _I2C_DO_IDLE
  2670     1002  3443               	retlw	low _I2C_DO_SEND_ADR_READ
  2671     1003  3417               	retlw	high _I2C_DO_SEND_ADR_READ
  2672     1004  343B               	retlw	low _I2C_DO_SEND_ADR_WRITE
  2673     1005  3417               	retlw	high _I2C_DO_SEND_ADR_WRITE
  2674     1006  3457               	retlw	low _I2C_DO_TX
  2675     1007  340D               	retlw	high _I2C_DO_TX
  2676     1008  3426               	retlw	low _I2C_DO_RX
  2677     1009  340C               	retlw	high _I2C_DO_RX
  2678     100A  3434               	retlw	low _I2C_DO_RCEN
  2679     100B  3417               	retlw	high _I2C_DO_RCEN
  2680     100C  34A8               	retlw	low _I2C_DO_TX_EMPTY
  2681     100D  340A               	retlw	high _I2C_DO_TX_EMPTY
  2682     100E  34EF               	retlw	low _I2C_DO_SEND_RESTART_READ
  2683     100F  3416               	retlw	high _I2C_DO_SEND_RESTART_READ
  2684     1010  34F4               	retlw	low _I2C_DO_SEND_RESTART_WRITE
  2685     1011  3416               	retlw	high _I2C_DO_SEND_RESTART_WRITE
  2686     1012  34F9               	retlw	low _I2C_DO_SEND_RESTART
  2687     1013  3416               	retlw	high _I2C_DO_SEND_RESTART
  2688     1014  34FE               	retlw	low _I2C_DO_SEND_STOP
  2689     1015  3416               	retlw	high _I2C_DO_SEND_STOP
  2690     1016  3403               	retlw	low _I2C_DO_RX_ACK
  2691     1017  3417               	retlw	high _I2C_DO_RX_ACK
  2692     1018  3408               	retlw	low _I2C_DO_RX_NACK_STOP
  2693     1019  3417               	retlw	high _I2C_DO_RX_NACK_STOP
  2694     101A  340D               	retlw	low _I2C_DO_RX_NACK_RESTART
  2695     101B  3417               	retlw	high _I2C_DO_RX_NACK_RESTART
  2696     101C  3412               	retlw	low _I2C_DO_RESET
  2697     101D  3417               	retlw	high _I2C_DO_RESET
  2698     101E  3451               	retlw	low _I2C_DO_ADDRESS_NACK
  2699     101F  340A               	retlw	high _I2C_DO_ADDRESS_NACK
  2700     1020                     __end_of_i2c_fsmStateTable:
  2701     000D                     _PORTBbits	set	13
  2702     0015                     _TMR0	set	21
  2703     000B                     _INTCONbits	set	11
  2704     0019                     _T1GCONbits	set	25
  2705     0018                     _T1CONbits	set	24
  2706     0018                     _T1CON	set	24
  2707     0016                     _TMR1L	set	22
  2708     0017                     _TMR1H	set	23
  2709     0019                     _T1GCON	set	25
  2710     0011                     _PIR1bits	set	17
  2711     0095                     _OPTION_REG	set	149
  2712     0097                     _WDTCON	set	151
  2713     0098                     _OSCTUNE	set	152
  2714     0099                     _OSCCON	set	153
  2715     0095                     _OPTION_REGbits	set	149
  2716     008E                     _TRISC	set	142
  2717     008D                     _TRISB	set	141
  2718     008C                     _TRISA	set	140
  2719     0090                     _TRISE	set	144
  2720     0091                     _PIE1bits	set	145
  2721     04D6                     _PLLR	set	1238
  2722     010E                     _LATCbits	set	270
  2723     0116                     _BORCON	set	278
  2724     011D                     _APFCON	set	285
  2725     010E                     _LATC	set	270
  2726     010D                     _LATB	set	269
  2727     010C                     _LATA	set	268
  2728     0110                     _LATE	set	272
  2729     0191                     _EEADR	set	401
  2730     0193                     _EEDATA	set	403
  2731     0195                     _EECON1	set	405
  2732     0195                     _EECON1bits	set	405
  2733     018C                     _ANSELA	set	396
  2734     018D                     _ANSELB	set	397
  2735     020D                     _WPUB	set	525
  2736     0210                     _WPUE	set	528
  2737     0216                     _SSPCON2bits	set	534
  2738     0211                     _SSPBUF	set	529
  2739     0215                     _SSPCON1bits	set	533
  2740     0212                     _SSPADD	set	530
  2741     0216                     _SSPCON2	set	534
  2742     0215                     _SSPCON1	set	533
  2743     0214                     _SSPSTAT	set	532
  2744     1020                     STR_4:
  2745     1020  3454               	retlw	84	;'T'
  2746     1021  3425               	retlw	37	;'%'
  2747     1022  3464               	retlw	100	;'d'
  2748     1023  343A               	retlw	58	;':'
  2749     1024  3425               	retlw	37	;'%'
  2750     1025  3464               	retlw	100	;'d'
  2751     1026  3425               	retlw	37	;'%'
  2752     1027  3464               	retlw	100	;'d'
  2753     1028  3425               	retlw	37	;'%'
  2754     1029  3464               	retlw	100	;'d'
  2755     102A  3425               	retlw	37	;'%'
  2756     102B  3464               	retlw	100	;'d'
  2757     102C  342E               	retlw	46	;'.'
  2758     102D  3453               	retlw	83	;'S'
  2759     102E  3420               	retlw	32	;' '
  2760     102F  3420               	retlw	32	;' '
  2761     1030  3420               	retlw	32	;' '
  2762     1031  3420               	retlw	32	;' '
  2763     1032  3425               	retlw	37	;'%'
  2764     1033  3473               	retlw	115	;'s'
  2765     1034  3400               	retlw	0
  2766                           
  2767                           	psect	stringtext2
  2768     1035                     __pstringtext2:
  2769     1035                     STR_5:
  2770     1035  3454               	retlw	84	;'T'
  2771     1036  3425               	retlw	37	;'%'
  2772     1037  3464               	retlw	100	;'d'
  2773     1038  343A               	retlw	58	;':'
  2774     1039  3425               	retlw	37	;'%'
  2775     103A  3464               	retlw	100	;'d'
  2776     103B  3425               	retlw	37	;'%'
  2777     103C  3464               	retlw	100	;'d'
  2778     103D  3425               	retlw	37	;'%'
  2779     103E  3464               	retlw	100	;'d'
  2780     103F  342E               	retlw	46	;'.'
  2781     1040  3425               	retlw	37	;'%'
  2782     1041  3464               	retlw	100	;'d'
  2783     1042  3453               	retlw	83	;'S'
  2784     1043  3420               	retlw	32	;' '
  2785     1044  3420               	retlw	32	;' '
  2786     1045  3420               	retlw	32	;' '
  2787     1046  3420               	retlw	32	;' '
  2788     1047  3425               	retlw	37	;'%'
  2789     1048  3473               	retlw	115	;'s'
  2790     1049  3400               	retlw	0
  2791                           
  2792                           	psect	stringtext3
  2793     104A                     __pstringtext3:
  2794     104A                     STR_6:
  2795     104A  3454               	retlw	84	;'T'
  2796     104B  3425               	retlw	37	;'%'
  2797     104C  3464               	retlw	100	;'d'
  2798     104D  343A               	retlw	58	;':'
  2799     104E  3425               	retlw	37	;'%'
  2800     104F  3464               	retlw	100	;'d'
  2801     1050  3425               	retlw	37	;'%'
  2802     1051  3464               	retlw	100	;'d'
  2803     1052  342E               	retlw	46	;'.'
  2804     1053  3425               	retlw	37	;'%'
  2805     1054  3464               	retlw	100	;'d'
  2806     1055  3425               	retlw	37	;'%'
  2807     1056  3464               	retlw	100	;'d'
  2808     1057  3453               	retlw	83	;'S'
  2809     1058  3420               	retlw	32	;' '
  2810     1059  3420               	retlw	32	;' '
  2811     105A  3420               	retlw	32	;' '
  2812     105B  3420               	retlw	32	;' '
  2813     105C  3425               	retlw	37	;'%'
  2814     105D  3473               	retlw	115	;'s'
  2815     105E  3400               	retlw	0
  2816                           
  2817                           	psect	stringtext4
  2818     1800                     __pstringtext4:
  2819     1800                     STR_1:
  2820     1800  3446               	retlw	70	;'F'
  2821     1801  3475               	retlw	117	;'u'
  2822     1802  346E               	retlw	110	;'n'
  2823     1803  3463               	retlw	99	;'c'
  2824     1804  3474               	retlw	116	;'t'
  2825     1805  3469               	retlw	105	;'i'
  2826     1806  346F               	retlw	111	;'o'
  2827     1807  346E               	retlw	110	;'n'
  2828     1808  3453               	retlw	83	;'S'
  2829     1809  3465               	retlw	101	;'e'
  2830     180A  3474               	retlw	116	;'t'
  2831     180B  3420               	retlw	32	;' '
  2832     180C  344D               	retlw	77	;'M'
  2833     180D  346F               	retlw	111	;'o'
  2834     180E  3464               	retlw	100	;'d'
  2835     180F  3465               	retlw	101	;'e'
  2836     1810  3400               	retlw	0
  2837                           
  2838                           	psect	stringtext5
  2839     1811                     __pstringtext5:
  2840     1811                     STR_7:
  2841     1811  3455               	retlw	85	;'U'
  2842     1812  346E               	retlw	110	;'n'
  2843     1813  3469               	retlw	105	;'i'
  2844     1814  3474               	retlw	116	;'t'
  2845     1815  343A               	retlw	58	;':'
  2846     1816  3431               	retlw	49	;'1'
  2847     1817  342E               	retlw	46	;'.'
  2848     1818  3430               	retlw	48	;'0'
  2849     1819  3430               	retlw	48	;'0'
  2850     181A  3453               	retlw	83	;'S'
  2851     181B  3400               	retlw	0
  2852                           
  2853                           	psect	stringtext6
  2854     181C                     __pstringtext6:
  2855     181C                     STR_8:
  2856     181C  3455               	retlw	85	;'U'
  2857     181D  346E               	retlw	110	;'n'
  2858     181E  3469               	retlw	105	;'i'
  2859     181F  3474               	retlw	116	;'t'
  2860     1820  343A               	retlw	58	;':'
  2861     1821  3430               	retlw	48	;'0'
  2862     1822  342E               	retlw	46	;'.'
  2863     1823  3431               	retlw	49	;'1'
  2864     1824  3430               	retlw	48	;'0'
  2865     1825  3453               	retlw	83	;'S'
  2866     1826  3400               	retlw	0
  2867                           
  2868                           	psect	stringtext7
  2869     1827                     __pstringtext7:
  2870     1827                     STR_9:
  2871     1827  3455               	retlw	85	;'U'
  2872     1828  346E               	retlw	110	;'n'
  2873     1829  3469               	retlw	105	;'i'
  2874     182A  3474               	retlw	116	;'t'
  2875     182B  343A               	retlw	58	;':'
  2876     182C  3430               	retlw	48	;'0'
  2877     182D  342E               	retlw	46	;'.'
  2878     182E  3430               	retlw	48	;'0'
  2879     182F  3431               	retlw	49	;'1'
  2880     1830  3453               	retlw	83	;'S'
  2881     1831  3400               	retlw	0
  2882                           
  2883                           	psect	stringtext8
  2884     1832                     __pstringtext8:
  2885     1832                     STR_3:
  2886     1832  3420               	retlw	32	;' '
  2887     1833  3420               	retlw	32	;' '
  2888     1834  3420               	retlw	32	;' '
  2889     1835  3400               	retlw	0
  2890                           
  2891                           	psect	stringtext9
  2892     1836                     __pstringtext9:
  2893     1836                     STR_2:
  2894     1836  344F               	retlw	79	;'O'
  2895     1837  3446               	retlw	70	;'F'
  2896     1838  3446               	retlw	70	;'F'
  2897     1839  3400               	retlw	0
  2898                           
  2899                           	psect	stringtext10
  2900     183A                     __pstringtext10:
  2901     183A                     STR_13:
  2902     183A  3420               	retlw	32	;' '
  2903     183B  344F               	retlw	79	;'O'
  2904     183C  344E               	retlw	78	;'N'
  2905     183D  3400               	retlw	0
  2906                           
  2907                           	psect	stringtext11
  2908     0000                     __pstringtext11:
  2909     1832                     
  2910                           	psect	cinit
  2911     0028                     start_initialization:	
  2912                           ; #config settings
  2913                           
  2914     0028                     __initialization:
  2915                           
  2916                           ; Initialize objects allocated to BANK0
  2917     0028  30E1               	movlw	low __pidataBANK0
  2918     0029  0084               	movwf	4
  2919     002A  3096               	movlw	(high __pidataBANK0)| (0+128)
  2920     002B  0085               	movwf	5
  2921     002C  3066               	movlw	low __pdataBANK0
  2922     002D  0086               	movwf	6
  2923     002E  3000               	movlw	high __pdataBANK0
  2924     002F  0087               	movwf	7
  2925     0030  3004               	movlw	4
  2926     0031  3187  27FA  3180   	fcall	init_ram
  2927                           
  2928                           ; Initialize objects allocated to BANK1
  2929     0034  30DD               	movlw	low __pidataBANK1
  2930     0035  0084               	movwf	4
  2931     0036  3096               	movlw	(high __pidataBANK1)| (0+128)
  2932     0037  0085               	movwf	5
  2933     0038  30EA               	movlw	low __pdataBANK1
  2934     0039  0086               	movwf	6
  2935     003A  3000               	movlw	high __pdataBANK1
  2936     003B  0087               	movwf	7
  2937     003C  3004               	movlw	4
  2938     003D  3187  27FA  3180   	fcall	init_ram
  2939                           
  2940                           ; Clear objects allocated to COMMON
  2941     0040  01FA               	clrf	__pbssCOMMON& (0+127)
  2942     0041  01FB               	clrf	(__pbssCOMMON+1)& (0+127)
  2943                           
  2944                           ; Clear objects allocated to BANK0
  2945     0042  01EA               	clrf	__pbssBANK0& (0+127)
  2946                           
  2947                           ; Clear objects allocated to BANK1
  2948     0043  30A0               	movlw	low __pbssBANK1
  2949     0044  0084               	movwf	4
  2950     0045  3000               	movlw	high __pbssBANK1
  2951     0046  0085               	movwf	5
  2952     0047  304A               	movlw	74
  2953     0048  3188  2000  3180   	fcall	clear_ram0
  2954                           
  2955                           ; Clear objects allocated to BANK2
  2956     004B  3020               	movlw	low __pbssBANK2
  2957     004C  0084               	movwf	4
  2958     004D  3001               	movlw	high __pbssBANK2
  2959     004E  0085               	movwf	5
  2960     004F  304E               	movlw	78
  2961     0050  3188  2000  3180   	fcall	clear_ram0
  2962                           
  2963                           ; Clear objects allocated to BANK3
  2964     0053  30A0               	movlw	low __pbssBANK3
  2965     0054  0084               	movwf	4
  2966     0055  3001               	movlw	high __pbssBANK3
  2967     0056  0085               	movwf	5
  2968     0057  302C               	movlw	44
  2969     0058  3188  2000  3180   	fcall	clear_ram0
  2970     005B                     end_of_initialization:	
  2971                           ;End of C runtime variable initialization code
  2972                           
  2973     005B                     __end_of__initialization:
  2974     005B  107E               	bcf	int$flags,0	;clear compiler interrupt flag (level 1)
  2975     005C  0020               	movlb	0
  2976     005D  3183  2B62         	ljmp	_main	;jump to C main() function
  2977                           
  2978                           	psect	bssCOMMON
  2979     007A                     __pbssCOMMON:
  2980     007A                     _OutState:
  2981     007A                     	ds	1
  2982     007B                     _timer0ReloadVal:
  2983     007B                     	ds	1
  2984                           
  2985                           	psect	bssBANK0
  2986     006A                     __pbssBANK0:
  2987     006A                     _TimeMode:
  2988     006A                     	ds	1
  2989                           
  2990                           	psect	dataBANK0
  2991     0066                     __pdataBANK0:
  2992     0066                     _SetTimer2_cnt:
  2993     0066                     	ds	2
  2994     0068                     _SetTimer1_cnt:
  2995     0068                     	ds	2
  2996                           
  2997                           	psect	bssBANK1
  2998     00A0                     __pbssBANK1:
  2999     00A0                     DispTimeAdjustment@F3484:
  3000     00A0                     	ds	4
  3001     00A4                     DispNormal@F3470:
  3002     00A4                     	ds	4
  3003     00A8                     _LongKey_cnt:
  3004     00A8                     	ds	4
  3005     00AC                     _KeyState:
  3006     00AC                     	ds	4
  3007     00B0                     DispTimeAdjustment@F3486:
  3008     00B0                     	ds	3
  3009     00B3                     DispNormal@F3472:
  3010     00B3                     	ds	3
  3011     00B6                     _width:
  3012     00B6                     	ds	2
  3013     00B8                     _prec:
  3014     00B8                     	ds	2
  3015     00BA                     _ShortKey_cnt:
  3016     00BA                     	ds	2
  3017     00BC                     _xComm_cnt:
  3018     00BC                     	ds	2
  3019     00BE                     _x100T_cnt:
  3020     00BE                     	ds	2
  3021     00C0                     _x10T_cnt:
  3022     00C0                     	ds	2
  3023     00C2                     _x1T_cnt:
  3024     00C2                     	ds	2
  3025     00C4                     _T1_1000ms_cnt:
  3026     00C4                     	ds	2
  3027     00C6                     _T1_100ms_cnt:
  3028     00C6                     	ds	2
  3029     00C8                     _T1_10ms_cnt:
  3030     00C8                     	ds	2
  3031     00CA                     TMR0_ISR@CountCallBack:
  3032     00CA                     	ds	2
  3033     00CC                     _TMR0_InterruptHandler:
  3034     00CC                     	ds	2
  3035     00CE                     _TMR1_InterruptHandler:
  3036     00CE                     	ds	2
  3037     00D0                     _timer1ReloadVal:
  3038     00D0                     	ds	2
  3039     00D2                     _flags:
  3040     00D2                     	ds	1
  3041     00D3                     _TimerState:
  3042     00D3                     	ds	1
  3043     00D4                     _AdjustMode:
  3044     00D4                     	ds	1
  3045     00D5                     _fT1_TimerUp:
  3046     00D5                     	ds	1
  3047     00D6                     _fT1_1second:
  3048     00D6                     	ds	1
  3049     00D7                     _fT1_100ms:
  3050     00D7                     	ds	1
  3051     00D8                     _fT1_10ms:
  3052     00D8                     	ds	1
  3053     00D9                     _T0_1second_cnt:
  3054     00D9                     	ds	1
  3055     00DA                     _T0_10ms_cnt:
  3056     00DA                     	ds	1
  3057     00DB                     _LCD_DispMode:
  3058     00DB                     	ds	1
  3059     00DC                     _Cursor_pos:
  3060     00DC                     	ds	1
  3061     00DD                     _fT0_1second:
  3062     00DD                     	ds	1
  3063     00DE                     _fT0_fT10ms:
  3064     00DE                     	ds	1
  3065     00DF                     _SetTimer2_digi:
  3066     00DF                     	ds	4
  3067     00E3                     _SetTimer1_digi:
  3068     00E3                     	ds	4
  3069     00E7                     _RelayState_buf:
  3070     00E7                     	ds	3
  3071                           
  3072                           	psect	dataBANK1
  3073     00EA                     __pdataBANK1:
  3074     00EA                     LCD_SetCursor@F3193:
  3075     00EA                     	ds	4
  3076                           
  3077                           	psect	bssBANK2
  3078     0120                     __pbssBANK2:
  3079     0120                     _dbuf:
  3080     0120                     	ds	32
  3081     0140                     _I2C_Status:
  3082     0140                     	ds	29
  3083     015D                     _buf:
  3084     015D                     	ds	17
  3085                           
  3086                           	psect	bssBANK3
  3087     01A0                     __pbssBANK3:
  3088     01A0                     _key:
  3089     01A0                     	ds	44
  3090                           
  3091                           	psect	inittext
  3092     07FA                     init_ram:
  3093     07FA  00FE               	movwf	btemp
  3094     07FB                     initloop:
  3095     07FB  0012               	moviw fsr0++
  3096     07FC  001E               	movwi fsr1++
  3097     07FD  0BFE               	decfsz	btemp,f
  3098     07FE  2FFB               	goto	initloop
  3099     07FF  3400               	retlw	0
  3100                           
  3101                           	psect	clrtext
  3102     0800                     clear_ram0:	
  3103                           ;	Called with FSR0 containing the base address, and
  3104                           ;	WREG with the size to clear
  3105                           
  3106     0800  0064               	clrwdt	;clear the watchdog before getting into this loop
  3107     0801                     clrloop0:
  3108     0801  0180               	clrf	0	;clear RAM location pointed to by FSR
  3109     0802  3101               	addfsr 0,1
  3110     0803  0B89               	decfsz	9,f	;Have we reached the end of clearing yet?
  3111     0804  2801               	goto	clrloop0	;have we reached the end yet?
  3112     0805  3400               	retlw	0	;all done for this memory range, return
  3113                           
  3114                           	psect	cstackBANK3
  3115     01CC                     __pcstackBANK3:
  3116     01CC                     DispNormal@mode:
  3117     01CC                     DispTimeAdjustment@temp_str:	
  3118                           ; 1 bytes @ 0x0
  3119                           
  3120                           
  3121                           ; 3 bytes @ 0x0
  3122     01CC                     	ds	1
  3123     01CD                     DispNormal@temp_str:
  3124                           
  3125                           ; 3 bytes @ 0x1
  3126     01CD                     	ds	2
  3127     01CF                     DispTimeAdjustment@digital:
  3128                           
  3129                           ; 4 bytes @ 0x3
  3130     01CF                     	ds	1
  3131     01D0                     DispNormal@digital:
  3132                           
  3133                           ; 4 bytes @ 0x4
  3134     01D0                     	ds	4
  3135                           
  3136                           	psect	cstackCOMMON
  3137     0070                     __pcstackCOMMON:
  3138     0070                     ?_I2C_Open:
  3139     0070                     ?_I2C_MasterWrite:	
  3140                           ; 1 bytes @ 0x0
  3141                           
  3142     0070                     ?_I2C_Close:	
  3143                           ; 1 bytes @ 0x0
  3144                           
  3145     0070                     ?_I2C_DO_IDLE:	
  3146                           ; 1 bytes @ 0x0
  3147                           
  3148     0070                     ?_I2C_DO_SEND_ADR_READ:	
  3149                           ; 1 bytes @ 0x0
  3150                           
  3151     0070                     ?_I2C_DO_SEND_ADR_WRITE:	
  3152                           ; 1 bytes @ 0x0
  3153                           
  3154     0070                     ?_I2C_DO_TX:	
  3155                           ; 1 bytes @ 0x0
  3156                           
  3157     0070                     ?_I2C_DO_RX:	
  3158                           ; 1 bytes @ 0x0
  3159                           
  3160     0070                     ?_I2C_DO_RCEN:	
  3161                           ; 1 bytes @ 0x0
  3162                           
  3163     0070                     ?_I2C_DO_TX_EMPTY:	
  3164                           ; 1 bytes @ 0x0
  3165                           
  3166     0070                     ?_I2C_DO_SEND_RESTART_READ:	
  3167                           ; 1 bytes @ 0x0
  3168                           
  3169     0070                     ?_I2C_DO_SEND_RESTART_WRITE:	
  3170                           ; 1 bytes @ 0x0
  3171                           
  3172     0070                     ?_I2C_DO_SEND_RESTART:	
  3173                           ; 1 bytes @ 0x0
  3174                           
  3175     0070                     ?_I2C_DO_SEND_STOP:	
  3176                           ; 1 bytes @ 0x0
  3177                           
  3178     0070                     ?_I2C_DO_RX_ACK:	
  3179                           ; 1 bytes @ 0x0
  3180                           
  3181     0070                     ?_I2C_DO_RX_NACK_STOP:	
  3182                           ; 1 bytes @ 0x0
  3183                           
  3184     0070                     ?_I2C_DO_RX_NACK_RESTART:	
  3185                           ; 1 bytes @ 0x0
  3186                           
  3187     0070                     ?_I2C_DO_RESET:	
  3188                           ; 1 bytes @ 0x0
  3189                           
  3190     0070                     ?_I2C_DO_ADDRESS_NACK:	
  3191                           ; 1 bytes @ 0x0
  3192                           
  3193     0070                     ?_I2C_MasterClearIrq:	
  3194                           ; 1 bytes @ 0x0
  3195                           
  3196     0070                     ?_I2C_MasterOpen:	
  3197                           ; 1 bytes @ 0x0
  3198                           
  3199     0070                     ?_I2C_MasterDisableIrq:	
  3200                           ; 1 bytes @ 0x0
  3201                           
  3202     0070                     ?_I2C_MasterClose:	
  3203                           ; 1 bytes @ 0x0
  3204                           
  3205     0070                     ?_I2C_MasterStart:	
  3206                           ; 1 bytes @ 0x0
  3207                           
  3208     0070                     ?_I2C_Poller:	
  3209                           ; 1 bytes @ 0x0
  3210                           
  3211     0070                     ?_I2C_MasterWaitForEvent:	
  3212                           ; 1 bytes @ 0x0
  3213                           
  3214     0070                     ?_I2C_MasterFsm:	
  3215                           ; 1 bytes @ 0x0
  3216                           
  3217     0070                     ?_I2C_MasterIsNack:	
  3218                           ; 1 bytes @ 0x0
  3219                           
  3220     0070                     ?_I2C_MasterSendTxData:	
  3221                           ; 1 bytes @ 0x0
  3222                           
  3223     0070                     ?_I2C_MasterGetRxData:	
  3224                           ; 1 bytes @ 0x0
  3225                           
  3226     0070                     ?_I2C_MasterSendAck:	
  3227                           ; 1 bytes @ 0x0
  3228                           
  3229     0070                     ?_I2C_MasterStartRx:	
  3230                           ; 1 bytes @ 0x0
  3231                           
  3232     0070                     ?_I2C_MasterSetIrq:	
  3233                           ; 1 bytes @ 0x0
  3234                           
  3235     0070                     ?_I2C_MasterEnableRestart:	
  3236                           ; 1 bytes @ 0x0
  3237                           
  3238     0070                     ?_I2C_MasterStop:	
  3239                           ; 1 bytes @ 0x0
  3240                           
  3241     0070                     ?_I2C_MasterSendNack:	
  3242                           ; 1 bytes @ 0x0
  3243                           
  3244     0070                     ?_OSCILLATOR_Initialize:	
  3245                           ; 1 bytes @ 0x0
  3246                           
  3247     0070                     ?_WDT_Initialize:	
  3248                           ; 1 bytes @ 0x0
  3249                           
  3250     0070                     ?_TMR1_Initialize:	
  3251                           ; 1 bytes @ 0x0
  3252                           
  3253     0070                     ?_TMR0_Initialize:	
  3254                           ; 1 bytes @ 0x0
  3255                           
  3256     0070                     ?_TMR0_ISR:	
  3257                           ; 1 bytes @ 0x0
  3258                           
  3259     0070                     ?_TMR0_CallBack:	
  3260                           ; 1 bytes @ 0x0
  3261                           
  3262     0070                     ?_TMR0_10msEven:	
  3263                           ; 1 bytes @ 0x0
  3264                           
  3265     0070                     ??_TMR0_10msEven:	
  3266                           ; 1 bytes @ 0x0
  3267                           
  3268     0070                     ?_TMR1_10msEven:	
  3269                           ; 1 bytes @ 0x0
  3270                           
  3271     0070                     ??_TMR1_10msEven:	
  3272                           ; 1 bytes @ 0x0
  3273                           
  3274     0070                     ?_RelayControl_Init:	
  3275                           ; 1 bytes @ 0x0
  3276                           
  3277     0070                     ?_POWER_ON_EEPROM_READ:	
  3278                           ; 1 bytes @ 0x0
  3279                           
  3280     0070                     ?_KEY_Init:	
  3281                           ; 1 bytes @ 0x0
  3282                           
  3283     0070                     ?_LCD_Init:	
  3284                           ; 1 bytes @ 0x0
  3285                           
  3286     0070                     ?_KEY_ScanAll:	
  3287                           ; 1 bytes @ 0x0
  3288                           
  3289     0070                     ?_LCD_Command:	
  3290                           ; 1 bytes @ 0x0
  3291                           
  3292     0070                     ?_Normal:	
  3293                           ; 1 bytes @ 0x0
  3294                           
  3295     0070                     ?_FunctionSet:	
  3296                           ; 1 bytes @ 0x0
  3297                           
  3298     0070                     ?_TimeAdjustment:	
  3299                           ; 1 bytes @ 0x0
  3300                           
  3301     0070                     ?_KeepTimerCounter:	
  3302                           ; 1 bytes @ 0x0
  3303                           
  3304     0070                     ??_KeepTimerCounter:	
  3305                           ; 1 bytes @ 0x0
  3306                           
  3307     0070                     ?_eeprom_read:	
  3308                           ; 1 bytes @ 0x0
  3309                           
  3310     0070                     ?_putch:	
  3311                           ; 1 bytes @ 0x0
  3312                           
  3313     0070                     ?_I2C_Initialize:	
  3314                           ; 1 bytes @ 0x0
  3315                           
  3316     0070                     ?_I2C_MasterOperation:	
  3317                           ; 1 bytes @ 0x0
  3318                           
  3319     0070                     ?_PIN_MANAGER_Initialize:	
  3320                           ; 1 bytes @ 0x0
  3321                           
  3322     0070                     ?_SYSTEM_Initialize:	
  3323                           ; 1 bytes @ 0x0
  3324                           
  3325     0070                     ?_TMR1_WriteTimer:	
  3326                           ; 1 bytes @ 0x0
  3327                           
  3328     0070                     ?_TMR1_ISR:	
  3329                           ; 1 bytes @ 0x0
  3330                           
  3331     0070                     ?_INTERRUPT_InterruptManager:	
  3332                           ; 1 bytes @ 0x0
  3333                           
  3334     0070                     ?_LCD_Data:	
  3335                           ; 1 bytes @ 0x0
  3336                           
  3337     0070                     ?_TimeModeSelect:	
  3338                           ; 1 bytes @ 0x0
  3339                           
  3340     0070                     ?_main:	
  3341                           ; 1 bytes @ 0x0
  3342                           
  3343     0070                     DispTimeAdjustment@mode:	
  3344                           ; 2 bytes @ 0x0
  3345                           
  3346     0070                     putch@c:	
  3347                           ; 1 bytes @ 0x0
  3348                           
  3349     0070                     TMR1_WriteTimer@timerVal:	
  3350                           ; 1 bytes @ 0x0
  3351                           
  3352                           
  3353                           ; 2 bytes @ 0x0
  3354     0070                     	ds	1
  3355     0071                     ??_TMR0_ISR:
  3356     0071                     ??_TMR0_CallBack:	
  3357                           ; 1 bytes @ 0x1
  3358                           
  3359                           
  3360                           ; 1 bytes @ 0x1
  3361     0071                     	ds	1
  3362     0072                     ??_I2C_Open:
  3363     0072                     ?_I2C_SetBuffer:	
  3364                           ; 1 bytes @ 0x2
  3365                           
  3366     0072                     ??_I2C_Close:	
  3367                           ; 1 bytes @ 0x2
  3368                           
  3369     0072                     ??_I2C_DO_IDLE:	
  3370                           ; 1 bytes @ 0x2
  3371                           
  3372     0072                     ??_I2C_DO_SEND_ADR_READ:	
  3373                           ; 1 bytes @ 0x2
  3374                           
  3375     0072                     ??_I2C_DO_RCEN:	
  3376                           ; 1 bytes @ 0x2
  3377                           
  3378     0072                     ??_I2C_DO_SEND_RESTART_READ:	
  3379                           ; 1 bytes @ 0x2
  3380                           
  3381     0072                     ??_I2C_DO_SEND_RESTART_WRITE:	
  3382                           ; 1 bytes @ 0x2
  3383                           
  3384     0072                     ??_I2C_DO_SEND_RESTART:	
  3385                           ; 1 bytes @ 0x2
  3386                           
  3387     0072                     ??_I2C_DO_SEND_STOP:	
  3388                           ; 1 bytes @ 0x2
  3389                           
  3390     0072                     ??_I2C_DO_RX_ACK:	
  3391                           ; 1 bytes @ 0x2
  3392                           
  3393     0072                     ??_I2C_DO_RX_NACK_STOP:	
  3394                           ; 1 bytes @ 0x2
  3395                           
  3396     0072                     ??_I2C_DO_RX_NACK_RESTART:	
  3397                           ; 1 bytes @ 0x2
  3398                           
  3399     0072                     ??_I2C_DO_RESET:	
  3400                           ; 1 bytes @ 0x2
  3401                           
  3402     0072                     ??_I2C_MasterClearIrq:	
  3403                           ; 1 bytes @ 0x2
  3404                           
  3405     0072                     ??_I2C_MasterOpen:	
  3406                           ; 1 bytes @ 0x2
  3407                           
  3408     0072                     ??_I2C_MasterDisableIrq:	
  3409                           ; 1 bytes @ 0x2
  3410                           
  3411     0072                     ??_I2C_MasterClose:	
  3412                           ; 1 bytes @ 0x2
  3413                           
  3414     0072                     ??_I2C_MasterStart:	
  3415                           ; 1 bytes @ 0x2
  3416                           
  3417     0072                     ?_I2C_SetCallback:	
  3418                           ; 1 bytes @ 0x2
  3419                           
  3420     0072                     ??_I2C_MasterWaitForEvent:	
  3421                           ; 1 bytes @ 0x2
  3422                           
  3423     0072                     ??_I2C_MasterIsNack:	
  3424                           ; 1 bytes @ 0x2
  3425                           
  3426     0072                     ??_I2C_MasterSendTxData:	
  3427                           ; 1 bytes @ 0x2
  3428                           
  3429     0072                     ??_I2C_MasterGetRxData:	
  3430                           ; 1 bytes @ 0x2
  3431                           
  3432     0072                     ??_I2C_MasterSendAck:	
  3433                           ; 1 bytes @ 0x2
  3434                           
  3435     0072                     ??_I2C_MasterStartRx:	
  3436                           ; 1 bytes @ 0x2
  3437                           
  3438     0072                     ??_I2C_MasterSetIrq:	
  3439                           ; 1 bytes @ 0x2
  3440                           
  3441     0072                     ??_I2C_MasterEnableRestart:	
  3442                           ; 1 bytes @ 0x2
  3443                           
  3444     0072                     ??_I2C_MasterStop:	
  3445                           ; 1 bytes @ 0x2
  3446                           
  3447     0072                     ??_I2C_MasterSendNack:	
  3448                           ; 1 bytes @ 0x2
  3449                           
  3450     0072                     ??_OSCILLATOR_Initialize:	
  3451                           ; 1 bytes @ 0x2
  3452                           
  3453     0072                     ??_WDT_Initialize:	
  3454                           ; 1 bytes @ 0x2
  3455                           
  3456     0072                     ??_TMR1_Initialize:	
  3457                           ; 1 bytes @ 0x2
  3458                           
  3459     0072                     ??_TMR0_Initialize:	
  3460                           ; 1 bytes @ 0x2
  3461                           
  3462     0072                     ??_eeprom_read:	
  3463                           ; 1 bytes @ 0x2
  3464                           
  3465     0072                     ??_putch:	
  3466                           ; 1 bytes @ 0x2
  3467                           
  3468     0072                     ??_I2C_Initialize:	
  3469                           ; 1 bytes @ 0x2
  3470                           
  3471     0072                     ??_PIN_MANAGER_Initialize:	
  3472                           ; 1 bytes @ 0x2
  3473                           
  3474     0072                     ??_SYSTEM_Initialize:	
  3475                           ; 1 bytes @ 0x2
  3476                           
  3477     0072                     ??_TMR1_WriteTimer:	
  3478                           ; 1 bytes @ 0x2
  3479                           
  3480     0072                     ??_TMR1_ISR:	
  3481                           ; 1 bytes @ 0x2
  3482                           
  3483     0072                     ?_TMR1_SetInterruptHandler:	
  3484                           ; 1 bytes @ 0x2
  3485                           
  3486     0072                     ??_INTERRUPT_InterruptManager:	
  3487                           ; 1 bytes @ 0x2
  3488                           
  3489     0072                     ?_TMR0_SetInterruptHandler:	
  3490                           ; 1 bytes @ 0x2
  3491                           
  3492     0072                     ??_TimeModeSelect:	
  3493                           ; 1 bytes @ 0x2
  3494                           
  3495     0072                     ?___bmul:	
  3496                           ; 1 bytes @ 0x2
  3497                           
  3498     0072                     ?_strncpy:	
  3499                           ; 1 bytes @ 0x2
  3500                           
  3501     0072                     ?_fputc:	
  3502                           ; 2 bytes @ 0x2
  3503                           
  3504     0072                     ?___wmul:	
  3505                           ; 2 bytes @ 0x2
  3506                           
  3507     0072                     ?___awdiv:	
  3508                           ; 2 bytes @ 0x2
  3509                           
  3510     0072                     ?___awmod:	
  3511                           ; 2 bytes @ 0x2
  3512                           
  3513     0072                     ?___lwdiv:	
  3514                           ; 2 bytes @ 0x2
  3515                           
  3516     0072                     ?___lwmod:	
  3517                           ; 2 bytes @ 0x2
  3518                           
  3519     0072                     I2C_Open@address:	
  3520                           ; 2 bytes @ 0x2
  3521                           
  3522     0072                     I2C_Close@returnValue:	
  3523                           ; 1 bytes @ 0x2
  3524                           
  3525     0072                     I2C_MasterSendTxData@data:	
  3526                           ; 1 bytes @ 0x2
  3527                           
  3528     0072                     ___bmul@multiplicand:	
  3529                           ; 1 bytes @ 0x2
  3530                           
  3531     0072                     I2C_SetBuffer@bufferSize:	
  3532                           ; 1 bytes @ 0x2
  3533                           
  3534     0072                     I2C_SetCallback@cb:	
  3535                           ; 2 bytes @ 0x2
  3536                           
  3537     0072                     TMR1_SetInterruptHandler@InterruptHandler:	
  3538                           ; 2 bytes @ 0x2
  3539                           
  3540     0072                     TMR0_SetInterruptHandler@InterruptHandler:	
  3541                           ; 2 bytes @ 0x2
  3542                           
  3543     0072                     ___wmul@multiplier:	
  3544                           ; 2 bytes @ 0x2
  3545                           
  3546     0072                     ___awdiv@divisor:	
  3547                           ; 2 bytes @ 0x2
  3548                           
  3549     0072                     ___awmod@divisor:	
  3550                           ; 2 bytes @ 0x2
  3551                           
  3552     0072                     ___lwdiv@divisor:	
  3553                           ; 2 bytes @ 0x2
  3554                           
  3555     0072                     ___lwmod@divisor:	
  3556                           ; 2 bytes @ 0x2
  3557                           
  3558     0072                     fputc@c:	
  3559                           ; 2 bytes @ 0x2
  3560                           
  3561     0072                     strncpy@d:	
  3562                           ; 2 bytes @ 0x2
  3563                           
  3564                           
  3565                           ; 2 bytes @ 0x2
  3566     0072                     	ds	1
  3567     0073                     ??_I2C_DO_SEND_ADR_WRITE:
  3568     0073                     ??___bmul:	
  3569                           ; 1 bytes @ 0x3
  3570                           
  3571     0073                     I2C_Open@returnValue:	
  3572                           ; 1 bytes @ 0x3
  3573                           
  3574                           
  3575                           ; 1 bytes @ 0x3
  3576     0073                     	ds	1
  3577     0074                     ??_I2C_SetBuffer:
  3578     0074                     ??_TMR1_SetInterruptHandler:	
  3579                           ; 1 bytes @ 0x4
  3580                           
  3581     0074                     ??_TMR0_SetInterruptHandler:	
  3582                           ; 1 bytes @ 0x4
  3583                           
  3584     0074                     I2C_SetBuffer@buffer:	
  3585                           ; 1 bytes @ 0x4
  3586                           
  3587     0074                     I2C_SetCallback@ptr:	
  3588                           ; 1 bytes @ 0x4
  3589                           
  3590     0074                     ___bmul@product:	
  3591                           ; 1 bytes @ 0x4
  3592                           
  3593     0074                     fputc@fp:	
  3594                           ; 1 bytes @ 0x4
  3595                           
  3596     0074                     ___wmul@multiplicand:	
  3597                           ; 1 bytes @ 0x4
  3598                           
  3599     0074                     ___awdiv@dividend:	
  3600                           ; 2 bytes @ 0x4
  3601                           
  3602     0074                     ___awmod@dividend:	
  3603                           ; 2 bytes @ 0x4
  3604                           
  3605     0074                     ___lwdiv@dividend:	
  3606                           ; 2 bytes @ 0x4
  3607                           
  3608     0074                     ___lwmod@dividend:	
  3609                           ; 2 bytes @ 0x4
  3610                           
  3611     0074                     strncpy@s:	
  3612                           ; 2 bytes @ 0x4
  3613                           
  3614                           
  3615                           ; 2 bytes @ 0x4
  3616     0074                     	ds	1
  3617     0075                     ??_I2C_SetCallback:
  3618     0075                     ??_fputc:	
  3619                           ; 1 bytes @ 0x5
  3620                           
  3621     0075                     I2C_SetCallback@idx:	
  3622                           ; 1 bytes @ 0x5
  3623                           
  3624     0075                     eeprom_read@addr:	
  3625                           ; 1 bytes @ 0x5
  3626                           
  3627     0075                     ___bmul@multiplier:	
  3628                           ; 1 bytes @ 0x5
  3629                           
  3630                           
  3631                           ; 1 bytes @ 0x5
  3632     0075                     	ds	1
  3633     0076                     ?_I2C_SetDataCompleteCallback:
  3634     0076                     ?_I2C_SetAddressNackCallback:	
  3635                           ; 1 bytes @ 0x6
  3636                           
  3637     0076                     ??_KEY_Init:	
  3638                           ; 1 bytes @ 0x6
  3639                           
  3640     0076                     ??_KEY_ScanAll:	
  3641                           ; 1 bytes @ 0x6
  3642                           
  3643     0076                     ??___wmul:	
  3644                           ; 1 bytes @ 0x6
  3645                           
  3646     0076                     ??___awdiv:	
  3647                           ; 1 bytes @ 0x6
  3648                           
  3649     0076                     ??___awmod:	
  3650                           ; 1 bytes @ 0x6
  3651                           
  3652     0076                     ??___lwdiv:	
  3653                           ; 1 bytes @ 0x6
  3654                           
  3655     0076                     ??___lwmod:	
  3656                           ; 1 bytes @ 0x6
  3657                           
  3658     0076                     ?_EEPROM_ReadWord:	
  3659                           ; 1 bytes @ 0x6
  3660                           
  3661     0076                     I2C_SetDataCompleteCallback@cb:	
  3662                           ; 2 bytes @ 0x6
  3663                           
  3664     0076                     I2C_SetAddressNackCallback@cb:	
  3665                           ; 2 bytes @ 0x6
  3666                           
  3667     0076                     ___wmul@product:	
  3668                           ; 2 bytes @ 0x6
  3669                           
  3670     0076                     strncpy@n:	
  3671                           ; 2 bytes @ 0x6
  3672                           
  3673                           
  3674                           ; 2 bytes @ 0x6
  3675     0076                     	ds	1
  3676     0077                     KEY_Init@i:
  3677     0077                     ___awmod@counter:	
  3678                           ; 1 bytes @ 0x7
  3679                           
  3680     0077                     ___lwdiv@counter:	
  3681                           ; 1 bytes @ 0x7
  3682                           
  3683     0077                     ___lwmod@counter:	
  3684                           ; 1 bytes @ 0x7
  3685                           
  3686                           
  3687                           ; 1 bytes @ 0x7
  3688     0077                     	ds	1
  3689     0078                     ??_POWER_ON_EEPROM_READ:
  3690     0078                     ?_Digital2Number:	
  3691                           ; 1 bytes @ 0x8
  3692                           
  3693     0078                     I2C_SetDataCompleteCallback@ptr:	
  3694                           ; 1 bytes @ 0x8
  3695                           
  3696     0078                     KEY_ScanAll@ii:	
  3697                           ; 1 bytes @ 0x8
  3698                           
  3699     0078                     Digital2Number@digital:	
  3700                           ; 1 bytes @ 0x8
  3701                           
  3702     0078                     ___awmod@sign:	
  3703                           ; 1 bytes @ 0x8
  3704                           
  3705     0078                     I2C_SetAddressNackCallback@ptr:	
  3706                           ; 1 bytes @ 0x8
  3707                           
  3708     0078                     ___lwdiv@quotient:	
  3709                           ; 2 bytes @ 0x8
  3710                           
  3711     0078                     strncpy@cp:	
  3712                           ; 2 bytes @ 0x8
  3713                           
  3714                           
  3715                           ; 2 bytes @ 0x8
  3716     0078                     	ds	1
  3717     0079                     ??_I2C_SetDataCompleteCallback:
  3718     0079                     ?_wr1RegCompleteHandler:	
  3719                           ; 1 bytes @ 0x9
  3720                           
  3721     0079                     ?_I2C_CallbackReturnStop:	
  3722                           ; 1 bytes @ 0x9
  3723                           
  3724     0079                     ?_I2C_CallbackReturnReset:	
  3725                           ; 1 bytes @ 0x9
  3726                           
  3727     0079                     ??_TimeAdjustment:	
  3728                           ; 1 bytes @ 0x9
  3729                           
  3730     0079                     wr1RegCompleteHandler@ptr:	
  3731                           ; 1 bytes @ 0x9
  3732                           
  3733     0079                     I2C_CallbackReturnStop@funPtr:	
  3734                           ; 1 bytes @ 0x9
  3735                           
  3736     0079                     I2C_CallbackReturnReset@funPtr:	
  3737                           ; 1 bytes @ 0x9
  3738                           
  3739     0079                     KEY_ScanAll@k:	
  3740                           ; 1 bytes @ 0x9
  3741                           
  3742                           
  3743                           ; 1 bytes @ 0x9
  3744     0079                     	ds	1
  3745     007A                     ??_wr1RegCompleteHandler:
  3746     007A                     ??_I2C_SetAddressNackCallback:	
  3747                           ; 1 bytes @ 0xA
  3748                           
  3749     007A                     ??_I2C_MasterWrite:	
  3750                           ; 1 bytes @ 0xA
  3751                           
  3752     007A                     ??_I2C_CallbackReturnStop:	
  3753                           ; 1 bytes @ 0xA
  3754                           
  3755     007A                     ??_I2C_CallbackReturnReset:	
  3756                           ; 1 bytes @ 0xA
  3757                           
  3758     007A                     ??_I2C_Poller:	
  3759                           ; 1 bytes @ 0xA
  3760                           
  3761     007A                     ??_RelayControl_Init:	
  3762                           ; 1 bytes @ 0xA
  3763                           
  3764     007A                     ??_LCD_SetCursor:	
  3765                           ; 1 bytes @ 0xA
  3766                           
  3767     007A                     ??_DispFunctionSet:	
  3768                           ; 1 bytes @ 0xA
  3769                           
  3770     007A                     ??_Normal:	
  3771                           ; 1 bytes @ 0xA
  3772                           
  3773     007A                     ??_I2C_Write1ByteRegister:	
  3774                           ; 1 bytes @ 0xA
  3775                           
  3776     007A                     ??_I2C_MasterOperation:	
  3777                           ; 1 bytes @ 0xA
  3778                           
  3779     007A                     ??_main:	
  3780                           ; 1 bytes @ 0xA
  3781                           
  3782                           
  3783                           	psect	cstackBANK0
  3784     0020                     __pcstackBANK0:	
  3785                           ; 1 bytes @ 0xA
  3786                           
  3787     0020                     ??_I2C_DO_TX:
  3788     0020                     ??_I2C_DO_RX:	
  3789                           ; 1 bytes @ 0x0
  3790                           
  3791     0020                     ??_I2C_DO_TX_EMPTY:	
  3792                           ; 1 bytes @ 0x0
  3793                           
  3794     0020                     ??_I2C_DO_ADDRESS_NACK:	
  3795                           ; 1 bytes @ 0x0
  3796                           
  3797     0020                     ??_strncpy:	
  3798                           ; 1 bytes @ 0x0
  3799                           
  3800     0020                     ??_EEPROM_ReadWord:	
  3801                           ; 1 bytes @ 0x0
  3802                           
  3803     0020                     ?_Number2Digital:	
  3804                           ; 1 bytes @ 0x0
  3805                           
  3806     0020                     ??_Digital2Number:	
  3807                           ; 1 bytes @ 0x0
  3808                           
  3809     0020                     ?_abs:	
  3810                           ; 1 bytes @ 0x0
  3811                           
  3812     0020                     ___awdiv@counter:	
  3813                           ; 2 bytes @ 0x0
  3814                           
  3815     0020                     Number2Digital@Num:	
  3816                           ; 1 bytes @ 0x0
  3817                           
  3818     0020                     abs@a:	
  3819                           ; 2 bytes @ 0x0
  3820                           
  3821                           
  3822                           ; 2 bytes @ 0x0
  3823     0020                     	ds	1
  3824     0021                     ___awdiv@sign:
  3825                           
  3826                           ; 1 bytes @ 0x1
  3827     0021                     	ds	1
  3828     0022                     ??_I2C_MasterFsm:
  3829     0022                     ??_abs:	
  3830                           ; 1 bytes @ 0x2
  3831                           
  3832     0022                     Number2Digital@digiNum:	
  3833                           ; 1 bytes @ 0x2
  3834                           
  3835     0022                     ___awdiv@quotient:	
  3836                           ; 2 bytes @ 0x2
  3837                           
  3838                           
  3839                           ; 2 bytes @ 0x2
  3840     0022                     	ds	2
  3841     0024                     ??_Number2Digital:
  3842     0024                     ?_vfpfcnvrt:	
  3843                           ; 1 bytes @ 0x4
  3844                           
  3845     0024                     I2C_MasterOperation@read:	
  3846                           ; 1 bytes @ 0x4
  3847                           
  3848     0024                     vfpfcnvrt@fmt:	
  3849                           ; 1 bytes @ 0x4
  3850                           
  3851                           
  3852                           ; 1 bytes @ 0x4
  3853     0024                     	ds	1
  3854     0025                     I2C_MasterOperation@returnValue:
  3855     0025                     EEPROM_ReadWord@low:	
  3856                           ; 1 bytes @ 0x5
  3857                           
  3858     0025                     vfpfcnvrt@ap:	
  3859                           ; 1 bytes @ 0x5
  3860                           
  3861                           
  3862                           ; 1 bytes @ 0x5
  3863     0025                     	ds	1
  3864     0026                     ?_I2C_Write1ByteRegister:
  3865     0026                     ??_vfpfcnvrt:	
  3866                           ; 1 bytes @ 0x6
  3867                           
  3868     0026                     I2C_Write1ByteRegister@reg:	
  3869                           ; 1 bytes @ 0x6
  3870                           
  3871     0026                     EEPROM_ReadWord@high:	
  3872                           ; 1 bytes @ 0x6
  3873                           
  3874                           
  3875                           ; 1 bytes @ 0x6
  3876     0026                     	ds	1
  3877     0027                     I2C_Write1ByteRegister@data:
  3878     0027                     EEPROM_ReadWord@address:	
  3879                           ; 1 bytes @ 0x7
  3880                           
  3881     0027                     Number2Digital@temp:	
  3882                           ; 1 bytes @ 0x7
  3883                           
  3884                           
  3885                           ; 2 bytes @ 0x7
  3886     0027                     	ds	1
  3887     0028                     I2C_Write1ByteRegister@address:
  3888     0028                     Digital2Number@temp1:	
  3889                           ; 1 bytes @ 0x8
  3890                           
  3891                           
  3892                           ; 2 bytes @ 0x8
  3893     0028                     	ds	1
  3894     0029                     ??_FunctionSet:
  3895     0029                     ?_PCF8574_LCD_SendNibble:	
  3896                           ; 1 bytes @ 0x9
  3897                           
  3898     0029                     PCF8574_LCD_SendNibble@rs:	
  3899                           ; 1 bytes @ 0x9
  3900                           
  3901                           
  3902                           ; 1 bytes @ 0x9
  3903     0029                     	ds	1
  3904     002A                     ??_PCF8574_LCD_SendNibble:
  3905     002A                     Digital2Number@temp2:	
  3906                           ; 1 bytes @ 0xA
  3907                           
  3908     002A                     vfpfcnvrt@cp_1915:	
  3909                           ; 2 bytes @ 0xA
  3910                           
  3911                           
  3912                           ; 2 bytes @ 0xA
  3913     002A                     	ds	1
  3914     002B                     PCF8574_LCD_SendNibble@nibble:
  3915                           
  3916                           ; 1 bytes @ 0xB
  3917     002B                     	ds	1
  3918     002C                     PCF8574_LCD_SendNibble@data:
  3919     002C                     Digital2Number@temp3:	
  3920                           ; 1 bytes @ 0xC
  3921                           
  3922     002C                     vfpfcnvrt@cp:	
  3923                           ; 2 bytes @ 0xC
  3924                           
  3925                           
  3926                           ; 2 bytes @ 0xC
  3927     002C                     	ds	1
  3928     002D                     ?_LCD_Print:
  3929     002D                     ??_LCD_Command:	
  3930                           ; 1 bytes @ 0xD
  3931                           
  3932     002D                     ??_LCD_Data:	
  3933                           ; 1 bytes @ 0xD
  3934                           
  3935                           
  3936                           ; 1 bytes @ 0xD
  3937     002D                     	ds	1
  3938     002E                     LCD_Command@cmd:
  3939     002E                     LCD_Data@data:	
  3940                           ; 1 bytes @ 0xE
  3941                           
  3942     002E                     vfpfcnvrt@fp:	
  3943                           ; 1 bytes @ 0xE
  3944                           
  3945     002E                     Digital2Number@temp4:	
  3946                           ; 1 bytes @ 0xE
  3947                           
  3948                           
  3949                           ; 2 bytes @ 0xE
  3950     002E                     	ds	1
  3951     002F                     ??_LCD_Init:
  3952     002F                     ?_LCD_SetCursor:	
  3953                           ; 1 bytes @ 0xF
  3954                           
  3955     002F                     ??_LCD_Print:	
  3956                           ; 1 bytes @ 0xF
  3957                           
  3958     002F                     LCD_SetCursor@row:	
  3959                           ; 1 bytes @ 0xF
  3960                           
  3961     002F                     vfpfcnvrt@done:	
  3962                           ; 1 bytes @ 0xF
  3963                           
  3964                           
  3965                           ; 1 bytes @ 0xF
  3966     002F                     	ds	1
  3967     0030                     LCD_Print@str:
  3968     0030                     Digital2Number@Num:	
  3969                           ; 1 bytes @ 0x10
  3970                           
  3971     0030                     LCD_SetCursor@row_offsets:	
  3972                           ; 1 bytes @ 0x10
  3973                           
  3974     0030                     vfpfcnvrt@convarg:	
  3975                           ; 4 bytes @ 0x10
  3976                           
  3977                           
  3978                           ; 4 bytes @ 0x10
  3979     0030                     	ds	1
  3980     0031                     TimeAdjustment@DigPtr:
  3981                           
  3982                           ; 1 bytes @ 0x11
  3983     0031                     	ds	3
  3984     0034                     LCD_SetCursor@col:
  3985     0034                     vfpfcnvrt@c:	
  3986                           ; 1 bytes @ 0x14
  3987                           
  3988                           
  3989                           ; 1 bytes @ 0x14
  3990     0034                     	ds	1
  3991     0035                     ?_vfprintf:
  3992     0035                     vfprintf@fmt:	
  3993                           ; 2 bytes @ 0x15
  3994                           
  3995                           
  3996                           ; 2 bytes @ 0x15
  3997     0035                     	ds	2
  3998     0037                     vfprintf@ap:
  3999                           
  4000                           ; 1 bytes @ 0x17
  4001     0037                     	ds	1
  4002     0038                     ??_vfprintf:
  4003                           
  4004                           ; 1 bytes @ 0x18
  4005     0038                     	ds	1
  4006     0039                     vfprintf@fp:
  4007                           
  4008                           ; 1 bytes @ 0x19
  4009     0039                     	ds	1
  4010     003A                     vfprintf@cfmt:
  4011                           
  4012                           ; 2 bytes @ 0x1A
  4013     003A                     	ds	2
  4014     003C                     ?_sprintf:
  4015     003C                     sprintf@fmt:	
  4016                           ; 2 bytes @ 0x1C
  4017                           
  4018                           
  4019                           ; 2 bytes @ 0x1C
  4020     003C                     	ds	14
  4021     004A                     ??_sprintf:
  4022                           
  4023                           ; 1 bytes @ 0x2A
  4024     004A                     	ds	1
  4025     004B                     sprintf@ap:
  4026                           
  4027                           ; 1 bytes @ 0x2B
  4028     004B                     	ds	1
  4029     004C                     sprintf@f:
  4030                           
  4031                           ; 11 bytes @ 0x2C
  4032     004C                     	ds	11
  4033     0057                     sprintf@s:
  4034                           
  4035                           ; 1 bytes @ 0x37
  4036     0057                     	ds	1
  4037     0058                     ?_DispNormal:
  4038     0058                     ?_DispFunctionSet:	
  4039                           ; 1 bytes @ 0x38
  4040                           
  4041     0058                     ?_DispTimeAdjustment:	
  4042                           ; 1 bytes @ 0x38
  4043                           
  4044     0058                     DispNormal@n:	
  4045                           ; 1 bytes @ 0x38
  4046                           
  4047     0058                     DispFunctionSet@n:	
  4048                           ; 1 bytes @ 0x38
  4049                           
  4050     0058                     DispTimeAdjustment@n:	
  4051                           ; 1 bytes @ 0x38
  4052                           
  4053                           
  4054                           ; 1 bytes @ 0x38
  4055     0058                     	ds	1
  4056     0059                     DispNormal@Num:
  4057     0059                     DispFunctionSet@Num:	
  4058                           ; 2 bytes @ 0x39
  4059                           
  4060     0059                     DispTimeAdjustment@Num:	
  4061                           ; 2 bytes @ 0x39
  4062                           
  4063                           
  4064                           ; 2 bytes @ 0x39
  4065     0059                     	ds	2
  4066     005B                     DispNormal@buf:
  4067     005B                     DispFunctionSet@buf:	
  4068                           ; 1 bytes @ 0x3B
  4069                           
  4070     005B                     DispTimeAdjustment@buf:	
  4071                           ; 1 bytes @ 0x3B
  4072                           
  4073                           
  4074                           ; 1 bytes @ 0x3B
  4075     005B                     	ds	1
  4076     005C                     ??_DispNormal:
  4077     005C                     ??_DispTimeAdjustment:	
  4078                           ; 1 bytes @ 0x3C
  4079                           
  4080     005C                     DispFunctionSet@mode:	
  4081                           ; 1 bytes @ 0x3C
  4082                           
  4083                           
  4084                           ; 1 bytes @ 0x3C
  4085     005C                     	ds	10
  4086                           
  4087                           	psect	maintext
  4088     0362                     __pmaintext:	
  4089 ;;
  4090 ;;Main: autosize = 0, tempsize = 0, incstack = 0, save=0
  4091 ;;
  4092 ;; *************** function _main *****************
  4093 ;; Defined at:
  4094 ;;		line 79 in file "main.c"
  4095 ;; Parameters:    Size  Location     Type
  4096 ;;		None
  4097 ;; Auto vars:     Size  Location     Type
  4098 ;;		None
  4099 ;; Return value:  Size  Location     Type
  4100 ;;                  2  551[None  ] int 
  4101 ;; Registers used:
  4102 ;;		wreg, fsr0l, fsr0h, fsr1l, fsr1h, status,2, status,0, pclath, cstack
  4103 ;; Tracked objects:
  4104 ;;		On entry : B1F/0
  4105 ;;		On exit  : 0/0
  4106 ;;		Unchanged: 0/0
  4107 ;; Data sizes:     COMMON   BANK0   BANK1   BANK2   BANK3   BANK4   BANK5   BANK6
  4108 ;;      Params:         0       0       0       0       0       0       0       0
  4109 ;;      Locals:         0       0       0       0       0       0       0       0
  4110 ;;      Temps:          0       0       0       0       0       0       0       0
  4111 ;;      Totals:         0       0       0       0       0       0       0       0
  4112 ;;Total ram usage:        0 bytes
  4113 ;; Hardware stack levels required when called: 16
  4114 ;; This function calls:
  4115 ;;		_DispFunctionSet
  4116 ;;		_DispNormal
  4117 ;;		_DispTimeAdjustment
  4118 ;;		_FunctionSet
  4119 ;;		_KEY_Init
  4120 ;;		_KEY_ScanAll
  4121 ;;		_LCD_Command
  4122 ;;		_LCD_Init
  4123 ;;		_LCD_Print
  4124 ;;		_LCD_SetCursor
  4125 ;;		_Normal
  4126 ;;		_POWER_ON_EEPROM_READ
  4127 ;;		_RelayControl_Init
  4128 ;;		_SYSTEM_Initialize
  4129 ;;		_TMR0_SetInterruptHandler
  4130 ;;		_TMR1_SetInterruptHandler
  4131 ;;		_TimeAdjustment
  4132 ;;		_sprintf
  4133 ;; This function is called by:
  4134 ;;		Startup code after reset
  4135 ;; This function uses a non-reentrant model
  4136 ;;
  4137                           
  4138     0362                     _main:	
  4139                           ;psect for function _main
  4140                           
  4141     0362                     l5858:	
  4142                           ;incstack = 0
  4143                           ; Regs used in _main: [wreg-fsr1h+status,2+status,0+pclath+cstack]
  4144                           
  4145                           
  4146                           ;main.c: 81:   SYSTEM_Initialize();
  4147     0362  3188  2019  3183   	fcall	_SYSTEM_Initialize
  4148                           
  4149                           ;main.c: 82:   TMR0_SetInterruptHandler(TMR0_10msEven);
  4150     0365  302C               	movlw	low _TMR0_10msEven
  4151     0366  00F2               	movwf	TMR0_SetInterruptHandler@InterruptHandler
  4152     0367  3008               	movlw	high _TMR0_10msEven
  4153     0368  00F3               	movwf	TMR0_SetInterruptHandler@InterruptHandler+1
  4154     0369  3197  2728  3183   	fcall	_TMR0_SetInterruptHandler
  4155                           
  4156                           ;main.c: 83:   TMR1_SetInterruptHandler(TMR1_10msEven);
  4157     036C  302E               	movlw	low _TMR1_10msEven
  4158     036D  00F2               	movwf	TMR1_SetInterruptHandler@InterruptHandler
  4159     036E  300F               	movlw	high _TMR1_10msEven
  4160     036F  00F3               	movwf	TMR1_SetInterruptHandler@InterruptHandler+1
  4161     0370  3197  272E  3183   	fcall	_TMR1_SetInterruptHandler
  4162     0373                     l5860:
  4163                           
  4164                           ;main.c: 86:   (INTCONbits.GIE = 1);
  4165     0373  178B               	bsf	11,7	;volatile
  4166     0374                     l5862:
  4167                           
  4168                           ;main.c: 89:   (INTCONbits.PEIE = 1);
  4169     0374  170B               	bsf	11,6	;volatile
  4170     0375                     l5864:
  4171                           
  4172                           ;main.c: 91:   RelayControl_Init();
  4173     0375  3188  20CD  3183   	fcall	_RelayControl_Init
  4174     0378                     l5866:
  4175                           
  4176                           ;main.c: 92:   POWER_ON_EEPROM_READ();
  4177     0378  3197  27ED  3183   	fcall	_POWER_ON_EEPROM_READ
  4178     037B                     l5868:
  4179                           
  4180                           ;main.c: 93:   KEY_Init();
  4181     037B  318D  25AD  3183   	fcall	_KEY_Init
  4182     037E                     l5870:
  4183                           
  4184                           ;main.c: 94:   LCD_Init();
  4185     037E  318E  266A  3183   	fcall	_LCD_Init
  4186     0381                     l5872:
  4187                           
  4188                           ;main.c: 107:     if (fT0_fT10ms) {
  4189     0381  0021               	movlb	1	; select bank1
  4190     0382  085E               	movf	_fT0_fT10ms^(0+128),w
  4191     0383  1903               	btfsc	3,2
  4192     0384  2B86               	goto	u4881
  4193     0385  2B87               	goto	u4880
  4194     0386                     u4881:
  4195     0386  2BAF               	goto	l5886
  4196     0387                     u4880:
  4197     0387                     l5874:
  4198                           
  4199                           ;main.c: 108:       fT0_fT10ms = 0;
  4200     0387  01DE               	clrf	_fT0_fT10ms^(0+128)
  4201     0388                     l5876:
  4202                           
  4203                           ;main.c: 110:       key[0].fKeyIn = (PORTBbits.RB0 == 0);
  4204     0388  1003               	clrc
  4205     0389  0020               	movlb	0	; select bank0
  4206     038A  1C0D               	btfss	13,0	;volatile
  4207     038B  1403               	setc
  4208     038C  3000               	movlw	0
  4209     038D  1803               	btfsc	3,0
  4210     038E  3001               	movlw	1
  4211     038F  0023               	movlb	3	; select bank3
  4212     0390  00AA               	movwf	(_key^(0+384)+10)
  4213     0391                     l5878:
  4214                           
  4215                           ;main.c: 111:       key[1].fKeyIn = (PORTBbits.RB1 == 0);
  4216     0391  1003               	clrc
  4217     0392  0020               	movlb	0	; select bank0
  4218     0393  1C8D               	btfss	13,1	;volatile
  4219     0394  1403               	setc
  4220     0395  3000               	movlw	0
  4221     0396  1803               	btfsc	3,0
  4222     0397  3001               	movlw	1
  4223     0398  0023               	movlb	3	; select bank3
  4224     0399  00B5               	movwf	(_key^(0+384)+21)
  4225     039A                     l5880:
  4226                           
  4227                           ;main.c: 112:       key[2].fKeyIn = (PORTBbits.RB2 == 0);
  4228     039A  1003               	clrc
  4229     039B  0020               	movlb	0	; select bank0
  4230     039C  1D0D               	btfss	13,2	;volatile
  4231     039D  1403               	setc
  4232     039E  3000               	movlw	0
  4233     039F  1803               	btfsc	3,0
  4234     03A0  3001               	movlw	1
  4235     03A1  0023               	movlb	3	; select bank3
  4236     03A2  00C0               	movwf	(_key^(0+384)+32)
  4237     03A3                     l5882:
  4238                           
  4239                           ;main.c: 113:       key[3].fKeyIn = (PORTBbits.RB3 == 0);
  4240     03A3  1003               	clrc
  4241     03A4  0020               	movlb	0	; select bank0
  4242     03A5  1D8D               	btfss	13,3	;volatile
  4243     03A6  1403               	setc
  4244     03A7  3000               	movlw	0
  4245     03A8  1803               	btfsc	3,0
  4246     03A9  3001               	movlw	1
  4247     03AA  0023               	movlb	3	; select bank3
  4248     03AB  00CB               	movwf	(_key^(0+384)+43)
  4249     03AC                     l5884:
  4250                           
  4251                           ;main.c: 114:       KEY_ScanAll();
  4252     03AC  3181  21E1  3183   	fcall	_KEY_ScanAll
  4253     03AF                     l5886:
  4254                           
  4255                           ;main.c: 118:     if (fT0_1second) {
  4256     03AF  0021               	movlb	1	; select bank1
  4257     03B0  085D               	movf	_fT0_1second^(0+128),w
  4258     03B1  1903               	btfsc	3,2
  4259     03B2  2BB4               	goto	u4891
  4260     03B3  2BB5               	goto	u4890
  4261     03B4                     u4891:
  4262     03B4  2C66               	goto	l5908
  4263     03B5                     u4890:
  4264     03B5                     l5888:
  4265                           
  4266                           ;main.c: 119:       fT0_1second = 0;
  4267     03B5  01DD               	clrf	_fT0_1second^(0+128)
  4268                           
  4269                           ;main.c: 120:       switch (LCD_DispMode) {
  4270     03B6  2C4E               	goto	l5898
  4271     03B7                     l5890:
  4272                           
  4273                           ;main.c: 122:         LCD_SetCursor(0, 0);
  4274     03B7  0020               	movlb	0	; select bank0
  4275     03B8  01AF               	clrf	LCD_SetCursor@row
  4276     03B9  3000               	movlw	0
  4277     03BA  3189  211F  3183   	fcall	_LCD_SetCursor
  4278                           
  4279                           ;main.c: 123:         DispNormal(TimeMode, 1, SetTimer1_cnt, buf);
  4280     03BD  0020               	movlb	0	; select bank0
  4281     03BE  01D8               	clrf	DispNormal@n
  4282     03BF  0AD8               	incf	DispNormal@n,f
  4283     03C0  0869               	movf	_SetTimer1_cnt+1,w
  4284     03C1  00DA               	movwf	DispNormal@Num+1
  4285     03C2  0868               	movf	_SetTimer1_cnt,w
  4286     03C3  00D9               	movwf	DispNormal@Num
  4287     03C4  305D               	movlw	(low (_buf| (0+256)))& (0+255)
  4288     03C5  00DB               	movwf	DispNormal@buf
  4289     03C6  086A               	movf	_TimeMode,w
  4290     03C7  3184  2474  3183   	fcall	_DispNormal
  4291                           
  4292                           ;main.c: 124:         LCD_Print(buf);
  4293     03CA  305D               	movlw	(low (_buf| (0+256)))& (0+255)
  4294     03CB  3188  20B3  3183   	fcall	_LCD_Print
  4295                           
  4296                           ;main.c: 126:         LCD_SetCursor(0, 1);
  4297     03CE  0020               	movlb	0	; select bank0
  4298     03CF  01AF               	clrf	LCD_SetCursor@row
  4299     03D0  0AAF               	incf	LCD_SetCursor@row,f
  4300     03D1  3000               	movlw	0
  4301     03D2  3189  211F  3183   	fcall	_LCD_SetCursor
  4302                           
  4303                           ;main.c: 127:         DispNormal(TimeMode, 2, SetTimer2_cnt, buf);
  4304     03D5  3002               	movlw	2
  4305     03D6  0020               	movlb	0	; select bank0
  4306     03D7  00D8               	movwf	DispNormal@n
  4307     03D8  0867               	movf	_SetTimer2_cnt+1,w
  4308     03D9  00DA               	movwf	DispNormal@Num+1
  4309     03DA  0866               	movf	_SetTimer2_cnt,w
  4310     03DB  00D9               	movwf	DispNormal@Num
  4311     03DC  305D               	movlw	(low (_buf| (0+256)))& (0+255)
  4312     03DD  00DB               	movwf	DispNormal@buf
  4313     03DE  086A               	movf	_TimeMode,w
  4314     03DF  3184  2474  3183   	fcall	_DispNormal
  4315                           
  4316                           ;main.c: 128:         LCD_Print(buf);
  4317     03E2  305D               	movlw	(low (_buf| (0+256)))& (0+255)
  4318     03E3  3188  20B3  3183   	fcall	_LCD_Print
  4319                           
  4320                           ;main.c: 129:         break;
  4321     03E6  2C66               	goto	l5908
  4322     03E7                     l5892:
  4323                           
  4324                           ;main.c: 132:         LCD_SetCursor(0, 0);
  4325     03E7  0020               	movlb	0	; select bank0
  4326     03E8  01AF               	clrf	LCD_SetCursor@row
  4327     03E9  3000               	movlw	0
  4328     03EA  3189  211F  3183   	fcall	_LCD_SetCursor
  4329                           
  4330                           ;main.c: 133:         sprintf(buf, "FunctionSet Mode");
  4331     03ED  3000               	movlw	low (STR_1| (0+32768))
  4332     03EE  0020               	movlb	0	; select bank0
  4333     03EF  00BC               	movwf	sprintf@fmt
  4334     03F0  3098               	movlw	high (STR_1| (0+32768))
  4335     03F1  00BD               	movwf	sprintf@fmt+1
  4336     03F2  305D               	movlw	(low (_buf| (0+256)))& (0+255)
  4337     03F3  3189  213C  3183   	fcall	_sprintf
  4338                           
  4339                           ;main.c: 134:         LCD_Print(buf);
  4340     03F6  305D               	movlw	(low (_buf| (0+256)))& (0+255)
  4341     03F7  3188  20B3  3183   	fcall	_LCD_Print
  4342                           
  4343                           ;main.c: 135:         LCD_SetCursor(0, 1);
  4344     03FA  0020               	movlb	0	; select bank0
  4345     03FB  01AF               	clrf	LCD_SetCursor@row
  4346     03FC  0AAF               	incf	LCD_SetCursor@row,f
  4347     03FD  3000               	movlw	0
  4348     03FE  3189  211F  3183   	fcall	_LCD_SetCursor
  4349                           
  4350                           ;main.c: 136:         DispFunctionSet(TimeMode, 2, SetTimer2_cnt, buf);
  4351     0401  3002               	movlw	2
  4352     0402  0020               	movlb	0	; select bank0
  4353     0403  00D8               	movwf	DispFunctionSet@n
  4354     0404  0867               	movf	_SetTimer2_cnt+1,w
  4355     0405  00DA               	movwf	DispFunctionSet@Num+1
  4356     0406  0866               	movf	_SetTimer2_cnt,w
  4357     0407  00D9               	movwf	DispFunctionSet@Num
  4358     0408  305D               	movlw	(low (_buf| (0+256)))& (0+255)
  4359     0409  00DB               	movwf	DispFunctionSet@buf
  4360     040A  086A               	movf	_TimeMode,w
  4361     040B  318A  2227  3183   	fcall	_DispFunctionSet
  4362                           
  4363                           ;main.c: 137:         LCD_Print(buf);
  4364     040E  305D               	movlw	(low (_buf| (0+256)))& (0+255)
  4365     040F  3188  20B3  3183   	fcall	_LCD_Print
  4366                           
  4367                           ;main.c: 138:         break;
  4368     0412  2C66               	goto	l5908
  4369     0413                     l5894:
  4370                           
  4371                           ;main.c: 141:         LCD_SetCursor(0, 0);
  4372     0413  0020               	movlb	0	; select bank0
  4373     0414  01AF               	clrf	LCD_SetCursor@row
  4374     0415  3000               	movlw	0
  4375     0416  3189  211F  3183   	fcall	_LCD_SetCursor
  4376                           
  4377                           ;main.c: 142:         DispTimeAdjustment(TimeMode, 1, SetTimer1_cnt, buf);
  4378     0419  0020               	movlb	0	; select bank0
  4379     041A  01D8               	clrf	DispTimeAdjustment@n
  4380     041B  0AD8               	incf	DispTimeAdjustment@n,f
  4381     041C  0869               	movf	_SetTimer1_cnt+1,w
  4382     041D  00DA               	movwf	DispTimeAdjustment@Num+1
  4383     041E  0868               	movf	_SetTimer1_cnt,w
  4384     041F  00D9               	movwf	DispTimeAdjustment@Num
  4385     0420  305D               	movlw	(low (_buf| (0+256)))& (0+255)
  4386     0421  00DB               	movwf	DispTimeAdjustment@buf
  4387     0422  086A               	movf	_TimeMode,w
  4388     0423  3186  26DE  3183   	fcall	_DispTimeAdjustment
  4389                           
  4390                           ;main.c: 143:         LCD_Print(buf);
  4391     0426  305D               	movlw	(low (_buf| (0+256)))& (0+255)
  4392     0427  3188  20B3  3183   	fcall	_LCD_Print
  4393                           
  4394                           ;main.c: 144:         LCD_SetCursor(0, 1);
  4395     042A  0020               	movlb	0	; select bank0
  4396     042B  01AF               	clrf	LCD_SetCursor@row
  4397     042C  0AAF               	incf	LCD_SetCursor@row,f
  4398     042D  3000               	movlw	0
  4399     042E  3189  211F  3183   	fcall	_LCD_SetCursor
  4400                           
  4401                           ;main.c: 145:         DispTimeAdjustment(TimeMode, 2, SetTimer2_cnt, buf);
  4402     0431  3002               	movlw	2
  4403     0432  0020               	movlb	0	; select bank0
  4404     0433  00D8               	movwf	DispTimeAdjustment@n
  4405     0434  0867               	movf	_SetTimer2_cnt+1,w
  4406     0435  00DA               	movwf	DispTimeAdjustment@Num+1
  4407     0436  0866               	movf	_SetTimer2_cnt,w
  4408     0437  00D9               	movwf	DispTimeAdjustment@Num
  4409     0438  305D               	movlw	(low (_buf| (0+256)))& (0+255)
  4410     0439  00DB               	movwf	DispTimeAdjustment@buf
  4411     043A  086A               	movf	_TimeMode,w
  4412     043B  3186  26DE  3183   	fcall	_DispTimeAdjustment
  4413                           
  4414                           ;main.c: 146:         LCD_Print(buf);
  4415     043E  305D               	movlw	(low (_buf| (0+256)))& (0+255)
  4416     043F  3188  20B3  3183   	fcall	_LCD_Print
  4417                           
  4418                           ;main.c: 148:         LCD_SetCursor(Cursor_pos, 0);
  4419     0442  0020               	movlb	0	; select bank0
  4420     0443  01AF               	clrf	LCD_SetCursor@row
  4421     0444  0021               	movlb	1	; select bank1
  4422     0445  085C               	movf	_Cursor_pos^(0+128),w
  4423     0446  3189  211F  3183   	fcall	_LCD_SetCursor
  4424                           
  4425                           ;main.c: 149:         LCD_Command(0x0E);
  4426     0449  300E               	movlw	14
  4427     044A  3189  215A  3183   	fcall	_LCD_Command
  4428                           
  4429                           ;main.c: 150:         break;
  4430     044D  2C66               	goto	l5908
  4431     044E                     l5898:
  4432     044E  085B               	movf	_LCD_DispMode^(0+128),w
  4433                           
  4434                           ; Switch size 1, requested type "simple"
  4435                           ; Number of cases is 3, Range of values is 0 to 2
  4436                           ; switch strategies available:
  4437                           ; Name         Instructions Cycles
  4438                           ; simple_byte           10     6 (average)
  4439                           ; direct_byte           12     6 (fixed)
  4440                           ; jumptable            260     6 (fixed)
  4441                           ;	Chosen strategy is simple_byte
  4442     044F  3A00               	xorlw	0	; case 0
  4443     0450  1903               	skipnz
  4444     0451  2BB7               	goto	l5890
  4445     0452  3A01               	xorlw	1	; case 1
  4446     0453  1903               	skipnz
  4447     0454  2BE7               	goto	l5892
  4448     0455  3A03               	xorlw	3	; case 2
  4449     0456  1903               	skipnz
  4450     0457  2C13               	goto	l5894
  4451     0458  2C59               	goto	l554
  4452     0459                     l554:	
  4453                           ;main.c: 155:     }
  4454                           
  4455                           
  4456                           ;main.c: 157:     switch (LCD_DispMode) {
  4457     0459  2C66               	goto	l5908
  4458     045A                     l5900:
  4459                           
  4460                           ;main.c: 159:       Normal();
  4461     045A  318E  26CC  3183   	fcall	_Normal
  4462                           
  4463                           ;main.c: 160:       break;
  4464     045D  2B81               	goto	l5872
  4465     045E                     l5902:
  4466                           
  4467                           ;main.c: 162:       FunctionSet();
  4468     045E  318F  2792  3183   	fcall	_FunctionSet
  4469                           
  4470                           ;main.c: 163:       break;
  4471     0461  2B81               	goto	l5872
  4472     0462                     l5904:
  4473                           
  4474                           ;main.c: 165:       TimeAdjustment();
  4475     0462  3185  256E  3183   	fcall	_TimeAdjustment
  4476                           
  4477                           ;main.c: 166:       break;
  4478     0465  2B81               	goto	l5872
  4479     0466                     l5908:
  4480     0466  0021               	movlb	1	; select bank1
  4481     0467  085B               	movf	_LCD_DispMode^(0+128),w
  4482                           
  4483                           ; Switch size 1, requested type "simple"
  4484                           ; Number of cases is 3, Range of values is 0 to 2
  4485                           ; switch strategies available:
  4486                           ; Name         Instructions Cycles
  4487                           ; simple_byte           10     6 (average)
  4488                           ; direct_byte           12     6 (fixed)
  4489                           ; jumptable            260     6 (fixed)
  4490                           ;	Chosen strategy is simple_byte
  4491     0468  3A00               	xorlw	0	; case 0
  4492     0469  1903               	skipnz
  4493     046A  2C5A               	goto	l5900
  4494     046B  3A01               	xorlw	1	; case 1
  4495     046C  1903               	skipnz
  4496     046D  2C5E               	goto	l5902
  4497     046E  3A03               	xorlw	3	; case 2
  4498     046F  1903               	skipnz
  4499     0470  2C62               	goto	l5904
  4500     0471  2B81               	goto	l5872
  4501     0472  3180  2826         	ljmp	start
  4502     0474                     __end_of_main:
  4503                           
  4504                           	psect	text1
  4505     056E                     __ptext1:	
  4506 ;; *************** function _TimeAdjustment *****************
  4507 ;; Defined at:
  4508 ;;		line 267 in file "RelayControl.c"
  4509 ;; Parameters:    Size  Location     Type
  4510 ;;		None
  4511 ;; Auto vars:     Size  Location     Type
  4512 ;;  DigPtr          1   17[BANK0 ] PTR unsigned char 
  4513 ;;		 -> SetTimer2_digi(4), SetTimer1_digi(4), 
  4514 ;; Return value:  Size  Location     Type
  4515 ;;                  1    wreg      void 
  4516 ;; Registers used:
  4517 ;;		wreg, fsr0l, fsr0h, fsr1l, fsr1h, status,2, status,0, pclath, cstack
  4518 ;; Tracked objects:
  4519 ;;		On entry : 0/0
  4520 ;;		On exit  : 0/0
  4521 ;;		Unchanged: 0/0
  4522 ;; Data sizes:     COMMON   BANK0   BANK1   BANK2   BANK3   BANK4   BANK5   BANK6
  4523 ;;      Params:         0       0       0       0       0       0       0       0
  4524 ;;      Locals:         0       1       0       0       0       0       0       0
  4525 ;;      Temps:          1       0       0       0       0       0       0       0
  4526 ;;      Totals:         1       1       0       0       0       0       0       0
  4527 ;;Total ram usage:        2 bytes
  4528 ;; Hardware stack levels used: 1
  4529 ;; Hardware stack levels required when called: 6
  4530 ;; This function calls:
  4531 ;;		_Digital2Number
  4532 ;; This function is called by:
  4533 ;;		_main
  4534 ;; This function uses a non-reentrant model
  4535 ;;
  4536                           
  4537     056E                     _TimeAdjustment:	
  4538                           ;psect for function _TimeAdjustment
  4539                           
  4540     056E                     l5250:	
  4541                           ;incstack = 0
  4542                           ; Regs used in _TimeAdjustment: [wreg-fsr1h+status,2+status,0+pclath+cstack]
  4543                           
  4544                           
  4545                           ;RelayControl.c: 268:   uint8_t *DigPtr = SetTimer1_digi;
  4546     056E  30E3               	movlw	(low (_SetTimer1_digi| 0))& (0+255)
  4547     056F  0020               	movlb	0	; select bank0
  4548     0570  00B1               	movwf	TimeAdjustment@DigPtr
  4549                           
  4550                           ;RelayControl.c: 270:   switch (AdjustMode) {
  4551     0571  2DAA               	goto	l5270
  4552     0572                     l5252:
  4553                           
  4554                           ;RelayControl.c: 272:     DigPtr = &SetTimer1_digi[0];
  4555     0572  30E3               	movlw	(low (_SetTimer1_digi| 0))& (0+255)
  4556     0573  0020               	movlb	0	; select bank0
  4557     0574  00B1               	movwf	TimeAdjustment@DigPtr
  4558                           
  4559                           ;RelayControl.c: 273:     Cursor_pos = 3;
  4560     0575  3003               	movlw	3
  4561     0576  0021               	movlb	1	; select bank1
  4562     0577  00DC               	movwf	_Cursor_pos^(0+128)
  4563                           
  4564                           ;RelayControl.c: 274:     break;
  4565     0578  2DC5               	goto	l5272
  4566     0579                     l5254:
  4567                           
  4568                           ;RelayControl.c: 276:     DigPtr = &SetTimer1_digi[1];
  4569     0579  30E4               	movlw	(low ((_SetTimer1_digi| 0+1)))& (0+255)
  4570     057A  0020               	movlb	0	; select bank0
  4571     057B  00B1               	movwf	TimeAdjustment@DigPtr
  4572                           
  4573                           ;RelayControl.c: 277:     Cursor_pos = 4;
  4574     057C  3004               	movlw	4
  4575     057D  0021               	movlb	1	; select bank1
  4576     057E  00DC               	movwf	_Cursor_pos^(0+128)
  4577                           
  4578                           ;RelayControl.c: 278:     break;
  4579     057F  2DC5               	goto	l5272
  4580     0580                     l5256:
  4581                           
  4582                           ;RelayControl.c: 280:     DigPtr = &SetTimer1_digi[2];
  4583     0580  30E5               	movlw	(low ((_SetTimer1_digi| 0+2)))& (0+255)
  4584     0581  0020               	movlb	0	; select bank0
  4585     0582  00B1               	movwf	TimeAdjustment@DigPtr
  4586                           
  4587                           ;RelayControl.c: 281:     Cursor_pos = 5;
  4588     0583  3005               	movlw	5
  4589     0584  0021               	movlb	1	; select bank1
  4590     0585  00DC               	movwf	_Cursor_pos^(0+128)
  4591                           
  4592                           ;RelayControl.c: 282:     break;
  4593     0586  2DC5               	goto	l5272
  4594     0587                     l5258:
  4595                           
  4596                           ;RelayControl.c: 284:     DigPtr = &SetTimer1_digi[3];
  4597     0587  30E6               	movlw	(low ((_SetTimer1_digi| 0+3)))& (0+255)
  4598     0588  0020               	movlb	0	; select bank0
  4599     0589  00B1               	movwf	TimeAdjustment@DigPtr
  4600                           
  4601                           ;RelayControl.c: 285:     Cursor_pos = 6;
  4602     058A  3006               	movlw	6
  4603     058B  0021               	movlb	1	; select bank1
  4604     058C  00DC               	movwf	_Cursor_pos^(0+128)
  4605                           
  4606                           ;RelayControl.c: 286:     break;
  4607     058D  2DC5               	goto	l5272
  4608     058E                     l5260:
  4609                           
  4610                           ;RelayControl.c: 288:     DigPtr = &SetTimer2_digi[0];
  4611     058E  30DF               	movlw	(low (_SetTimer2_digi| 0))& (0+255)
  4612     058F  0020               	movlb	0	; select bank0
  4613     0590  00B1               	movwf	TimeAdjustment@DigPtr
  4614                           
  4615                           ;RelayControl.c: 289:     Cursor_pos = 0x43;
  4616     0591  3043               	movlw	67
  4617     0592  0021               	movlb	1	; select bank1
  4618     0593  00DC               	movwf	_Cursor_pos^(0+128)
  4619                           
  4620                           ;RelayControl.c: 290:     break;
  4621     0594  2DC5               	goto	l5272
  4622     0595                     l5262:
  4623                           
  4624                           ;RelayControl.c: 292:     DigPtr = &SetTimer2_digi[1];
  4625     0595  30E0               	movlw	(low ((_SetTimer2_digi| 0+1)))& (0+255)
  4626     0596  0020               	movlb	0	; select bank0
  4627     0597  00B1               	movwf	TimeAdjustment@DigPtr
  4628                           
  4629                           ;RelayControl.c: 293:     Cursor_pos = 0x44;
  4630     0598  3044               	movlw	68
  4631     0599  0021               	movlb	1	; select bank1
  4632     059A  00DC               	movwf	_Cursor_pos^(0+128)
  4633                           
  4634                           ;RelayControl.c: 294:     break;
  4635     059B  2DC5               	goto	l5272
  4636     059C                     l5264:
  4637                           
  4638                           ;RelayControl.c: 296:     DigPtr = &SetTimer2_digi[2];
  4639     059C  30E1               	movlw	(low ((_SetTimer2_digi| 0+2)))& (0+255)
  4640     059D  0020               	movlb	0	; select bank0
  4641     059E  00B1               	movwf	TimeAdjustment@DigPtr
  4642                           
  4643                           ;RelayControl.c: 297:     Cursor_pos = 0x45;
  4644     059F  3045               	movlw	69
  4645     05A0  0021               	movlb	1	; select bank1
  4646     05A1  00DC               	movwf	_Cursor_pos^(0+128)
  4647                           
  4648                           ;RelayControl.c: 298:     break;
  4649     05A2  2DC5               	goto	l5272
  4650     05A3                     l5266:
  4651                           
  4652                           ;RelayControl.c: 300:     DigPtr = &SetTimer2_digi[3];
  4653     05A3  30E2               	movlw	(low ((_SetTimer2_digi| 0+3)))& (0+255)
  4654     05A4  0020               	movlb	0	; select bank0
  4655     05A5  00B1               	movwf	TimeAdjustment@DigPtr
  4656                           
  4657                           ;RelayControl.c: 301:     Cursor_pos = 0x46;
  4658     05A6  3046               	movlw	70
  4659     05A7  0021               	movlb	1	; select bank1
  4660     05A8  00DC               	movwf	_Cursor_pos^(0+128)
  4661                           
  4662                           ;RelayControl.c: 302:     break;
  4663     05A9  2DC5               	goto	l5272
  4664     05AA                     l5270:
  4665     05AA  0021               	movlb	1	; select bank1
  4666     05AB  0854               	movf	_AdjustMode^(0+128),w
  4667                           
  4668                           ; Switch size 1, requested type "simple"
  4669                           ; Number of cases is 8, Range of values is 1 to 8
  4670                           ; switch strategies available:
  4671                           ; Name         Instructions Cycles
  4672                           ; direct_byte           25     9 (fixed)
  4673                           ; simple_byte           25    13 (average)
  4674                           ; jumptable            263     9 (fixed)
  4675                           ;	Chosen strategy is simple_byte
  4676     05AC  3A01               	xorlw	1	; case 1
  4677     05AD  1903               	skipnz
  4678     05AE  2D72               	goto	l5252
  4679     05AF  3A03               	xorlw	3	; case 2
  4680     05B0  1903               	skipnz
  4681     05B1  2D79               	goto	l5254
  4682     05B2  3A01               	xorlw	1	; case 3
  4683     05B3  1903               	skipnz
  4684     05B4  2D80               	goto	l5256
  4685     05B5  3A07               	xorlw	7	; case 4
  4686     05B6  1903               	skipnz
  4687     05B7  2D87               	goto	l5258
  4688     05B8  3A01               	xorlw	1	; case 5
  4689     05B9  1903               	skipnz
  4690     05BA  2D8E               	goto	l5260
  4691     05BB  3A03               	xorlw	3	; case 6
  4692     05BC  1903               	skipnz
  4693     05BD  2D95               	goto	l5262
  4694     05BE  3A01               	xorlw	1	; case 7
  4695     05BF  1903               	skipnz
  4696     05C0  2D9C               	goto	l5264
  4697     05C1  3A0F               	xorlw	15	; case 8
  4698     05C2  1903               	skipnz
  4699     05C3  2DA3               	goto	l5266
  4700     05C4  2DC5               	goto	l5272
  4701     05C5                     l5272:
  4702                           
  4703                           ;RelayControl.c: 308:   if (key[0].fShort) {
  4704     05C5  0023               	movlb	3	; select bank3
  4705     05C6  0829               	movf	(_key^(0+384)+9),w
  4706     05C7  1903               	btfsc	3,2
  4707     05C8  2DCA               	goto	u4071
  4708     05C9  2DCB               	goto	u4070
  4709     05CA                     u4071:
  4710     05CA  2DEA               	goto	l5284
  4711     05CB                     u4070:
  4712     05CB                     l5274:
  4713                           
  4714                           ;RelayControl.c: 309:     key[0].fShort = 0;
  4715     05CB  01A9               	clrf	(_key^(0+384)+9)
  4716     05CC                     l5276:
  4717                           
  4718                           ;RelayControl.c: 310:     (*DigPtr)++;
  4719     05CC  3001               	movlw	1
  4720     05CD  00F9               	movwf	??_TimeAdjustment
  4721     05CE  0020               	movlb	0	; select bank0
  4722     05CF  0831               	movf	TimeAdjustment@DigPtr,w
  4723     05D0  0086               	movwf	6
  4724     05D1  0187               	clrf	7
  4725     05D2  0879               	movf	??_TimeAdjustment,w
  4726     05D3  0781               	addwf	1,f
  4727     05D4                     l5278:
  4728                           
  4729                           ;RelayControl.c: 311:     if (TimeMode > 9)
  4730     05D4  300A               	movlw	10
  4731     05D5  026A               	subwf	_TimeMode,w
  4732     05D6  1C03               	skipc
  4733     05D7  2DD9               	goto	u4081
  4734     05D8  2DDA               	goto	u4080
  4735     05D9                     u4081:
  4736     05D9  2DDE               	goto	l5282
  4737     05DA                     u4080:
  4738     05DA                     l5280:
  4739                           
  4740                           ;RelayControl.c: 312:       *DigPtr = 0;
  4741     05DA  0831               	movf	TimeAdjustment@DigPtr,w
  4742     05DB  0086               	movwf	6
  4743     05DC  0187               	clrf	7
  4744     05DD  0181               	clrf	1
  4745     05DE                     l5282:
  4746     05DE  1003               	clrc
  4747     05DF  0022               	movlb	2	; select bank2
  4748     05E0  1C0E               	btfss	14,0	;volatile
  4749     05E1  1403               	setc
  4750     05E2  1803               	btfsc	3,0
  4751     05E3  2DE5               	goto	u4091
  4752     05E4  2DE8               	goto	u4090
  4753     05E5                     u4091:
  4754     05E5  0022               	movlb	2	; select bank2
  4755     05E6  140E               	bsf	14,0	;volatile
  4756     05E7  2DEA               	goto	u4104
  4757     05E8                     u4090:
  4758     05E8  0022               	movlb	2	; select bank2
  4759     05E9  100E               	bcf	14,0	;volatile
  4760     05EA                     u4104:
  4761     05EA                     l5284:
  4762                           
  4763                           ;RelayControl.c: 316:   if (key[1].fShort) {
  4764     05EA  0023               	movlb	3	; select bank3
  4765     05EB  0834               	movf	(_key^(0+384)+20),w
  4766     05EC  1903               	btfsc	3,2
  4767     05ED  2DEF               	goto	u4111
  4768     05EE  2DF0               	goto	u4110
  4769     05EF                     u4111:
  4770     05EF  2E0A               	goto	l5296
  4771     05F0                     u4110:
  4772     05F0                     l5286:
  4773                           
  4774                           ;RelayControl.c: 317:     key[1].fShort = 0;
  4775     05F0  01B4               	clrf	(_key^(0+384)+20)
  4776     05F1                     l5288:
  4777                           
  4778                           ;RelayControl.c: 318:     AdjustMode++;
  4779     05F1  3001               	movlw	1
  4780     05F2  00F9               	movwf	??_TimeAdjustment
  4781     05F3  0879               	movf	??_TimeAdjustment,w
  4782     05F4  0021               	movlb	1	; select bank1
  4783     05F5  07D4               	addwf	_AdjustMode^(0+128),f
  4784     05F6                     l5290:
  4785                           
  4786                           ;RelayControl.c: 319:     if (AdjustMode > eADJ_T2_DIG4)
  4787     05F6  3009               	movlw	9
  4788     05F7  0254               	subwf	_AdjustMode^(0+128),w
  4789     05F8  1C03               	skipc
  4790     05F9  2DFB               	goto	u4121
  4791     05FA  2DFC               	goto	u4120
  4792     05FB                     u4121:
  4793     05FB  2DFE               	goto	l5294
  4794     05FC                     u4120:
  4795     05FC                     l5292:
  4796                           
  4797                           ;RelayControl.c: 320:       AdjustMode = eADJ_T1_DIG1;
  4798     05FC  01D4               	clrf	_AdjustMode^(0+128)
  4799     05FD  0AD4               	incf	_AdjustMode^(0+128),f
  4800     05FE                     l5294:
  4801     05FE  1003               	clrc
  4802     05FF  0022               	movlb	2	; select bank2
  4803     0600  1C0E               	btfss	14,0	;volatile
  4804     0601  1403               	setc
  4805     0602  1803               	btfsc	3,0
  4806     0603  2E05               	goto	u4131
  4807     0604  2E08               	goto	u4130
  4808     0605                     u4131:
  4809     0605  0022               	movlb	2	; select bank2
  4810     0606  140E               	bsf	14,0	;volatile
  4811     0607  2E0A               	goto	u4144
  4812     0608                     u4130:
  4813     0608  0022               	movlb	2	; select bank2
  4814     0609  100E               	bcf	14,0	;volatile
  4815     060A                     u4144:
  4816     060A                     l5296:
  4817                           
  4818                           ;RelayControl.c: 324:   if (key[2].fShort) {
  4819     060A  0023               	movlb	3	; select bank3
  4820     060B  083F               	movf	(_key^(0+384)+31),w
  4821     060C  1903               	btfsc	3,2
  4822     060D  2E0F               	goto	u4151
  4823     060E  2E10               	goto	u4150
  4824     060F                     u4151:
  4825     060F  2E2E               	goto	l5308
  4826     0610                     u4150:
  4827     0610                     l5298:
  4828                           
  4829                           ;RelayControl.c: 325:     key[2].fShort = 0;
  4830     0610  01BF               	clrf	(_key^(0+384)+31)
  4831     0611                     l5300:
  4832                           
  4833                           ;RelayControl.c: 326:     if (TimeMode == 0)
  4834     0611  0020               	movlb	0	; select bank0
  4835     0612  086A               	movf	_TimeMode,w
  4836     0613  1D03               	btfss	3,2
  4837     0614  2E16               	goto	u4161
  4838     0615  2E17               	goto	u4160
  4839     0616                     u4161:
  4840     0616  2E1D               	goto	l5304
  4841     0617                     u4160:
  4842     0617                     l5302:
  4843                           
  4844                           ;RelayControl.c: 327:       *DigPtr = 9;
  4845     0617  0831               	movf	TimeAdjustment@DigPtr,w
  4846     0618  0086               	movwf	6
  4847     0619  0187               	clrf	7
  4848     061A  3009               	movlw	9
  4849     061B  0081               	movwf	1
  4850     061C  2E22               	goto	l5306
  4851     061D                     l5304:
  4852                           
  4853                           ;RelayControl.c: 329:       (*DigPtr)--;
  4854     061D  0831               	movf	TimeAdjustment@DigPtr,w
  4855     061E  0086               	movwf	6
  4856     061F  0187               	clrf	7
  4857     0620  3001               	movlw	1
  4858     0621  0281               	subwf	1,f
  4859     0622                     l5306:
  4860     0622  1003               	clrc
  4861     0623  0022               	movlb	2	; select bank2
  4862     0624  1C0E               	btfss	14,0	;volatile
  4863     0625  1403               	setc
  4864     0626  1803               	btfsc	3,0
  4865     0627  2E29               	goto	u4171
  4866     0628  2E2C               	goto	u4170
  4867     0629                     u4171:
  4868     0629  0022               	movlb	2	; select bank2
  4869     062A  140E               	bsf	14,0	;volatile
  4870     062B  2E2E               	goto	u4184
  4871     062C                     u4170:
  4872     062C  0022               	movlb	2	; select bank2
  4873     062D  100E               	bcf	14,0	;volatile
  4874     062E                     u4184:
  4875     062E                     l5308:
  4876                           
  4877                           ;RelayControl.c: 334:   if (key[1].fLong) {
  4878     062E  0023               	movlb	3	; select bank3
  4879     062F  0832               	movf	(_key^(0+384)+18),w
  4880     0630  1903               	btfsc	3,2
  4881     0631  2E33               	goto	u4191
  4882     0632  2E34               	goto	u4190
  4883     0633                     u4191:
  4884     0633  2E4F               	goto	l852
  4885     0634                     u4190:
  4886     0634                     l5310:
  4887                           
  4888                           ;RelayControl.c: 335:     key[1].fLong = 0;
  4889     0634  01B2               	clrf	(_key^(0+384)+18)
  4890     0635                     l5312:
  4891     0635  1003               	clrc
  4892     0636  0022               	movlb	2	; select bank2
  4893     0637  1C0E               	btfss	14,0	;volatile
  4894     0638  1403               	setc
  4895     0639  1803               	btfsc	3,0
  4896     063A  2E3C               	goto	u4201
  4897     063B  2E3F               	goto	u4200
  4898     063C                     u4201:
  4899     063C  0022               	movlb	2	; select bank2
  4900     063D  140E               	bsf	14,0	;volatile
  4901     063E  2E41               	goto	u4214
  4902     063F                     u4200:
  4903     063F  0022               	movlb	2	; select bank2
  4904     0640  100E               	bcf	14,0	;volatile
  4905     0641                     u4214:
  4906     0641                     l5314:
  4907                           
  4908                           ;RelayControl.c: 337:     LCD_DispMode = eNormal;
  4909     0641  0021               	movlb	1	; select bank1
  4910     0642  01DB               	clrf	_LCD_DispMode^(0+128)
  4911     0643                     l5316:
  4912                           
  4913                           ;RelayControl.c: 338:     Digital2Number(&SetTimer1_cnt, SetTimer1_digi);
  4914     0643  30E3               	movlw	(low (_SetTimer1_digi| 0))& (0+255)
  4915     0644  00F8               	movwf	Digital2Number@digital
  4916     0645  3068               	movlw	(low (_SetTimer1_cnt| 0))& (0+255)
  4917     0646  3187  276B  3185   	fcall	_Digital2Number
  4918     0649                     l5318:
  4919                           
  4920                           ;RelayControl.c: 339:     Digital2Number(&SetTimer2_cnt, SetTimer2_digi);
  4921     0649  30DF               	movlw	(low (_SetTimer2_digi| 0))& (0+255)
  4922     064A  00F8               	movwf	Digital2Number@digital
  4923     064B  3066               	movlw	(low (_SetTimer2_cnt| 0))& (0+255)
  4924     064C  3187  276B  3185   	fcall	_Digital2Number
  4925     064F                     l852:
  4926     064F  0008               	return
  4927     0650                     __end_of_TimeAdjustment:
  4928                           
  4929                           	psect	text2
  4930     076B                     __ptext2:	
  4931 ;; *************** function _Digital2Number *****************
  4932 ;; Defined at:
  4933 ;;		line 94 in file "RelayControl.c"
  4934 ;; Parameters:    Size  Location     Type
  4935 ;;  Num             1    wreg     PTR unsigned short 
  4936 ;;		 -> SetTimer2_cnt(2), SetTimer1_cnt(2), 
  4937 ;;  digital         1    8[COMMON] PTR unsigned char 
  4938 ;;		 -> SetTimer2_digi(4), SetTimer1_digi(4), 
  4939 ;; Auto vars:     Size  Location     Type
  4940 ;;  Num             1   16[BANK0 ] PTR unsigned short 
  4941 ;;		 -> SetTimer2_cnt(2), SetTimer1_cnt(2), 
  4942 ;;  temp4           2   14[BANK0 ] unsigned short 
  4943 ;;  temp3           2   12[BANK0 ] unsigned short 
  4944 ;;  temp2           2   10[BANK0 ] unsigned short 
  4945 ;;  temp1           2    8[BANK0 ] unsigned short 
  4946 ;; Return value:  Size  Location     Type
  4947 ;;                  1    wreg      void 
  4948 ;; Registers used:
  4949 ;;		wreg, fsr1l, fsr1h, status,2, status,0, pclath, cstack
  4950 ;; Tracked objects:
  4951 ;;		On entry : 0/0
  4952 ;;		On exit  : 0/0
  4953 ;;		Unchanged: 0/0
  4954 ;; Data sizes:     COMMON   BANK0   BANK1   BANK2   BANK3   BANK4   BANK5   BANK6
  4955 ;;      Params:         1       0       0       0       0       0       0       0
  4956 ;;      Locals:         0       9       0       0       0       0       0       0
  4957 ;;      Temps:          0       8       0       0       0       0       0       0
  4958 ;;      Totals:         1      17       0       0       0       0       0       0
  4959 ;;Total ram usage:       18 bytes
  4960 ;; Hardware stack levels used: 1
  4961 ;; Hardware stack levels required when called: 5
  4962 ;; This function calls:
  4963 ;;		___wmul
  4964 ;; This function is called by:
  4965 ;;		_TimeAdjustment
  4966 ;; This function uses a non-reentrant model
  4967 ;;
  4968                           
  4969     076B                     _Digital2Number:	
  4970                           ;psect for function _Digital2Number
  4971                           
  4972                           
  4973                           ;incstack = 0
  4974                           ; Regs used in _Digital2Number: [wreg+fsr1l+fsr1h+status,2+status,0+pclath+cstack]
  4975                           ;Digital2Number@Num stored from wreg
  4976     076B  0020               	movlb	0	; select bank0
  4977     076C  00B0               	movwf	Digital2Number@Num
  4978     076D                     l4968:
  4979                           
  4980                           ;RelayControl.c: 95:   uint16_t temp1 = (uint16_t)digital[0];
  4981     076D  0878               	movf	Digital2Number@digital,w
  4982     076E  0086               	movwf	6
  4983     076F  0187               	clrf	7
  4984     0770  0801               	movf	1,w
  4985     0771  00A0               	movwf	??_Digital2Number
  4986     0772  01A1               	clrf	??_Digital2Number+1
  4987     0773  0820               	movf	??_Digital2Number,w
  4988     0774  00A8               	movwf	Digital2Number@temp1
  4989     0775  0821               	movf	??_Digital2Number+1,w
  4990     0776  00A9               	movwf	Digital2Number@temp1+1
  4991                           
  4992                           ;RelayControl.c: 96:   uint16_t temp2 = (uint16_t)digital[1];
  4993     0777  0A78               	incf	Digital2Number@digital,w
  4994     0778  0086               	movwf	6
  4995     0779  0187               	clrf	7
  4996     077A  0801               	movf	1,w
  4997     077B  00A0               	movwf	??_Digital2Number
  4998     077C  01A1               	clrf	??_Digital2Number+1
  4999     077D  0820               	movf	??_Digital2Number,w
  5000     077E  00AA               	movwf	Digital2Number@temp2
  5001     077F  0821               	movf	??_Digital2Number+1,w
  5002     0780  00AB               	movwf	Digital2Number@temp2+1
  5003     0781                     l4970:
  5004                           
  5005                           ;RelayControl.c: 97:   uint16_t temp3 = (uint16_t)digital[2];
  5006     0781  0878               	movf	Digital2Number@digital,w
  5007     0782  3E02               	addlw	2
  5008     0783  0086               	movwf	6
  5009     0784  0187               	clrf	7
  5010     0785  0801               	movf	1,w
  5011     0786  00A0               	movwf	??_Digital2Number
  5012     0787  01A1               	clrf	??_Digital2Number+1
  5013     0788  0820               	movf	??_Digital2Number,w
  5014     0789  00AC               	movwf	Digital2Number@temp3
  5015     078A  0821               	movf	??_Digital2Number+1,w
  5016     078B  00AD               	movwf	Digital2Number@temp3+1
  5017     078C                     l4972:
  5018                           
  5019                           ;RelayControl.c: 98:   uint16_t temp4 = (uint16_t)digital[3];
  5020     078C  0878               	movf	Digital2Number@digital,w
  5021     078D  3E03               	addlw	3
  5022     078E  0086               	movwf	6
  5023     078F  0187               	clrf	7
  5024     0790  0801               	movf	1,w
  5025     0791  00A0               	movwf	??_Digital2Number
  5026     0792  01A1               	clrf	??_Digital2Number+1
  5027     0793  0820               	movf	??_Digital2Number,w
  5028     0794  00AE               	movwf	Digital2Number@temp4
  5029     0795  0821               	movf	??_Digital2Number+1,w
  5030     0796  00AF               	movwf	Digital2Number@temp4+1
  5031     0797                     l4974:
  5032                           
  5033                           ;RelayControl.c: 100:   *Num = temp1 * 1000 + temp2 * 100 + temp3 * 10 + temp4;
  5034     0797  0829               	movf	Digital2Number@temp1+1,w
  5035     0798  00F3               	movwf	___wmul@multiplier+1
  5036     0799  0828               	movf	Digital2Number@temp1,w
  5037     079A  00F2               	movwf	___wmul@multiplier
  5038     079B  30E8               	movlw	232
  5039     079C  00F4               	movwf	___wmul@multiplicand
  5040     079D  3003               	movlw	3
  5041     079E  00F5               	movwf	___wmul@multiplicand+1
  5042     079F  3189  2178  3187   	fcall	___wmul
  5043     07A2  0872               	movf	?___wmul,w
  5044     07A3  0020               	movlb	0	; select bank0
  5045     07A4  00A0               	movwf	??_Digital2Number
  5046     07A5  0873               	movf	?___wmul+1,w
  5047     07A6  00A1               	movwf	??_Digital2Number+1
  5048     07A7  082B               	movf	Digital2Number@temp2+1,w
  5049     07A8  00F3               	movwf	___wmul@multiplier+1
  5050     07A9  082A               	movf	Digital2Number@temp2,w
  5051     07AA  00F2               	movwf	___wmul@multiplier
  5052     07AB  3064               	movlw	100
  5053     07AC  00F4               	movwf	___wmul@multiplicand
  5054     07AD  3000               	movlw	0
  5055     07AE  00F5               	movwf	___wmul@multiplicand+1
  5056     07AF  3189  2178  3187   	fcall	___wmul
  5057     07B2  0872               	movf	?___wmul,w
  5058     07B3  0020               	movlb	0	; select bank0
  5059     07B4  0720               	addwf	??_Digital2Number,w
  5060     07B5  00A2               	movwf	??_Digital2Number+2
  5061     07B6  0873               	movf	?___wmul+1,w
  5062     07B7  3D21               	addwfc	??_Digital2Number+1,w
  5063     07B8  00A3               	movwf	??_Digital2Number+3
  5064     07B9  082D               	movf	Digital2Number@temp3+1,w
  5065     07BA  00F3               	movwf	___wmul@multiplier+1
  5066     07BB  082C               	movf	Digital2Number@temp3,w
  5067     07BC  00F2               	movwf	___wmul@multiplier
  5068     07BD  300A               	movlw	10
  5069     07BE  00F4               	movwf	___wmul@multiplicand
  5070     07BF  3000               	movlw	0
  5071     07C0  00F5               	movwf	___wmul@multiplicand+1
  5072     07C1  3189  2178  3187   	fcall	___wmul
  5073     07C4  0872               	movf	?___wmul,w
  5074     07C5  0020               	movlb	0	; select bank0
  5075     07C6  0722               	addwf	??_Digital2Number+2,w
  5076     07C7  00A4               	movwf	??_Digital2Number+4
  5077     07C8  0873               	movf	?___wmul+1,w
  5078     07C9  3D23               	addwfc	??_Digital2Number+3,w
  5079     07CA  00A5               	movwf	??_Digital2Number+5
  5080     07CB  082E               	movf	Digital2Number@temp4,w
  5081     07CC  0724               	addwf	??_Digital2Number+4,w
  5082     07CD  00A6               	movwf	??_Digital2Number+6
  5083     07CE  082F               	movf	Digital2Number@temp4+1,w
  5084     07CF  3D25               	addwfc	??_Digital2Number+5,w
  5085     07D0  00A7               	movwf	??_Digital2Number+7
  5086     07D1  0830               	movf	Digital2Number@Num,w
  5087     07D2  0086               	movwf	6
  5088     07D3  0187               	clrf	7
  5089     07D4  0826               	movf	??_Digital2Number+6,w
  5090     07D5  3FC0               	movwi [0]fsr1
  5091     07D6  0827               	movf	??_Digital2Number+7,w
  5092     07D7  3FC1               	movwi [1]fsr1
  5093     07D8                     l756:
  5094     07D8  0008               	return
  5095     07D9                     __end_of_Digital2Number:
  5096                           
  5097                           	psect	text3
  5098     172E                     __ptext3:	
  5099 ;; *************** function _TMR1_SetInterruptHandler *****************
  5100 ;; Defined at:
  5101 ;;		line 171 in file "mcc_generated_files/tmr1.c"
  5102 ;; Parameters:    Size  Location     Type
  5103 ;;  InterruptHan    2    2[COMMON] PTR FTN()void 
  5104 ;;		 -> TMR1_10msEven(1), 
  5105 ;; Auto vars:     Size  Location     Type
  5106 ;;		None
  5107 ;; Return value:  Size  Location     Type
  5108 ;;                  1    wreg      void 
  5109 ;; Registers used:
  5110 ;;		wreg
  5111 ;; Tracked objects:
  5112 ;;		On entry : 0/0
  5113 ;;		On exit  : 0/0
  5114 ;;		Unchanged: 0/0
  5115 ;; Data sizes:     COMMON   BANK0   BANK1   BANK2   BANK3   BANK4   BANK5   BANK6
  5116 ;;      Params:         2       0       0       0       0       0       0       0
  5117 ;;      Locals:         0       0       0       0       0       0       0       0
  5118 ;;      Temps:          0       0       0       0       0       0       0       0
  5119 ;;      Totals:         2       0       0       0       0       0       0       0
  5120 ;;Total ram usage:        2 bytes
  5121 ;; Hardware stack levels used: 1
  5122 ;; Hardware stack levels required when called: 4
  5123 ;; This function calls:
  5124 ;;		Nothing
  5125 ;; This function is called by:
  5126 ;;		_main
  5127 ;; This function uses a non-reentrant model
  5128 ;;
  5129                           
  5130     172E                     _TMR1_SetInterruptHandler:	
  5131                           ;psect for function _TMR1_SetInterruptHandler
  5132                           
  5133     172E                     l3936:	
  5134                           ;incstack = 0
  5135                           ; Regs used in _TMR1_SetInterruptHandler: [wreg]
  5136                           
  5137                           
  5138                           ;mcc_generated_files/tmr1.c: 172:     TMR1_InterruptHandler = InterruptHandler;
  5139     172E  0873               	movf	TMR1_SetInterruptHandler@InterruptHandler+1,w
  5140     172F  0021               	movlb	1	; select bank1
  5141     1730  00CF               	movwf	(_TMR1_InterruptHandler+1)^(0+128)
  5142     1731  0872               	movf	TMR1_SetInterruptHandler@InterruptHandler,w
  5143     1732  00CE               	movwf	_TMR1_InterruptHandler^(0+128)
  5144     1733                     l421:
  5145     1733  0008               	return
  5146     1734                     __end_of_TMR1_SetInterruptHandler:
  5147                           
  5148                           	psect	text4
  5149     1728                     __ptext4:	
  5150 ;; *************** function _TMR0_SetInterruptHandler *****************
  5151 ;; Defined at:
  5152 ;;		line 140 in file "mcc_generated_files/tmr0.c"
  5153 ;; Parameters:    Size  Location     Type
  5154 ;;  InterruptHan    2    2[COMMON] PTR FTN()void 
  5155 ;;		 -> TMR0_10msEven(1), 
  5156 ;; Auto vars:     Size  Location     Type
  5157 ;;		None
  5158 ;; Return value:  Size  Location     Type
  5159 ;;                  1    wreg      void 
  5160 ;; Registers used:
  5161 ;;		wreg
  5162 ;; Tracked objects:
  5163 ;;		On entry : 0/0
  5164 ;;		On exit  : 0/0
  5165 ;;		Unchanged: 0/0
  5166 ;; Data sizes:     COMMON   BANK0   BANK1   BANK2   BANK3   BANK4   BANK5   BANK6
  5167 ;;      Params:         2       0       0       0       0       0       0       0
  5168 ;;      Locals:         0       0       0       0       0       0       0       0
  5169 ;;      Temps:          0       0       0       0       0       0       0       0
  5170 ;;      Totals:         2       0       0       0       0       0       0       0
  5171 ;;Total ram usage:        2 bytes
  5172 ;; Hardware stack levels used: 1
  5173 ;; Hardware stack levels required when called: 4
  5174 ;; This function calls:
  5175 ;;		Nothing
  5176 ;; This function is called by:
  5177 ;;		_main
  5178 ;; This function uses a non-reentrant model
  5179 ;;
  5180                           
  5181     1728                     _TMR0_SetInterruptHandler:	
  5182                           ;psect for function _TMR0_SetInterruptHandler
  5183                           
  5184     1728                     l3946:	
  5185                           ;incstack = 0
  5186                           ; Regs used in _TMR0_SetInterruptHandler: [wreg]
  5187                           
  5188                           
  5189                           ;mcc_generated_files/tmr0.c: 141:     TMR0_InterruptHandler = InterruptHandler;
  5190     1728  0873               	movf	TMR0_SetInterruptHandler@InterruptHandler+1,w
  5191     1729  0021               	movlb	1	; select bank1
  5192     172A  00CD               	movwf	(_TMR0_InterruptHandler+1)^(0+128)
  5193     172B  0872               	movf	TMR0_SetInterruptHandler@InterruptHandler,w
  5194     172C  00CC               	movwf	_TMR0_InterruptHandler^(0+128)
  5195     172D                     l482:
  5196     172D  0008               	return
  5197     172E                     __end_of_TMR0_SetInterruptHandler:
  5198                           
  5199                           	psect	text5
  5200     0819                     __ptext5:	
  5201 ;; *************** function _SYSTEM_Initialize *****************
  5202 ;; Defined at:
  5203 ;;		line 48 in file "mcc_generated_files/mcc.c"
  5204 ;; Parameters:    Size  Location     Type
  5205 ;;		None
  5206 ;; Auto vars:     Size  Location     Type
  5207 ;;		None
  5208 ;; Return value:  Size  Location     Type
  5209 ;;                  1    wreg      void 
  5210 ;; Registers used:
  5211 ;;		wreg, status,2, status,0, pclath, cstack
  5212 ;; Tracked objects:
  5213 ;;		On entry : 0/0
  5214 ;;		On exit  : 0/0
  5215 ;;		Unchanged: 0/0
  5216 ;; Data sizes:     COMMON   BANK0   BANK1   BANK2   BANK3   BANK4   BANK5   BANK6
  5217 ;;      Params:         0       0       0       0       0       0       0       0
  5218 ;;      Locals:         0       0       0       0       0       0       0       0
  5219 ;;      Temps:          0       0       0       0       0       0       0       0
  5220 ;;      Totals:         0       0       0       0       0       0       0       0
  5221 ;;Total ram usage:        0 bytes
  5222 ;; Hardware stack levels used: 1
  5223 ;; Hardware stack levels required when called: 5
  5224 ;; This function calls:
  5225 ;;		_I2C_Initialize
  5226 ;;		_OSCILLATOR_Initialize
  5227 ;;		_PIN_MANAGER_Initialize
  5228 ;;		_TMR0_Initialize
  5229 ;;		_TMR1_Initialize
  5230 ;;		_WDT_Initialize
  5231 ;; This function is called by:
  5232 ;;		_main
  5233 ;; This function uses a non-reentrant model
  5234 ;;
  5235                           
  5236     0819                     _SYSTEM_Initialize:	
  5237                           ;psect for function _SYSTEM_Initialize
  5238                           
  5239     0819                     l3926:	
  5240                           ;incstack = 0
  5241                           ; Regs used in _SYSTEM_Initialize: [wreg+status,2+status,0+pclath+cstack]
  5242                           
  5243                           
  5244                           ;mcc_generated_files/mcc.c: 50:   I2C_Initialize();
  5245     0819  3197  274C  3188   	fcall	_I2C_Initialize
  5246                           
  5247                           ;mcc_generated_files/mcc.c: 51:   PIN_MANAGER_Initialize();
  5248     081C  3188  20E8  3188   	fcall	_PIN_MANAGER_Initialize
  5249                           
  5250                           ;mcc_generated_files/mcc.c: 52:   OSCILLATOR_Initialize();
  5251     081F  3197  276B  3188   	fcall	_OSCILLATOR_Initialize
  5252                           
  5253                           ;mcc_generated_files/mcc.c: 53:   WDT_Initialize();
  5254     0822  3196  26D9  3188   	fcall	_WDT_Initialize
  5255                           
  5256                           ;mcc_generated_files/mcc.c: 54:   TMR1_Initialize();
  5257     0825  3188  2006  3188   	fcall	_TMR1_Initialize
  5258                           
  5259                           ;mcc_generated_files/mcc.c: 55:   TMR0_Initialize();
  5260     0828  3197  279E  3188   	fcall	_TMR0_Initialize
  5261     082B                     l362:
  5262     082B  0008               	return
  5263     082C                     __end_of_SYSTEM_Initialize:
  5264                           
  5265                           	psect	text6
  5266     16D9                     __ptext6:	
  5267 ;; *************** function _WDT_Initialize *****************
  5268 ;; Defined at:
  5269 ;;		line 70 in file "mcc_generated_files/mcc.c"
  5270 ;; Parameters:    Size  Location     Type
  5271 ;;		None
  5272 ;; Auto vars:     Size  Location     Type
  5273 ;;		None
  5274 ;; Return value:  Size  Location     Type
  5275 ;;                  1    wreg      void 
  5276 ;; Registers used:
  5277 ;;		wreg
  5278 ;; Tracked objects:
  5279 ;;		On entry : 0/0
  5280 ;;		On exit  : 0/0
  5281 ;;		Unchanged: 0/0
  5282 ;; Data sizes:     COMMON   BANK0   BANK1   BANK2   BANK3   BANK4   BANK5   BANK6
  5283 ;;      Params:         0       0       0       0       0       0       0       0
  5284 ;;      Locals:         0       0       0       0       0       0       0       0
  5285 ;;      Temps:          0       0       0       0       0       0       0       0
  5286 ;;      Totals:         0       0       0       0       0       0       0       0
  5287 ;;Total ram usage:        0 bytes
  5288 ;; Hardware stack levels used: 1
  5289 ;; Hardware stack levels required when called: 4
  5290 ;; This function calls:
  5291 ;;		Nothing
  5292 ;; This function is called by:
  5293 ;;		_SYSTEM_Initialize
  5294 ;; This function uses a non-reentrant model
  5295 ;;
  5296                           
  5297     16D9                     _WDT_Initialize:	
  5298                           ;psect for function _WDT_Initialize
  5299                           
  5300     16D9                     l3760:	
  5301                           ;incstack = 0
  5302                           ; Regs used in _WDT_Initialize: [wreg]
  5303                           
  5304                           
  5305                           ;mcc_generated_files/mcc.c: 72:   WDTCON = 0x16;
  5306     16D9  3016               	movlw	22
  5307     16DA  0021               	movlb	1	; select bank1
  5308     16DB  0097               	movwf	23	;volatile
  5309     16DC                     l371:
  5310     16DC  0008               	return
  5311     16DD                     __end_of_WDT_Initialize:
  5312                           
  5313                           	psect	text7
  5314     0806                     __ptext7:	
  5315 ;; *************** function _TMR1_Initialize *****************
  5316 ;; Defined at:
  5317 ;;		line 64 in file "mcc_generated_files/tmr1.c"
  5318 ;; Parameters:    Size  Location     Type
  5319 ;;		None
  5320 ;; Auto vars:     Size  Location     Type
  5321 ;;		None
  5322 ;; Return value:  Size  Location     Type
  5323 ;;                  1    wreg      void 
  5324 ;; Registers used:
  5325 ;;		wreg, status,2
  5326 ;; Tracked objects:
  5327 ;;		On entry : 0/0
  5328 ;;		On exit  : 0/0
  5329 ;;		Unchanged: 0/0
  5330 ;; Data sizes:     COMMON   BANK0   BANK1   BANK2   BANK3   BANK4   BANK5   BANK6
  5331 ;;      Params:         0       0       0       0       0       0       0       0
  5332 ;;      Locals:         0       0       0       0       0       0       0       0
  5333 ;;      Temps:          0       0       0       0       0       0       0       0
  5334 ;;      Totals:         0       0       0       0       0       0       0       0
  5335 ;;Total ram usage:        0 bytes
  5336 ;; Hardware stack levels used: 1
  5337 ;; Hardware stack levels required when called: 4
  5338 ;; This function calls:
  5339 ;;		Nothing
  5340 ;; This function is called by:
  5341 ;;		_SYSTEM_Initialize
  5342 ;; This function uses a non-reentrant model
  5343 ;;
  5344                           
  5345     0806                     _TMR1_Initialize:	
  5346                           ;psect for function _TMR1_Initialize
  5347                           
  5348     0806                     l3762:	
  5349                           ;incstack = 0
  5350                           ; Regs used in _TMR1_Initialize: [wreg+status,2]
  5351                           
  5352                           
  5353                           ;mcc_generated_files/tmr1.c: 69:     T1GCON = 0x00;
  5354     0806  0020               	movlb	0	; select bank0
  5355     0807  0199               	clrf	25	;volatile
  5356     0808                     l3764:
  5357                           
  5358                           ;mcc_generated_files/tmr1.c: 72:     TMR1H = 0x63;
  5359     0808  3063               	movlw	99
  5360     0809  0097               	movwf	23	;volatile
  5361     080A                     l3766:
  5362                           
  5363                           ;mcc_generated_files/tmr1.c: 75:     TMR1L = 0xC0;
  5364     080A  30C0               	movlw	192
  5365     080B  0096               	movwf	22	;volatile
  5366     080C                     l3768:
  5367                           
  5368                           ;mcc_generated_files/tmr1.c: 78:     PIR1bits.TMR1IF = 0;
  5369     080C  1011               	bcf	17,0	;volatile
  5370     080D                     l3770:
  5371                           
  5372                           ;mcc_generated_files/tmr1.c: 81:     timer1ReloadVal=(uint16_t)((TMR1H << 8) | TMR1L);
  5373     080D  0817               	movf	23,w	;volatile
  5374     080E  0021               	movlb	1	; select bank1
  5375     080F  00D1               	movwf	(_timer1ReloadVal+1)^(0+128)	;volatile
  5376     0810  0020               	movlb	0	; select bank0
  5377     0811  0816               	movf	22,w	;volatile
  5378     0812  0021               	movlb	1	; select bank1
  5379     0813  00D0               	movwf	_timer1ReloadVal^(0+128)	;volatile
  5380     0814                     l3772:
  5381                           
  5382                           ;mcc_generated_files/tmr1.c: 84:     PIE1bits.TMR1IE = 1;
  5383     0814  1411               	bsf	17,0	;volatile
  5384     0815                     l3774:
  5385                           
  5386                           ;mcc_generated_files/tmr1.c: 90:     T1CON = 0x11;
  5387     0815  3011               	movlw	17
  5388     0816  0020               	movlb	0	; select bank0
  5389     0817  0098               	movwf	24	;volatile
  5390     0818                     l394:
  5391     0818  0008               	return
  5392     0819                     __end_of_TMR1_Initialize:
  5393                           
  5394                           	psect	text8
  5395     179E                     __ptext8:	
  5396 ;; *************** function _TMR0_Initialize *****************
  5397 ;; Defined at:
  5398 ;;		line 64 in file "mcc_generated_files/tmr0.c"
  5399 ;; Parameters:    Size  Location     Type
  5400 ;;		None
  5401 ;; Auto vars:     Size  Location     Type
  5402 ;;		None
  5403 ;; Return value:  Size  Location     Type
  5404 ;;                  1    wreg      void 
  5405 ;; Registers used:
  5406 ;;		wreg, status,2
  5407 ;; Tracked objects:
  5408 ;;		On entry : 0/0
  5409 ;;		On exit  : 0/0
  5410 ;;		Unchanged: 0/0
  5411 ;; Data sizes:     COMMON   BANK0   BANK1   BANK2   BANK3   BANK4   BANK5   BANK6
  5412 ;;      Params:         0       0       0       0       0       0       0       0
  5413 ;;      Locals:         0       0       0       0       0       0       0       0
  5414 ;;      Temps:          0       0       0       0       0       0       0       0
  5415 ;;      Totals:         0       0       0       0       0       0       0       0
  5416 ;;Total ram usage:        0 bytes
  5417 ;; Hardware stack levels used: 1
  5418 ;; Hardware stack levels required when called: 4
  5419 ;; This function calls:
  5420 ;;		Nothing
  5421 ;; This function is called by:
  5422 ;;		_SYSTEM_Initialize
  5423 ;; This function uses a non-reentrant model
  5424 ;;
  5425                           
  5426     179E                     _TMR0_Initialize:	
  5427                           ;psect for function _TMR0_Initialize
  5428                           
  5429     179E                     l3776:	
  5430                           ;incstack = 0
  5431                           ; Regs used in _TMR0_Initialize: [wreg+status,2]
  5432                           
  5433                           
  5434                           ;mcc_generated_files/tmr0.c: 69:     OPTION_REG = (uint8_t)((OPTION_REG & 0xC0) | (0xD7 
      +                          & 0x3F));
  5435     179E  0021               	movlb	1	; select bank1
  5436     179F  0815               	movf	21,w	;volatile
  5437     17A0  39C0               	andlw	192
  5438     17A1  3817               	iorlw	23
  5439     17A2  0095               	movwf	21	;volatile
  5440     17A3                     l3778:
  5441                           
  5442                           ;mcc_generated_files/tmr0.c: 72:     TMR0 = 0x64;
  5443     17A3  3064               	movlw	100
  5444     17A4  0020               	movlb	0	; select bank0
  5445     17A5  0095               	movwf	21	;volatile
  5446     17A6                     l3780:
  5447                           
  5448                           ;mcc_generated_files/tmr0.c: 75:     timer0ReloadVal= 100;
  5449     17A6  3064               	movlw	100
  5450     17A7  00FB               	movwf	_timer0ReloadVal	;volatile
  5451     17A8                     l3782:
  5452                           
  5453                           ;mcc_generated_files/tmr0.c: 78:     INTCONbits.TMR0IF = 0;
  5454     17A8  110B               	bcf	11,2	;volatile
  5455     17A9                     l3784:
  5456                           
  5457                           ;mcc_generated_files/tmr0.c: 81:     INTCONbits.TMR0IE = 1;
  5458     17A9  168B               	bsf	11,5	;volatile
  5459     17AA                     l460:
  5460     17AA  0008               	return
  5461     17AB                     __end_of_TMR0_Initialize:
  5462                           
  5463                           	psect	text9
  5464     08E8                     __ptext9:	
  5465 ;; *************** function _PIN_MANAGER_Initialize *****************
  5466 ;; Defined at:
  5467 ;;		line 55 in file "mcc_generated_files/pin_manager.c"
  5468 ;; Parameters:    Size  Location     Type
  5469 ;;		None
  5470 ;; Auto vars:     Size  Location     Type
  5471 ;;		None
  5472 ;; Return value:  Size  Location     Type
  5473 ;;                  1    wreg      void 
  5474 ;; Registers used:
  5475 ;;		wreg, status,2
  5476 ;; Tracked objects:
  5477 ;;		On entry : 0/0
  5478 ;;		On exit  : 0/0
  5479 ;;		Unchanged: 0/0
  5480 ;; Data sizes:     COMMON   BANK0   BANK1   BANK2   BANK3   BANK4   BANK5   BANK6
  5481 ;;      Params:         0       0       0       0       0       0       0       0
  5482 ;;      Locals:         0       0       0       0       0       0       0       0
  5483 ;;      Temps:          0       0       0       0       0       0       0       0
  5484 ;;      Totals:         0       0       0       0       0       0       0       0
  5485 ;;Total ram usage:        0 bytes
  5486 ;; Hardware stack levels used: 1
  5487 ;; Hardware stack levels required when called: 4
  5488 ;; This function calls:
  5489 ;;		Nothing
  5490 ;; This function is called by:
  5491 ;;		_SYSTEM_Initialize
  5492 ;; This function uses a non-reentrant model
  5493 ;;
  5494                           
  5495     08E8                     _PIN_MANAGER_Initialize:	
  5496                           ;psect for function _PIN_MANAGER_Initialize
  5497                           
  5498     08E8                     l3736:	
  5499                           ;incstack = 0
  5500                           ; Regs used in _PIN_MANAGER_Initialize: [wreg+status,2]
  5501                           
  5502                           
  5503                           ;mcc_generated_files/pin_manager.c: 60:     LATE = 0x00;
  5504     08E8  0022               	movlb	2	; select bank2
  5505     08E9  0190               	clrf	16	;volatile
  5506                           
  5507                           ;mcc_generated_files/pin_manager.c: 61:     LATA = 0x00;
  5508     08EA  018C               	clrf	12	;volatile
  5509                           
  5510                           ;mcc_generated_files/pin_manager.c: 62:     LATB = 0x00;
  5511     08EB  018D               	clrf	13	;volatile
  5512                           
  5513                           ;mcc_generated_files/pin_manager.c: 63:     LATC = 0x00;
  5514     08EC  018E               	clrf	14	;volatile
  5515     08ED                     l3738:
  5516                           
  5517                           ;mcc_generated_files/pin_manager.c: 68:     TRISE = 0x08;
  5518     08ED  3008               	movlw	8
  5519     08EE  0021               	movlb	1	; select bank1
  5520     08EF  0090               	movwf	16	;volatile
  5521     08F0                     l3740:
  5522                           
  5523                           ;mcc_generated_files/pin_manager.c: 69:     TRISA = 0xFF;
  5524     08F0  30FF               	movlw	255
  5525     08F1  008C               	movwf	12	;volatile
  5526     08F2                     l3742:
  5527                           
  5528                           ;mcc_generated_files/pin_manager.c: 70:     TRISB = 0xFF;
  5529     08F2  30FF               	movlw	255
  5530     08F3  008D               	movwf	13	;volatile
  5531     08F4                     l3744:
  5532                           
  5533                           ;mcc_generated_files/pin_manager.c: 71:     TRISC = 0xF8;
  5534     08F4  30F8               	movlw	248
  5535     08F5  008E               	movwf	14	;volatile
  5536                           
  5537                           ;mcc_generated_files/pin_manager.c: 76:     ANSELB = 0x00;
  5538     08F6  0023               	movlb	3	; select bank3
  5539     08F7  018D               	clrf	13	;volatile
  5540     08F8                     l3746:
  5541                           
  5542                           ;mcc_generated_files/pin_manager.c: 77:     ANSELA = 0x3F;
  5543     08F8  303F               	movlw	63
  5544     08F9  008C               	movwf	12	;volatile
  5545     08FA                     l3748:
  5546                           
  5547                           ;mcc_generated_files/pin_manager.c: 82:     WPUE = 0x00;
  5548     08FA  0024               	movlb	4	; select bank4
  5549     08FB  0190               	clrf	16	;volatile
  5550                           
  5551                           ;mcc_generated_files/pin_manager.c: 83:     WPUB = 0x3F;
  5552     08FC  303F               	movlw	63
  5553     08FD  008D               	movwf	13	;volatile
  5554     08FE                     l3750:
  5555                           
  5556                           ;mcc_generated_files/pin_manager.c: 84:     OPTION_REGbits.nWPUEN = 0;
  5557     08FE  0021               	movlb	1	; select bank1
  5558     08FF  1395               	bcf	21,7	;volatile
  5559     0900                     l3752:
  5560                           
  5561                           ;mcc_generated_files/pin_manager.c: 90:     APFCON = 0x00;
  5562     0900  0022               	movlb	2	; select bank2
  5563     0901  019D               	clrf	29	;volatile
  5564     0902                     l334:
  5565     0902  0008               	return
  5566     0903                     __end_of_PIN_MANAGER_Initialize:
  5567                           
  5568                           	psect	text10
  5569     176B                     __ptext10:	
  5570 ;; *************** function _OSCILLATOR_Initialize *****************
  5571 ;; Defined at:
  5572 ;;		line 58 in file "mcc_generated_files/mcc.c"
  5573 ;; Parameters:    Size  Location     Type
  5574 ;;		None
  5575 ;; Auto vars:     Size  Location     Type
  5576 ;;		None
  5577 ;; Return value:  Size  Location     Type
  5578 ;;                  1    wreg      void 
  5579 ;; Registers used:
  5580 ;;		wreg, status,2
  5581 ;; Tracked objects:
  5582 ;;		On entry : 0/0
  5583 ;;		On exit  : 0/0
  5584 ;;		Unchanged: 0/0
  5585 ;; Data sizes:     COMMON   BANK0   BANK1   BANK2   BANK3   BANK4   BANK5   BANK6
  5586 ;;      Params:         0       0       0       0       0       0       0       0
  5587 ;;      Locals:         0       0       0       0       0       0       0       0
  5588 ;;      Temps:          0       0       0       0       0       0       0       0
  5589 ;;      Totals:         0       0       0       0       0       0       0       0
  5590 ;;Total ram usage:        0 bytes
  5591 ;; Hardware stack levels used: 1
  5592 ;; Hardware stack levels required when called: 4
  5593 ;; This function calls:
  5594 ;;		Nothing
  5595 ;; This function is called by:
  5596 ;;		_SYSTEM_Initialize
  5597 ;; This function uses a non-reentrant model
  5598 ;;
  5599                           
  5600     176B                     _OSCILLATOR_Initialize:	
  5601                           ;psect for function _OSCILLATOR_Initialize
  5602                           
  5603     176B                     l3754:	
  5604                           ;incstack = 0
  5605                           ; Regs used in _OSCILLATOR_Initialize: [wreg+status,2]
  5606                           
  5607                           
  5608                           ;mcc_generated_files/mcc.c: 60:   OSCCON = 0x70;
  5609     176B  3070               	movlw	112
  5610     176C  0021               	movlb	1	; select bank1
  5611     176D  0099               	movwf	25	;volatile
  5612     176E                     l3756:
  5613                           
  5614                           ;mcc_generated_files/mcc.c: 62:   OSCTUNE = 0x00;
  5615     176E  0198               	clrf	24	;volatile
  5616     176F                     l3758:
  5617                           
  5618                           ;mcc_generated_files/mcc.c: 64:   BORCON = 0x00;
  5619     176F  0022               	movlb	2	; select bank2
  5620     1770  0196               	clrf	22	;volatile
  5621     1771                     l365:	
  5622                           ;mcc_generated_files/mcc.c: 67:   }
  5623                           
  5624                           
  5625                           ;mcc_generated_files/mcc.c: 66:   while (PLLR == 0) {
  5626     1771  0021               	movlb	1	; select bank1
  5627     1772  1F1A               	btfss	26,6	;volatile
  5628     1773  2F75               	goto	u2261
  5629     1774  2F76               	goto	u2260
  5630     1775                     u2261:
  5631     1775  2F71               	goto	l365
  5632     1776                     u2260:
  5633     1776                     l368:
  5634     1776  0008               	return
  5635     1777                     __end_of_OSCILLATOR_Initialize:
  5636                           
  5637                           	psect	text11
  5638     174C                     __ptext11:	
  5639 ;; *************** function _I2C_Initialize *****************
  5640 ;; Defined at:
  5641 ;;		line 167 in file "mcc_generated_files/i2c_master.c"
  5642 ;; Parameters:    Size  Location     Type
  5643 ;;		None
  5644 ;; Auto vars:     Size  Location     Type
  5645 ;;		None
  5646 ;; Return value:  Size  Location     Type
  5647 ;;                  1    wreg      void 
  5648 ;; Registers used:
  5649 ;;		wreg, status,2
  5650 ;; Tracked objects:
  5651 ;;		On entry : 0/0
  5652 ;;		On exit  : 0/0
  5653 ;;		Unchanged: 0/0
  5654 ;; Data sizes:     COMMON   BANK0   BANK1   BANK2   BANK3   BANK4   BANK5   BANK6
  5655 ;;      Params:         0       0       0       0       0       0       0       0
  5656 ;;      Locals:         0       0       0       0       0       0       0       0
  5657 ;;      Temps:          0       0       0       0       0       0       0       0
  5658 ;;      Totals:         0       0       0       0       0       0       0       0
  5659 ;;Total ram usage:        0 bytes
  5660 ;; Hardware stack levels used: 1
  5661 ;; Hardware stack levels required when called: 4
  5662 ;; This function calls:
  5663 ;;		Nothing
  5664 ;; This function is called by:
  5665 ;;		_SYSTEM_Initialize
  5666 ;; This function uses a non-reentrant model
  5667 ;;
  5668                           
  5669     174C                     _I2C_Initialize:	
  5670                           ;psect for function _I2C_Initialize
  5671                           
  5672     174C                     l3728:	
  5673                           ;incstack = 0
  5674                           ; Regs used in _I2C_Initialize: [wreg+status,2]
  5675                           
  5676                           
  5677                           ;mcc_generated_files/i2c_master.c: 169:     SSPSTAT = 0x00;
  5678     174C  0024               	movlb	4	; select bank4
  5679     174D  0194               	clrf	20	;volatile
  5680     174E                     l3730:
  5681                           
  5682                           ;mcc_generated_files/i2c_master.c: 170:     SSPCON1 = 0x08;
  5683     174E  3008               	movlw	8
  5684     174F  0095               	movwf	21	;volatile
  5685     1750                     l3732:
  5686                           
  5687                           ;mcc_generated_files/i2c_master.c: 171:     SSPCON2 = 0x00;
  5688     1750  0196               	clrf	22	;volatile
  5689                           
  5690                           ;mcc_generated_files/i2c_master.c: 172:     SSPADD = 0x4F;
  5691     1751  304F               	movlw	79
  5692     1752  0092               	movwf	18	;volatile
  5693     1753                     l3734:
  5694                           
  5695                           ;mcc_generated_files/i2c_master.c: 173:     SSPCON1bits.SSPEN = 0;
  5696     1753  1295               	bcf	21,5	;volatile
  5697     1754                     l123:
  5698     1754  0008               	return
  5699     1755                     __end_of_I2C_Initialize:
  5700                           
  5701                           	psect	text12
  5702     08CD                     __ptext12:	
  5703 ;; *************** function _RelayControl_Init *****************
  5704 ;; Defined at:
  5705 ;;		line 28 in file "RelayControl.c"
  5706 ;; Parameters:    Size  Location     Type
  5707 ;;		None
  5708 ;; Auto vars:     Size  Location     Type
  5709 ;;		None
  5710 ;; Return value:  Size  Location     Type
  5711 ;;                  1    wreg      void 
  5712 ;; Registers used:
  5713 ;;		wreg, fsr0l, fsr0h, fsr1l, fsr1h, status,2, status,0, pclath, cstack
  5714 ;; Tracked objects:
  5715 ;;		On entry : 0/0
  5716 ;;		On exit  : 0/0
  5717 ;;		Unchanged: 0/0
  5718 ;; Data sizes:     COMMON   BANK0   BANK1   BANK2   BANK3   BANK4   BANK5   BANK6
  5719 ;;      Params:         0       0       0       0       0       0       0       0
  5720 ;;      Locals:         0       0       0       0       0       0       0       0
  5721 ;;      Temps:          0       0       0       0       0       0       0       0
  5722 ;;      Totals:         0       0       0       0       0       0       0       0
  5723 ;;Total ram usage:        0 bytes
  5724 ;; Hardware stack levels used: 1
  5725 ;; Hardware stack levels required when called: 5
  5726 ;; This function calls:
  5727 ;;		_strncpy
  5728 ;; This function is called by:
  5729 ;;		_main
  5730 ;; This function uses a non-reentrant model
  5731 ;;
  5732                           
  5733     08CD                     _RelayControl_Init:	
  5734                           ;psect for function _RelayControl_Init
  5735                           
  5736     08CD                     l5726:	
  5737                           ;incstack = 0
  5738                           ; Regs used in _RelayControl_Init: [wreg-fsr1h+status,2+status,0+pclath+cstack]
  5739                           
  5740                           
  5741                           ;RelayControl.c: 30:   LATCbits.LATC2 = 0;;
  5742     08CD  0022               	movlb	2	; select bank2
  5743     08CE  110E               	bcf	14,2	;volatile
  5744     08CF                     l5728:
  5745                           
  5746                           ;RelayControl.c: 31:   TimerState = 0;
  5747     08CF  0021               	movlb	1	; select bank1
  5748     08D0  01D3               	clrf	_TimerState^(0+128)
  5749     08D1                     l5730:
  5750                           
  5751                           ;RelayControl.c: 32:   strncpy(RelayState_buf, "OFF", sizeof(RelayState_buf));
  5752     08D1  30E7               	movlw	low _RelayState_buf
  5753     08D2  00F2               	movwf	strncpy@d
  5754     08D3  3000               	movlw	high _RelayState_buf
  5755     08D4  00F3               	movwf	strncpy@d+1
  5756     08D5  3036               	movlw	low (STR_2| (0+32768))
  5757     08D6  00F4               	movwf	strncpy@s
  5758     08D7  3098               	movlw	high (STR_2| (0+32768))
  5759     08D8  00F5               	movwf	strncpy@s+1
  5760     08D9  3003               	movlw	3
  5761     08DA  00F6               	movwf	strncpy@n
  5762     08DB  3000               	movlw	0
  5763     08DC  00F7               	movwf	strncpy@n+1
  5764     08DD  318B  23E1  3188   	fcall	_strncpy
  5765     08E0                     l5732:
  5766                           
  5767                           ;RelayControl.c: 35:   TimeMode = e0_010S;
  5768     08E0  3003               	movlw	3
  5769     08E1  0020               	movlb	0	; select bank0
  5770     08E2  00EA               	movwf	_TimeMode
  5771     08E3                     l5734:
  5772                           
  5773                           ;RelayControl.c: 36:   LCD_DispMode = eNormal;
  5774     08E3  0021               	movlb	1	; select bank1
  5775     08E4  01DB               	clrf	_LCD_DispMode^(0+128)
  5776     08E5                     l5736:
  5777                           
  5778                           ;RelayControl.c: 37:   AdjustMode = eADJ_T1_DIG1;
  5779     08E5  01D4               	clrf	_AdjustMode^(0+128)
  5780     08E6  0AD4               	incf	_AdjustMode^(0+128),f
  5781     08E7                     l741:
  5782     08E7  0008               	return
  5783     08E8                     __end_of_RelayControl_Init:
  5784                           
  5785                           	psect	text13
  5786     17ED                     __ptext13:	
  5787 ;; *************** function _POWER_ON_EEPROM_READ *****************
  5788 ;; Defined at:
  5789 ;;		line 10 in file "eeprom.c"
  5790 ;; Parameters:    Size  Location     Type
  5791 ;;		None
  5792 ;; Auto vars:     Size  Location     Type
  5793 ;;		None
  5794 ;; Return value:  Size  Location     Type
  5795 ;;                  1    wreg      void 
  5796 ;; Registers used:
  5797 ;;		wreg, status,2, status,0, pclath, cstack
  5798 ;; Tracked objects:
  5799 ;;		On entry : 0/0
  5800 ;;		On exit  : 0/0
  5801 ;;		Unchanged: 0/0
  5802 ;; Data sizes:     COMMON   BANK0   BANK1   BANK2   BANK3   BANK4   BANK5   BANK6
  5803 ;;      Params:         0       0       0       0       0       0       0       0
  5804 ;;      Locals:         0       0       0       0       0       0       0       0
  5805 ;;      Temps:          0       0       0       0       0       0       0       0
  5806 ;;      Totals:         0       0       0       0       0       0       0       0
  5807 ;;Total ram usage:        0 bytes
  5808 ;; Hardware stack levels used: 1
  5809 ;; Hardware stack levels required when called: 6
  5810 ;; This function calls:
  5811 ;;		_EEPROM_ReadWord
  5812 ;; This function is called by:
  5813 ;;		_main
  5814 ;; This function uses a non-reentrant model
  5815 ;;
  5816                           
  5817     17ED                     _POWER_ON_EEPROM_READ:	
  5818                           ;psect for function _POWER_ON_EEPROM_READ
  5819                           
  5820     17ED                     l5008:	
  5821                           ;incstack = 0
  5822                           ; Regs used in _POWER_ON_EEPROM_READ: [wreg+status,2+status,0+pclath+cstack]
  5823                           
  5824                           
  5825                           ;eeprom.c: 11:     SetTimer1_cnt= EEPROM_ReadWord( 0);
  5826     17ED  3000               	movlw	0
  5827     17EE  3189  2197  3197   	fcall	_EEPROM_ReadWord
  5828     17F1  0877               	movf	?_EEPROM_ReadWord+1,w
  5829     17F2  0020               	movlb	0	; select bank0
  5830     17F3  00E9               	movwf	_SetTimer1_cnt+1
  5831     17F4  0876               	movf	?_EEPROM_ReadWord,w
  5832     17F5  00E8               	movwf	_SetTimer1_cnt
  5833                           
  5834                           ;eeprom.c: 12:     SetTimer2_cnt= EEPROM_ReadWord( 8);
  5835     17F6  3008               	movlw	8
  5836     17F7  3189  2197  3197   	fcall	_EEPROM_ReadWord
  5837     17FA  0877               	movf	?_EEPROM_ReadWord+1,w
  5838     17FB  0020               	movlb	0	; select bank0
  5839     17FC  00E7               	movwf	_SetTimer2_cnt+1
  5840     17FD  0876               	movf	?_EEPROM_ReadWord,w
  5841     17FE  00E6               	movwf	_SetTimer2_cnt
  5842     17FF                     l865:
  5843     17FF  0008               	return
  5844     1800                     __end_of_POWER_ON_EEPROM_READ:
  5845                           
  5846                           	psect	text14
  5847     0997                     __ptext14:	
  5848 ;; *************** function _EEPROM_ReadWord *****************
  5849 ;; Defined at:
  5850 ;;		line 27 in file "eeprom.c"
  5851 ;; Parameters:    Size  Location     Type
  5852 ;;  address         1    wreg     unsigned char 
  5853 ;; Auto vars:     Size  Location     Type
  5854 ;;  address         1    7[BANK0 ] unsigned char 
  5855 ;;  high            1    6[BANK0 ] unsigned char 
  5856 ;;  low             1    5[BANK0 ] unsigned char 
  5857 ;; Return value:  Size  Location     Type
  5858 ;;                  2    6[COMMON] unsigned short 
  5859 ;; Registers used:
  5860 ;;		wreg, status,2, status,0, pclath, cstack
  5861 ;; Tracked objects:
  5862 ;;		On entry : 0/0
  5863 ;;		On exit  : 0/0
  5864 ;;		Unchanged: 0/0
  5865 ;; Data sizes:     COMMON   BANK0   BANK1   BANK2   BANK3   BANK4   BANK5   BANK6
  5866 ;;      Params:         2       0       0       0       0       0       0       0
  5867 ;;      Locals:         0       3       0       0       0       0       0       0
  5868 ;;      Temps:          0       5       0       0       0       0       0       0
  5869 ;;      Totals:         2       8       0       0       0       0       0       0
  5870 ;;Total ram usage:       10 bytes
  5871 ;; Hardware stack levels used: 1
  5872 ;; Hardware stack levels required when called: 5
  5873 ;; This function calls:
  5874 ;;		_eeprom_read
  5875 ;; This function is called by:
  5876 ;;		_POWER_ON_EEPROM_READ
  5877 ;; This function uses a non-reentrant model
  5878 ;;
  5879                           
  5880     0997                     _EEPROM_ReadWord:	
  5881                           ;psect for function _EEPROM_ReadWord
  5882                           
  5883                           
  5884                           ;incstack = 0
  5885                           ; Regs used in _EEPROM_ReadWord: [wreg+status,2+status,0+pclath+cstack]
  5886                           ;EEPROM_ReadWord@address stored from wreg
  5887     0997  0020               	movlb	0	; select bank0
  5888     0998  00A7               	movwf	EEPROM_ReadWord@address
  5889     0999                     l4976:
  5890                           
  5891                           ;eeprom.c: 27: uint16_t EEPROM_ReadWord(uint8_t address);eeprom.c: 28: {;eeprom.c: 29:  
      +                             uint8_t low = eeprom_read(address);
  5892     0999  0827               	movf	EEPROM_ReadWord@address,w
  5893     099A  3188  2056  3189   	fcall	_eeprom_read
  5894     099D  0020               	movlb	0	; select bank0
  5895     099E  00A5               	movwf	EEPROM_ReadWord@low
  5896                           
  5897                           ;eeprom.c: 30:     uint8_t high = eeprom_read(address + 1);
  5898     099F  0827               	movf	EEPROM_ReadWord@address,w
  5899     09A0  3E01               	addlw	1
  5900     09A1  3188  2056  3189   	fcall	_eeprom_read
  5901     09A4  0020               	movlb	0	; select bank0
  5902     09A5  00A6               	movwf	EEPROM_ReadWord@high
  5903     09A6                     l4978:
  5904                           
  5905                           ;eeprom.c: 31:     return ((uint16_t)high << 8) | low;
  5906     09A6  0825               	movf	EEPROM_ReadWord@low,w
  5907     09A7  00A0               	movwf	??_EEPROM_ReadWord
  5908     09A8  01A1               	clrf	??_EEPROM_ReadWord+1
  5909     09A9  0826               	movf	EEPROM_ReadWord@high,w
  5910     09AA  00A2               	movwf	??_EEPROM_ReadWord+2
  5911     09AB  01A3               	clrf	??_EEPROM_ReadWord+3
  5912     09AC  0822               	movf	??_EEPROM_ReadWord+2,w
  5913     09AD  00A3               	movwf	??_EEPROM_ReadWord+3
  5914     09AE  01A2               	clrf	??_EEPROM_ReadWord+2
  5915     09AF  0820               	movf	??_EEPROM_ReadWord,w
  5916     09B0  0422               	iorwf	??_EEPROM_ReadWord+2,w
  5917     09B1  00F6               	movwf	?_EEPROM_ReadWord
  5918     09B2  0821               	movf	??_EEPROM_ReadWord+1,w
  5919     09B3  0423               	iorwf	??_EEPROM_ReadWord+3,w
  5920     09B4  00F7               	movwf	?_EEPROM_ReadWord+1
  5921     09B5                     l871:
  5922     09B5  0008               	return
  5923     09B6                     __end_of_EEPROM_ReadWord:
  5924                           
  5925                           	psect	text15
  5926     0856                     __ptext15:	
  5927 ;; *************** function _eeprom_read *****************
  5928 ;; Defined at:
  5929 ;;		line 6 in file "C:\Program Files\Microchip\xc8\v2.46\pic\sources\c99\pic\__eeread.c"
  5930 ;; Parameters:    Size  Location     Type
  5931 ;;  addr            1    wreg     unsigned char 
  5932 ;; Auto vars:     Size  Location     Type
  5933 ;;  addr            1    5[COMMON] unsigned char 
  5934 ;; Return value:  Size  Location     Type
  5935 ;;                  1    wreg      unsigned char 
  5936 ;; Registers used:
  5937 ;;		wreg, status,2, status,0
  5938 ;; Tracked objects:
  5939 ;;		On entry : 0/0
  5940 ;;		On exit  : 0/0
  5941 ;;		Unchanged: 0/0
  5942 ;; Data sizes:     COMMON   BANK0   BANK1   BANK2   BANK3   BANK4   BANK5   BANK6
  5943 ;;      Params:         0       0       0       0       0       0       0       0
  5944 ;;      Locals:         1       0       0       0       0       0       0       0
  5945 ;;      Temps:          3       0       0       0       0       0       0       0
  5946 ;;      Totals:         4       0       0       0       0       0       0       0
  5947 ;;Total ram usage:        4 bytes
  5948 ;; Hardware stack levels used: 1
  5949 ;; Hardware stack levels required when called: 4
  5950 ;; This function calls:
  5951 ;;		Nothing
  5952 ;; This function is called by:
  5953 ;;		_EEPROM_ReadWord
  5954 ;; This function uses a non-reentrant model
  5955 ;;
  5956                           
  5957     0856                     _eeprom_read:	
  5958                           ;psect for function _eeprom_read
  5959                           
  5960                           
  5961                           ;incstack = 0
  5962                           ; Regs used in _eeprom_read: [wreg+status,2+status,0]
  5963                           ;eeprom_read@addr stored from wreg
  5964     0856  00F5               	movwf	eeprom_read@addr
  5965     0857                     l1028:	
  5966                           ;C:\Program Files\Microchip\xc8\v2.46\pic\sources\c99\pic\__eeread.c: 6: eeprom_read(uns
      +                          igned char addr);C:\Program Files\Microchip\xc8\v2.46\pic\sources\c99\pic\__eeread.c: 7:
      +                           {;C:\Program Files\Microchip\xc8\v2.46\pic\sources\c99\pic\__eeread.c: 8:  do
  5967                           
  5968     0857  0064               	clrwdt	;# 
  5969     0858  0023               	movlb	3	; select bank3
  5970     0859  1895               	btfsc	21,1	;volsfr
  5971     085A  285C               	goto	u3481
  5972     085B  285D               	goto	u3480
  5973     085C                     u3481:
  5974     085C  2857               	goto	l1028
  5975     085D                     u3480:
  5976     085D                     l4836:
  5977                           
  5978                           ;C:\Program Files\Microchip\xc8\v2.46\pic\sources\c99\pic\__eeread.c: 18:  return ( EEAD
      +                          R = addr, EECON1 &= 0x3F, EECON1bits.RD = 1, EEDATA);
  5979     085D  0875               	movf	eeprom_read@addr,w
  5980     085E  00F2               	movwf	??_eeprom_read
  5981     085F  01F3               	clrf	??_eeprom_read+1
  5982     0860  0872               	movf	??_eeprom_read,w
  5983     0861  0091               	movwf	17	;volatile
  5984     0862  0873               	movf	??_eeprom_read+1,w
  5985     0863  0092               	movwf	18	;volatile
  5986     0864  303F               	movlw	63
  5987     0865  00F4               	movwf	??_eeprom_read+2
  5988     0866  0874               	movf	??_eeprom_read+2,w
  5989     0867  0595               	andwf	21,f	;volsfr
  5990     0868  1415               	bsf	21,0	;volsfr
  5991     0869  0813               	movf	19,w	;volatile
  5992     086A                     l1030:
  5993     086A  0008               	return
  5994     086B                     __end_of_eeprom_read:
  5995                           
  5996                           	psect	text16
  5997     0ECC                     __ptext16:	
  5998 ;; *************** function _Normal *****************
  5999 ;; Defined at:
  6000 ;;		line 214 in file "RelayControl.c"
  6001 ;; Parameters:    Size  Location     Type
  6002 ;;		None
  6003 ;; Auto vars:     Size  Location     Type
  6004 ;;		None
  6005 ;; Return value:  Size  Location     Type
  6006 ;;                  1    wreg      void 
  6007 ;; Registers used:
  6008 ;;		wreg, fsr0l, fsr0h, fsr1l, fsr1h, status,2, status,0, pclath, cstack
  6009 ;; Tracked objects:
  6010 ;;		On entry : 0/0
  6011 ;;		On exit  : 0/0
  6012 ;;		Unchanged: 0/0
  6013 ;; Data sizes:     COMMON   BANK0   BANK1   BANK2   BANK3   BANK4   BANK5   BANK6
  6014 ;;      Params:         0       0       0       0       0       0       0       0
  6015 ;;      Locals:         0       0       0       0       0       0       0       0
  6016 ;;      Temps:          0       0       0       0       0       0       0       0
  6017 ;;      Totals:         0       0       0       0       0       0       0       0
  6018 ;;Total ram usage:        0 bytes
  6019 ;; Hardware stack levels used: 1
  6020 ;; Hardware stack levels required when called: 5
  6021 ;; This function calls:
  6022 ;;		_TimeModeSelect
  6023 ;;		_strncpy
  6024 ;; This function is called by:
  6025 ;;		_main
  6026 ;; This function uses a non-reentrant model
  6027 ;;
  6028                           
  6029     0ECC                     _Normal:	
  6030                           ;psect for function _Normal
  6031                           
  6032     0ECC                     l5794:	
  6033                           ;incstack = 0
  6034                           ; Regs used in _Normal: [wreg-fsr1h+status,2+status,0+pclath+cstack]
  6035                           
  6036                           
  6037                           ;RelayControl.c: 216:   if (key[1].fLong) {
  6038     0ECC  0023               	movlb	3	; select bank3
  6039     0ECD  0832               	movf	(_key^(0+384)+18),w
  6040     0ECE  1903               	btfsc	3,2
  6041     0ECF  2ED1               	goto	u4701
  6042     0ED0  2ED2               	goto	u4700
  6043     0ED1                     u4701:
  6044     0ED1  2EF3               	goto	l5806
  6045     0ED2                     u4700:
  6046     0ED2                     l5796:
  6047                           
  6048                           ;RelayControl.c: 217:     key[1].fLong = 0;
  6049     0ED2  01B2               	clrf	(_key^(0+384)+18)
  6050     0ED3                     l5798:
  6051                           
  6052                           ;RelayControl.c: 219:     LCD_DispMode = eFunctionSet;
  6053     0ED3  0021               	movlb	1	; select bank1
  6054     0ED4  01DB               	clrf	_LCD_DispMode^(0+128)
  6055     0ED5  0ADB               	incf	_LCD_DispMode^(0+128),f
  6056                           
  6057                           ;RelayControl.c: 220:     OutState = 0;
  6058     0ED6  01FA               	clrf	_OutState
  6059     0ED7                     l5800:
  6060                           
  6061                           ;RelayControl.c: 221:     strncpy(RelayState_buf, "OFF", sizeof(RelayState_buf));
  6062     0ED7  30E7               	movlw	low _RelayState_buf
  6063     0ED8  00F2               	movwf	strncpy@d
  6064     0ED9  3000               	movlw	high _RelayState_buf
  6065     0EDA  00F3               	movwf	strncpy@d+1
  6066     0EDB  3036               	movlw	low (STR_2| (0+32768))
  6067     0EDC  00F4               	movwf	strncpy@s
  6068     0EDD  3098               	movlw	high (STR_2| (0+32768))
  6069     0EDE  00F5               	movwf	strncpy@s+1
  6070     0EDF  3003               	movlw	3
  6071     0EE0  00F6               	movwf	strncpy@n
  6072     0EE1  3000               	movlw	0
  6073     0EE2  00F7               	movwf	strncpy@n+1
  6074     0EE3  318B  23E1  318E   	fcall	_strncpy
  6075     0EE6                     l5802:
  6076                           
  6077                           ;RelayControl.c: 222:     LATCbits.LATC2 = 0;;
  6078     0EE6  0022               	movlb	2	; select bank2
  6079     0EE7  110E               	bcf	14,2	;volatile
  6080     0EE8                     l5804:
  6081     0EE8  1003               	clrc
  6082     0EE9  1C0E               	btfss	14,0	;volatile
  6083     0EEA  1403               	setc
  6084     0EEB  1803               	btfsc	3,0
  6085     0EEC  2EEE               	goto	u4711
  6086     0EED  2EF1               	goto	u4710
  6087     0EEE                     u4711:
  6088     0EEE  0022               	movlb	2	; select bank2
  6089     0EEF  140E               	bsf	14,0	;volatile
  6090     0EF0  2EF3               	goto	u4724
  6091     0EF1                     u4710:
  6092     0EF1  0022               	movlb	2	; select bank2
  6093     0EF2  100E               	bcf	14,0	;volatile
  6094     0EF3                     u4724:
  6095     0EF3                     l5806:
  6096                           
  6097                           ;RelayControl.c: 227:   if (key[3].fShort) {
  6098     0EF3  0023               	movlb	3	; select bank3
  6099     0EF4  084A               	movf	(_key^(0+384)+42),w
  6100     0EF5  1903               	btfsc	3,2
  6101     0EF6  2EF8               	goto	u4731
  6102     0EF7  2EF9               	goto	u4730
  6103     0EF8                     u4731:
  6104     0EF8  2F2D               	goto	l808
  6105     0EF9                     u4730:
  6106     0EF9                     l5808:
  6107                           
  6108                           ;RelayControl.c: 228:     key[3].fShort = 0;
  6109     0EF9  01CA               	clrf	(_key^(0+384)+42)
  6110     0EFA                     l5810:
  6111                           
  6112                           ;RelayControl.c: 229:     OutState = !OutState;
  6113     0EFA  087A               	movf	_OutState,w
  6114     0EFB  1903               	btfsc	3,2
  6115     0EFC  2EFE               	goto	u4741
  6116     0EFD  2F00               	goto	u4740
  6117     0EFE                     u4741:
  6118     0EFE  3001               	movlw	1
  6119     0EFF  2F01               	goto	u4750
  6120     0F00                     u4740:
  6121     0F00  3000               	movlw	0
  6122     0F01                     u4750:
  6123     0F01  00FA               	movwf	_OutState
  6124     0F02                     l5812:
  6125                           
  6126                           ;RelayControl.c: 230:     if (OutState) {
  6127     0F02  087A               	movf	_OutState,w
  6128     0F03  1903               	btfsc	3,2
  6129     0F04  2F06               	goto	u4761
  6130     0F05  2F07               	goto	u4760
  6131     0F06                     u4761:
  6132     0F06  2F1C               	goto	l806
  6133     0F07                     u4760:
  6134     0F07                     l5814:
  6135                           
  6136                           ;RelayControl.c: 231:       TimeModeSelect();
  6137     0F07  318B  2308  318E   	fcall	_TimeModeSelect
  6138     0F0A                     l5816:
  6139                           
  6140                           ;RelayControl.c: 232:       strncpy(RelayState_buf, " ON", sizeof(RelayState_buf));
  6141     0F0A  30E7               	movlw	low _RelayState_buf
  6142     0F0B  00F2               	movwf	strncpy@d
  6143     0F0C  3000               	movlw	high _RelayState_buf
  6144     0F0D  00F3               	movwf	strncpy@d+1
  6145     0F0E  303A               	movlw	low (STR_13| (0+32768))
  6146     0F0F  00F4               	movwf	strncpy@s
  6147     0F10  3098               	movlw	high (STR_13| (0+32768))
  6148     0F11  00F5               	movwf	strncpy@s+1
  6149     0F12  3003               	movlw	3
  6150     0F13  00F6               	movwf	strncpy@n
  6151     0F14  3000               	movlw	0
  6152     0F15  00F7               	movwf	strncpy@n+1
  6153     0F16  318B  23E1  318E   	fcall	_strncpy
  6154     0F19                     l5818:
  6155                           
  6156                           ;RelayControl.c: 233:       LATCbits.LATC2 = 1;;
  6157     0F19  0022               	movlb	2	; select bank2
  6158     0F1A  150E               	bsf	14,2	;volatile
  6159                           
  6160                           ;RelayControl.c: 234:     } else {
  6161     0F1B  2F2D               	goto	l808
  6162     0F1C                     l806:
  6163                           
  6164                           ;RelayControl.c: 235:       LATCbits.LATC2 = 0;;
  6165     0F1C  0022               	movlb	2	; select bank2
  6166     0F1D  110E               	bcf	14,2	;volatile
  6167     0F1E                     l5820:
  6168                           
  6169                           ;RelayControl.c: 236:       strncpy(RelayState_buf, "OFF", sizeof(RelayState_buf));
  6170     0F1E  30E7               	movlw	low _RelayState_buf
  6171     0F1F  00F2               	movwf	strncpy@d
  6172     0F20  3000               	movlw	high _RelayState_buf
  6173     0F21  00F3               	movwf	strncpy@d+1
  6174     0F22  3036               	movlw	low (STR_2| (0+32768))
  6175     0F23  00F4               	movwf	strncpy@s
  6176     0F24  3098               	movlw	high (STR_2| (0+32768))
  6177     0F25  00F5               	movwf	strncpy@s+1
  6178     0F26  3003               	movlw	3
  6179     0F27  00F6               	movwf	strncpy@n
  6180     0F28  3000               	movlw	0
  6181     0F29  00F7               	movwf	strncpy@n+1
  6182     0F2A  318B  23E1  318E   	fcall	_strncpy
  6183     0F2D                     l808:
  6184     0F2D  0008               	return
  6185     0F2E                     __end_of_Normal:
  6186                           
  6187                           	psect	text17
  6188     0B08                     __ptext17:	
  6189 ;; *************** function _TimeModeSelect *****************
  6190 ;; Defined at:
  6191 ;;		line 40 in file "RelayControl.c"
  6192 ;; Parameters:    Size  Location     Type
  6193 ;;		None
  6194 ;; Auto vars:     Size  Location     Type
  6195 ;;		None
  6196 ;; Return value:  Size  Location     Type
  6197 ;;                  1    wreg      void 
  6198 ;; Registers used:
  6199 ;;		wreg, fsr0l, fsr0h, status,2, status,0
  6200 ;; Tracked objects:
  6201 ;;		On entry : 0/0
  6202 ;;		On exit  : 0/0
  6203 ;;		Unchanged: 0/0
  6204 ;; Data sizes:     COMMON   BANK0   BANK1   BANK2   BANK3   BANK4   BANK5   BANK6
  6205 ;;      Params:         0       0       0       0       0       0       0       0
  6206 ;;      Locals:         0       0       0       0       0       0       0       0
  6207 ;;      Temps:          0       0       0       0       0       0       0       0
  6208 ;;      Totals:         0       0       0       0       0       0       0       0
  6209 ;;Total ram usage:        0 bytes
  6210 ;; Hardware stack levels used: 1
  6211 ;; Hardware stack levels required when called: 4
  6212 ;; This function calls:
  6213 ;;		Nothing
  6214 ;; This function is called by:
  6215 ;;		_Normal
  6216 ;; This function uses a non-reentrant model
  6217 ;;
  6218                           
  6219     0B08                     _TimeModeSelect:	
  6220                           ;psect for function _TimeModeSelect
  6221                           
  6222     0B08                     l3876:	
  6223                           ;incstack = 0
  6224                           ; Regs used in _TimeModeSelect: [wreg-fsr0h+status,2+status,0]
  6225                           
  6226                           
  6227                           ;RelayControl.c: 41:   switch (TimeMode) {
  6228     0B08  2B2B               	goto	l3888
  6229     0B09                     l3878:
  6230                           
  6231                           ;RelayControl.c: 43:     T1_1000ms_cnt = 0;
  6232     0B09  0021               	movlb	1	; select bank1
  6233     0B0A  01C4               	clrf	_T1_1000ms_cnt^(0+128)
  6234     0B0B  01C5               	clrf	(_T1_1000ms_cnt+1)^(0+128)
  6235                           
  6236                           ;RelayControl.c: 44:     x100T_cnt = 0;
  6237     0B0C  01BE               	clrf	_x100T_cnt^(0+128)
  6238     0B0D  01BF               	clrf	(_x100T_cnt+1)^(0+128)
  6239                           
  6240                           ;RelayControl.c: 45:     fT1_1second = 0;
  6241     0B0E  01D6               	clrf	_fT1_1second^(0+128)
  6242                           
  6243                           ;RelayControl.c: 46:     break;
  6244     0B0F  2B37               	goto	l3890
  6245     0B10                     l3880:
  6246                           
  6247                           ;RelayControl.c: 48:     T1_100ms_cnt = 0;
  6248     0B10  0021               	movlb	1	; select bank1
  6249     0B11  01C6               	clrf	_T1_100ms_cnt^(0+128)
  6250     0B12  01C7               	clrf	(_T1_100ms_cnt+1)^(0+128)
  6251                           
  6252                           ;RelayControl.c: 49:     x10T_cnt = 0;
  6253     0B13  01C0               	clrf	_x10T_cnt^(0+128)
  6254     0B14  01C1               	clrf	(_x10T_cnt+1)^(0+128)
  6255                           
  6256                           ;RelayControl.c: 50:     fT1_100ms = 0;
  6257     0B15  01D7               	clrf	_fT1_100ms^(0+128)
  6258                           
  6259                           ;RelayControl.c: 51:     break;
  6260     0B16  2B37               	goto	l3890
  6261     0B17                     l3882:
  6262                           
  6263                           ;RelayControl.c: 53:     x1T_cnt = 0;
  6264     0B17  0021               	movlb	1	; select bank1
  6265     0B18  01C2               	clrf	_x1T_cnt^(0+128)
  6266     0B19  01C3               	clrf	(_x1T_cnt+1)^(0+128)
  6267                           
  6268                           ;RelayControl.c: 54:     fT1_10ms = 0;
  6269     0B1A  01D8               	clrf	_fT1_10ms^(0+128)
  6270                           
  6271                           ;RelayControl.c: 55:     break;
  6272     0B1B  2B37               	goto	l3890
  6273     0B1C                     l3884:
  6274                           
  6275                           ;RelayControl.c: 61:     T1_1000ms_cnt = 0;
  6276     0B1C  0021               	movlb	1	; select bank1
  6277     0B1D  01C4               	clrf	_T1_1000ms_cnt^(0+128)
  6278     0B1E  01C5               	clrf	(_T1_1000ms_cnt+1)^(0+128)
  6279                           
  6280                           ;RelayControl.c: 62:     x100T_cnt = 0;
  6281     0B1F  01BE               	clrf	_x100T_cnt^(0+128)
  6282     0B20  01BF               	clrf	(_x100T_cnt+1)^(0+128)
  6283                           
  6284                           ;RelayControl.c: 63:     fT1_1second = 0;
  6285     0B21  01D6               	clrf	_fT1_1second^(0+128)
  6286                           
  6287                           ;RelayControl.c: 64:     T1_100ms_cnt = 0;
  6288     0B22  01C6               	clrf	_T1_100ms_cnt^(0+128)
  6289     0B23  01C7               	clrf	(_T1_100ms_cnt+1)^(0+128)
  6290                           
  6291                           ;RelayControl.c: 65:     x10T_cnt = 0;
  6292     0B24  01C0               	clrf	_x10T_cnt^(0+128)
  6293     0B25  01C1               	clrf	(_x10T_cnt+1)^(0+128)
  6294                           
  6295                           ;RelayControl.c: 66:     fT1_100ms = 0;
  6296     0B26  01D7               	clrf	_fT1_100ms^(0+128)
  6297                           
  6298                           ;RelayControl.c: 67:     x1T_cnt = 0;
  6299     0B27  01C2               	clrf	_x1T_cnt^(0+128)
  6300     0B28  01C3               	clrf	(_x1T_cnt+1)^(0+128)
  6301                           
  6302                           ;RelayControl.c: 68:     fT1_10ms = 0;
  6303     0B29  01D8               	clrf	_fT1_10ms^(0+128)
  6304                           
  6305                           ;RelayControl.c: 69:     break;
  6306     0B2A  2B37               	goto	l3890
  6307     0B2B                     l3888:
  6308     0B2B  0020               	movlb	0	; select bank0
  6309     0B2C  086A               	movf	_TimeMode,w
  6310                           
  6311                           ; Switch size 1, requested type "simple"
  6312                           ; Number of cases is 3, Range of values is 1 to 3
  6313                           ; switch strategies available:
  6314                           ; Name         Instructions Cycles
  6315                           ; simple_byte           10     6 (average)
  6316                           ; direct_byte           15     9 (fixed)
  6317                           ; jumptable            263     9 (fixed)
  6318                           ;	Chosen strategy is simple_byte
  6319     0B2D  3A01               	xorlw	1	; case 1
  6320     0B2E  1903               	skipnz
  6321     0B2F  2B09               	goto	l3878
  6322     0B30  3A03               	xorlw	3	; case 2
  6323     0B31  1903               	skipnz
  6324     0B32  2B10               	goto	l3880
  6325     0B33  3A01               	xorlw	1	; case 3
  6326     0B34  1903               	skipnz
  6327     0B35  2B17               	goto	l3882
  6328     0B36  2B1C               	goto	l3884
  6329     0B37                     l3890:
  6330                           
  6331                           ;RelayControl.c: 71:   xComm_cnt = 0;
  6332     0B37  01BC               	clrf	_xComm_cnt^(0+128)
  6333     0B38  01BD               	clrf	(_xComm_cnt+1)^(0+128)
  6334                           
  6335                           ;RelayControl.c: 72:   fT1_TimerUp = 0;
  6336     0B39  01D5               	clrf	_fT1_TimerUp^(0+128)
  6337     0B3A                     l750:
  6338     0B3A  0008               	return
  6339     0B3B                     __end_of_TimeModeSelect:
  6340                           
  6341                           	psect	text18
  6342     091F                     __ptext18:	
  6343 ;; *************** function _LCD_SetCursor *****************
  6344 ;; Defined at:
  6345 ;;		line 198 in file "hd44780_i2c.c"
  6346 ;; Parameters:    Size  Location     Type
  6347 ;;  col             1    wreg     unsigned char 
  6348 ;;  row             1   15[BANK0 ] unsigned char 
  6349 ;; Auto vars:     Size  Location     Type
  6350 ;;  col             1   20[BANK0 ] unsigned char 
  6351 ;;  row_offsets     4   16[BANK0 ] unsigned char [4]
  6352 ;; Return value:  Size  Location     Type
  6353 ;;                  1    wreg      void 
  6354 ;; Registers used:
  6355 ;;		wreg, fsr0l, fsr0h, fsr1l, fsr1h, status,2, status,0, pclath, cstack
  6356 ;; Tracked objects:
  6357 ;;		On entry : 0/0
  6358 ;;		On exit  : 0/0
  6359 ;;		Unchanged: 0/0
  6360 ;; Data sizes:     COMMON   BANK0   BANK1   BANK2   BANK3   BANK4   BANK5   BANK6
  6361 ;;      Params:         0       1       0       0       0       0       0       0
  6362 ;;      Locals:         0       5       0       0       0       0       0       0
  6363 ;;      Temps:          0       0       0       0       0       0       0       0
  6364 ;;      Totals:         0       6       0       0       0       0       0       0
  6365 ;;Total ram usage:        6 bytes
  6366 ;; Hardware stack levels used: 1
  6367 ;; Hardware stack levels required when called: 15
  6368 ;; This function calls:
  6369 ;;		_LCD_Command
  6370 ;; This function is called by:
  6371 ;;		_main
  6372 ;; This function uses a non-reentrant model
  6373 ;;
  6374                           
  6375     091F                     _LCD_SetCursor:	
  6376                           ;psect for function _LCD_SetCursor
  6377                           
  6378                           
  6379                           ;incstack = 0
  6380                           ; Regs used in _LCD_SetCursor: [wreg-fsr1h+status,2+status,0+pclath+cstack]
  6381                           ;LCD_SetCursor@col stored from wreg
  6382     091F  0020               	movlb	0	; select bank0
  6383     0920  00B4               	movwf	LCD_SetCursor@col
  6384     0921                     l5118:
  6385                           
  6386                           ;hd44780_i2c.c: 199:     uint8_t row_offsets[] = {0x00, 0x40, 0x14, 0x54};
  6387     0921  0021               	movlb	1	; select bank1
  6388     0922  086D               	movf	(LCD_SetCursor@F3193+3)^(0+128),w
  6389     0923  0020               	movlb	0	; select bank0
  6390     0924  00B3               	movwf	LCD_SetCursor@row_offsets+3
  6391     0925  0021               	movlb	1	; select bank1
  6392     0926  086C               	movf	(LCD_SetCursor@F3193+2)^(0+128),w
  6393     0927  0020               	movlb	0	; select bank0
  6394     0928  00B2               	movwf	LCD_SetCursor@row_offsets+2
  6395     0929  0021               	movlb	1	; select bank1
  6396     092A  086B               	movf	(LCD_SetCursor@F3193+1)^(0+128),w
  6397     092B  0020               	movlb	0	; select bank0
  6398     092C  00B1               	movwf	LCD_SetCursor@row_offsets+1
  6399     092D  0021               	movlb	1	; select bank1
  6400     092E  086A               	movf	LCD_SetCursor@F3193^(0+128),w
  6401     092F  0020               	movlb	0	; select bank0
  6402     0930  00B0               	movwf	LCD_SetCursor@row_offsets
  6403     0931                     l5120:
  6404                           
  6405                           ;hd44780_i2c.c: 200:     LCD_Command(0x80 | (col + row_offsets[row]));
  6406     0931  082F               	movf	LCD_SetCursor@row,w
  6407     0932  3E30               	addlw	(low (LCD_SetCursor@row_offsets| 0))& (0+255)
  6408     0933  0086               	movwf	6
  6409     0934  0187               	clrf	7
  6410     0935  0801               	movf	1,w
  6411     0936  0734               	addwf	LCD_SetCursor@col,w
  6412     0937  3880               	iorlw	128
  6413     0938  3189  215A  3189   	fcall	_LCD_Command
  6414     093B                     l591:
  6415     093B  0008               	return
  6416     093C                     __end_of_LCD_SetCursor:
  6417                           
  6418                           	psect	text19
  6419     08B3                     __ptext19:	
  6420 ;; *************** function _LCD_Print *****************
  6421 ;; Defined at:
  6422 ;;		line 203 in file "hd44780_i2c.c"
  6423 ;; Parameters:    Size  Location     Type
  6424 ;;  str             1    wreg     PTR const unsigned char 
  6425 ;;		 -> buf(17), 
  6426 ;; Auto vars:     Size  Location     Type
  6427 ;;  str             1   16[BANK0 ] PTR const unsigned char 
  6428 ;;		 -> buf(17), 
  6429 ;; Return value:  Size  Location     Type
  6430 ;;                  1    wreg      void 
  6431 ;; Registers used:
  6432 ;;		wreg, fsr0l, fsr0h, fsr1l, fsr1h, status,2, status,0, pclath, cstack
  6433 ;; Tracked objects:
  6434 ;;		On entry : 0/0
  6435 ;;		On exit  : 0/0
  6436 ;;		Unchanged: 0/0
  6437 ;; Data sizes:     COMMON   BANK0   BANK1   BANK2   BANK3   BANK4   BANK5   BANK6
  6438 ;;      Params:         0       0       0       0       0       0       0       0
  6439 ;;      Locals:         0       1       0       0       0       0       0       0
  6440 ;;      Temps:          0       1       0       0       0       0       0       0
  6441 ;;      Totals:         0       2       0       0       0       0       0       0
  6442 ;;Total ram usage:        2 bytes
  6443 ;; Hardware stack levels used: 1
  6444 ;; Hardware stack levels required when called: 15
  6445 ;; This function calls:
  6446 ;;		_LCD_Data
  6447 ;; This function is called by:
  6448 ;;		_main
  6449 ;; This function uses a non-reentrant model
  6450 ;;
  6451                           
  6452     08B3                     _LCD_Print:	
  6453                           ;psect for function _LCD_Print
  6454                           
  6455                           
  6456                           ;incstack = 0
  6457                           ; Regs used in _LCD_Print: [wreg-fsr1h+status,2+status,0+pclath+cstack]
  6458                           ;LCD_Print@str stored from wreg
  6459     08B3  0020               	movlb	0	; select bank0
  6460     08B4  00B0               	movwf	LCD_Print@str
  6461     08B5                     l5142:
  6462                           
  6463                           ;hd44780_i2c.c: 204:     while(*str) {
  6464     08B5  28C3               	goto	l5148
  6465     08B6                     l5144:
  6466                           
  6467                           ;hd44780_i2c.c: 205:         LCD_Data(*str++);
  6468     08B6  0830               	movf	LCD_Print@str,w
  6469     08B7  0086               	movwf	6
  6470     08B8  3001               	movlw	1	; select bank2/3
  6471     08B9  0087               	movwf	7
  6472     08BA  0801               	movf	1,w
  6473     08BB  3189  21B6  3188   	fcall	_LCD_Data
  6474     08BE                     l5146:
  6475     08BE  3001               	movlw	1
  6476     08BF  0020               	movlb	0	; select bank0
  6477     08C0  00AF               	movwf	??_LCD_Print
  6478     08C1  082F               	movf	??_LCD_Print,w
  6479     08C2  07B0               	addwf	LCD_Print@str,f
  6480     08C3                     l5148:
  6481                           
  6482                           ;hd44780_i2c.c: 204:     while(*str) {
  6483     08C3  0830               	movf	LCD_Print@str,w
  6484     08C4  0086               	movwf	6
  6485     08C5  3001               	movlw	1	; select bank2/3
  6486     08C6  0087               	movwf	7
  6487     08C7  0801               	movf	1,w
  6488     08C8  1D03               	btfss	3,2
  6489     08C9  28CB               	goto	u3871
  6490     08CA  28CC               	goto	u3870
  6491     08CB                     u3871:
  6492     08CB  28B6               	goto	l5144
  6493     08CC                     u3870:
  6494     08CC                     l597:
  6495     08CC  0008               	return
  6496     08CD                     __end_of_LCD_Print:
  6497                           
  6498                           	psect	text20
  6499     09B6                     __ptext20:	
  6500 ;; *************** function _LCD_Data *****************
  6501 ;; Defined at:
  6502 ;;		line 170 in file "hd44780_i2c.c"
  6503 ;; Parameters:    Size  Location     Type
  6504 ;;  data            1    wreg     unsigned char 
  6505 ;; Auto vars:     Size  Location     Type
  6506 ;;  data            1   14[BANK0 ] unsigned char 
  6507 ;; Return value:  Size  Location     Type
  6508 ;;                  1    wreg      void 
  6509 ;; Registers used:
  6510 ;;		wreg, fsr0l, fsr0h, fsr1l, fsr1h, status,2, status,0, pclath, cstack
  6511 ;; Tracked objects:
  6512 ;;		On entry : 0/0
  6513 ;;		On exit  : 0/0
  6514 ;;		Unchanged: 0/0
  6515 ;; Data sizes:     COMMON   BANK0   BANK1   BANK2   BANK3   BANK4   BANK5   BANK6
  6516 ;;      Params:         0       0       0       0       0       0       0       0
  6517 ;;      Locals:         0       1       0       0       0       0       0       0
  6518 ;;      Temps:          0       1       0       0       0       0       0       0
  6519 ;;      Totals:         0       2       0       0       0       0       0       0
  6520 ;;Total ram usage:        2 bytes
  6521 ;; Hardware stack levels used: 1
  6522 ;; Hardware stack levels required when called: 14
  6523 ;; This function calls:
  6524 ;;		_PCF8574_LCD_SendNibble
  6525 ;; This function is called by:
  6526 ;;		_LCD_Print
  6527 ;; This function uses a non-reentrant model
  6528 ;;
  6529                           
  6530     09B6                     _LCD_Data:	
  6531                           ;psect for function _LCD_Data
  6532                           
  6533                           
  6534                           ;incstack = 0
  6535                           ; Regs used in _LCD_Data: [wreg-fsr1h+status,2+status,0+pclath+cstack]
  6536                           ;LCD_Data@data stored from wreg
  6537     09B6  0020               	movlb	0	; select bank0
  6538     09B7  00AE               	movwf	LCD_Data@data
  6539     09B8                     l4928:
  6540                           
  6541                           ;hd44780_i2c.c: 172:     PCF8574_LCD_SendNibble(data >> 4, 1);
  6542     09B8  01A9               	clrf	PCF8574_LCD_SendNibble@rs
  6543     09B9  0AA9               	incf	PCF8574_LCD_SendNibble@rs,f
  6544     09BA  082E               	movf	LCD_Data@data,w
  6545     09BB  00AD               	movwf	??_LCD_Data
  6546     09BC  3004               	movlw	4
  6547     09BD                     u3685:
  6548     09BD  36AD               	lsrf	??_LCD_Data,f
  6549     09BE  0B89               	decfsz	9,f
  6550     09BF  29BD               	goto	u3685
  6551     09C0  082D               	movf	??_LCD_Data,w
  6552     09C1  318A  227B  3189   	fcall	_PCF8574_LCD_SendNibble
  6553                           
  6554                           ;hd44780_i2c.c: 173:     PCF8574_LCD_SendNibble(data & 0x0F, 1);
  6555     09C4  0020               	movlb	0	; select bank0
  6556     09C5  01A9               	clrf	PCF8574_LCD_SendNibble@rs
  6557     09C6  0AA9               	incf	PCF8574_LCD_SendNibble@rs,f
  6558     09C7  082E               	movf	LCD_Data@data,w
  6559     09C8  390F               	andlw	15
  6560     09C9  318A  227B  3189   	fcall	_PCF8574_LCD_SendNibble
  6561     09CC                     l4930:
  6562                           
  6563                           ;hd44780_i2c.c: 174:     _delay((unsigned long)((2)*(32000000/4000.0)));
  6564     09CC  3015               	movlw	21
  6565     09CD  0020               	movlb	0	; select bank0
  6566     09CE  00AD               	movwf	??_LCD_Data
  6567     09CF  30C6               	movlw	198
  6568     09D0                     u4907:
  6569     09D0  0B89               	decfsz	9,f
  6570     09D1  29D0               	goto	u4907
  6571     09D2  0BAD               	decfsz	??_LCD_Data,f
  6572     09D3  29D0               	goto	u4907
  6573     09D4  0000               	nop
  6574     09D5                     l583:
  6575     09D5  0008               	return
  6576     09D6                     __end_of_LCD_Data:
  6577                           
  6578                           	psect	text21
  6579     0E6A                     __ptext21:	
  6580 ;; *************** function _LCD_Init *****************
  6581 ;; Defined at:
  6582 ;;		line 177 in file "hd44780_i2c.c"
  6583 ;; Parameters:    Size  Location     Type
  6584 ;;		None
  6585 ;; Auto vars:     Size  Location     Type
  6586 ;;		None
  6587 ;; Return value:  Size  Location     Type
  6588 ;;                  1    wreg      void 
  6589 ;; Registers used:
  6590 ;;		wreg, fsr0l, fsr0h, fsr1l, fsr1h, status,2, status,0, pclath, cstack
  6591 ;; Tracked objects:
  6592 ;;		On entry : 0/0
  6593 ;;		On exit  : 0/0
  6594 ;;		Unchanged: 0/0
  6595 ;; Data sizes:     COMMON   BANK0   BANK1   BANK2   BANK3   BANK4   BANK5   BANK6
  6596 ;;      Params:         0       0       0       0       0       0       0       0
  6597 ;;      Locals:         0       0       0       0       0       0       0       0
  6598 ;;      Temps:          0       2       0       0       0       0       0       0
  6599 ;;      Totals:         0       2       0       0       0       0       0       0
  6600 ;;Total ram usage:        2 bytes
  6601 ;; Hardware stack levels used: 1
  6602 ;; Hardware stack levels required when called: 15
  6603 ;; This function calls:
  6604 ;;		_LCD_Command
  6605 ;;		_PCF8574_LCD_SendNibble
  6606 ;; This function is called by:
  6607 ;;		_main
  6608 ;; This function uses a non-reentrant model
  6609 ;;
  6610                           
  6611     0E6A                     _LCD_Init:	
  6612                           ;psect for function _LCD_Init
  6613                           
  6614     0E6A                     l5022:	
  6615                           ;incstack = 0
  6616                           ; Regs used in _LCD_Init: [wreg-fsr1h+status,2+status,0+pclath+cstack]
  6617                           
  6618                           
  6619                           ;hd44780_i2c.c: 178:     _delay((unsigned long)((50)*(32000000/4000.0)));
  6620     0E6A  3003               	movlw	3
  6621     0E6B  0020               	movlb	0	; select bank0
  6622     0E6C  00B0               	movwf	??_LCD_Init+1
  6623     0E6D  3008               	movlw	8
  6624     0E6E  00AF               	movwf	??_LCD_Init
  6625     0E6F  3077               	movlw	119
  6626     0E70                     u4917:
  6627     0E70  0B89               	decfsz	9,f
  6628     0E71  2E70               	goto	u4917
  6629     0E72  0BAF               	decfsz	??_LCD_Init,f
  6630     0E73  2E70               	goto	u4917
  6631     0E74  0BB0               	decfsz	??_LCD_Init+1,f
  6632     0E75  2E70               	goto	u4917
  6633     0E76                     l5024:
  6634                           
  6635                           ;hd44780_i2c.c: 179:     PCF8574_LCD_SendNibble(0x03, 0);
  6636     0E76  0020               	movlb	0	; select bank0
  6637     0E77  01A9               	clrf	PCF8574_LCD_SendNibble@rs
  6638     0E78  3003               	movlw	3
  6639     0E79  318A  227B  318E   	fcall	_PCF8574_LCD_SendNibble
  6640     0E7C                     l5026:
  6641                           
  6642                           ;hd44780_i2c.c: 180:     _delay((unsigned long)((5)*(32000000/4000.0)));
  6643     0E7C  3034               	movlw	52
  6644     0E7D  0020               	movlb	0	; select bank0
  6645     0E7E  00AF               	movwf	??_LCD_Init
  6646     0E7F  30F1               	movlw	241
  6647     0E80                     u4927:
  6648     0E80  0B89               	decfsz	9,f
  6649     0E81  2E80               	goto	u4927
  6650     0E82  0BAF               	decfsz	??_LCD_Init,f
  6651     0E83  2E80               	goto	u4927
  6652     0E84  3200               	nop2
  6653                           
  6654                           ;hd44780_i2c.c: 181:     PCF8574_LCD_SendNibble(0x03, 0);
  6655     0E85  0020               	movlb	0	; select bank0
  6656     0E86  01A9               	clrf	PCF8574_LCD_SendNibble@rs
  6657     0E87  3003               	movlw	3
  6658     0E88  318A  227B  318E   	fcall	_PCF8574_LCD_SendNibble
  6659     0E8B                     l5028:
  6660                           
  6661                           ;hd44780_i2c.c: 182:     _delay((unsigned long)((5)*(32000000/4000.0)));
  6662     0E8B  3034               	movlw	52
  6663     0E8C  0020               	movlb	0	; select bank0
  6664     0E8D  00AF               	movwf	??_LCD_Init
  6665     0E8E  30F1               	movlw	241
  6666     0E8F                     u4937:
  6667     0E8F  0B89               	decfsz	9,f
  6668     0E90  2E8F               	goto	u4937
  6669     0E91  0BAF               	decfsz	??_LCD_Init,f
  6670     0E92  2E8F               	goto	u4937
  6671     0E93  3200               	nop2
  6672     0E94                     l5030:
  6673                           
  6674                           ;hd44780_i2c.c: 183:     PCF8574_LCD_SendNibble(0x03, 0);
  6675     0E94  0020               	movlb	0	; select bank0
  6676     0E95  01A9               	clrf	PCF8574_LCD_SendNibble@rs
  6677     0E96  3003               	movlw	3
  6678     0E97  318A  227B  318E   	fcall	_PCF8574_LCD_SendNibble
  6679                           
  6680                           ;hd44780_i2c.c: 184:     _delay((unsigned long)((5)*(32000000/4000.0)));
  6681     0E9A  3034               	movlw	52
  6682     0E9B  0020               	movlb	0	; select bank0
  6683     0E9C  00AF               	movwf	??_LCD_Init
  6684     0E9D  30F1               	movlw	241
  6685     0E9E                     u4947:
  6686     0E9E  0B89               	decfsz	9,f
  6687     0E9F  2E9E               	goto	u4947
  6688     0EA0  0BAF               	decfsz	??_LCD_Init,f
  6689     0EA1  2E9E               	goto	u4947
  6690     0EA2  3200               	nop2
  6691     0EA3                     l5032:
  6692                           
  6693                           ;hd44780_i2c.c: 186:     PCF8574_LCD_SendNibble(0x02, 0);
  6694     0EA3  0020               	movlb	0	; select bank0
  6695     0EA4  01A9               	clrf	PCF8574_LCD_SendNibble@rs
  6696     0EA5  3002               	movlw	2
  6697     0EA6  318A  227B  318E   	fcall	_PCF8574_LCD_SendNibble
  6698     0EA9                     l5034:
  6699                           
  6700                           ;hd44780_i2c.c: 187:     _delay((unsigned long)((1)*(32000000/4000.0)));
  6701     0EA9  300B               	movlw	11
  6702     0EAA  0020               	movlb	0	; select bank0
  6703     0EAB  00AF               	movwf	??_LCD_Init
  6704     0EAC  3062               	movlw	98
  6705     0EAD                     u4957:
  6706     0EAD  0B89               	decfsz	9,f
  6707     0EAE  2EAD               	goto	u4957
  6708     0EAF  0BAF               	decfsz	??_LCD_Init,f
  6709     0EB0  2EAD               	goto	u4957
  6710     0EB1  0000               	nop
  6711                           
  6712                           ;hd44780_i2c.c: 189:     LCD_Command(0x28);
  6713     0EB2  3028               	movlw	40
  6714     0EB3  3189  215A  318E   	fcall	_LCD_Command
  6715                           
  6716                           ;hd44780_i2c.c: 192:     LCD_Command(0x0E);
  6717     0EB6  300E               	movlw	14
  6718     0EB7  3189  215A  318E   	fcall	_LCD_Command
  6719                           
  6720                           ;hd44780_i2c.c: 193:     LCD_Command(0x06);
  6721     0EBA  3006               	movlw	6
  6722     0EBB  3189  215A  318E   	fcall	_LCD_Command
  6723                           
  6724                           ;hd44780_i2c.c: 194:     LCD_Command(0x01);
  6725     0EBE  3001               	movlw	1
  6726     0EBF  3189  215A  318E   	fcall	_LCD_Command
  6727     0EC2                     l5036:
  6728                           
  6729                           ;hd44780_i2c.c: 195:     _delay((unsigned long)((2)*(32000000/4000.0)));
  6730     0EC2  3015               	movlw	21
  6731     0EC3  0020               	movlb	0	; select bank0
  6732     0EC4  00AF               	movwf	??_LCD_Init
  6733     0EC5  30C6               	movlw	198
  6734     0EC6                     u4967:
  6735     0EC6  0B89               	decfsz	9,f
  6736     0EC7  2EC6               	goto	u4967
  6737     0EC8  0BAF               	decfsz	??_LCD_Init,f
  6738     0EC9  2EC6               	goto	u4967
  6739     0ECA  0000               	nop
  6740     0ECB                     l586:
  6741     0ECB  0008               	return
  6742     0ECC                     __end_of_LCD_Init:
  6743                           
  6744                           	psect	text22
  6745     095A                     __ptext22:	
  6746 ;; *************** function _LCD_Command *****************
  6747 ;; Defined at:
  6748 ;;		line 163 in file "hd44780_i2c.c"
  6749 ;; Parameters:    Size  Location     Type
  6750 ;;  cmd             1    wreg     unsigned char 
  6751 ;; Auto vars:     Size  Location     Type
  6752 ;;  cmd             1   14[BANK0 ] unsigned char 
  6753 ;; Return value:  Size  Location     Type
  6754 ;;                  1    wreg      void 
  6755 ;; Registers used:
  6756 ;;		wreg, fsr0l, fsr0h, fsr1l, fsr1h, status,2, status,0, pclath, cstack
  6757 ;; Tracked objects:
  6758 ;;		On entry : 0/0
  6759 ;;		On exit  : 0/0
  6760 ;;		Unchanged: 0/0
  6761 ;; Data sizes:     COMMON   BANK0   BANK1   BANK2   BANK3   BANK4   BANK5   BANK6
  6762 ;;      Params:         0       0       0       0       0       0       0       0
  6763 ;;      Locals:         0       1       0       0       0       0       0       0
  6764 ;;      Temps:          0       1       0       0       0       0       0       0
  6765 ;;      Totals:         0       2       0       0       0       0       0       0
  6766 ;;Total ram usage:        2 bytes
  6767 ;; Hardware stack levels used: 1
  6768 ;; Hardware stack levels required when called: 14
  6769 ;; This function calls:
  6770 ;;		_PCF8574_LCD_SendNibble
  6771 ;; This function is called by:
  6772 ;;		_main
  6773 ;;		_LCD_Init
  6774 ;;		_LCD_SetCursor
  6775 ;;		_LCD_functionSet
  6776 ;; This function uses a non-reentrant model
  6777 ;;
  6778                           
  6779     095A                     _LCD_Command:	
  6780                           ;psect for function _LCD_Command
  6781                           
  6782                           
  6783                           ;incstack = 0
  6784                           ; Regs used in _LCD_Command: [wreg-fsr1h+status,2+status,0+pclath+cstack]
  6785                           ;LCD_Command@cmd stored from wreg
  6786     095A  0020               	movlb	0	; select bank0
  6787     095B  00AE               	movwf	LCD_Command@cmd
  6788     095C                     l4924:
  6789                           
  6790                           ;hd44780_i2c.c: 165:     PCF8574_LCD_SendNibble(cmd >> 4, 0);
  6791     095C  01A9               	clrf	PCF8574_LCD_SendNibble@rs
  6792     095D  082E               	movf	LCD_Command@cmd,w
  6793     095E  00AD               	movwf	??_LCD_Command
  6794     095F  3004               	movlw	4
  6795     0960                     u3675:
  6796     0960  36AD               	lsrf	??_LCD_Command,f
  6797     0961  0B89               	decfsz	9,f
  6798     0962  2960               	goto	u3675
  6799     0963  082D               	movf	??_LCD_Command,w
  6800     0964  318A  227B  3189   	fcall	_PCF8574_LCD_SendNibble
  6801                           
  6802                           ;hd44780_i2c.c: 166:     PCF8574_LCD_SendNibble(cmd & 0x0F, 0);
  6803     0967  0020               	movlb	0	; select bank0
  6804     0968  01A9               	clrf	PCF8574_LCD_SendNibble@rs
  6805     0969  082E               	movf	LCD_Command@cmd,w
  6806     096A  390F               	andlw	15
  6807     096B  318A  227B  3189   	fcall	_PCF8574_LCD_SendNibble
  6808     096E                     l4926:
  6809                           
  6810                           ;hd44780_i2c.c: 167:     _delay((unsigned long)((2)*(32000000/4000.0)));
  6811     096E  3015               	movlw	21
  6812     096F  0020               	movlb	0	; select bank0
  6813     0970  00AD               	movwf	??_LCD_Command
  6814     0971  30C6               	movlw	198
  6815     0972                     u4977:
  6816     0972  0B89               	decfsz	9,f
  6817     0973  2972               	goto	u4977
  6818     0974  0BAD               	decfsz	??_LCD_Command,f
  6819     0975  2972               	goto	u4977
  6820     0976  0000               	nop
  6821     0977                     l580:
  6822     0977  0008               	return
  6823     0978                     __end_of_LCD_Command:
  6824                           
  6825                           	psect	text23
  6826     0A7B                     __ptext23:	
  6827 ;; *************** function _PCF8574_LCD_SendNibble *****************
  6828 ;; Defined at:
  6829 ;;		line 148 in file "hd44780_i2c.c"
  6830 ;; Parameters:    Size  Location     Type
  6831 ;;  nibble          1    wreg     unsigned char 
  6832 ;;  rs              1    9[BANK0 ] unsigned char 
  6833 ;; Auto vars:     Size  Location     Type
  6834 ;;  nibble          1   11[BANK0 ] unsigned char 
  6835 ;;  data            1   12[BANK0 ] unsigned char 
  6836 ;; Return value:  Size  Location     Type
  6837 ;;                  1    wreg      void 
  6838 ;; Registers used:
  6839 ;;		wreg, fsr0l, fsr0h, fsr1l, fsr1h, status,2, status,0, pclath, cstack
  6840 ;; Tracked objects:
  6841 ;;		On entry : 0/0
  6842 ;;		On exit  : 0/0
  6843 ;;		Unchanged: 0/0
  6844 ;; Data sizes:     COMMON   BANK0   BANK1   BANK2   BANK3   BANK4   BANK5   BANK6
  6845 ;;      Params:         0       1       0       0       0       0       0       0
  6846 ;;      Locals:         0       2       0       0       0       0       0       0
  6847 ;;      Temps:          0       1       0       0       0       0       0       0
  6848 ;;      Totals:         0       4       0       0       0       0       0       0
  6849 ;;Total ram usage:        4 bytes
  6850 ;; Hardware stack levels used: 1
  6851 ;; Hardware stack levels required when called: 13
  6852 ;; This function calls:
  6853 ;;		_I2C_Write1ByteRegister
  6854 ;; This function is called by:
  6855 ;;		_LCD_Command
  6856 ;;		_LCD_Data
  6857 ;;		_LCD_Init
  6858 ;; This function uses a non-reentrant model
  6859 ;;
  6860                           
  6861     0A7B                     _PCF8574_LCD_SendNibble:	
  6862                           ;psect for function _PCF8574_LCD_SendNibble
  6863                           
  6864                           
  6865                           ;incstack = 0
  6866                           ; Regs used in _PCF8574_LCD_SendNibble: [wreg-fsr1h+status,2+status,0+pclath+cstack]
  6867                           ;PCF8574_LCD_SendNibble@nibble stored from wreg
  6868     0A7B  0020               	movlb	0	; select bank0
  6869     0A7C  00AB               	movwf	PCF8574_LCD_SendNibble@nibble
  6870     0A7D                     l4826:
  6871                           
  6872                           ;hd44780_i2c.c: 149:     uint8_t data = (uint8_t)(nibble << 4) | 0x08;
  6873     0A7D  082B               	movf	PCF8574_LCD_SendNibble@nibble,w
  6874     0A7E  00AA               	movwf	??_PCF8574_LCD_SendNibble
  6875     0A7F  3003               	movlw	3
  6876     0A80                     u3465:
  6877     0A80  35AA               	lslf	??_PCF8574_LCD_SendNibble,f
  6878     0A81  3EFF               	addlw	-1
  6879     0A82  1D03               	skipz
  6880     0A83  2A80               	goto	u3465
  6881     0A84  352A               	lslf	??_PCF8574_LCD_SendNibble,w
  6882     0A85  3808               	iorlw	8
  6883     0A86  00AC               	movwf	PCF8574_LCD_SendNibble@data
  6884                           
  6885                           ;hd44780_i2c.c: 150:     if (rs) data |= 0x01;
  6886     0A87  0829               	movf	PCF8574_LCD_SendNibble@rs,w
  6887     0A88  1903               	btfsc	3,2
  6888     0A89  2A8B               	goto	u3471
  6889     0A8A  2A8C               	goto	u3470
  6890     0A8B                     u3471:
  6891     0A8B  2A8D               	goto	l4830
  6892     0A8C                     u3470:
  6893     0A8C                     l4828:
  6894     0A8C  142C               	bsf	PCF8574_LCD_SendNibble@data,0
  6895     0A8D                     l4830:
  6896                           
  6897                           ;hd44780_i2c.c: 152:     I2C_Write1ByteRegister(0x27, 0x00, data | 0x04);
  6898     0A8D  01A6               	clrf	I2C_Write1ByteRegister@reg
  6899     0A8E  082C               	movf	PCF8574_LCD_SendNibble@data,w
  6900     0A8F  3804               	iorlw	4
  6901     0A90  00A7               	movwf	I2C_Write1ByteRegister@data
  6902     0A91  3027               	movlw	39
  6903     0A92  318A  22D6  318A   	fcall	_I2C_Write1ByteRegister
  6904     0A95                     l4832:
  6905                           
  6906                           ;hd44780_i2c.c: 153:     _delay((unsigned long)((1)*(32000000/4000.0)));
  6907     0A95  300B               	movlw	11
  6908     0A96  0020               	movlb	0	; select bank0
  6909     0A97  00AA               	movwf	??_PCF8574_LCD_SendNibble
  6910     0A98  3062               	movlw	98
  6911     0A99                     u4987:
  6912     0A99  0B89               	decfsz	9,f
  6913     0A9A  2A99               	goto	u4987
  6914     0A9B  0BAA               	decfsz	??_PCF8574_LCD_SendNibble,f
  6915     0A9C  2A99               	goto	u4987
  6916     0A9D  0000               	nop
  6917     0A9E                     l4834:
  6918                           
  6919                           ;hd44780_i2c.c: 155:     I2C_Write1ByteRegister(0x27, 0x00, data & ~0x04);
  6920     0A9E  0020               	movlb	0	; select bank0
  6921     0A9F  01A6               	clrf	I2C_Write1ByteRegister@reg
  6922     0AA0  082C               	movf	PCF8574_LCD_SendNibble@data,w
  6923     0AA1  39FB               	andlw	251
  6924     0AA2  00A7               	movwf	I2C_Write1ByteRegister@data
  6925     0AA3  3027               	movlw	39
  6926     0AA4  318A  22D6  318A   	fcall	_I2C_Write1ByteRegister
  6927     0AA7                     l577:
  6928     0AA7  0008               	return
  6929     0AA8                     __end_of_PCF8574_LCD_SendNibble:
  6930                           
  6931                           	psect	text24
  6932     0AD6                     __ptext24:	
  6933 ;; *************** function _I2C_Write1ByteRegister *****************
  6934 ;; Defined at:
  6935 ;;		line 91 in file "mcc_generated_files/examples/i2c_master_example.c"
  6936 ;; Parameters:    Size  Location     Type
  6937 ;;  address         1    wreg     unsigned char 
  6938 ;;  reg             1    6[BANK0 ] unsigned char 
  6939 ;;  data            1    7[BANK0 ] unsigned char 
  6940 ;; Auto vars:     Size  Location     Type
  6941 ;;  address         1    8[BANK0 ] unsigned char 
  6942 ;; Return value:  Size  Location     Type
  6943 ;;                  1    wreg      void 
  6944 ;; Registers used:
  6945 ;;		wreg, fsr0l, fsr0h, fsr1l, fsr1h, status,2, status,0, pclath, cstack
  6946 ;; Tracked objects:
  6947 ;;		On entry : 0/0
  6948 ;;		On exit  : 0/0
  6949 ;;		Unchanged: 0/0
  6950 ;; Data sizes:     COMMON   BANK0   BANK1   BANK2   BANK3   BANK4   BANK5   BANK6
  6951 ;;      Params:         0       2       0       0       0       0       0       0
  6952 ;;      Locals:         0       1       0       0       0       0       0       0
  6953 ;;      Temps:          0       0       0       0       0       0       0       0
  6954 ;;      Totals:         0       3       0       0       0       0       0       0
  6955 ;;Total ram usage:        3 bytes
  6956 ;; Hardware stack levels used: 1
  6957 ;; Hardware stack levels required when called: 12
  6958 ;; This function calls:
  6959 ;;		_I2C_Close
  6960 ;;		_I2C_MasterWrite
  6961 ;;		_I2C_Open
  6962 ;;		_I2C_SetAddressNackCallback
  6963 ;;		_I2C_SetBuffer
  6964 ;;		_I2C_SetDataCompleteCallback
  6965 ;; This function is called by:
  6966 ;;		_PCF8574_LCD_SendNibble
  6967 ;; This function uses a non-reentrant model
  6968 ;;
  6969                           
  6970     0AD6                     _I2C_Write1ByteRegister:	
  6971                           ;psect for function _I2C_Write1ByteRegister
  6972                           
  6973                           
  6974                           ;incstack = 0
  6975                           ; Regs used in _I2C_Write1ByteRegister: [wreg-fsr1h+status,2+status,0+pclath+cstack]
  6976                           ;I2C_Write1ByteRegister@address stored from wreg
  6977     0AD6  0020               	movlb	0	; select bank0
  6978     0AD7  00A8               	movwf	I2C_Write1ByteRegister@address
  6979     0AD8                     l4732:
  6980     0AD8                     l4734:	
  6981                           ;mcc_generated_files/examples/i2c_master_example.c: 91: void I2C_Write1ByteRegister(i2c_
      +                          address_t address, uint8_t reg, uint8_t data);mcc_generated_files/examples/i2c_master_ex
      +                          ample.c: 92: {;mcc_generated_files/examples/i2c_master_example.c: 93:     while(!I2C_Ope
      +                          n(address));
  6982                           
  6983     0AD8  0020               	movlb	0	; select bank0
  6984     0AD9  0828               	movf	I2C_Write1ByteRegister@address,w
  6985     0ADA  318B  236F  318A   	fcall	_I2C_Open
  6986     0ADD  3A00               	xorlw	0
  6987     0ADE  1903               	skipnz
  6988     0ADF  2AE1               	goto	u3281
  6989     0AE0  2AE2               	goto	u3280
  6990     0AE1                     u3281:
  6991     0AE1  2AD8               	goto	l4734
  6992     0AE2                     u3280:
  6993     0AE2                     l4736:
  6994                           
  6995                           ;mcc_generated_files/examples/i2c_master_example.c: 94:     I2C_SetDataCompleteCallback(
      +                          wr1RegCompleteHandler,&data);
  6996     0AE2  30CA               	movlw	low _wr1RegCompleteHandler
  6997     0AE3  00F6               	movwf	I2C_SetDataCompleteCallback@cb
  6998     0AE4  3017               	movlw	high _wr1RegCompleteHandler
  6999     0AE5  00F7               	movwf	I2C_SetDataCompleteCallback@cb+1
  7000     0AE6  3027               	movlw	(low (I2C_Write1ByteRegister@data| 0))& (0+255)
  7001     0AE7  00F8               	movwf	I2C_SetDataCompleteCallback@ptr
  7002     0AE8  3197  2755  318A   	fcall	_I2C_SetDataCompleteCallback
  7003     0AEB                     l4738:
  7004                           
  7005                           ;mcc_generated_files/examples/i2c_master_example.c: 95:     I2C_SetBuffer(&reg,1);
  7006     0AEB  3001               	movlw	1
  7007     0AEC  00F2               	movwf	I2C_SetBuffer@bufferSize
  7008     0AED  3000               	movlw	0
  7009     0AEE  00F3               	movwf	I2C_SetBuffer@bufferSize+1
  7010     0AEF  3026               	movlw	(low (I2C_Write1ByteRegister@reg| 0))& (0+255)
  7011     0AF0  3197  27AB  318A   	fcall	_I2C_SetBuffer
  7012     0AF3                     l4740:
  7013                           
  7014                           ;mcc_generated_files/examples/i2c_master_example.c: 96:     I2C_SetAddressNackCallback((
      +                          (void*)0),((void*)0));
  7015     0AF3  3000               	movlw	0
  7016     0AF4  00F6               	movwf	I2C_SetAddressNackCallback@cb
  7017     0AF5  00F7               	movwf	I2C_SetAddressNackCallback@cb+1
  7018     0AF6  3000               	movlw	0
  7019     0AF7  00F8               	movwf	I2C_SetAddressNackCallback@ptr
  7020     0AF8  00F9               	movwf	I2C_SetAddressNackCallback@ptr+1
  7021     0AF9  3197  2760  318A   	fcall	_I2C_SetAddressNackCallback
  7022     0AFC                     l4742:
  7023                           
  7024                           ;mcc_generated_files/examples/i2c_master_example.c: 97:     I2C_MasterWrite();
  7025     0AFC  3197  2717  318A   	fcall	_I2C_MasterWrite
  7026     0AFF                     l4744:	
  7027                           ;mcc_generated_files/examples/i2c_master_example.c: 98:     while(I2C_BUSY == I2C_Close(
      +                          ));
  7028                           
  7029     0AFF  3188  2082  318A   	fcall	_I2C_Close
  7030     0B02  3A01               	xorlw	1
  7031     0B03  1903               	skipnz
  7032     0B04  2B06               	goto	u3291
  7033     0B05  2B07               	goto	u3290
  7034     0B06                     u3291:
  7035     0B06  2AFF               	goto	l4744
  7036     0B07                     u3290:
  7037     0B07                     l23:
  7038     0B07  0008               	return
  7039     0B08                     __end_of_I2C_Write1ByteRegister:
  7040                           
  7041                           	psect	text25
  7042     1760                     __ptext25:	
  7043 ;; *************** function _I2C_SetAddressNackCallback *****************
  7044 ;; Defined at:
  7045 ;;		line 283 in file "mcc_generated_files/i2c_master.c"
  7046 ;; Parameters:    Size  Location     Type
  7047 ;;  cb              2    6[COMMON] PTR FTN(PTR void ,)enum 
  7048 ;;		 -> NULL(1), 
  7049 ;;  ptr             2    8[COMMON] PTR void 
  7050 ;;		 -> NULL(0), 
  7051 ;; Auto vars:     Size  Location     Type
  7052 ;;		None
  7053 ;; Return value:  Size  Location     Type
  7054 ;;                  1    wreg      void 
  7055 ;; Registers used:
  7056 ;;		wreg, fsr1l, fsr1h, status,2, status,0, pclath, cstack
  7057 ;; Tracked objects:
  7058 ;;		On entry : 0/0
  7059 ;;		On exit  : 0/0
  7060 ;;		Unchanged: 0/0
  7061 ;; Data sizes:     COMMON   BANK0   BANK1   BANK2   BANK3   BANK4   BANK5   BANK6
  7062 ;;      Params:         4       0       0       0       0       0       0       0
  7063 ;;      Locals:         0       0       0       0       0       0       0       0
  7064 ;;      Temps:          0       0       0       0       0       0       0       0
  7065 ;;      Totals:         4       0       0       0       0       0       0       0
  7066 ;;Total ram usage:        4 bytes
  7067 ;; Hardware stack levels used: 1
  7068 ;; Hardware stack levels required when called: 5
  7069 ;; This function calls:
  7070 ;;		_I2C_SetCallback
  7071 ;; This function is called by:
  7072 ;;		_I2C_Write1ByteRegister
  7073 ;; This function uses a non-reentrant model
  7074 ;;
  7075                           
  7076     1760                     _I2C_SetAddressNackCallback:	
  7077                           ;psect for function _I2C_SetAddressNackCallback
  7078                           
  7079     1760                     l3384:	
  7080                           ;incstack = 0
  7081                           ; Regs used in _I2C_SetAddressNackCallback: [wreg+fsr1l+fsr1h+status,2+status,0+pclath+c
      +                          stack]
  7082                           
  7083                           
  7084                           ;mcc_generated_files/i2c_master.c: 283: void I2C_SetAddressNackCallback(i2c_callback_t c
      +                          b, void *ptr);mcc_generated_files/i2c_master.c: 284: {;mcc_generated_files/i2c_master.c:
      +                           285:     I2C_SetCallback(I2C_ADDR_NACK, cb, ptr);
  7085     1760  0877               	movf	I2C_SetAddressNackCallback@cb+1,w
  7086     1761  00F3               	movwf	I2C_SetCallback@cb+1
  7087     1762  0876               	movf	I2C_SetAddressNackCallback@cb,w
  7088     1763  00F2               	movwf	I2C_SetCallback@cb
  7089     1764  0878               	movf	I2C_SetAddressNackCallback@ptr,w
  7090     1765  00F4               	movwf	I2C_SetCallback@ptr
  7091     1766  3002               	movlw	2
  7092     1767  3189  21D6  3197   	fcall	_I2C_SetCallback
  7093     176A                     l150:
  7094     176A  0008               	return
  7095     176B                     __end_of_I2C_SetAddressNackCallback:
  7096                           
  7097                           	psect	text26
  7098     0B6F                     __ptext26:	
  7099 ;; *************** function _I2C_Open *****************
  7100 ;; Defined at:
  7101 ;;		line 176 in file "mcc_generated_files/i2c_master.c"
  7102 ;; Parameters:    Size  Location     Type
  7103 ;;  address         1    wreg     unsigned char 
  7104 ;; Auto vars:     Size  Location     Type
  7105 ;;  address         1    2[COMMON] unsigned char 
  7106 ;;  returnValue     1    3[COMMON] enum E358
  7107 ;; Return value:  Size  Location     Type
  7108 ;;                  1    wreg      enum E358
  7109 ;; Registers used:
  7110 ;;		wreg, status,2, status,0, pclath, cstack
  7111 ;; Tracked objects:
  7112 ;;		On entry : 0/0
  7113 ;;		On exit  : 0/0
  7114 ;;		Unchanged: 0/0
  7115 ;; Data sizes:     COMMON   BANK0   BANK1   BANK2   BANK3   BANK4   BANK5   BANK6
  7116 ;;      Params:         0       0       0       0       0       0       0       0
  7117 ;;      Locals:         2       0       0       0       0       0       0       0
  7118 ;;      Temps:          0       0       0       0       0       0       0       0
  7119 ;;      Totals:         2       0       0       0       0       0       0       0
  7120 ;;Total ram usage:        2 bytes
  7121 ;; Hardware stack levels used: 1
  7122 ;; Hardware stack levels required when called: 5
  7123 ;; This function calls:
  7124 ;;		_I2C_MasterClearIrq
  7125 ;;		_I2C_MasterOpen
  7126 ;; This function is called by:
  7127 ;;		_I2C_Write1ByteRegister
  7128 ;; This function uses a non-reentrant model
  7129 ;;
  7130                           
  7131     0B6F                     _I2C_Open:	
  7132                           ;psect for function _I2C_Open
  7133                           
  7134                           
  7135                           ;incstack = 0
  7136                           ; Regs used in _I2C_Open: [wreg+status,2+status,0+pclath+cstack]
  7137                           ;I2C_Open@address stored from wreg
  7138     0B6F  00F2               	movwf	I2C_Open@address
  7139     0B70                     l3352:
  7140                           
  7141                           ;mcc_generated_files/i2c_master.c: 176: i2c_error_t I2C_Open(i2c_address_t address);mcc_
      +                          generated_files/i2c_master.c: 177: {;mcc_generated_files/i2c_master.c: 178:     i2c_erro
      +                          r_t returnValue = I2C_BUSY;
  7142     0B70  01F3               	clrf	I2C_Open@returnValue
  7143     0B71  0AF3               	incf	I2C_Open@returnValue,f
  7144                           
  7145                           ;mcc_generated_files/i2c_master.c: 180:     if(!I2C_Status.inUse)
  7146     0B72  0022               	movlb	2	; select bank2
  7147     0B73  195C               	btfsc	(_I2C_Status^(0+256)+28),2
  7148     0B74  2B76               	goto	u1551
  7149     0B75  2B77               	goto	u1550
  7150     0B76                     u1551:
  7151     0B76  2BA3               	goto	l126
  7152     0B77                     u1550:
  7153     0B77                     l3354:
  7154                           
  7155                           ;mcc_generated_files/i2c_master.c: 181:     {;mcc_generated_files/i2c_master.c: 182:    
      +                               I2C_Status.address = address;
  7156     0B77  0872               	movf	I2C_Open@address,w
  7157     0B78  00D6               	movwf	(_I2C_Status^(0+256)+22)
  7158     0B79                     l3356:
  7159                           
  7160                           ;mcc_generated_files/i2c_master.c: 183:         I2C_Status.busy = 0;
  7161     0B79  10DC               	bcf	(_I2C_Status^(0+256)+28),1
  7162     0B7A                     l3358:
  7163                           
  7164                           ;mcc_generated_files/i2c_master.c: 184:         I2C_Status.inUse = 1;
  7165     0B7A  155C               	bsf	(_I2C_Status^(0+256)+28),2
  7166     0B7B                     l3360:
  7167                           
  7168                           ;mcc_generated_files/i2c_master.c: 185:         I2C_Status.addressNackCheck = 0;
  7169     0B7B  105C               	bcf	(_I2C_Status^(0+256)+28),0
  7170                           
  7171                           ;mcc_generated_files/i2c_master.c: 186:         I2C_Status.state = I2C_RESET;
  7172     0B7C  300E               	movlw	14
  7173     0B7D  00DA               	movwf	(_I2C_Status^(0+256)+26)
  7174                           
  7175                           ;mcc_generated_files/i2c_master.c: 187:         I2C_Status.time_out_value = 500;
  7176     0B7E  30F4               	movlw	244
  7177     0B7F  00D4               	movwf	(_I2C_Status^(0+256)+20)
  7178     0B80  3001               	movlw	1
  7179     0B81  00D5               	movwf	(_I2C_Status^(0+256)+21)
  7180     0B82                     l3362:
  7181                           
  7182                           ;mcc_generated_files/i2c_master.c: 188:         I2C_Status.bufferFree = 1;
  7183     0B82  15DC               	bsf	(_I2C_Status^(0+256)+28),3
  7184                           
  7185                           ;mcc_generated_files/i2c_master.c: 191:         I2C_Status.callbackTable[I2C_DATA_COMPLE
      +                          TE]=I2C_CallbackReturnStop;
  7186     0B83  30B4               	movlw	low _I2C_CallbackReturnStop
  7187     0B84  00C0               	movwf	_I2C_Status^(0+256)
  7188     0B85  3016               	movlw	high _I2C_CallbackReturnStop
  7189     0B86  00C1               	movwf	(_I2C_Status^(0+256)+1)
  7190     0B87                     l3364:
  7191                           
  7192                           ;mcc_generated_files/i2c_master.c: 192:         I2C_Status.callbackPayload[I2C_DATA_COMP
      +                          LETE] = ((void*)0);
  7193     0B87  01CC               	clrf	(low ((_I2C_Status| (0+256)+12)))^0
  7194     0B88                     l3366:
  7195                           
  7196                           ;mcc_generated_files/i2c_master.c: 193:         I2C_Status.callbackTable[I2C_WRITE_COLLI
      +                          SION]=I2C_CallbackReturnStop;
  7197     0B88  30B4               	movlw	low _I2C_CallbackReturnStop
  7198     0B89  00C2               	movwf	(low ((_I2C_Status| (0+256)+2)))^0
  7199     0B8A  3016               	movlw	high _I2C_CallbackReturnStop
  7200     0B8B  00C3               	movwf	((low ((_I2C_Status| (0+256)+2)))^0+1)
  7201                           
  7202                           ;mcc_generated_files/i2c_master.c: 194:         I2C_Status.callbackPayload[I2C_WRITE_COL
      +                          LISION] = ((void*)0);
  7203     0B8C  01CD               	clrf	(low ((_I2C_Status| (0+256)+13)))^0
  7204     0B8D                     l3368:
  7205                           
  7206                           ;mcc_generated_files/i2c_master.c: 195:         I2C_Status.callbackTable[I2C_ADDR_NACK]=
      +                          I2C_CallbackReturnStop;
  7207     0B8D  30B4               	movlw	low _I2C_CallbackReturnStop
  7208     0B8E  00C4               	movwf	(low ((_I2C_Status| (0+256)+4)))^0
  7209     0B8F  3016               	movlw	high _I2C_CallbackReturnStop
  7210     0B90  00C5               	movwf	((low ((_I2C_Status| (0+256)+4)))^0+1)
  7211     0B91                     l3370:
  7212                           
  7213                           ;mcc_generated_files/i2c_master.c: 196:         I2C_Status.callbackPayload[I2C_ADDR_NACK
      +                          ] = ((void*)0);
  7214     0B91  01CE               	clrf	(low ((_I2C_Status| (0+256)+14)))^0
  7215                           
  7216                           ;mcc_generated_files/i2c_master.c: 197:         I2C_Status.callbackTable[I2C_DATA_NACK]=
      +                          I2C_CallbackReturnStop;
  7217     0B92  30B4               	movlw	low _I2C_CallbackReturnStop
  7218     0B93  00C6               	movwf	(low ((_I2C_Status| (0+256)+6)))^0
  7219     0B94  3016               	movlw	high _I2C_CallbackReturnStop
  7220     0B95  00C7               	movwf	((low ((_I2C_Status| (0+256)+6)))^0+1)
  7221     0B96                     l3372:
  7222                           
  7223                           ;mcc_generated_files/i2c_master.c: 198:         I2C_Status.callbackPayload[I2C_DATA_NACK
      +                          ] = ((void*)0);
  7224     0B96  01CF               	clrf	(low ((_I2C_Status| (0+256)+15)))^0
  7225     0B97                     l3374:
  7226                           
  7227                           ;mcc_generated_files/i2c_master.c: 199:         I2C_Status.callbackTable[I2C_TIMEOUT]=I2
      +                          C_CallbackReturnReset;
  7228     0B97  3002               	movlw	low _I2C_CallbackReturnReset
  7229     0B98  00C8               	movwf	(low ((_I2C_Status| (0+256)+8)))^0
  7230     0B99  3000               	movlw	high _I2C_CallbackReturnReset
  7231     0B9A  00C9               	movwf	((low ((_I2C_Status| (0+256)+8)))^0+1)
  7232                           
  7233                           ;mcc_generated_files/i2c_master.c: 200:         I2C_Status.callbackPayload[I2C_TIMEOUT] 
      +                          = ((void*)0);
  7234     0B9B  01D0               	clrf	(low ((_I2C_Status| (0+256)+16)))^0
  7235     0B9C                     l3376:
  7236                           
  7237                           ;mcc_generated_files/i2c_master.c: 202:         I2C_MasterClearIrq();
  7238     0B9C  3196  26B6  318B   	fcall	_I2C_MasterClearIrq
  7239     0B9F                     l3378:
  7240                           
  7241                           ;mcc_generated_files/i2c_master.c: 203:         I2C_MasterOpen();
  7242     0B9F  3197  2791  318B   	fcall	_I2C_MasterOpen
  7243     0BA2                     l3380:
  7244                           
  7245                           ;mcc_generated_files/i2c_master.c: 204:         returnValue = I2C_NOERR;
  7246     0BA2  01F3               	clrf	I2C_Open@returnValue
  7247     0BA3                     l126:	
  7248                           ;mcc_generated_files/i2c_master.c: 205:     }
  7249                           
  7250                           
  7251                           ;mcc_generated_files/i2c_master.c: 206:     return returnValue;
  7252     0BA3  0873               	movf	I2C_Open@returnValue,w
  7253     0BA4                     l127:
  7254     0BA4  0008               	return
  7255     0BA5                     __end_of_I2C_Open:
  7256                           
  7257                           	psect	text27
  7258     1791                     __ptext27:	
  7259 ;; *************** function _I2C_MasterOpen *****************
  7260 ;; Defined at:
  7261 ;;		line 543 in file "mcc_generated_files/i2c_master.c"
  7262 ;; Parameters:    Size  Location     Type
  7263 ;;		None
  7264 ;; Auto vars:     Size  Location     Type
  7265 ;;		None
  7266 ;; Return value:  Size  Location     Type
  7267 ;;                  1    wreg      _Bool 
  7268 ;; Registers used:
  7269 ;;		wreg, status,2
  7270 ;; Tracked objects:
  7271 ;;		On entry : 0/0
  7272 ;;		On exit  : 0/0
  7273 ;;		Unchanged: 0/0
  7274 ;; Data sizes:     COMMON   BANK0   BANK1   BANK2   BANK3   BANK4   BANK5   BANK6
  7275 ;;      Params:         0       0       0       0       0       0       0       0
  7276 ;;      Locals:         0       0       0       0       0       0       0       0
  7277 ;;      Temps:          0       0       0       0       0       0       0       0
  7278 ;;      Totals:         0       0       0       0       0       0       0       0
  7279 ;;Total ram usage:        0 bytes
  7280 ;; Hardware stack levels used: 1
  7281 ;; Hardware stack levels required when called: 4
  7282 ;; This function calls:
  7283 ;;		Nothing
  7284 ;; This function is called by:
  7285 ;;		_I2C_Open
  7286 ;; This function uses a non-reentrant model
  7287 ;;
  7288                           
  7289     1791                     _I2C_MasterOpen:	
  7290                           ;psect for function _I2C_MasterOpen
  7291                           
  7292     1791                     l3316:	
  7293                           ;incstack = 0
  7294                           ; Regs used in _I2C_MasterOpen: [wreg+status,2]
  7295                           
  7296                           
  7297                           ;mcc_generated_files/i2c_master.c: 545:     if(!SSPCON1bits.SSPEN)
  7298     1791  0024               	movlb	4	; select bank4
  7299     1792  1A95               	btfsc	21,5	;volatile
  7300     1793  2F95               	goto	u1521
  7301     1794  2F96               	goto	u1520
  7302     1795                     u1521:
  7303     1795  2F9D               	goto	l257
  7304     1796                     u1520:
  7305     1796                     l3318:
  7306                           
  7307                           ;mcc_generated_files/i2c_master.c: 546:     {;mcc_generated_files/i2c_master.c: 547:    
      +                               SSPSTAT = 0x00;
  7308     1796  0194               	clrf	20	;volatile
  7309     1797                     l3320:
  7310                           
  7311                           ;mcc_generated_files/i2c_master.c: 548:         SSPCON1 = 0x08;
  7312     1797  3008               	movlw	8
  7313     1798  0095               	movwf	21	;volatile
  7314     1799                     l3322:
  7315                           
  7316                           ;mcc_generated_files/i2c_master.c: 549:         SSPCON2 = 0x00;
  7317     1799  0196               	clrf	22	;volatile
  7318                           
  7319                           ;mcc_generated_files/i2c_master.c: 550:         SSPADD = 0x4F;
  7320     179A  304F               	movlw	79
  7321     179B  0092               	movwf	18	;volatile
  7322     179C                     l3324:
  7323                           
  7324                           ;mcc_generated_files/i2c_master.c: 551:         SSPCON1bits.SSPEN = 1;
  7325     179C  1695               	bsf	21,5	;volatile
  7326     179D                     l257:
  7327     179D  0008               	return
  7328     179E                     __end_of_I2C_MasterOpen:
  7329                           
  7330                           	psect	text28
  7331     1717                     __ptext28:	
  7332 ;; *************** function _I2C_MasterWrite *****************
  7333 ;; Defined at:
  7334 ;;		line 251 in file "mcc_generated_files/i2c_master.c"
  7335 ;; Parameters:    Size  Location     Type
  7336 ;;		None
  7337 ;; Auto vars:     Size  Location     Type
  7338 ;;		None
  7339 ;; Return value:  Size  Location     Type
  7340 ;;                  1    wreg      enum E358
  7341 ;; Registers used:
  7342 ;;		wreg, fsr0l, fsr0h, fsr1l, fsr1h, status,2, status,0, pclath, cstack
  7343 ;; Tracked objects:
  7344 ;;		On entry : 0/0
  7345 ;;		On exit  : 0/0
  7346 ;;		Unchanged: 0/0
  7347 ;; Data sizes:     COMMON   BANK0   BANK1   BANK2   BANK3   BANK4   BANK5   BANK6
  7348 ;;      Params:         0       0       0       0       0       0       0       0
  7349 ;;      Locals:         0       0       0       0       0       0       0       0
  7350 ;;      Temps:          0       0       0       0       0       0       0       0
  7351 ;;      Totals:         0       0       0       0       0       0       0       0
  7352 ;;Total ram usage:        0 bytes
  7353 ;; Hardware stack levels used: 1
  7354 ;; Hardware stack levels required when called: 11
  7355 ;; This function calls:
  7356 ;;		_I2C_MasterOperation
  7357 ;; This function is called by:
  7358 ;;		_I2C_Write1ByteRegister
  7359 ;; This function uses a non-reentrant model
  7360 ;;
  7361                           
  7362     1717                     _I2C_MasterWrite:	
  7363                           ;psect for function _I2C_MasterWrite
  7364                           
  7365     1717                     l4622:	
  7366                           ;incstack = 0
  7367                           ; Regs used in _I2C_MasterWrite: [wreg-fsr1h+status,2+status,0+pclath+cstack]
  7368                           
  7369                           
  7370                           ;mcc_generated_files/i2c_master.c: 253:     return I2C_MasterOperation(0);;	Return value
      +                           of _I2C_MasterWrite is never used
  7371     1717  3000               	movlw	0
  7372     1718  3187  27D9  3197   	fcall	_I2C_MasterOperation
  7373     171B                     l140:
  7374     171B  0008               	return
  7375     171C                     __end_of_I2C_MasterWrite:
  7376                           
  7377                           	psect	text29
  7378     07D9                     __ptext29:	
  7379 ;; *************** function _I2C_MasterOperation *****************
  7380 ;; Defined at:
  7381 ;;		line 224 in file "mcc_generated_files/i2c_master.c"
  7382 ;; Parameters:    Size  Location     Type
  7383 ;;  read            1    wreg     _Bool 
  7384 ;; Auto vars:     Size  Location     Type
  7385 ;;  read            1    4[BANK0 ] _Bool 
  7386 ;;  returnValue     1    5[BANK0 ] enum E358
  7387 ;; Return value:  Size  Location     Type
  7388 ;;                  1    wreg      enum E358
  7389 ;; Registers used:
  7390 ;;		wreg, fsr0l, fsr0h, fsr1l, fsr1h, status,2, status,0, pclath, cstack
  7391 ;; Tracked objects:
  7392 ;;		On entry : 0/0
  7393 ;;		On exit  : 0/0
  7394 ;;		Unchanged: 0/0
  7395 ;; Data sizes:     COMMON   BANK0   BANK1   BANK2   BANK3   BANK4   BANK5   BANK6
  7396 ;;      Params:         0       0       0       0       0       0       0       0
  7397 ;;      Locals:         0       2       0       0       0       0       0       0
  7398 ;;      Temps:          0       0       0       0       0       0       0       0
  7399 ;;      Totals:         0       2       0       0       0       0       0       0
  7400 ;;Total ram usage:        2 bytes
  7401 ;; Hardware stack levels used: 1
  7402 ;; Hardware stack levels required when called: 10
  7403 ;; This function calls:
  7404 ;;		_I2C_MasterStart
  7405 ;;		_I2C_Poller
  7406 ;; This function is called by:
  7407 ;;		_I2C_MasterWrite
  7408 ;; This function uses a non-reentrant model
  7409 ;;
  7410                           
  7411     07D9                     _I2C_MasterOperation:	
  7412                           ;psect for function _I2C_MasterOperation
  7413                           
  7414                           
  7415                           ;incstack = 0
  7416                           ; Regs used in _I2C_MasterOperation: [wreg-fsr1h+status,2+status,0+pclath+cstack]
  7417                           ;I2C_MasterOperation@read stored from wreg
  7418     07D9  0020               	movlb	0	; select bank0
  7419     07DA  00A4               	movwf	I2C_MasterOperation@read
  7420     07DB                     l4602:
  7421                           
  7422                           ;mcc_generated_files/i2c_master.c: 224: i2c_error_t I2C_MasterOperation(_Bool read);mcc_
      +                          generated_files/i2c_master.c: 225: {;mcc_generated_files/i2c_master.c: 226:     i2c_erro
      +                          r_t returnValue = I2C_BUSY;
  7423     07DB  01A5               	clrf	I2C_MasterOperation@returnValue
  7424     07DC  0AA5               	incf	I2C_MasterOperation@returnValue,f
  7425                           
  7426                           ;mcc_generated_files/i2c_master.c: 227:     if(!I2C_Status.busy)
  7427     07DD  0022               	movlb	2	; select bank2
  7428     07DE  18DC               	btfsc	(_I2C_Status^(0+256)+28),1
  7429     07DF  2FE1               	goto	u3021
  7430     07E0  2FE2               	goto	u3020
  7431     07E1                     u3021:
  7432     07E1  2FF7               	goto	l4618
  7433     07E2                     u3020:
  7434     07E2                     l4604:
  7435                           
  7436                           ;mcc_generated_files/i2c_master.c: 228:     {;mcc_generated_files/i2c_master.c: 229:    
      +                               I2C_Status.busy = 1;
  7437     07E2  14DC               	bsf	(_I2C_Status^(0+256)+28),1
  7438     07E3                     l4606:
  7439                           
  7440                           ;mcc_generated_files/i2c_master.c: 230:         returnValue = I2C_NOERR;
  7441     07E3  0020               	movlb	0	; select bank0
  7442     07E4  01A5               	clrf	I2C_MasterOperation@returnValue
  7443     07E5                     l4608:
  7444                           
  7445                           ;mcc_generated_files/i2c_master.c: 232:         if(read)
  7446     07E5  0824               	movf	I2C_MasterOperation@read,w
  7447     07E6  1903               	btfsc	3,2
  7448     07E7  2FE9               	goto	u3031
  7449     07E8  2FEA               	goto	u3030
  7450     07E9                     u3031:
  7451     07E9  2FEE               	goto	l4612
  7452     07EA                     u3030:
  7453     07EA                     l4610:
  7454                           
  7455                           ;mcc_generated_files/i2c_master.c: 233:         {;mcc_generated_files/i2c_master.c: 234:
      +                                       I2C_Status.state = I2C_SEND_ADR_READ;
  7456     07EA  0022               	movlb	2	; select bank2
  7457     07EB  01DA               	clrf	(_I2C_Status^(0+256)+26)
  7458     07EC  0ADA               	incf	(_I2C_Status^(0+256)+26),f
  7459                           
  7460                           ;mcc_generated_files/i2c_master.c: 235:         }
  7461     07ED  2FF1               	goto	l4614
  7462     07EE                     l4612:
  7463                           
  7464                           ;mcc_generated_files/i2c_master.c: 237:         {;mcc_generated_files/i2c_master.c: 238:
      +                                       I2C_Status.state = I2C_SEND_ADR_WRITE;
  7465     07EE  3002               	movlw	2
  7466     07EF  0022               	movlb	2	; select bank2
  7467     07F0  00DA               	movwf	(_I2C_Status^(0+256)+26)
  7468     07F1                     l4614:
  7469                           
  7470                           ;mcc_generated_files/i2c_master.c: 240:         I2C_MasterStart();
  7471     07F1  3196  26BF  3187   	fcall	_I2C_MasterStart
  7472     07F4                     l4616:
  7473                           
  7474                           ;mcc_generated_files/i2c_master.c: 241:         I2C_Poller();
  7475     07F4  3197  2784  3187   	fcall	_I2C_Poller
  7476     07F7                     l4618:
  7477                           
  7478                           ;mcc_generated_files/i2c_master.c: 243:     return returnValue;
  7479     07F7  0020               	movlb	0	; select bank0
  7480     07F8  0825               	movf	I2C_MasterOperation@returnValue,w
  7481     07F9                     l137:
  7482     07F9  0008               	return
  7483     07FA                     __end_of_I2C_MasterOperation:
  7484                           
  7485                           	psect	text30
  7486     1784                     __ptext30:	
  7487 ;; *************** function _I2C_Poller *****************
  7488 ;; Defined at:
  7489 ;;		line 312 in file "mcc_generated_files/i2c_master.c"
  7490 ;; Parameters:    Size  Location     Type
  7491 ;;		None
  7492 ;; Auto vars:     Size  Location     Type
  7493 ;;		None
  7494 ;; Return value:  Size  Location     Type
  7495 ;;                  1    wreg      void 
  7496 ;; Registers used:
  7497 ;;		wreg, fsr0l, fsr0h, fsr1l, fsr1h, status,2, status,0, pclath, cstack
  7498 ;; Tracked objects:
  7499 ;;		On entry : 0/0
  7500 ;;		On exit  : 0/0
  7501 ;;		Unchanged: 0/0
  7502 ;; Data sizes:     COMMON   BANK0   BANK1   BANK2   BANK3   BANK4   BANK5   BANK6
  7503 ;;      Params:         0       0       0       0       0       0       0       0
  7504 ;;      Locals:         0       0       0       0       0       0       0       0
  7505 ;;      Temps:          0       0       0       0       0       0       0       0
  7506 ;;      Totals:         0       0       0       0       0       0       0       0
  7507 ;;Total ram usage:        0 bytes
  7508 ;; Hardware stack levels used: 1
  7509 ;; Hardware stack levels required when called: 9
  7510 ;; This function calls:
  7511 ;;		_I2C_MasterFsm
  7512 ;;		_I2C_MasterWaitForEvent
  7513 ;; This function is called by:
  7514 ;;		_I2C_MasterOperation
  7515 ;; This function uses a non-reentrant model
  7516 ;;
  7517                           
  7518     1784                     _I2C_Poller:	
  7519                           ;psect for function _I2C_Poller
  7520                           
  7521     1784                     l4594:	
  7522                           ;incstack = 0
  7523                           ; Regs used in _I2C_Poller: [wreg-fsr1h+status,2+status,0+pclath+cstack]
  7524                           
  7525                           
  7526                           ;mcc_generated_files/i2c_master.c: 314:     while(I2C_Status.busy)
  7527     1784  2F8B               	goto	l4600
  7528     1785                     l4596:
  7529                           
  7530                           ;mcc_generated_files/i2c_master.c: 315:     {;mcc_generated_files/i2c_master.c: 316:    
      +                               I2C_MasterWaitForEvent();
  7531     1785  3197  2722  3197   	fcall	_I2C_MasterWaitForEvent
  7532     1788                     l4598:
  7533                           
  7534                           ;mcc_generated_files/i2c_master.c: 317:         I2C_MasterFsm();
  7535     1788  3189  21FE  3197   	fcall	_I2C_MasterFsm
  7536     178B                     l4600:
  7537                           
  7538                           ;mcc_generated_files/i2c_master.c: 314:     while(I2C_Status.busy)
  7539     178B  0022               	movlb	2	; select bank2
  7540     178C  18DC               	btfsc	(_I2C_Status^(0+256)+28),1
  7541     178D  2F8F               	goto	u3011
  7542     178E  2F90               	goto	u3010
  7543     178F                     u3011:
  7544     178F  2F85               	goto	l4596
  7545     1790                     u3010:
  7546     1790                     l161:
  7547     1790  0008               	return
  7548     1791                     __end_of_I2C_Poller:
  7549                           
  7550                           	psect	text31
  7551     1722                     __ptext31:	
  7552 ;; *************** function _I2C_MasterWaitForEvent *****************
  7553 ;; Defined at:
  7554 ;;		line 650 in file "mcc_generated_files/i2c_master.c"
  7555 ;; Parameters:    Size  Location     Type
  7556 ;;		None
  7557 ;; Auto vars:     Size  Location     Type
  7558 ;;		None
  7559 ;; Return value:  Size  Location     Type
  7560 ;;                  1    wreg      void 
  7561 ;; Registers used:
  7562 ;;		None
  7563 ;; Tracked objects:
  7564 ;;		On entry : 0/0
  7565 ;;		On exit  : 0/0
  7566 ;;		Unchanged: 0/0
  7567 ;; Data sizes:     COMMON   BANK0   BANK1   BANK2   BANK3   BANK4   BANK5   BANK6
  7568 ;;      Params:         0       0       0       0       0       0       0       0
  7569 ;;      Locals:         0       0       0       0       0       0       0       0
  7570 ;;      Temps:          0       0       0       0       0       0       0       0
  7571 ;;      Totals:         0       0       0       0       0       0       0       0
  7572 ;;Total ram usage:        0 bytes
  7573 ;; Hardware stack levels used: 1
  7574 ;; Hardware stack levels required when called: 4
  7575 ;; This function calls:
  7576 ;;		Nothing
  7577 ;; This function is called by:
  7578 ;;		_I2C_Poller
  7579 ;; This function uses a non-reentrant model
  7580 ;;
  7581                           
  7582     1722                     _I2C_MasterWaitForEvent:	
  7583                           ;psect for function _I2C_MasterWaitForEvent
  7584                           
  7585     1722                     l299:	
  7586                           ;incstack = 0
  7587                           ; Regs used in _I2C_MasterWaitForEvent: []
  7588                           ;mcc_generated_files/i2c_master.c: 652:     while(1)
  7589                           
  7590                           
  7591                           ;mcc_generated_files/i2c_master.c: 653:     {;mcc_generated_files/i2c_master.c: 654:    
      +                               if(PIR1bits.SSPIF)
  7592     1722  0020               	movlb	0	; select bank0
  7593     1723  1D91               	btfss	17,3	;volatile
  7594     1724  2F26               	goto	u1481
  7595     1725  2F27               	goto	u1480
  7596     1726                     u1481:
  7597     1726  2F22               	goto	l299
  7598     1727                     u1480:
  7599     1727                     l303:
  7600     1727  0008               	return
  7601     1728                     __end_of_I2C_MasterWaitForEvent:
  7602                           
  7603                           	psect	text32
  7604     09FE                     __ptext32:	
  7605 ;; *************** function _I2C_MasterFsm *****************
  7606 ;; Defined at:
  7607 ;;		line 321 in file "mcc_generated_files/i2c_master.c"
  7608 ;; Parameters:    Size  Location     Type
  7609 ;;		None
  7610 ;; Auto vars:     Size  Location     Type
  7611 ;;		None
  7612 ;; Return value:  Size  Location     Type
  7613 ;;                  1    wreg      void 
  7614 ;; Registers used:
  7615 ;;		wreg, fsr0l, fsr0h, fsr1l, fsr1h, status,2, status,0, pclath, cstack
  7616 ;; Tracked objects:
  7617 ;;		On entry : 0/0
  7618 ;;		On exit  : 0/0
  7619 ;;		Unchanged: 0/0
  7620 ;; Data sizes:     COMMON   BANK0   BANK1   BANK2   BANK3   BANK4   BANK5   BANK6
  7621 ;;      Params:         0       0       0       0       0       0       0       0
  7622 ;;      Locals:         0       0       0       0       0       0       0       0
  7623 ;;      Temps:          0       2       0       0       0       0       0       0
  7624 ;;      Totals:         0       2       0       0       0       0       0       0
  7625 ;;Total ram usage:        2 bytes
  7626 ;; Hardware stack levels used: 1
  7627 ;; Hardware stack levels required when called: 8
  7628 ;; This function calls:
  7629 ;;		_I2C_DO_ADDRESS_NACK
  7630 ;;		_I2C_DO_IDLE
  7631 ;;		_I2C_DO_RCEN
  7632 ;;		_I2C_DO_RESET
  7633 ;;		_I2C_DO_RX
  7634 ;;		_I2C_DO_RX_ACK
  7635 ;;		_I2C_DO_RX_NACK_RESTART
  7636 ;;		_I2C_DO_RX_NACK_STOP
  7637 ;;		_I2C_DO_SEND_ADR_READ
  7638 ;;		_I2C_DO_SEND_ADR_WRITE
  7639 ;;		_I2C_DO_SEND_RESTART
  7640 ;;		_I2C_DO_SEND_RESTART_READ
  7641 ;;		_I2C_DO_SEND_RESTART_WRITE
  7642 ;;		_I2C_DO_SEND_STOP
  7643 ;;		_I2C_DO_TX
  7644 ;;		_I2C_DO_TX_EMPTY
  7645 ;;		_I2C_MasterClearIrq
  7646 ;;		_I2C_MasterIsNack
  7647 ;; This function is called by:
  7648 ;;		_I2C_Poller
  7649 ;; This function uses a non-reentrant model
  7650 ;;
  7651                           
  7652     09FE                     _I2C_MasterFsm:	
  7653                           ;psect for function _I2C_MasterFsm
  7654                           
  7655     09FE                     l4584:	
  7656                           ;incstack = 0
  7657                           ; Regs used in _I2C_MasterFsm: [wreg-fsr1h+status,2+status,0+pclath+cstack]
  7658                           
  7659                           
  7660                           ;mcc_generated_files/i2c_master.c: 323:     I2C_MasterClearIrq();
  7661     09FE  3196  26B6  3189   	fcall	_I2C_MasterClearIrq
  7662     0A01                     l4586:
  7663                           
  7664                           ;mcc_generated_files/i2c_master.c: 325:     if(I2C_Status.addressNackCheck && I2C_Master
      +                          IsNack())
  7665     0A01  0022               	movlb	2	; select bank2
  7666     0A02  1C5C               	btfss	(_I2C_Status^(0+256)+28),0
  7667     0A03  2A05               	goto	u2991
  7668     0A04  2A06               	goto	u2990
  7669     0A05                     u2991:
  7670     0A05  2A11               	goto	l4592
  7671     0A06                     u2990:
  7672     0A06                     l4588:
  7673     0A06  3197  271C  3189   	fcall	_I2C_MasterIsNack
  7674     0A09  3A00               	xorlw	0
  7675     0A0A  1903               	skipnz
  7676     0A0B  2A0D               	goto	u3001
  7677     0A0C  2A0E               	goto	u3000
  7678     0A0D                     u3001:
  7679     0A0D  2A11               	goto	l4592
  7680     0A0E                     u3000:
  7681     0A0E                     l4590:
  7682                           
  7683                           ;mcc_generated_files/i2c_master.c: 326:     {;mcc_generated_files/i2c_master.c: 327:    
      +                               I2C_Status.state = I2C_ADDRESS_NACK;
  7684     0A0E  300F               	movlw	15
  7685     0A0F  0022               	movlb	2	; select bank2
  7686     0A10  00DA               	movwf	(_I2C_Status^(0+256)+26)
  7687     0A11                     l4592:
  7688                           
  7689                           ;mcc_generated_files/i2c_master.c: 329:     I2C_Status.state = i2c_fsmStateTable[I2C_Sta
      +                          tus.state]();
  7690     0A11  0022               	movlb	2	; select bank2
  7691     0A12  085A               	movf	(_I2C_Status^(0+256)+26),w
  7692     0A13  0020               	movlb	0	; select bank0
  7693     0A14  00A2               	movwf	??_I2C_MasterFsm
  7694     0A15  01A3               	clrf	??_I2C_MasterFsm+1
  7695     0A16  35A2               	lslf	??_I2C_MasterFsm,f
  7696     0A17  0DA3               	rlf	??_I2C_MasterFsm+1,f
  7697     0A18  3000               	movlw	low _i2c_fsmStateTable
  7698     0A19  0722               	addwf	??_I2C_MasterFsm,w
  7699     0A1A  0084               	movwf	4
  7700     0A1B  3010               	movlw	high _i2c_fsmStateTable
  7701     0A1C  3D23               	addwfc	??_I2C_MasterFsm+1,w
  7702     0A1D  3880               	iorlw	128
  7703     0A1E  0085               	movwf	5
  7704     0A1F  3F01               	moviw [1]fsr0
  7705     0A20  008A               	movwf	10
  7706     0A21  3F00               	moviw [0]fsr0
  7707     0A22  000A               	callw
  7708     0A23  3189               	pagesel	$
  7709     0A24  0022               	movlb	2	; select bank2
  7710     0A25  00DA               	movwf	(_I2C_Status^(0+256)+26)
  7711     0A26                     l165:
  7712     0A26  0008               	return
  7713     0A27                     __end_of_I2C_MasterFsm:
  7714                           
  7715                           	psect	text33
  7716     0A51                     __ptext33:	
  7717 ;; *************** function _I2C_DO_ADDRESS_NACK *****************
  7718 ;; Defined at:
  7719 ;;		line 500 in file "mcc_generated_files/i2c_master.c"
  7720 ;; Parameters:    Size  Location     Type
  7721 ;;		None
  7722 ;; Auto vars:     Size  Location     Type
  7723 ;;		None
  7724 ;; Return value:  Size  Location     Type
  7725 ;;                  1    wreg      enum E3110
  7726 ;; Registers used:
  7727 ;;		wreg, fsr0l, fsr0h, fsr1l, fsr1h, status,2, status,0, pclath, cstack
  7728 ;; Tracked objects:
  7729 ;;		On entry : 0/0
  7730 ;;		On exit  : 0/0
  7731 ;;		Unchanged: 0/0
  7732 ;; Data sizes:     COMMON   BANK0   BANK1   BANK2   BANK3   BANK4   BANK5   BANK6
  7733 ;;      Params:         0       0       0       0       0       0       0       0
  7734 ;;      Locals:         0       0       0       0       0       0       0       0
  7735 ;;      Temps:          0       2       0       0       0       0       0       0
  7736 ;;      Totals:         0       2       0       0       0       0       0       0
  7737 ;;Total ram usage:        2 bytes
  7738 ;; Hardware stack levels used: 1
  7739 ;; Hardware stack levels required when called: 7
  7740 ;; This function calls:
  7741 ;;		NULL
  7742 ;;		_I2C_CallbackReturnReset
  7743 ;;		_I2C_CallbackReturnStop
  7744 ;;		_I2C_DO_SEND_RESTART
  7745 ;;		_I2C_DO_SEND_STOP
  7746 ;;		_wr1RegCompleteHandler
  7747 ;; This function is called by:
  7748 ;;		_I2C_MasterFsm
  7749 ;; This function uses a non-reentrant model
  7750 ;;
  7751                           
  7752     0A51                     _I2C_DO_ADDRESS_NACK:	
  7753                           ;psect for function _I2C_DO_ADDRESS_NACK
  7754                           
  7755     0A51                     l4564:	
  7756                           ;incstack = 0
  7757                           ; Regs used in _I2C_DO_ADDRESS_NACK: [wreg-fsr1h+status,2+status,0+pclath+cstack]
  7758                           
  7759                           
  7760                           ;mcc_generated_files/i2c_master.c: 502:     I2C_Status.addressNackCheck = 0;
  7761     0A51  0022               	movlb	2	; select bank2
  7762     0A52  105C               	bcf	(_I2C_Status^(0+256)+28),0
  7763     0A53                     l4566:
  7764                           
  7765                           ;mcc_generated_files/i2c_master.c: 503:     I2C_Status.error = I2C_FAIL;
  7766     0A53  3002               	movlw	2
  7767     0A54  00DB               	movwf	(_I2C_Status^(0+256)+27)
  7768                           
  7769                           ;mcc_generated_files/i2c_master.c: 504:     switch(I2C_Status.callbackTable[I2C_ADDR_NAC
      +                          K](I2C_Status.callbackPayload[I2C_ADDR_NACK]))
  7770     0A55  2A5E               	goto	l4578
  7771     0A56                     l4568:
  7772                           
  7773                           ;mcc_generated_files/i2c_master.c: 508:             return I2C_DO_SEND_RESTART();
  7774     0A56  3196  26F9  318A   	fcall	_I2C_DO_SEND_RESTART
  7775     0A59  2A7A               	goto	l245
  7776     0A5A                     l4572:
  7777                           
  7778                           ;mcc_generated_files/i2c_master.c: 510:             return I2C_DO_SEND_STOP();
  7779     0A5A  3196  26FE  318A   	fcall	_I2C_DO_SEND_STOP
  7780     0A5D  2A7A               	goto	l245
  7781     0A5E                     l4578:
  7782     0A5E  084E               	movf	(low ((_I2C_Status| (0+256)+14)))^0,w
  7783     0A5F  00F9               	movwf	I2C_CallbackReturnReset@funPtr
  7784     0A60  3004               	movlw	4
  7785     0A61  3E40               	addlw	(low (_I2C_Status| (0+256)))& (0+255)
  7786     0A62  0086               	movwf	6
  7787     0A63  3001               	movlw	1	; select bank2/3
  7788     0A64  0087               	movwf	7
  7789     0A65  3F41               	moviw [1]fsr1
  7790     0A66  008A               	movwf	10
  7791     0A67  3F40               	moviw [0]fsr1
  7792     0A68  000A               	callw
  7793     0A69  318A               	pagesel	$
  7794     0A6A  0020               	movlb	0	; select bank0
  7795     0A6B  00A0               	movwf	??_I2C_DO_ADDRESS_NACK
  7796     0A6C  01A1               	clrf	??_I2C_DO_ADDRESS_NACK+1
  7797                           
  7798                           ; Switch on 2 bytes has been partitioned into a top level switch of size 1, and 1 sub-sw
      +                          itches
  7799                           ; Switch size 1, requested type "simple"
  7800                           ; Number of cases is 1, Range of values is 0 to 0
  7801                           ; switch strategies available:
  7802                           ; Name         Instructions Cycles
  7803                           ; simple_byte            4     3 (average)
  7804                           ; direct_byte            8     6 (fixed)
  7805                           ; jumptable            260     6 (fixed)
  7806                           ;	Chosen strategy is simple_byte
  7807     0A6D  0821               	movf	??_I2C_DO_ADDRESS_NACK+1,w
  7808     0A6E  3A00               	xorlw	0	; case 0
  7809     0A6F  1903               	skipnz
  7810     0A70  2A72               	goto	l6010
  7811     0A71  2A5A               	goto	l4572
  7812     0A72                     l6010:
  7813                           
  7814                           ; Switch size 1, requested type "simple"
  7815                           ; Number of cases is 2, Range of values is 2 to 3
  7816                           ; switch strategies available:
  7817                           ; Name         Instructions Cycles
  7818                           ; simple_byte            7     4 (average)
  7819                           ; direct_byte           13     9 (fixed)
  7820                           ; jumptable            263     9 (fixed)
  7821                           ;	Chosen strategy is simple_byte
  7822     0A72  0820               	movf	??_I2C_DO_ADDRESS_NACK,w
  7823     0A73  3A02               	xorlw	2	; case 2
  7824     0A74  1903               	skipnz
  7825     0A75  2A56               	goto	l4568
  7826     0A76  3A01               	xorlw	1	; case 3
  7827     0A77  1903               	skipnz
  7828     0A78  2A56               	goto	l4568
  7829     0A79  2A5A               	goto	l4572
  7830     0A7A                     l245:
  7831     0A7A  0008               	return
  7832     0A7B                     __end_of_I2C_DO_ADDRESS_NACK:
  7833                           
  7834                           	psect	text34
  7835     1712                     __ptext34:	
  7836 ;; *************** function _I2C_DO_RESET *****************
  7837 ;; Defined at:
  7838 ;;		line 494 in file "mcc_generated_files/i2c_master.c"
  7839 ;; Parameters:    Size  Location     Type
  7840 ;;		None
  7841 ;; Auto vars:     Size  Location     Type
  7842 ;;		None
  7843 ;; Return value:  Size  Location     Type
  7844 ;;                  1    wreg      enum E3110
  7845 ;; Registers used:
  7846 ;;		wreg, status,2
  7847 ;; Tracked objects:
  7848 ;;		On entry : 0/0
  7849 ;;		On exit  : 0/0
  7850 ;;		Unchanged: 0/0
  7851 ;; Data sizes:     COMMON   BANK0   BANK1   BANK2   BANK3   BANK4   BANK5   BANK6
  7852 ;;      Params:         0       0       0       0       0       0       0       0
  7853 ;;      Locals:         0       0       0       0       0       0       0       0
  7854 ;;      Temps:          0       0       0       0       0       0       0       0
  7855 ;;      Totals:         0       0       0       0       0       0       0       0
  7856 ;;Total ram usage:        0 bytes
  7857 ;; Hardware stack levels used: 1
  7858 ;; Hardware stack levels required when called: 4
  7859 ;; This function calls:
  7860 ;;		Nothing
  7861 ;; This function is called by:
  7862 ;;		_I2C_MasterFsm
  7863 ;; This function uses a non-reentrant model
  7864 ;;
  7865                           
  7866     1712                     _I2C_DO_RESET:	
  7867                           ;psect for function _I2C_DO_RESET
  7868                           
  7869     1712                     l3264:	
  7870                           ;incstack = 0
  7871                           ; Regs used in _I2C_DO_RESET: [wreg+status,2]
  7872                           
  7873                           
  7874                           ;mcc_generated_files/i2c_master.c: 496:     I2C_Status.busy = 0;
  7875     1712  0022               	movlb	2	; select bank2
  7876     1713  10DC               	bcf	(_I2C_Status^(0+256)+28),1
  7877     1714                     l3266:
  7878                           
  7879                           ;mcc_generated_files/i2c_master.c: 497:     I2C_Status.error = I2C_NOERR;
  7880     1714  01DB               	clrf	(_I2C_Status^(0+256)+27)
  7881     1715                     l3268:
  7882                           
  7883                           ;mcc_generated_files/i2c_master.c: 498:     return I2C_RESET;
  7884     1715  300E               	movlw	14
  7885     1716                     l239:
  7886     1716  0008               	return
  7887     1717                     __end_of_I2C_DO_RESET:
  7888                           
  7889                           	psect	text35
  7890     170D                     __ptext35:	
  7891 ;; *************** function _I2C_DO_RX_NACK_RESTART *****************
  7892 ;; Defined at:
  7893 ;;		line 488 in file "mcc_generated_files/i2c_master.c"
  7894 ;; Parameters:    Size  Location     Type
  7895 ;;		None
  7896 ;; Auto vars:     Size  Location     Type
  7897 ;;		None
  7898 ;; Return value:  Size  Location     Type
  7899 ;;                  1    wreg      enum E3110
  7900 ;; Registers used:
  7901 ;;		wreg, status,2, status,0, pclath, cstack
  7902 ;; Tracked objects:
  7903 ;;		On entry : 0/0
  7904 ;;		On exit  : 0/0
  7905 ;;		Unchanged: 0/0
  7906 ;; Data sizes:     COMMON   BANK0   BANK1   BANK2   BANK3   BANK4   BANK5   BANK6
  7907 ;;      Params:         0       0       0       0       0       0       0       0
  7908 ;;      Locals:         0       0       0       0       0       0       0       0
  7909 ;;      Temps:          0       0       0       0       0       0       0       0
  7910 ;;      Totals:         0       0       0       0       0       0       0       0
  7911 ;;Total ram usage:        0 bytes
  7912 ;; Hardware stack levels used: 1
  7913 ;; Hardware stack levels required when called: 5
  7914 ;; This function calls:
  7915 ;;		_I2C_MasterSendNack
  7916 ;; This function is called by:
  7917 ;;		_I2C_DO_RX
  7918 ;;		_I2C_MasterFsm
  7919 ;; This function uses a non-reentrant model
  7920 ;;
  7921                           
  7922     170D                     _I2C_DO_RX_NACK_RESTART:	
  7923                           ;psect for function _I2C_DO_RX_NACK_RESTART
  7924                           
  7925     170D                     l3102:	
  7926                           ;incstack = 0
  7927                           ; Regs used in _I2C_DO_RX_NACK_RESTART: [wreg+status,2+status,0+pclath+cstack]
  7928                           
  7929                           
  7930                           ;mcc_generated_files/i2c_master.c: 490:     I2C_MasterSendNack();
  7931     170D  3196  26D1  3197   	fcall	_I2C_MasterSendNack
  7932     1710                     l3104:
  7933                           
  7934                           ;mcc_generated_files/i2c_master.c: 491:     return I2C_SEND_RESTART;
  7935     1710  3009               	movlw	9
  7936     1711                     l236:
  7937     1711  0008               	return
  7938     1712                     __end_of_I2C_DO_RX_NACK_RESTART:
  7939                           
  7940                           	psect	text36
  7941     1708                     __ptext36:	
  7942 ;; *************** function _I2C_DO_RX_NACK_STOP *****************
  7943 ;; Defined at:
  7944 ;;		line 482 in file "mcc_generated_files/i2c_master.c"
  7945 ;; Parameters:    Size  Location     Type
  7946 ;;		None
  7947 ;; Auto vars:     Size  Location     Type
  7948 ;;		None
  7949 ;; Return value:  Size  Location     Type
  7950 ;;                  1    wreg      enum E3110
  7951 ;; Registers used:
  7952 ;;		wreg, status,2, status,0, pclath, cstack
  7953 ;; Tracked objects:
  7954 ;;		On entry : 0/0
  7955 ;;		On exit  : 0/0
  7956 ;;		Unchanged: 0/0
  7957 ;; Data sizes:     COMMON   BANK0   BANK1   BANK2   BANK3   BANK4   BANK5   BANK6
  7958 ;;      Params:         0       0       0       0       0       0       0       0
  7959 ;;      Locals:         0       0       0       0       0       0       0       0
  7960 ;;      Temps:          0       0       0       0       0       0       0       0
  7961 ;;      Totals:         0       0       0       0       0       0       0       0
  7962 ;;Total ram usage:        0 bytes
  7963 ;; Hardware stack levels used: 1
  7964 ;; Hardware stack levels required when called: 5
  7965 ;; This function calls:
  7966 ;;		_I2C_MasterSendNack
  7967 ;; This function is called by:
  7968 ;;		_I2C_DO_RX
  7969 ;;		_I2C_MasterFsm
  7970 ;; This function uses a non-reentrant model
  7971 ;;
  7972                           
  7973     1708                     _I2C_DO_RX_NACK_STOP:	
  7974                           ;psect for function _I2C_DO_RX_NACK_STOP
  7975                           
  7976     1708                     l3108:	
  7977                           ;incstack = 0
  7978                           ; Regs used in _I2C_DO_RX_NACK_STOP: [wreg+status,2+status,0+pclath+cstack]
  7979                           
  7980                           
  7981                           ;mcc_generated_files/i2c_master.c: 484:     I2C_MasterSendNack();
  7982     1708  3196  26D1  3197   	fcall	_I2C_MasterSendNack
  7983     170B                     l3110:
  7984                           
  7985                           ;mcc_generated_files/i2c_master.c: 485:     return I2C_SEND_STOP;
  7986     170B  300A               	movlw	10
  7987     170C                     l233:
  7988     170C  0008               	return
  7989     170D                     __end_of_I2C_DO_RX_NACK_STOP:
  7990                           
  7991                           	psect	text37
  7992     1703                     __ptext37:	
  7993 ;; *************** function _I2C_DO_RX_ACK *****************
  7994 ;; Defined at:
  7995 ;;		line 475 in file "mcc_generated_files/i2c_master.c"
  7996 ;; Parameters:    Size  Location     Type
  7997 ;;		None
  7998 ;; Auto vars:     Size  Location     Type
  7999 ;;		None
  8000 ;; Return value:  Size  Location     Type
  8001 ;;                  1    wreg      enum E3110
  8002 ;; Registers used:
  8003 ;;		wreg, status,2, status,0, pclath, cstack
  8004 ;; Tracked objects:
  8005 ;;		On entry : 0/0
  8006 ;;		On exit  : 0/0
  8007 ;;		Unchanged: 0/0
  8008 ;; Data sizes:     COMMON   BANK0   BANK1   BANK2   BANK3   BANK4   BANK5   BANK6
  8009 ;;      Params:         0       0       0       0       0       0       0       0
  8010 ;;      Locals:         0       0       0       0       0       0       0       0
  8011 ;;      Temps:          0       0       0       0       0       0       0       0
  8012 ;;      Totals:         0       0       0       0       0       0       0       0
  8013 ;;Total ram usage:        0 bytes
  8014 ;; Hardware stack levels used: 1
  8015 ;; Hardware stack levels required when called: 5
  8016 ;; This function calls:
  8017 ;;		_I2C_MasterSendAck
  8018 ;; This function is called by:
  8019 ;;		_I2C_MasterFsm
  8020 ;; This function uses a non-reentrant model
  8021 ;;
  8022                           
  8023     1703                     _I2C_DO_RX_ACK:	
  8024                           ;psect for function _I2C_DO_RX_ACK
  8025                           
  8026     1703                     l3258:	
  8027                           ;incstack = 0
  8028                           ; Regs used in _I2C_DO_RX_ACK: [wreg+status,2+status,0+pclath+cstack]
  8029                           
  8030                           
  8031                           ;mcc_generated_files/i2c_master.c: 477:     I2C_MasterSendAck();
  8032     1703  3196  26D5  3197   	fcall	_I2C_MasterSendAck
  8033     1706                     l3260:
  8034                           
  8035                           ;mcc_generated_files/i2c_master.c: 478:     return I2C_RCEN;
  8036     1706  3005               	movlw	5
  8037     1707                     l230:
  8038     1707  0008               	return
  8039     1708                     __end_of_I2C_DO_RX_ACK:
  8040                           
  8041                           	psect	text38
  8042     16FE                     __ptext38:	
  8043 ;; *************** function _I2C_DO_SEND_STOP *****************
  8044 ;; Defined at:
  8045 ;;		line 469 in file "mcc_generated_files/i2c_master.c"
  8046 ;; Parameters:    Size  Location     Type
  8047 ;;		None
  8048 ;; Auto vars:     Size  Location     Type
  8049 ;;		None
  8050 ;; Return value:  Size  Location     Type
  8051 ;;                  1    wreg      enum E3110
  8052 ;; Registers used:
  8053 ;;		wreg, status,2, status,0, pclath, cstack
  8054 ;; Tracked objects:
  8055 ;;		On entry : 0/0
  8056 ;;		On exit  : 0/0
  8057 ;;		Unchanged: 0/0
  8058 ;; Data sizes:     COMMON   BANK0   BANK1   BANK2   BANK3   BANK4   BANK5   BANK6
  8059 ;;      Params:         0       0       0       0       0       0       0       0
  8060 ;;      Locals:         0       0       0       0       0       0       0       0
  8061 ;;      Temps:          0       0       0       0       0       0       0       0
  8062 ;;      Totals:         0       0       0       0       0       0       0       0
  8063 ;;Total ram usage:        0 bytes
  8064 ;; Hardware stack levels used: 1
  8065 ;; Hardware stack levels required when called: 5
  8066 ;; This function calls:
  8067 ;;		_I2C_MasterStop
  8068 ;; This function is called by:
  8069 ;;		_I2C_DO_TX
  8070 ;;		_I2C_DO_TX_EMPTY
  8071 ;;		_I2C_DO_ADDRESS_NACK
  8072 ;;		_I2C_MasterFsm
  8073 ;; This function uses a non-reentrant model
  8074 ;;
  8075                           
  8076     16FE                     _I2C_DO_SEND_STOP:	
  8077                           ;psect for function _I2C_DO_SEND_STOP
  8078                           
  8079     16FE                     l3090:	
  8080                           ;incstack = 0
  8081                           ; Regs used in _I2C_DO_SEND_STOP: [wreg+status,2+status,0+pclath+cstack]
  8082                           
  8083                           
  8084                           ;mcc_generated_files/i2c_master.c: 471:     I2C_MasterStop();
  8085     16FE  3196  26C5  3196   	fcall	_I2C_MasterStop
  8086     1701                     l3092:
  8087                           
  8088                           ;mcc_generated_files/i2c_master.c: 472:     return I2C_IDLE;
  8089     1701  3000               	movlw	0
  8090     1702                     l227:
  8091     1702  0008               	return
  8092     1703                     __end_of_I2C_DO_SEND_STOP:
  8093                           
  8094                           	psect	text39
  8095     16F9                     __ptext39:	
  8096 ;; *************** function _I2C_DO_SEND_RESTART *****************
  8097 ;; Defined at:
  8098 ;;		line 463 in file "mcc_generated_files/i2c_master.c"
  8099 ;; Parameters:    Size  Location     Type
  8100 ;;		None
  8101 ;; Auto vars:     Size  Location     Type
  8102 ;;		None
  8103 ;; Return value:  Size  Location     Type
  8104 ;;                  1    wreg      enum E3110
  8105 ;; Registers used:
  8106 ;;		wreg, status,2, status,0, pclath, cstack
  8107 ;; Tracked objects:
  8108 ;;		On entry : 0/0
  8109 ;;		On exit  : 0/0
  8110 ;;		Unchanged: 0/0
  8111 ;; Data sizes:     COMMON   BANK0   BANK1   BANK2   BANK3   BANK4   BANK5   BANK6
  8112 ;;      Params:         0       0       0       0       0       0       0       0
  8113 ;;      Locals:         0       0       0       0       0       0       0       0
  8114 ;;      Temps:          0       0       0       0       0       0       0       0
  8115 ;;      Totals:         0       0       0       0       0       0       0       0
  8116 ;;Total ram usage:        0 bytes
  8117 ;; Hardware stack levels used: 1
  8118 ;; Hardware stack levels required when called: 5
  8119 ;; This function calls:
  8120 ;;		_I2C_MasterEnableRestart
  8121 ;; This function is called by:
  8122 ;;		_I2C_DO_TX_EMPTY
  8123 ;;		_I2C_DO_ADDRESS_NACK
  8124 ;;		_I2C_MasterFsm
  8125 ;; This function uses a non-reentrant model
  8126 ;;
  8127                           
  8128     16F9                     _I2C_DO_SEND_RESTART:	
  8129                           ;psect for function _I2C_DO_SEND_RESTART
  8130                           
  8131     16F9                     l3116:	
  8132                           ;incstack = 0
  8133                           ; Regs used in _I2C_DO_SEND_RESTART: [wreg+status,2+status,0+pclath+cstack]
  8134                           
  8135                           
  8136                           ;mcc_generated_files/i2c_master.c: 465:     I2C_MasterEnableRestart();
  8137     16F9  3196  26C2  3196   	fcall	_I2C_MasterEnableRestart
  8138     16FC                     l3118:
  8139                           
  8140                           ;mcc_generated_files/i2c_master.c: 466:     return I2C_SEND_ADR_READ;
  8141     16FC  3001               	movlw	1
  8142     16FD                     l224:
  8143     16FD  0008               	return
  8144     16FE                     __end_of_I2C_DO_SEND_RESTART:
  8145                           
  8146                           	psect	text40
  8147     16F4                     __ptext40:	
  8148 ;; *************** function _I2C_DO_SEND_RESTART_WRITE *****************
  8149 ;; Defined at:
  8150 ;;		line 456 in file "mcc_generated_files/i2c_master.c"
  8151 ;; Parameters:    Size  Location     Type
  8152 ;;		None
  8153 ;; Auto vars:     Size  Location     Type
  8154 ;;		None
  8155 ;; Return value:  Size  Location     Type
  8156 ;;                  1    wreg      enum E3110
  8157 ;; Registers used:
  8158 ;;		wreg, status,2, status,0, pclath, cstack
  8159 ;; Tracked objects:
  8160 ;;		On entry : 0/0
  8161 ;;		On exit  : 0/0
  8162 ;;		Unchanged: 0/0
  8163 ;; Data sizes:     COMMON   BANK0   BANK1   BANK2   BANK3   BANK4   BANK5   BANK6
  8164 ;;      Params:         0       0       0       0       0       0       0       0
  8165 ;;      Locals:         0       0       0       0       0       0       0       0
  8166 ;;      Temps:          0       0       0       0       0       0       0       0
  8167 ;;      Totals:         0       0       0       0       0       0       0       0
  8168 ;;Total ram usage:        0 bytes
  8169 ;; Hardware stack levels used: 1
  8170 ;; Hardware stack levels required when called: 5
  8171 ;; This function calls:
  8172 ;;		_I2C_MasterEnableRestart
  8173 ;; This function is called by:
  8174 ;;		_I2C_DO_TX
  8175 ;;		_I2C_MasterFsm
  8176 ;; This function uses a non-reentrant model
  8177 ;;
  8178                           
  8179     16F4                     _I2C_DO_SEND_RESTART_WRITE:	
  8180                           ;psect for function _I2C_DO_SEND_RESTART_WRITE
  8181                           
  8182     16F4                     l3084:	
  8183                           ;incstack = 0
  8184                           ; Regs used in _I2C_DO_SEND_RESTART_WRITE: [wreg+status,2+status,0+pclath+cstack]
  8185                           
  8186                           
  8187                           ;mcc_generated_files/i2c_master.c: 458:     I2C_MasterEnableRestart();
  8188     16F4  3196  26C2  3196   	fcall	_I2C_MasterEnableRestart
  8189     16F7                     l3086:
  8190                           
  8191                           ;mcc_generated_files/i2c_master.c: 459:     return I2C_SEND_ADR_WRITE;
  8192     16F7  3002               	movlw	2
  8193     16F8                     l221:
  8194     16F8  0008               	return
  8195     16F9                     __end_of_I2C_DO_SEND_RESTART_WRITE:
  8196                           
  8197                           	psect	text41
  8198     16EF                     __ptext41:	
  8199 ;; *************** function _I2C_DO_SEND_RESTART_READ *****************
  8200 ;; Defined at:
  8201 ;;		line 450 in file "mcc_generated_files/i2c_master.c"
  8202 ;; Parameters:    Size  Location     Type
  8203 ;;		None
  8204 ;; Auto vars:     Size  Location     Type
  8205 ;;		None
  8206 ;; Return value:  Size  Location     Type
  8207 ;;                  1    wreg      enum E3110
  8208 ;; Registers used:
  8209 ;;		wreg, status,2, status,0, pclath, cstack
  8210 ;; Tracked objects:
  8211 ;;		On entry : 0/0
  8212 ;;		On exit  : 0/0
  8213 ;;		Unchanged: 0/0
  8214 ;; Data sizes:     COMMON   BANK0   BANK1   BANK2   BANK3   BANK4   BANK5   BANK6
  8215 ;;      Params:         0       0       0       0       0       0       0       0
  8216 ;;      Locals:         0       0       0       0       0       0       0       0
  8217 ;;      Temps:          0       0       0       0       0       0       0       0
  8218 ;;      Totals:         0       0       0       0       0       0       0       0
  8219 ;;Total ram usage:        0 bytes
  8220 ;; Hardware stack levels used: 1
  8221 ;; Hardware stack levels required when called: 5
  8222 ;; This function calls:
  8223 ;;		_I2C_MasterEnableRestart
  8224 ;; This function is called by:
  8225 ;;		_I2C_DO_TX
  8226 ;;		_I2C_MasterFsm
  8227 ;; This function uses a non-reentrant model
  8228 ;;
  8229                           
  8230     16EF                     _I2C_DO_SEND_RESTART_READ:	
  8231                           ;psect for function _I2C_DO_SEND_RESTART_READ
  8232                           
  8233     16EF                     l3078:	
  8234                           ;incstack = 0
  8235                           ; Regs used in _I2C_DO_SEND_RESTART_READ: [wreg+status,2+status,0+pclath+cstack]
  8236                           
  8237                           
  8238                           ;mcc_generated_files/i2c_master.c: 452:     I2C_MasterEnableRestart();
  8239     16EF  3196  26C2  3196   	fcall	_I2C_MasterEnableRestart
  8240     16F2                     l3080:
  8241                           
  8242                           ;mcc_generated_files/i2c_master.c: 453:     return I2C_SEND_ADR_READ;
  8243     16F2  3001               	movlw	1
  8244     16F3                     l218:
  8245     16F3  0008               	return
  8246     16F4                     __end_of_I2C_DO_SEND_RESTART_READ:
  8247                           
  8248                           	psect	text42
  8249     1734                     __ptext42:	
  8250 ;; *************** function _I2C_DO_RCEN *****************
  8251 ;; Defined at:
  8252 ;;		line 402 in file "mcc_generated_files/i2c_master.c"
  8253 ;; Parameters:    Size  Location     Type
  8254 ;;		None
  8255 ;; Auto vars:     Size  Location     Type
  8256 ;;		None
  8257 ;; Return value:  Size  Location     Type
  8258 ;;                  1    wreg      enum E3110
  8259 ;; Registers used:
  8260 ;;		wreg, status,2, status,0, pclath, cstack
  8261 ;; Tracked objects:
  8262 ;;		On entry : 0/0
  8263 ;;		On exit  : 0/0
  8264 ;;		Unchanged: 0/0
  8265 ;; Data sizes:     COMMON   BANK0   BANK1   BANK2   BANK3   BANK4   BANK5   BANK6
  8266 ;;      Params:         0       0       0       0       0       0       0       0
  8267 ;;      Locals:         0       0       0       0       0       0       0       0
  8268 ;;      Temps:          0       0       0       0       0       0       0       0
  8269 ;;      Totals:         0       0       0       0       0       0       0       0
  8270 ;;Total ram usage:        0 bytes
  8271 ;; Hardware stack levels used: 1
  8272 ;; Hardware stack levels required when called: 5
  8273 ;; This function calls:
  8274 ;;		_I2C_MasterStartRx
  8275 ;; This function is called by:
  8276 ;;		_I2C_MasterFsm
  8277 ;; This function uses a non-reentrant model
  8278 ;;
  8279                           
  8280     1734                     _I2C_DO_RCEN:	
  8281                           ;psect for function _I2C_DO_RCEN
  8282                           
  8283     1734                     l3224:	
  8284                           ;incstack = 0
  8285                           ; Regs used in _I2C_DO_RCEN: [wreg+status,2+status,0+pclath+cstack]
  8286                           
  8287                           
  8288                           ;mcc_generated_files/i2c_master.c: 404:     I2C_Status.addressNackCheck = 0;
  8289     1734  0022               	movlb	2	; select bank2
  8290     1735  105C               	bcf	(_I2C_Status^(0+256)+28),0
  8291     1736                     l3226:
  8292                           
  8293                           ;mcc_generated_files/i2c_master.c: 405:     I2C_MasterStartRx();
  8294     1736  3196  26C8  3197   	fcall	_I2C_MasterStartRx
  8295     1739                     l3228:
  8296                           
  8297                           ;mcc_generated_files/i2c_master.c: 406:     return I2C_RX;
  8298     1739  3004               	movlw	4
  8299     173A                     l205:
  8300     173A  0008               	return
  8301     173B                     __end_of_I2C_DO_RCEN:
  8302                           
  8303                           	psect	text43
  8304     0C26                     __ptext43:	
  8305 ;; *************** function _I2C_DO_RX *****************
  8306 ;; Defined at:
  8307 ;;		line 378 in file "mcc_generated_files/i2c_master.c"
  8308 ;; Parameters:    Size  Location     Type
  8309 ;;		None
  8310 ;; Auto vars:     Size  Location     Type
  8311 ;;		None
  8312 ;; Return value:  Size  Location     Type
  8313 ;;                  1    wreg      enum E3110
  8314 ;; Registers used:
  8315 ;;		wreg, fsr0l, fsr0h, fsr1l, fsr1h, status,2, status,0, pclath, cstack
  8316 ;; Tracked objects:
  8317 ;;		On entry : 0/0
  8318 ;;		On exit  : 0/0
  8319 ;;		Unchanged: 0/0
  8320 ;; Data sizes:     COMMON   BANK0   BANK1   BANK2   BANK3   BANK4   BANK5   BANK6
  8321 ;;      Params:         0       0       0       0       0       0       0       0
  8322 ;;      Locals:         0       0       0       0       0       0       0       0
  8323 ;;      Temps:          0       2       0       0       0       0       0       0
  8324 ;;      Totals:         0       2       0       0       0       0       0       0
  8325 ;;Total ram usage:        2 bytes
  8326 ;; Hardware stack levels used: 1
  8327 ;; Hardware stack levels required when called: 7
  8328 ;; This function calls:
  8329 ;;		NULL
  8330 ;;		_I2C_CallbackReturnReset
  8331 ;;		_I2C_CallbackReturnStop
  8332 ;;		_I2C_DO_RX_NACK_RESTART
  8333 ;;		_I2C_DO_RX_NACK_STOP
  8334 ;;		_I2C_MasterGetRxData
  8335 ;;		_I2C_MasterSendAck
  8336 ;;		_wr1RegCompleteHandler
  8337 ;; This function is called by:
  8338 ;;		_I2C_MasterFsm
  8339 ;; This function uses a non-reentrant model
  8340 ;;
  8341                           
  8342     0C26                     _I2C_DO_RX:	
  8343                           ;psect for function _I2C_DO_RX
  8344                           
  8345     0C26                     l4510:	
  8346                           ;incstack = 0
  8347                           ; Regs used in _I2C_DO_RX: [wreg-fsr1h+status,2+status,0+pclath+cstack]
  8348                           
  8349                           
  8350                           ;mcc_generated_files/i2c_master.c: 380:     *I2C_Status.data_ptr++ = I2C_MasterGetRxData
      +                          ();
  8351     0C26  0022               	movlb	2	; select bank2
  8352     0C27  0857               	movf	(low ((_I2C_Status| (0+256)+23)))^0,w
  8353     0C28  0086               	movwf	6
  8354     0C29  0187               	clrf	7
  8355     0C2A  3196  26CB  318C   	fcall	_I2C_MasterGetRxData
  8356     0C2D  0081               	movwf	1
  8357     0C2E                     l4512:
  8358     0C2E  3001               	movlw	1
  8359     0C2F  0020               	movlb	0	; select bank0
  8360     0C30  00A0               	movwf	??_I2C_DO_RX
  8361     0C31  0820               	movf	??_I2C_DO_RX,w
  8362     0C32  0022               	movlb	2	; select bank2
  8363     0C33  07D7               	addwf	(low ((_I2C_Status| (0+256)+23)))^0,f
  8364     0C34                     l4514:
  8365                           
  8366                           ;mcc_generated_files/i2c_master.c: 381:     if(--I2C_Status.data_length)
  8367     0C34  3001               	movlw	1
  8368     0C35  02D8               	subwf	(_I2C_Status^(0+256)+24),f
  8369     0C36  3000               	movlw	0
  8370     0C37  3BD9               	subwfb	((_I2C_Status+1)^(0+256)+24),f
  8371     0C38  0858               	movf	(_I2C_Status^(0+256)+24),w
  8372     0C39  0459               	iorwf	((_I2C_Status+1)^(0+256)+24),w
  8373     0C3A  1903               	btfsc	3,2
  8374     0C3B  2C3D               	goto	u2981
  8375     0C3C  2C3E               	goto	u2980
  8376     0C3D                     u2981:
  8377     0C3D  2C43               	goto	l193
  8378     0C3E                     u2980:
  8379     0C3E                     l4516:
  8380                           
  8381                           ;mcc_generated_files/i2c_master.c: 382:     {;mcc_generated_files/i2c_master.c: 383:    
      +                               I2C_MasterSendAck();
  8382     0C3E  3196  26D5  318C   	fcall	_I2C_MasterSendAck
  8383     0C41                     l4518:
  8384                           
  8385                           ;mcc_generated_files/i2c_master.c: 384:         return I2C_RCEN;
  8386     0C41  3005               	movlw	5
  8387     0C42  2C6A               	goto	l194
  8388     0C43                     l193:	
  8389                           ;mcc_generated_files/i2c_master.c: 386:     else
  8390                           
  8391                           
  8392                           ;mcc_generated_files/i2c_master.c: 387:     {;mcc_generated_files/i2c_master.c: 388:    
      +                               I2C_Status.bufferFree = 1;
  8393     0C43  15DC               	bsf	(_I2C_Status^(0+256)+28),3
  8394                           
  8395                           ;mcc_generated_files/i2c_master.c: 389:         switch(I2C_Status.callbackTable[I2C_DATA
      +                          _COMPLETE](I2C_Status.callbackPayload[I2C_DATA_COMPLETE]))
  8396     0C44  2C4D               	goto	l4534
  8397     0C45                     l4524:
  8398                           
  8399                           ;mcc_generated_files/i2c_master.c: 393:                 return I2C_DO_RX_NACK_RESTART();
  8400     0C45  3197  270D  318C   	fcall	_I2C_DO_RX_NACK_RESTART
  8401     0C48  2C6A               	goto	l194
  8402     0C49                     l4528:
  8403                           
  8404                           ;mcc_generated_files/i2c_master.c: 397:                 return I2C_DO_RX_NACK_STOP();
  8405     0C49  3197  2708  318C   	fcall	_I2C_DO_RX_NACK_STOP
  8406     0C4C  2C6A               	goto	l194
  8407     0C4D                     l4534:
  8408     0C4D  084C               	movf	(low ((_I2C_Status| (0+256)+12)))^0,w
  8409     0C4E  00F9               	movwf	I2C_CallbackReturnReset@funPtr
  8410     0C4F  0841               	movf	(_I2C_Status+1)^(0+256),w
  8411     0C50  008A               	movwf	10
  8412     0C51  0840               	movf	_I2C_Status^(0+256),w
  8413     0C52  000A               	callw
  8414     0C53  318C               	pagesel	$
  8415     0C54  0020               	movlb	0	; select bank0
  8416     0C55  00A0               	movwf	??_I2C_DO_RX
  8417     0C56  01A1               	clrf	??_I2C_DO_RX+1
  8418                           
  8419                           ; Switch on 2 bytes has been partitioned into a top level switch of size 1, and 1 sub-sw
      +                          itches
  8420                           ; Switch size 1, requested type "simple"
  8421                           ; Number of cases is 1, Range of values is 0 to 0
  8422                           ; switch strategies available:
  8423                           ; Name         Instructions Cycles
  8424                           ; simple_byte            4     3 (average)
  8425                           ; direct_byte            8     6 (fixed)
  8426                           ; jumptable            260     6 (fixed)
  8427                           ;	Chosen strategy is simple_byte
  8428     0C57  0821               	movf	??_I2C_DO_RX+1,w
  8429     0C58  3A00               	xorlw	0	; case 0
  8430     0C59  1903               	skipnz
  8431     0C5A  2C5C               	goto	l6012
  8432     0C5B  2C49               	goto	l4528
  8433     0C5C                     l6012:
  8434                           
  8435                           ; Switch size 1, requested type "simple"
  8436                           ; Number of cases is 4, Range of values is 1 to 4
  8437                           ; switch strategies available:
  8438                           ; Name         Instructions Cycles
  8439                           ; simple_byte           13     7 (average)
  8440                           ; direct_byte           17     9 (fixed)
  8441                           ; jumptable            263     9 (fixed)
  8442                           ;	Chosen strategy is simple_byte
  8443     0C5C  0820               	movf	??_I2C_DO_RX,w
  8444     0C5D  3A01               	xorlw	1	; case 1
  8445     0C5E  1903               	skipnz
  8446     0C5F  2C49               	goto	l4528
  8447     0C60  3A03               	xorlw	3	; case 2
  8448     0C61  1903               	skipnz
  8449     0C62  2C45               	goto	l4524
  8450     0C63  3A01               	xorlw	1	; case 3
  8451     0C64  1903               	skipnz
  8452     0C65  2C45               	goto	l4524
  8453     0C66  3A07               	xorlw	7	; case 4
  8454     0C67  1903               	skipnz
  8455     0C68  2C49               	goto	l4528
  8456     0C69  2C49               	goto	l4528
  8457     0C6A                     l194:
  8458     0C6A  0008               	return
  8459     0C6B                     __end_of_I2C_DO_RX:
  8460                           
  8461                           	psect	text44
  8462     0D57                     __ptext44:	
  8463 ;; *************** function _I2C_DO_TX *****************
  8464 ;; Defined at:
  8465 ;;		line 354 in file "mcc_generated_files/i2c_master.c"
  8466 ;; Parameters:    Size  Location     Type
  8467 ;;		None
  8468 ;; Auto vars:     Size  Location     Type
  8469 ;;		None
  8470 ;; Return value:  Size  Location     Type
  8471 ;;                  1    wreg      enum E3110
  8472 ;; Registers used:
  8473 ;;		wreg, fsr0l, fsr0h, fsr1l, fsr1h, status,2, status,0, pclath, cstack
  8474 ;; Tracked objects:
  8475 ;;		On entry : 0/0
  8476 ;;		On exit  : 0/0
  8477 ;;		Unchanged: 0/0
  8478 ;; Data sizes:     COMMON   BANK0   BANK1   BANK2   BANK3   BANK4   BANK5   BANK6
  8479 ;;      Params:         0       0       0       0       0       0       0       0
  8480 ;;      Locals:         0       0       0       0       0       0       0       0
  8481 ;;      Temps:          0       2       0       0       0       0       0       0
  8482 ;;      Totals:         0       2       0       0       0       0       0       0
  8483 ;;Total ram usage:        2 bytes
  8484 ;; Hardware stack levels used: 1
  8485 ;; Hardware stack levels required when called: 7
  8486 ;; This function calls:
  8487 ;;		NULL
  8488 ;;		_I2C_CallbackReturnReset
  8489 ;;		_I2C_CallbackReturnStop
  8490 ;;		_I2C_DO_SEND_RESTART_READ
  8491 ;;		_I2C_DO_SEND_RESTART_WRITE
  8492 ;;		_I2C_DO_SEND_STOP
  8493 ;;		_I2C_MasterIsNack
  8494 ;;		_I2C_MasterSendTxData
  8495 ;;		_wr1RegCompleteHandler
  8496 ;; This function is called by:
  8497 ;;		_I2C_MasterFsm
  8498 ;; This function uses a non-reentrant model
  8499 ;;
  8500                           
  8501     0D57                     _I2C_DO_TX:	
  8502                           ;psect for function _I2C_DO_TX
  8503                           
  8504     0D57                     l4476:	
  8505                           ;incstack = 0
  8506                           ; Regs used in _I2C_DO_TX: [wreg-fsr1h+status,2+status,0+pclath+cstack]
  8507                           
  8508                           
  8509                           ;mcc_generated_files/i2c_master.c: 356:     if(I2C_MasterIsNack())
  8510     0D57  3197  271C  318D   	fcall	_I2C_MasterIsNack
  8511     0D5A  3A00               	xorlw	0
  8512     0D5B  1903               	skipnz
  8513     0D5C  2D5E               	goto	u2961
  8514     0D5D  2D5F               	goto	u2960
  8515     0D5E                     u2961:
  8516     0D5E  2D8F               	goto	l177
  8517     0D5F                     u2960:
  8518     0D5F  2D6C               	goto	l4494
  8519     0D60                     l4480:
  8520                           
  8521                           ;mcc_generated_files/i2c_master.c: 361:                 return I2C_DO_SEND_RESTART_READ(
      +                          );
  8522     0D60  3196  26EF  318D   	fcall	_I2C_DO_SEND_RESTART_READ
  8523     0D63  2DAC               	goto	l180
  8524     0D64                     l4484:
  8525                           
  8526                           ;mcc_generated_files/i2c_master.c: 363:                   return I2C_DO_SEND_RESTART_WRI
      +                          TE();
  8527     0D64  3196  26F4  318D   	fcall	_I2C_DO_SEND_RESTART_WRITE
  8528     0D67  2DAC               	goto	l180
  8529     0D68                     l4488:
  8530                           
  8531                           ;mcc_generated_files/i2c_master.c: 367:                 return I2C_DO_SEND_STOP();
  8532     0D68  3196  26FE  318D   	fcall	_I2C_DO_SEND_STOP
  8533     0D6B  2DAC               	goto	l180
  8534     0D6C                     l4494:
  8535     0D6C  0022               	movlb	2	; select bank2
  8536     0D6D  084F               	movf	(low ((_I2C_Status| (0+256)+15)))^0,w
  8537     0D6E  00F9               	movwf	I2C_CallbackReturnReset@funPtr
  8538     0D6F  3006               	movlw	6
  8539     0D70  3E40               	addlw	(low (_I2C_Status| (0+256)))& (0+255)
  8540     0D71  0086               	movwf	6
  8541     0D72  3001               	movlw	1	; select bank2/3
  8542     0D73  0087               	movwf	7
  8543     0D74  3F41               	moviw [1]fsr1
  8544     0D75  008A               	movwf	10
  8545     0D76  3F40               	moviw [0]fsr1
  8546     0D77  000A               	callw
  8547     0D78  318D               	pagesel	$
  8548     0D79  0020               	movlb	0	; select bank0
  8549     0D7A  00A0               	movwf	??_I2C_DO_TX
  8550     0D7B  01A1               	clrf	??_I2C_DO_TX+1
  8551                           
  8552                           ; Switch on 2 bytes has been partitioned into a top level switch of size 1, and 1 sub-sw
      +                          itches
  8553                           ; Switch size 1, requested type "simple"
  8554                           ; Number of cases is 1, Range of values is 0 to 0
  8555                           ; switch strategies available:
  8556                           ; Name         Instructions Cycles
  8557                           ; simple_byte            4     3 (average)
  8558                           ; direct_byte            8     6 (fixed)
  8559                           ; jumptable            260     6 (fixed)
  8560                           ;	Chosen strategy is simple_byte
  8561     0D7C  0821               	movf	??_I2C_DO_TX+1,w
  8562     0D7D  3A00               	xorlw	0	; case 0
  8563     0D7E  1903               	skipnz
  8564     0D7F  2D81               	goto	l6014
  8565     0D80  2D68               	goto	l4488
  8566     0D81                     l6014:
  8567                           
  8568                           ; Switch size 1, requested type "simple"
  8569                           ; Number of cases is 4, Range of values is 1 to 4
  8570                           ; switch strategies available:
  8571                           ; Name         Instructions Cycles
  8572                           ; simple_byte           13     7 (average)
  8573                           ; direct_byte           17     9 (fixed)
  8574                           ; jumptable            263     9 (fixed)
  8575                           ;	Chosen strategy is simple_byte
  8576     0D81  0820               	movf	??_I2C_DO_TX,w
  8577     0D82  3A01               	xorlw	1	; case 1
  8578     0D83  1903               	skipnz
  8579     0D84  2D68               	goto	l4488
  8580     0D85  3A03               	xorlw	3	; case 2
  8581     0D86  1903               	skipnz
  8582     0D87  2D60               	goto	l4480
  8583     0D88  3A01               	xorlw	1	; case 3
  8584     0D89  1903               	skipnz
  8585     0D8A  2D64               	goto	l4484
  8586     0D8B  3A07               	xorlw	7	; case 4
  8587     0D8C  1903               	skipnz
  8588     0D8D  2D68               	goto	l4488
  8589     0D8E  2D68               	goto	l4488
  8590     0D8F                     l177:	
  8591                           ;mcc_generated_files/i2c_master.c: 370:     else
  8592                           
  8593                           
  8594                           ;mcc_generated_files/i2c_master.c: 371:     {;mcc_generated_files/i2c_master.c: 372:    
      +                               I2C_Status.addressNackCheck = 0;
  8595     0D8F  0022               	movlb	2	; select bank2
  8596     0D90  105C               	bcf	(_I2C_Status^(0+256)+28),0
  8597     0D91                     l4496:
  8598                           
  8599                           ;mcc_generated_files/i2c_master.c: 373:         I2C_MasterSendTxData(*I2C_Status.data_pt
      +                          r++);
  8600     0D91  3017               	movlw	23
  8601     0D92  3E40               	addlw	(low (_I2C_Status| (0+256)))& (0+255)
  8602     0D93  0086               	movwf	6
  8603     0D94  3001               	movlw	1	; select bank2/3
  8604     0D95  0087               	movwf	7
  8605     0D96  3F40               	moviw [0]fsr1
  8606     0D97  0084               	movwf	4
  8607     0D98  0185               	clrf	5
  8608     0D99  0A81               	incf	1,f
  8609     0D9A  0800               	movf	0,w
  8610     0D9B  3196  26E5  318D   	fcall	_I2C_MasterSendTxData
  8611     0D9E                     l4498:
  8612                           
  8613                           ;mcc_generated_files/i2c_master.c: 374:         return (--I2C_Status.data_length)?I2C_TX
      +                          :I2C_TX_EMPTY;
  8614     0D9E  3001               	movlw	1
  8615     0D9F  0022               	movlb	2	; select bank2
  8616     0DA0  02D8               	subwf	(_I2C_Status^(0+256)+24),f
  8617     0DA1  3000               	movlw	0
  8618     0DA2  3BD9               	subwfb	((_I2C_Status+1)^(0+256)+24),f
  8619     0DA3  0858               	movf	(_I2C_Status^(0+256)+24),w
  8620     0DA4  0459               	iorwf	((_I2C_Status+1)^(0+256)+24),w
  8621     0DA5  1D03               	btfss	3,2
  8622     0DA6  2DA8               	goto	u2971
  8623     0DA7  2DA9               	goto	u2970
  8624     0DA8                     u2971:
  8625     0DA8  2DAB               	goto	l4502
  8626     0DA9                     u2970:
  8627     0DA9                     l4500:
  8628     0DA9  3006               	movlw	6
  8629     0DAA  2DAC               	goto	l180
  8630     0DAB                     l4502:
  8631     0DAB  3003               	movlw	3
  8632     0DAC                     l180:
  8633     0DAC  0008               	return
  8634     0DAD                     __end_of_I2C_DO_TX:
  8635                           
  8636                           	psect	text45
  8637     173B                     __ptext45:	
  8638 ;; *************** function _I2C_DO_SEND_ADR_WRITE *****************
  8639 ;; Defined at:
  8640 ;;		line 347 in file "mcc_generated_files/i2c_master.c"
  8641 ;; Parameters:    Size  Location     Type
  8642 ;;		None
  8643 ;; Auto vars:     Size  Location     Type
  8644 ;;		None
  8645 ;; Return value:  Size  Location     Type
  8646 ;;                  1    wreg      enum E3110
  8647 ;; Registers used:
  8648 ;;		wreg, status,2, status,0, pclath, cstack
  8649 ;; Tracked objects:
  8650 ;;		On entry : 0/0
  8651 ;;		On exit  : 0/0
  8652 ;;		Unchanged: 0/0
  8653 ;; Data sizes:     COMMON   BANK0   BANK1   BANK2   BANK3   BANK4   BANK5   BANK6
  8654 ;;      Params:         0       0       0       0       0       0       0       0
  8655 ;;      Locals:         0       0       0       0       0       0       0       0
  8656 ;;      Temps:          0       0       0       0       0       0       0       0
  8657 ;;      Totals:         0       0       0       0       0       0       0       0
  8658 ;;Total ram usage:        0 bytes
  8659 ;; Hardware stack levels used: 1
  8660 ;; Hardware stack levels required when called: 5
  8661 ;; This function calls:
  8662 ;;		_I2C_MasterSendTxData
  8663 ;; This function is called by:
  8664 ;;		_I2C_MasterFsm
  8665 ;; This function uses a non-reentrant model
  8666 ;;
  8667                           
  8668     173B                     _I2C_DO_SEND_ADR_WRITE:	
  8669                           ;psect for function _I2C_DO_SEND_ADR_WRITE
  8670                           
  8671     173B                     l3150:	
  8672                           ;incstack = 0
  8673                           ; Regs used in _I2C_DO_SEND_ADR_WRITE: [wreg+status,2+status,0+pclath+cstack]
  8674                           
  8675                           
  8676                           ;mcc_generated_files/i2c_master.c: 349:     I2C_Status.addressNackCheck = 1;
  8677     173B  0022               	movlb	2	; select bank2
  8678     173C  145C               	bsf	(_I2C_Status^(0+256)+28),0
  8679     173D                     l3152:
  8680                           
  8681                           ;mcc_generated_files/i2c_master.c: 350:     I2C_MasterSendTxData((uint8_t) (I2C_Status.a
      +                          ddress << 1));
  8682     173D  3556               	lslf	(_I2C_Status^(0+256)+22),w
  8683     173E  3196  26E5  3197   	fcall	_I2C_MasterSendTxData
  8684     1741                     l3154:
  8685                           
  8686                           ;mcc_generated_files/i2c_master.c: 351:     return I2C_TX;
  8687     1741  3003               	movlw	3
  8688     1742                     l174:
  8689     1742  0008               	return
  8690     1743                     __end_of_I2C_DO_SEND_ADR_WRITE:
  8691                           
  8692                           	psect	text46
  8693     1743                     __ptext46:	
  8694 ;; *************** function _I2C_DO_SEND_ADR_READ *****************
  8695 ;; Defined at:
  8696 ;;		line 340 in file "mcc_generated_files/i2c_master.c"
  8697 ;; Parameters:    Size  Location     Type
  8698 ;;		None
  8699 ;; Auto vars:     Size  Location     Type
  8700 ;;		None
  8701 ;; Return value:  Size  Location     Type
  8702 ;;                  1    wreg      enum E3110
  8703 ;; Registers used:
  8704 ;;		wreg, status,2, status,0, pclath, cstack
  8705 ;; Tracked objects:
  8706 ;;		On entry : 0/0
  8707 ;;		On exit  : 0/0
  8708 ;;		Unchanged: 0/0
  8709 ;; Data sizes:     COMMON   BANK0   BANK1   BANK2   BANK3   BANK4   BANK5   BANK6
  8710 ;;      Params:         0       0       0       0       0       0       0       0
  8711 ;;      Locals:         0       0       0       0       0       0       0       0
  8712 ;;      Temps:          0       0       0       0       0       0       0       0
  8713 ;;      Totals:         0       0       0       0       0       0       0       0
  8714 ;;Total ram usage:        0 bytes
  8715 ;; Hardware stack levels used: 1
  8716 ;; Hardware stack levels required when called: 5
  8717 ;; This function calls:
  8718 ;;		_I2C_MasterSendTxData
  8719 ;; This function is called by:
  8720 ;;		_I2C_MasterFsm
  8721 ;; This function uses a non-reentrant model
  8722 ;;
  8723                           
  8724     1743                     _I2C_DO_SEND_ADR_READ:	
  8725                           ;psect for function _I2C_DO_SEND_ADR_READ
  8726                           
  8727     1743                     l3142:	
  8728                           ;incstack = 0
  8729                           ; Regs used in _I2C_DO_SEND_ADR_READ: [wreg+status,2+status,0+pclath+cstack]
  8730                           
  8731                           
  8732                           ;mcc_generated_files/i2c_master.c: 342:     I2C_Status.addressNackCheck = 1;
  8733     1743  0022               	movlb	2	; select bank2
  8734     1744  145C               	bsf	(_I2C_Status^(0+256)+28),0
  8735     1745                     l3144:
  8736                           
  8737                           ;mcc_generated_files/i2c_master.c: 343:     I2C_MasterSendTxData((uint8_t) (I2C_Status.a
      +                          ddress << 1 | 1));
  8738     1745  1403               	setc
  8739     1746  0D56               	rlf	(_I2C_Status^(0+256)+22),w
  8740     1747  3196  26E5  3197   	fcall	_I2C_MasterSendTxData
  8741     174A                     l3146:
  8742                           
  8743                           ;mcc_generated_files/i2c_master.c: 344:     return I2C_RCEN;
  8744     174A  3005               	movlw	5
  8745     174B                     l171:
  8746     174B  0008               	return
  8747     174C                     __end_of_I2C_DO_SEND_ADR_READ:
  8748                           
  8749                           	psect	text47
  8750     16EA                     __ptext47:	
  8751 ;; *************** function _I2C_DO_IDLE *****************
  8752 ;; Defined at:
  8753 ;;		line 333 in file "mcc_generated_files/i2c_master.c"
  8754 ;; Parameters:    Size  Location     Type
  8755 ;;		None
  8756 ;; Auto vars:     Size  Location     Type
  8757 ;;		None
  8758 ;; Return value:  Size  Location     Type
  8759 ;;                  1    wreg      enum E3110
  8760 ;; Registers used:
  8761 ;;		wreg, status,2
  8762 ;; Tracked objects:
  8763 ;;		On entry : 0/0
  8764 ;;		On exit  : 0/0
  8765 ;;		Unchanged: 0/0
  8766 ;; Data sizes:     COMMON   BANK0   BANK1   BANK2   BANK3   BANK4   BANK5   BANK6
  8767 ;;      Params:         0       0       0       0       0       0       0       0
  8768 ;;      Locals:         0       0       0       0       0       0       0       0
  8769 ;;      Temps:          0       0       0       0       0       0       0       0
  8770 ;;      Totals:         0       0       0       0       0       0       0       0
  8771 ;;Total ram usage:        0 bytes
  8772 ;; Hardware stack levels used: 1
  8773 ;; Hardware stack levels required when called: 4
  8774 ;; This function calls:
  8775 ;;		Nothing
  8776 ;; This function is called by:
  8777 ;;		_I2C_MasterFsm
  8778 ;; This function uses a non-reentrant model
  8779 ;;
  8780                           
  8781     16EA                     _I2C_DO_IDLE:	
  8782                           ;psect for function _I2C_DO_IDLE
  8783                           
  8784     16EA                     l3134:	
  8785                           ;incstack = 0
  8786                           ; Regs used in _I2C_DO_IDLE: [wreg+status,2]
  8787                           
  8788                           
  8789                           ;mcc_generated_files/i2c_master.c: 335:     I2C_Status.busy = 0;
  8790     16EA  0022               	movlb	2	; select bank2
  8791     16EB  10DC               	bcf	(_I2C_Status^(0+256)+28),1
  8792     16EC                     l3136:
  8793                           
  8794                           ;mcc_generated_files/i2c_master.c: 336:     I2C_Status.error = I2C_NOERR;
  8795     16EC  01DB               	clrf	(_I2C_Status^(0+256)+27)
  8796     16ED                     l3138:
  8797                           
  8798                           ;mcc_generated_files/i2c_master.c: 337:     return I2C_RESET;
  8799     16ED  300E               	movlw	14
  8800     16EE                     l168:
  8801     16EE  0008               	return
  8802     16EF                     __end_of_I2C_DO_IDLE:
  8803                           
  8804                           	psect	text48
  8805     0AA8                     __ptext48:	
  8806 ;; *************** function _I2C_DO_TX_EMPTY *****************
  8807 ;; Defined at:
  8808 ;;		line 409 in file "mcc_generated_files/i2c_master.c"
  8809 ;; Parameters:    Size  Location     Type
  8810 ;;		None
  8811 ;; Auto vars:     Size  Location     Type
  8812 ;;		None
  8813 ;; Return value:  Size  Location     Type
  8814 ;;                  1    wreg      enum E3110
  8815 ;; Registers used:
  8816 ;;		wreg, fsr0l, fsr0h, fsr1l, fsr1h, status,2, status,0, pclath, cstack
  8817 ;; Tracked objects:
  8818 ;;		On entry : 0/0
  8819 ;;		On exit  : 0/0
  8820 ;;		Unchanged: 0/0
  8821 ;; Data sizes:     COMMON   BANK0   BANK1   BANK2   BANK3   BANK4   BANK5   BANK6
  8822 ;;      Params:         0       0       0       0       0       0       0       0
  8823 ;;      Locals:         0       0       0       0       0       0       0       0
  8824 ;;      Temps:          0       2       0       0       0       0       0       0
  8825 ;;      Totals:         0       2       0       0       0       0       0       0
  8826 ;;Total ram usage:        2 bytes
  8827 ;; Hardware stack levels used: 1
  8828 ;; Hardware stack levels required when called: 7
  8829 ;; This function calls:
  8830 ;;		NULL
  8831 ;;		_I2C_CallbackReturnReset
  8832 ;;		_I2C_CallbackReturnStop
  8833 ;;		_I2C_DO_SEND_RESTART
  8834 ;;		_I2C_DO_SEND_STOP
  8835 ;;		_I2C_MasterSetIrq
  8836 ;;		_wr1RegCompleteHandler
  8837 ;; This function is called by:
  8838 ;;		_I2C_MasterFsm
  8839 ;; This function uses a non-reentrant model
  8840 ;;
  8841                           
  8842     0AA8                     _I2C_DO_TX_EMPTY:	
  8843                           ;psect for function _I2C_DO_TX_EMPTY
  8844                           
  8845     0AA8                     l4540:	
  8846                           ;incstack = 0
  8847                           ; Regs used in _I2C_DO_TX_EMPTY: [wreg-fsr1h+status,2+status,0+pclath+cstack]
  8848                           
  8849                           
  8850                           ;mcc_generated_files/i2c_master.c: 411:     I2C_Status.bufferFree = 1;
  8851     0AA8  0022               	movlb	2	; select bank2
  8852     0AA9  15DC               	bsf	(_I2C_Status^(0+256)+28),3
  8853                           
  8854                           ;mcc_generated_files/i2c_master.c: 412:     switch(I2C_Status.callbackTable[I2C_DATA_COM
      +                          PLETE](I2C_Status.callbackPayload[I2C_DATA_COMPLETE]))
  8855     0AAA  2AB8               	goto	l4558
  8856     0AAB                     l4542:
  8857                           
  8858                           ;mcc_generated_files/i2c_master.c: 416:             return I2C_DO_SEND_RESTART();
  8859     0AAB  3196  26F9  318A   	fcall	_I2C_DO_SEND_RESTART
  8860     0AAE  2AD5               	goto	l211
  8861     0AAF                     l4546:
  8862                           
  8863                           ;mcc_generated_files/i2c_master.c: 418:             I2C_MasterSetIrq();
  8864     0AAF  3196  26CE  318A   	fcall	_I2C_MasterSetIrq
  8865     0AB2                     l4548:
  8866                           
  8867                           ;mcc_generated_files/i2c_master.c: 419:             return I2C_TX;
  8868     0AB2  3003               	movlw	3
  8869     0AB3  2AD5               	goto	l211
  8870     0AB4                     l4552:
  8871                           
  8872                           ;mcc_generated_files/i2c_master.c: 422:             return I2C_DO_SEND_STOP();
  8873     0AB4  3196  26FE  318A   	fcall	_I2C_DO_SEND_STOP
  8874     0AB7  2AD5               	goto	l211
  8875     0AB8                     l4558:
  8876     0AB8  084C               	movf	(low ((_I2C_Status| (0+256)+12)))^0,w
  8877     0AB9  00F9               	movwf	I2C_CallbackReturnReset@funPtr
  8878     0ABA  0841               	movf	(_I2C_Status+1)^(0+256),w
  8879     0ABB  008A               	movwf	10
  8880     0ABC  0840               	movf	_I2C_Status^(0+256),w
  8881     0ABD  000A               	callw
  8882     0ABE  318A               	pagesel	$
  8883     0ABF  0020               	movlb	0	; select bank0
  8884     0AC0  00A0               	movwf	??_I2C_DO_TX_EMPTY
  8885     0AC1  01A1               	clrf	??_I2C_DO_TX_EMPTY+1
  8886                           
  8887                           ; Switch on 2 bytes has been partitioned into a top level switch of size 1, and 1 sub-sw
      +                          itches
  8888                           ; Switch size 1, requested type "simple"
  8889                           ; Number of cases is 1, Range of values is 0 to 0
  8890                           ; switch strategies available:
  8891                           ; Name         Instructions Cycles
  8892                           ; simple_byte            4     3 (average)
  8893                           ; direct_byte            8     6 (fixed)
  8894                           ; jumptable            260     6 (fixed)
  8895                           ;	Chosen strategy is simple_byte
  8896     0AC2  0821               	movf	??_I2C_DO_TX_EMPTY+1,w
  8897     0AC3  3A00               	xorlw	0	; case 0
  8898     0AC4  1903               	skipnz
  8899     0AC5  2AC7               	goto	l6016
  8900     0AC6  2AB4               	goto	l4552
  8901     0AC7                     l6016:
  8902                           
  8903                           ; Switch size 1, requested type "simple"
  8904                           ; Number of cases is 4, Range of values is 1 to 4
  8905                           ; switch strategies available:
  8906                           ; Name         Instructions Cycles
  8907                           ; simple_byte           13     7 (average)
  8908                           ; direct_byte           17     9 (fixed)
  8909                           ; jumptable            263     9 (fixed)
  8910                           ;	Chosen strategy is simple_byte
  8911     0AC7  0820               	movf	??_I2C_DO_TX_EMPTY,w
  8912     0AC8  3A01               	xorlw	1	; case 1
  8913     0AC9  1903               	skipnz
  8914     0ACA  2AB4               	goto	l4552
  8915     0ACB  3A03               	xorlw	3	; case 2
  8916     0ACC  1903               	skipnz
  8917     0ACD  2AAB               	goto	l4542
  8918     0ACE  3A01               	xorlw	1	; case 3
  8919     0ACF  1903               	skipnz
  8920     0AD0  2AAB               	goto	l4542
  8921     0AD1  3A07               	xorlw	7	; case 4
  8922     0AD2  1903               	skipnz
  8923     0AD3  2AAF               	goto	l4546
  8924     0AD4  2AB4               	goto	l4552
  8925     0AD5                     l211:
  8926     0AD5  0008               	return
  8927     0AD6                     __end_of_I2C_DO_TX_EMPTY:
  8928                           
  8929                           	psect	text49
  8930     16CE                     __ptext49:	
  8931 ;; *************** function _I2C_MasterSetIrq *****************
  8932 ;; Defined at:
  8933 ;;		line 645 in file "mcc_generated_files/i2c_master.c"
  8934 ;; Parameters:    Size  Location     Type
  8935 ;;		None
  8936 ;; Auto vars:     Size  Location     Type
  8937 ;;		None
  8938 ;; Return value:  Size  Location     Type
  8939 ;;                  1    wreg      void 
  8940 ;; Registers used:
  8941 ;;		None
  8942 ;; Tracked objects:
  8943 ;;		On entry : 0/0
  8944 ;;		On exit  : 0/0
  8945 ;;		Unchanged: 0/0
  8946 ;; Data sizes:     COMMON   BANK0   BANK1   BANK2   BANK3   BANK4   BANK5   BANK6
  8947 ;;      Params:         0       0       0       0       0       0       0       0
  8948 ;;      Locals:         0       0       0       0       0       0       0       0
  8949 ;;      Temps:          0       0       0       0       0       0       0       0
  8950 ;;      Totals:         0       0       0       0       0       0       0       0
  8951 ;;Total ram usage:        0 bytes
  8952 ;; Hardware stack levels used: 1
  8953 ;; Hardware stack levels required when called: 4
  8954 ;; This function calls:
  8955 ;;		Nothing
  8956 ;; This function is called by:
  8957 ;;		_I2C_DO_TX_EMPTY
  8958 ;; This function uses a non-reentrant model
  8959 ;;
  8960                           
  8961     16CE                     _I2C_MasterSetIrq:	
  8962                           ;psect for function _I2C_MasterSetIrq
  8963                           
  8964     16CE                     l3122:	
  8965                           ;incstack = 0
  8966                           ; Regs used in _I2C_MasterSetIrq: []
  8967                           
  8968                           
  8969                           ;mcc_generated_files/i2c_master.c: 647:     PIR1bits.SSPIF = 1;
  8970     16CE  0020               	movlb	0	; select bank0
  8971     16CF  1591               	bsf	17,3	;volatile
  8972     16D0                     l296:
  8973     16D0  0008               	return
  8974     16D1                     __end_of_I2C_MasterSetIrq:
  8975                           
  8976                           	psect	text50
  8977     171C                     __ptext50:	
  8978 ;; *************** function _I2C_MasterIsNack *****************
  8979 ;; Defined at:
  8980 ;;		line 598 in file "mcc_generated_files/i2c_master.c"
  8981 ;; Parameters:    Size  Location     Type
  8982 ;;		None
  8983 ;; Auto vars:     Size  Location     Type
  8984 ;;		None
  8985 ;; Return value:  Size  Location     Type
  8986 ;;                  1    wreg      _Bool 
  8987 ;; Registers used:
  8988 ;;		wreg, status,2, status,0
  8989 ;; Tracked objects:
  8990 ;;		On entry : 0/0
  8991 ;;		On exit  : 0/0
  8992 ;;		Unchanged: 0/0
  8993 ;; Data sizes:     COMMON   BANK0   BANK1   BANK2   BANK3   BANK4   BANK5   BANK6
  8994 ;;      Params:         0       0       0       0       0       0       0       0
  8995 ;;      Locals:         0       0       0       0       0       0       0       0
  8996 ;;      Temps:          0       0       0       0       0       0       0       0
  8997 ;;      Totals:         0       0       0       0       0       0       0       0
  8998 ;;Total ram usage:        0 bytes
  8999 ;; Hardware stack levels used: 1
  9000 ;; Hardware stack levels required when called: 4
  9001 ;; This function calls:
  9002 ;;		Nothing
  9003 ;; This function is called by:
  9004 ;;		_I2C_MasterFsm
  9005 ;;		_I2C_DO_TX
  9006 ;; This function uses a non-reentrant model
  9007 ;;
  9008                           
  9009     171C                     _I2C_MasterIsNack:	
  9010                           ;psect for function _I2C_MasterIsNack
  9011                           
  9012     171C                     l3072:	
  9013                           ;incstack = 0
  9014                           ; Regs used in _I2C_MasterIsNack: [wreg+status,2+status,0]
  9015                           
  9016                           
  9017                           ;mcc_generated_files/i2c_master.c: 600:     return SSPCON2bits.ACKSTAT;
  9018     171C  0024               	movlb	4	; select bank4
  9019     171D  0E16               	swapf	22,w	;volatile
  9020     171E  0C89               	rrf	9,f
  9021     171F  0C89               	rrf	9,f
  9022     1720  3901               	andlw	1
  9023     1721                     l281:
  9024     1721  0008               	return
  9025     1722                     __end_of_I2C_MasterIsNack:
  9026                           
  9027                           	psect	text51
  9028     16E5                     __ptext51:	
  9029 ;; *************** function _I2C_MasterSendTxData *****************
  9030 ;; Defined at:
  9031 ;;		line 568 in file "mcc_generated_files/i2c_master.c"
  9032 ;; Parameters:    Size  Location     Type
  9033 ;;  data            1    wreg     unsigned char 
  9034 ;; Auto vars:     Size  Location     Type
  9035 ;;  data            1    2[COMMON] unsigned char 
  9036 ;; Return value:  Size  Location     Type
  9037 ;;                  1    wreg      void 
  9038 ;; Registers used:
  9039 ;;		wreg
  9040 ;; Tracked objects:
  9041 ;;		On entry : 0/0
  9042 ;;		On exit  : 0/0
  9043 ;;		Unchanged: 0/0
  9044 ;; Data sizes:     COMMON   BANK0   BANK1   BANK2   BANK3   BANK4   BANK5   BANK6
  9045 ;;      Params:         0       0       0       0       0       0       0       0
  9046 ;;      Locals:         1       0       0       0       0       0       0       0
  9047 ;;      Temps:          0       0       0       0       0       0       0       0
  9048 ;;      Totals:         1       0       0       0       0       0       0       0
  9049 ;;Total ram usage:        1 bytes
  9050 ;; Hardware stack levels used: 1
  9051 ;; Hardware stack levels required when called: 4
  9052 ;; This function calls:
  9053 ;;		Nothing
  9054 ;; This function is called by:
  9055 ;;		_I2C_DO_SEND_ADR_READ
  9056 ;;		_I2C_DO_SEND_ADR_WRITE
  9057 ;;		_I2C_DO_TX
  9058 ;; This function uses a non-reentrant model
  9059 ;;
  9060                           
  9061     16E5                     _I2C_MasterSendTxData:	
  9062                           ;psect for function _I2C_MasterSendTxData
  9063                           
  9064                           
  9065                           ;incstack = 0
  9066                           ; Regs used in _I2C_MasterSendTxData: [wreg]
  9067                           ;I2C_MasterSendTxData@data stored from wreg
  9068     16E5  00F2               	movwf	I2C_MasterSendTxData@data
  9069     16E6                     l3076:
  9070                           
  9071                           ;mcc_generated_files/i2c_master.c: 568: static __attribute__((inline)) void I2C_MasterSe
      +                          ndTxData(uint8_t data);mcc_generated_files/i2c_master.c: 569: {;mcc_generated_files/i2c_
      +                          master.c: 570:     SSPBUF = data;
  9072     16E6  0872               	movf	I2C_MasterSendTxData@data,w
  9073     16E7  0024               	movlb	4	; select bank4
  9074     16E8  0091               	movwf	17	;volatile
  9075     16E9                     l266:
  9076     16E9  0008               	return
  9077     16EA                     __end_of_I2C_MasterSendTxData:
  9078                           
  9079                           	psect	text52
  9080     16D5                     __ptext52:	
  9081 ;; *************** function _I2C_MasterSendAck *****************
  9082 ;; Defined at:
  9083 ;;		line 603 in file "mcc_generated_files/i2c_master.c"
  9084 ;; Parameters:    Size  Location     Type
  9085 ;;		None
  9086 ;; Auto vars:     Size  Location     Type
  9087 ;;		None
  9088 ;; Return value:  Size  Location     Type
  9089 ;;                  1    wreg      void 
  9090 ;; Registers used:
  9091 ;;		None
  9092 ;; Tracked objects:
  9093 ;;		On entry : 0/0
  9094 ;;		On exit  : 0/0
  9095 ;;		Unchanged: 0/0
  9096 ;; Data sizes:     COMMON   BANK0   BANK1   BANK2   BANK3   BANK4   BANK5   BANK6
  9097 ;;      Params:         0       0       0       0       0       0       0       0
  9098 ;;      Locals:         0       0       0       0       0       0       0       0
  9099 ;;      Temps:          0       0       0       0       0       0       0       0
  9100 ;;      Totals:         0       0       0       0       0       0       0       0
  9101 ;;Total ram usage:        0 bytes
  9102 ;; Hardware stack levels used: 1
  9103 ;; Hardware stack levels required when called: 4
  9104 ;; This function calls:
  9105 ;;		Nothing
  9106 ;; This function is called by:
  9107 ;;		_I2C_DO_RX
  9108 ;;		_I2C_DO_RX_ACK
  9109 ;; This function uses a non-reentrant model
  9110 ;;
  9111                           
  9112     16D5                     _I2C_MasterSendAck:	
  9113                           ;psect for function _I2C_MasterSendAck
  9114                           
  9115     16D5                     l3100:	
  9116                           ;incstack = 0
  9117                           ; Regs used in _I2C_MasterSendAck: []
  9118                           
  9119                           
  9120                           ;mcc_generated_files/i2c_master.c: 605:     SSPCON2bits.ACKDT = 0;
  9121     16D5  0024               	movlb	4	; select bank4
  9122     16D6  1296               	bcf	22,5	;volatile
  9123                           
  9124                           ;mcc_generated_files/i2c_master.c: 606:     SSPCON2bits.ACKEN = 1;
  9125     16D7  1616               	bsf	22,4	;volatile
  9126     16D8                     l284:
  9127     16D8  0008               	return
  9128     16D9                     __end_of_I2C_MasterSendAck:
  9129                           
  9130                           	psect	text53
  9131     16CB                     __ptext53:	
  9132 ;; *************** function _I2C_MasterGetRxData *****************
  9133 ;; Defined at:
  9134 ;;		line 563 in file "mcc_generated_files/i2c_master.c"
  9135 ;; Parameters:    Size  Location     Type
  9136 ;;		None
  9137 ;; Auto vars:     Size  Location     Type
  9138 ;;		None
  9139 ;; Return value:  Size  Location     Type
  9140 ;;                  1    wreg      unsigned char 
  9141 ;; Registers used:
  9142 ;;		wreg
  9143 ;; Tracked objects:
  9144 ;;		On entry : 0/0
  9145 ;;		On exit  : 0/0
  9146 ;;		Unchanged: 0/0
  9147 ;; Data sizes:     COMMON   BANK0   BANK1   BANK2   BANK3   BANK4   BANK5   BANK6
  9148 ;;      Params:         0       0       0       0       0       0       0       0
  9149 ;;      Locals:         0       0       0       0       0       0       0       0
  9150 ;;      Temps:          0       0       0       0       0       0       0       0
  9151 ;;      Totals:         0       0       0       0       0       0       0       0
  9152 ;;Total ram usage:        0 bytes
  9153 ;; Hardware stack levels used: 1
  9154 ;; Hardware stack levels required when called: 4
  9155 ;; This function calls:
  9156 ;;		Nothing
  9157 ;; This function is called by:
  9158 ;;		_I2C_DO_RX
  9159 ;; This function uses a non-reentrant model
  9160 ;;
  9161                           
  9162     16CB                     _I2C_MasterGetRxData:	
  9163                           ;psect for function _I2C_MasterGetRxData
  9164                           
  9165     16CB                     l3096:	
  9166                           ;incstack = 0
  9167                           ; Regs used in _I2C_MasterGetRxData: [wreg]
  9168                           
  9169                           
  9170                           ;mcc_generated_files/i2c_master.c: 565:     return SSPBUF;
  9171     16CB  0024               	movlb	4	; select bank4
  9172     16CC  0811               	movf	17,w	;volatile
  9173     16CD                     l263:
  9174     16CD  0008               	return
  9175     16CE                     __end_of_I2C_MasterGetRxData:
  9176                           
  9177                           	psect	text54
  9178     16D1                     __ptext54:	
  9179 ;; *************** function _I2C_MasterSendNack *****************
  9180 ;; Defined at:
  9181 ;;		line 609 in file "mcc_generated_files/i2c_master.c"
  9182 ;; Parameters:    Size  Location     Type
  9183 ;;		None
  9184 ;; Auto vars:     Size  Location     Type
  9185 ;;		None
  9186 ;; Return value:  Size  Location     Type
  9187 ;;                  1    wreg      void 
  9188 ;; Registers used:
  9189 ;;		None
  9190 ;; Tracked objects:
  9191 ;;		On entry : 0/0
  9192 ;;		On exit  : 0/0
  9193 ;;		Unchanged: 0/0
  9194 ;; Data sizes:     COMMON   BANK0   BANK1   BANK2   BANK3   BANK4   BANK5   BANK6
  9195 ;;      Params:         0       0       0       0       0       0       0       0
  9196 ;;      Locals:         0       0       0       0       0       0       0       0
  9197 ;;      Temps:          0       0       0       0       0       0       0       0
  9198 ;;      Totals:         0       0       0       0       0       0       0       0
  9199 ;;Total ram usage:        0 bytes
  9200 ;; Hardware stack levels used: 1
  9201 ;; Hardware stack levels required when called: 4
  9202 ;; This function calls:
  9203 ;;		Nothing
  9204 ;; This function is called by:
  9205 ;;		_I2C_DO_RX_NACK_STOP
  9206 ;;		_I2C_DO_RX_NACK_RESTART
  9207 ;; This function uses a non-reentrant model
  9208 ;;
  9209                           
  9210     16D1                     _I2C_MasterSendNack:	
  9211                           ;psect for function _I2C_MasterSendNack
  9212                           
  9213     16D1                     l3062:	
  9214                           ;incstack = 0
  9215                           ; Regs used in _I2C_MasterSendNack: []
  9216                           
  9217                           
  9218                           ;mcc_generated_files/i2c_master.c: 611:     SSPCON2bits.ACKDT = 1;
  9219     16D1  0024               	movlb	4	; select bank4
  9220     16D2  1696               	bsf	22,5	;volatile
  9221                           
  9222                           ;mcc_generated_files/i2c_master.c: 612:     SSPCON2bits.ACKEN = 1;
  9223     16D3  1616               	bsf	22,4	;volatile
  9224     16D4                     l287:
  9225     16D4  0008               	return
  9226     16D5                     __end_of_I2C_MasterSendNack:
  9227                           
  9228                           	psect	text55
  9229     16C8                     __ptext55:	
  9230 ;; *************** function _I2C_MasterStartRx *****************
  9231 ;; Defined at:
  9232 ;;		line 583 in file "mcc_generated_files/i2c_master.c"
  9233 ;; Parameters:    Size  Location     Type
  9234 ;;		None
  9235 ;; Auto vars:     Size  Location     Type
  9236 ;;		None
  9237 ;; Return value:  Size  Location     Type
  9238 ;;                  1    wreg      void 
  9239 ;; Registers used:
  9240 ;;		None
  9241 ;; Tracked objects:
  9242 ;;		On entry : 0/0
  9243 ;;		On exit  : 0/0
  9244 ;;		Unchanged: 0/0
  9245 ;; Data sizes:     COMMON   BANK0   BANK1   BANK2   BANK3   BANK4   BANK5   BANK6
  9246 ;;      Params:         0       0       0       0       0       0       0       0
  9247 ;;      Locals:         0       0       0       0       0       0       0       0
  9248 ;;      Temps:          0       0       0       0       0       0       0       0
  9249 ;;      Totals:         0       0       0       0       0       0       0       0
  9250 ;;Total ram usage:        0 bytes
  9251 ;; Hardware stack levels used: 1
  9252 ;; Hardware stack levels required when called: 4
  9253 ;; This function calls:
  9254 ;;		Nothing
  9255 ;; This function is called by:
  9256 ;;		_I2C_DO_RCEN
  9257 ;; This function uses a non-reentrant model
  9258 ;;
  9259                           
  9260     16C8                     _I2C_MasterStartRx:	
  9261                           ;psect for function _I2C_MasterStartRx
  9262                           
  9263     16C8                     l3114:	
  9264                           ;incstack = 0
  9265                           ; Regs used in _I2C_MasterStartRx: []
  9266                           
  9267                           
  9268                           ;mcc_generated_files/i2c_master.c: 585:     SSPCON2bits.RCEN = 1;
  9269     16C8  0024               	movlb	4	; select bank4
  9270     16C9  1596               	bsf	22,3	;volatile
  9271     16CA                     l272:
  9272     16CA  0008               	return
  9273     16CB                     __end_of_I2C_MasterStartRx:
  9274                           
  9275                           	psect	text56
  9276     0002                     __ptext56:	
  9277 ;; *************** function _I2C_CallbackReturnReset *****************
  9278 ;; Defined at:
  9279 ;;		line 525 in file "mcc_generated_files/i2c_master.c"
  9280 ;; Parameters:    Size  Location     Type
  9281 ;;  funPtr          1    9[COMMON] PTR void 
  9282 ;;		 -> NULL(0), I2C_Write1ByteRegister@data(1), 
  9283 ;; Auto vars:     Size  Location     Type
  9284 ;;		None
  9285 ;; Return value:  Size  Location     Type
  9286 ;;                  1    wreg      enum E363
  9287 ;; Registers used:
  9288 ;;		wreg
  9289 ;; Tracked objects:
  9290 ;;		On entry : 0/0
  9291 ;;		On exit  : 0/0
  9292 ;;		Unchanged: 0/0
  9293 ;; Data sizes:     COMMON   BANK0   BANK1   BANK2   BANK3   BANK4   BANK5   BANK6
  9294 ;;      Params:         1       0       0       0       0       0       0       0
  9295 ;;      Locals:         0       0       0       0       0       0       0       0
  9296 ;;      Temps:          0       0       0       0       0       0       0       0
  9297 ;;      Totals:         1       0       0       0       0       0       0       0
  9298 ;;Total ram usage:        1 bytes
  9299 ;; Hardware stack levels used: 1
  9300 ;; Hardware stack levels required when called: 4
  9301 ;; This function calls:
  9302 ;;		Nothing
  9303 ;; This function is called by:
  9304 ;;		_I2C_Open
  9305 ;;		_I2C_DO_TX
  9306 ;;		_I2C_DO_RX
  9307 ;;		_I2C_DO_TX_EMPTY
  9308 ;;		_I2C_DO_ADDRESS_NACK
  9309 ;; This function uses a non-reentrant model
  9310 ;;
  9311                           
  9312     0002                     _I2C_CallbackReturnReset:	
  9313                           ;psect for function _I2C_CallbackReturnReset
  9314                           
  9315     0002                     l3128:	
  9316                           ;incstack = 0
  9317                           ; Regs used in _I2C_CallbackReturnReset: [wreg]
  9318                           
  9319                           
  9320                           ;mcc_generated_files/i2c_master.c: 525: i2c_operations_t I2C_CallbackReturnReset(void *f
      +                          unPtr);mcc_generated_files/i2c_master.c: 526: {;mcc_generated_files/i2c_master.c: 527:  
      +                             return I2C_RESET_LINK;
  9321     0002  3005               	movlw	5
  9322     0003                     l253:
  9323     0003  0008               	return
  9324     0004                     __end_of_I2C_CallbackReturnReset:
  9325                           
  9326                           	psect	text57
  9327     16B4                     __ptext57:	
  9328 ;; *************** function _I2C_CallbackReturnStop *****************
  9329 ;; Defined at:
  9330 ;;		line 520 in file "mcc_generated_files/i2c_master.c"
  9331 ;; Parameters:    Size  Location     Type
  9332 ;;  funPtr          1    9[COMMON] PTR void 
  9333 ;;		 -> NULL(0), I2C_Write1ByteRegister@data(1), 
  9334 ;; Auto vars:     Size  Location     Type
  9335 ;;		None
  9336 ;; Return value:  Size  Location     Type
  9337 ;;                  1    wreg      enum E363
  9338 ;; Registers used:
  9339 ;;		wreg
  9340 ;; Tracked objects:
  9341 ;;		On entry : 0/0
  9342 ;;		On exit  : 0/0
  9343 ;;		Unchanged: 0/0
  9344 ;; Data sizes:     COMMON   BANK0   BANK1   BANK2   BANK3   BANK4   BANK5   BANK6
  9345 ;;      Params:         1       0       0       0       0       0       0       0
  9346 ;;      Locals:         0       0       0       0       0       0       0       0
  9347 ;;      Temps:          0       0       0       0       0       0       0       0
  9348 ;;      Totals:         1       0       0       0       0       0       0       0
  9349 ;;Total ram usage:        1 bytes
  9350 ;; Hardware stack levels used: 1
  9351 ;; Hardware stack levels required when called: 4
  9352 ;; This function calls:
  9353 ;;		Nothing
  9354 ;; This function is called by:
  9355 ;;		_I2C_Open
  9356 ;;		_I2C_SetCallback
  9357 ;;		_I2C_DO_TX
  9358 ;;		_I2C_DO_RX
  9359 ;;		_I2C_DO_TX_EMPTY
  9360 ;;		_I2C_DO_ADDRESS_NACK
  9361 ;; This function uses a non-reentrant model
  9362 ;;
  9363                           
  9364     16B4                     _I2C_CallbackReturnStop:	
  9365                           ;psect for function _I2C_CallbackReturnStop
  9366                           
  9367     16B4                     l3124:	
  9368                           ;incstack = 0
  9369                           ; Regs used in _I2C_CallbackReturnStop: [wreg]
  9370                           
  9371                           
  9372                           ;mcc_generated_files/i2c_master.c: 520: i2c_operations_t I2C_CallbackReturnStop(void *fu
      +                          nPtr);mcc_generated_files/i2c_master.c: 521: {;mcc_generated_files/i2c_master.c: 522:   
      +                            return I2C_STOP;
  9373     16B4  3001               	movlw	1
  9374     16B5                     l250:
  9375     16B5  0008               	return
  9376     16B6                     __end_of_I2C_CallbackReturnStop:
  9377                           
  9378                           	psect	text58
  9379     17CA                     __ptext58:	
  9380 ;; *************** function _wr1RegCompleteHandler *****************
  9381 ;; Defined at:
  9382 ;;		line 156 in file "mcc_generated_files/examples/i2c_master_example.c"
  9383 ;; Parameters:    Size  Location     Type
  9384 ;;  ptr             1    9[COMMON] PTR void 
  9385 ;;		 -> NULL(0), I2C_Write1ByteRegister@data(1), 
  9386 ;; Auto vars:     Size  Location     Type
  9387 ;;		None
  9388 ;; Return value:  Size  Location     Type
  9389 ;;                  1    wreg      enum E363
  9390 ;; Registers used:
  9391 ;;		wreg, fsr1l, fsr1h, status,2, status,0, pclath, cstack
  9392 ;; Tracked objects:
  9393 ;;		On entry : 0/0
  9394 ;;		On exit  : 0/0
  9395 ;;		Unchanged: 0/0
  9396 ;; Data sizes:     COMMON   BANK0   BANK1   BANK2   BANK3   BANK4   BANK5   BANK6
  9397 ;;      Params:         1       0       0       0       0       0       0       0
  9398 ;;      Locals:         0       0       0       0       0       0       0       0
  9399 ;;      Temps:          0       0       0       0       0       0       0       0
  9400 ;;      Totals:         1       0       0       0       0       0       0       0
  9401 ;;Total ram usage:        1 bytes
  9402 ;; Hardware stack levels used: 1
  9403 ;; Hardware stack levels required when called: 6
  9404 ;; This function calls:
  9405 ;;		_I2C_SetBuffer
  9406 ;;		_I2C_SetDataCompleteCallback
  9407 ;; This function is called by:
  9408 ;;		_I2C_Write1ByteRegister
  9409 ;;		_I2C_DO_TX
  9410 ;;		_I2C_DO_RX
  9411 ;;		_I2C_DO_TX_EMPTY
  9412 ;;		_I2C_DO_ADDRESS_NACK
  9413 ;; This function uses a non-reentrant model
  9414 ;;
  9415                           
  9416     17CA                     _wr1RegCompleteHandler:	
  9417                           ;psect for function _wr1RegCompleteHandler
  9418                           
  9419     17CA                     l3064:	
  9420                           ;incstack = 0
  9421                           ; Regs used in _wr1RegCompleteHandler: [wreg+fsr1l+fsr1h+status,2+status,0+pclath+cstack
      +                          ]
  9422                           
  9423                           
  9424                           ;mcc_generated_files/examples/i2c_master_example.c: 156: static i2c_operations_t wr1RegC
      +                          ompleteHandler(void *ptr);mcc_generated_files/examples/i2c_master_example.c: 157: {;mcc_
      +                          generated_files/examples/i2c_master_example.c: 158:     I2C_SetBuffer(ptr,1);
  9425     17CA  3001               	movlw	1
  9426     17CB  00F2               	movwf	I2C_SetBuffer@bufferSize
  9427     17CC  3000               	movlw	0
  9428     17CD  00F3               	movwf	I2C_SetBuffer@bufferSize+1
  9429     17CE  0879               	movf	wr1RegCompleteHandler@ptr,w
  9430     17CF  3197  27AB  3197   	fcall	_I2C_SetBuffer
  9431     17D2                     l3066:
  9432                           
  9433                           ;mcc_generated_files/examples/i2c_master_example.c: 159:     I2C_SetDataCompleteCallback
      +                          (((void*)0),((void*)0));
  9434     17D2  3000               	movlw	0
  9435     17D3  00F6               	movwf	I2C_SetDataCompleteCallback@cb
  9436     17D4  00F7               	movwf	I2C_SetDataCompleteCallback@cb+1
  9437     17D5  01F8               	clrf	I2C_SetDataCompleteCallback@ptr
  9438     17D6  3197  2755  3197   	fcall	_I2C_SetDataCompleteCallback
  9439     17D9                     l3068:
  9440                           
  9441                           ;mcc_generated_files/examples/i2c_master_example.c: 160:     return I2C_CONTINUE;
  9442     17D9  3004               	movlw	4
  9443     17DA                     l26:
  9444     17DA  0008               	return
  9445     17DB                     __end_of_wr1RegCompleteHandler:
  9446                           
  9447                           	psect	text59
  9448     1755                     __ptext59:	
  9449 ;; *************** function _I2C_SetDataCompleteCallback *****************
  9450 ;; Defined at:
  9451 ;;		line 273 in file "mcc_generated_files/i2c_master.c"
  9452 ;; Parameters:    Size  Location     Type
  9453 ;;  cb              2    6[COMMON] PTR FTN(PTR void ,)enum 
  9454 ;;		 -> NULL(1), wr1RegCompleteHandler(1), 
  9455 ;;  ptr             1    8[COMMON] PTR void 
  9456 ;;		 -> NULL(0), I2C_Write1ByteRegister@data(1), 
  9457 ;; Auto vars:     Size  Location     Type
  9458 ;;		None
  9459 ;; Return value:  Size  Location     Type
  9460 ;;                  1    wreg      void 
  9461 ;; Registers used:
  9462 ;;		wreg, fsr1l, fsr1h, status,2, status,0, pclath, cstack
  9463 ;; Tracked objects:
  9464 ;;		On entry : 0/0
  9465 ;;		On exit  : 0/0
  9466 ;;		Unchanged: 0/0
  9467 ;; Data sizes:     COMMON   BANK0   BANK1   BANK2   BANK3   BANK4   BANK5   BANK6
  9468 ;;      Params:         3       0       0       0       0       0       0       0
  9469 ;;      Locals:         0       0       0       0       0       0       0       0
  9470 ;;      Temps:          0       0       0       0       0       0       0       0
  9471 ;;      Totals:         3       0       0       0       0       0       0       0
  9472 ;;Total ram usage:        3 bytes
  9473 ;; Hardware stack levels used: 1
  9474 ;; Hardware stack levels required when called: 5
  9475 ;; This function calls:
  9476 ;;		_I2C_SetCallback
  9477 ;; This function is called by:
  9478 ;;		_I2C_Write1ByteRegister
  9479 ;;		_wr1RegCompleteHandler
  9480 ;; This function uses a non-reentrant model
  9481 ;;
  9482                           
  9483     1755                     _I2C_SetDataCompleteCallback:	
  9484                           ;psect for function _I2C_SetDataCompleteCallback
  9485                           
  9486     1755                     l3050:	
  9487                           ;incstack = 0
  9488                           ; Regs used in _I2C_SetDataCompleteCallback: [wreg+fsr1l+fsr1h+status,2+status,0+pclath+
      +                          cstack]
  9489                           
  9490                           
  9491                           ;mcc_generated_files/i2c_master.c: 273: void I2C_SetDataCompleteCallback(i2c_callback_t 
      +                          cb, void *ptr);mcc_generated_files/i2c_master.c: 274: {;mcc_generated_files/i2c_master.c
      +                          : 275:     I2C_SetCallback(I2C_DATA_COMPLETE, cb, ptr);
  9492     1755  0877               	movf	I2C_SetDataCompleteCallback@cb+1,w
  9493     1756  00F3               	movwf	I2C_SetCallback@cb+1
  9494     1757  0876               	movf	I2C_SetDataCompleteCallback@cb,w
  9495     1758  00F2               	movwf	I2C_SetCallback@cb
  9496     1759  0878               	movf	I2C_SetDataCompleteCallback@ptr,w
  9497     175A  00F4               	movwf	I2C_SetCallback@ptr
  9498     175B  3000               	movlw	0
  9499     175C  3189  21D6  3197   	fcall	_I2C_SetCallback
  9500     175F                     l147:
  9501     175F  0008               	return
  9502     1760                     __end_of_I2C_SetDataCompleteCallback:
  9503                           
  9504                           	psect	text60
  9505     09D6                     __ptext60:	
  9506 ;; *************** function _I2C_SetCallback *****************
  9507 ;; Defined at:
  9508 ;;		line 298 in file "mcc_generated_files/i2c_master.c"
  9509 ;; Parameters:    Size  Location     Type
  9510 ;;  idx             1    wreg     enum E3128
  9511 ;;  cb              2    2[COMMON] PTR FTN(PTR void ,)enum 
  9512 ;;		 -> NULL(1), wr1RegCompleteHandler(1), 
  9513 ;;  ptr             1    4[COMMON] PTR void 
  9514 ;;		 -> NULL(0), I2C_Write1ByteRegister@data(1), 
  9515 ;; Auto vars:     Size  Location     Type
  9516 ;;  idx             1    5[COMMON] enum E3128
  9517 ;; Return value:  Size  Location     Type
  9518 ;;                  1    wreg      void 
  9519 ;; Registers used:
  9520 ;;		wreg, fsr1l, fsr1h, status,2, status,0
  9521 ;; Tracked objects:
  9522 ;;		On entry : 0/0
  9523 ;;		On exit  : 0/0
  9524 ;;		Unchanged: 0/0
  9525 ;; Data sizes:     COMMON   BANK0   BANK1   BANK2   BANK3   BANK4   BANK5   BANK6
  9526 ;;      Params:         3       0       0       0       0       0       0       0
  9527 ;;      Locals:         1       0       0       0       0       0       0       0
  9528 ;;      Temps:          0       0       0       0       0       0       0       0
  9529 ;;      Totals:         4       0       0       0       0       0       0       0
  9530 ;;Total ram usage:        4 bytes
  9531 ;; Hardware stack levels used: 1
  9532 ;; Hardware stack levels required when called: 4
  9533 ;; This function calls:
  9534 ;;		Nothing
  9535 ;; This function is called by:
  9536 ;;		_I2C_SetDataCompleteCallback
  9537 ;;		_I2C_SetAddressNackCallback
  9538 ;; This function uses a non-reentrant model
  9539 ;;
  9540                           
  9541     09D6                     _I2C_SetCallback:	
  9542                           ;psect for function _I2C_SetCallback
  9543                           
  9544                           
  9545                           ;incstack = 0
  9546                           ; Regs used in _I2C_SetCallback: [wreg+fsr1l+fsr1h+status,2+status,0]
  9547                           ;I2C_SetCallback@idx stored from wreg
  9548     09D6  00F5               	movwf	I2C_SetCallback@idx
  9549     09D7                     l3044:
  9550                           
  9551                           ;mcc_generated_files/i2c_master.c: 298: static void I2C_SetCallback(i2c_callbackIndex_t 
      +                          idx, i2c_callback_t cb, void *ptr);mcc_generated_files/i2c_master.c: 299: {;mcc_generate
      +                          d_files/i2c_master.c: 300:     if(cb)
  9552     09D7  0872               	movf	I2C_SetCallback@cb,w
  9553     09D8  0473               	iorwf	I2C_SetCallback@cb+1,w
  9554     09D9  1903               	btfsc	3,2
  9555     09DA  29DC               	goto	u1431
  9556     09DB  29DD               	goto	u1430
  9557     09DC                     u1431:
  9558     09DC  29EE               	goto	l3048
  9559     09DD                     u1430:
  9560     09DD                     l3046:
  9561                           
  9562                           ;mcc_generated_files/i2c_master.c: 301:     {;mcc_generated_files/i2c_master.c: 302:    
      +                               I2C_Status.callbackTable[idx] = cb;
  9563     09DD  3575               	lslf	I2C_SetCallback@idx,w
  9564     09DE  3E40               	addlw	(low (_I2C_Status| (0+256)))& (0+255)
  9565     09DF  0086               	movwf	6
  9566     09E0  3001               	movlw	1	; select bank2/3
  9567     09E1  0087               	movwf	7
  9568     09E2  0872               	movf	I2C_SetCallback@cb,w
  9569     09E3  3FC0               	movwi [0]fsr1
  9570     09E4  0873               	movf	I2C_SetCallback@cb+1,w
  9571     09E5  3FC1               	movwi [1]fsr1
  9572                           
  9573                           ;mcc_generated_files/i2c_master.c: 303:         I2C_Status.callbackPayload[idx] = ptr;
  9574     09E6  0875               	movf	I2C_SetCallback@idx,w
  9575     09E7  3E4C               	addlw	(low ((_I2C_Status| (0+256)+12)))& (0+255)
  9576     09E8  0086               	movwf	6
  9577     09E9  3001               	movlw	1	; select bank2/3
  9578     09EA  0087               	movwf	7
  9579     09EB  0874               	movf	I2C_SetCallback@ptr,w
  9580     09EC  0081               	movwf	1
  9581                           
  9582                           ;mcc_generated_files/i2c_master.c: 304:     }
  9583     09ED  29FD               	goto	l155
  9584     09EE                     l3048:
  9585                           
  9586                           ;mcc_generated_files/i2c_master.c: 306:     {;mcc_generated_files/i2c_master.c: 307:    
      +                               I2C_Status.callbackTable[idx] = I2C_CallbackReturnStop;
  9587     09EE  3575               	lslf	I2C_SetCallback@idx,w
  9588     09EF  3E40               	addlw	(low (_I2C_Status| (0+256)))& (0+255)
  9589     09F0  0086               	movwf	6
  9590     09F1  3001               	movlw	1	; select bank2/3
  9591     09F2  0087               	movwf	7
  9592     09F3  30B4               	movlw	low _I2C_CallbackReturnStop
  9593     09F4  3FC0               	movwi [0]fsr1
  9594     09F5  3016               	movlw	high _I2C_CallbackReturnStop
  9595     09F6  3FC1               	movwi [1]fsr1
  9596                           
  9597                           ;mcc_generated_files/i2c_master.c: 308:         I2C_Status.callbackPayload[idx] = ((void
      +                          *)0);
  9598     09F7  0875               	movf	I2C_SetCallback@idx,w
  9599     09F8  3E4C               	addlw	(low ((_I2C_Status| (0+256)+12)))& (0+255)
  9600     09F9  0086               	movwf	6
  9601     09FA  3001               	movlw	1	; select bank2/3
  9602     09FB  0087               	movwf	7
  9603     09FC  0181               	clrf	1
  9604     09FD                     l155:
  9605     09FD  0008               	return
  9606     09FE                     __end_of_I2C_SetCallback:
  9607                           
  9608                           	psect	text61
  9609     17AB                     __ptext61:	
  9610 ;; *************** function _I2C_SetBuffer *****************
  9611 ;; Defined at:
  9612 ;;		line 263 in file "mcc_generated_files/i2c_master.c"
  9613 ;; Parameters:    Size  Location     Type
  9614 ;;  buffer          1    wreg     PTR void 
  9615 ;;		 -> NULL(0), I2C_Write1ByteRegister@reg(1), I2C_Write1ByteRegister@data(1), 
  9616 ;;  bufferSize      2    2[COMMON] unsigned int 
  9617 ;; Auto vars:     Size  Location     Type
  9618 ;;  buffer          1    4[COMMON] PTR void 
  9619 ;;		 -> NULL(0), I2C_Write1ByteRegister@reg(1), I2C_Write1ByteRegister@data(1), 
  9620 ;; Return value:  Size  Location     Type
  9621 ;;                  1    wreg      void 
  9622 ;; Registers used:
  9623 ;;		wreg
  9624 ;; Tracked objects:
  9625 ;;		On entry : 0/0
  9626 ;;		On exit  : 0/0
  9627 ;;		Unchanged: 0/0
  9628 ;; Data sizes:     COMMON   BANK0   BANK1   BANK2   BANK3   BANK4   BANK5   BANK6
  9629 ;;      Params:         2       0       0       0       0       0       0       0
  9630 ;;      Locals:         1       0       0       0       0       0       0       0
  9631 ;;      Temps:          0       0       0       0       0       0       0       0
  9632 ;;      Totals:         3       0       0       0       0       0       0       0
  9633 ;;Total ram usage:        3 bytes
  9634 ;; Hardware stack levels used: 1
  9635 ;; Hardware stack levels required when called: 4
  9636 ;; This function calls:
  9637 ;;		Nothing
  9638 ;; This function is called by:
  9639 ;;		_I2C_Write1ByteRegister
  9640 ;;		_wr1RegCompleteHandler
  9641 ;; This function uses a non-reentrant model
  9642 ;;
  9643                           
  9644     17AB                     _I2C_SetBuffer:	
  9645                           ;psect for function _I2C_SetBuffer
  9646                           
  9647                           
  9648                           ;incstack = 0
  9649                           ; Regs used in _I2C_SetBuffer: [wreg]
  9650                           ;I2C_SetBuffer@buffer stored from wreg
  9651     17AB  00F4               	movwf	I2C_SetBuffer@buffer
  9652     17AC                     l3052:
  9653                           
  9654                           ;mcc_generated_files/i2c_master.c: 263: void I2C_SetBuffer(void *buffer, size_t bufferSi
      +                          ze);mcc_generated_files/i2c_master.c: 264: {;mcc_generated_files/i2c_master.c: 265:     
      +                          if(I2C_Status.bufferFree)
  9655     17AC  0022               	movlb	2	; select bank2
  9656     17AD  1DDC               	btfss	(_I2C_Status^(0+256)+28),3
  9657     17AE  2FB0               	goto	u1441
  9658     17AF  2FB1               	goto	u1440
  9659     17B0                     u1441:
  9660     17B0  2FB8               	goto	l144
  9661     17B1                     u1440:
  9662     17B1                     l3054:
  9663                           
  9664                           ;mcc_generated_files/i2c_master.c: 266:     {;mcc_generated_files/i2c_master.c: 267:    
      +                               I2C_Status.data_ptr = buffer;
  9665     17B1  0874               	movf	I2C_SetBuffer@buffer,w
  9666     17B2  00D7               	movwf	(low ((_I2C_Status| (0+256)+23)))^0
  9667                           
  9668                           ;mcc_generated_files/i2c_master.c: 268:         I2C_Status.data_length = bufferSize;
  9669     17B3  0873               	movf	I2C_SetBuffer@bufferSize+1,w
  9670     17B4  00D9               	movwf	((_I2C_Status+1)^(0+256)+24)
  9671     17B5  0872               	movf	I2C_SetBuffer@bufferSize,w
  9672     17B6  00D8               	movwf	(_I2C_Status^(0+256)+24)
  9673     17B7                     l3056:
  9674                           
  9675                           ;mcc_generated_files/i2c_master.c: 269:         I2C_Status.bufferFree = 0;
  9676     17B7  11DC               	bcf	(_I2C_Status^(0+256)+28),3
  9677     17B8                     l144:
  9678     17B8  0008               	return
  9679     17B9                     __end_of_I2C_SetBuffer:
  9680                           
  9681                           	psect	text62
  9682     16C5                     __ptext62:	
  9683 ;; *************** function _I2C_MasterStop *****************
  9684 ;; Defined at:
  9685 ;;		line 593 in file "mcc_generated_files/i2c_master.c"
  9686 ;; Parameters:    Size  Location     Type
  9687 ;;		None
  9688 ;; Auto vars:     Size  Location     Type
  9689 ;;		None
  9690 ;; Return value:  Size  Location     Type
  9691 ;;                  1    wreg      void 
  9692 ;; Registers used:
  9693 ;;		None
  9694 ;; Tracked objects:
  9695 ;;		On entry : 0/0
  9696 ;;		On exit  : 0/0
  9697 ;;		Unchanged: 0/0
  9698 ;; Data sizes:     COMMON   BANK0   BANK1   BANK2   BANK3   BANK4   BANK5   BANK6
  9699 ;;      Params:         0       0       0       0       0       0       0       0
  9700 ;;      Locals:         0       0       0       0       0       0       0       0
  9701 ;;      Temps:          0       0       0       0       0       0       0       0
  9702 ;;      Totals:         0       0       0       0       0       0       0       0
  9703 ;;Total ram usage:        0 bytes
  9704 ;; Hardware stack levels used: 1
  9705 ;; Hardware stack levels required when called: 4
  9706 ;; This function calls:
  9707 ;;		Nothing
  9708 ;; This function is called by:
  9709 ;;		_I2C_DO_SEND_STOP
  9710 ;; This function uses a non-reentrant model
  9711 ;;
  9712                           
  9713     16C5                     _I2C_MasterStop:	
  9714                           ;psect for function _I2C_MasterStop
  9715                           
  9716     16C5                     l3060:	
  9717                           ;incstack = 0
  9718                           ; Regs used in _I2C_MasterStop: []
  9719                           
  9720                           
  9721                           ;mcc_generated_files/i2c_master.c: 595:     SSPCON2bits.PEN = 1;
  9722     16C5  0024               	movlb	4	; select bank4
  9723     16C6  1516               	bsf	22,2	;volatile
  9724     16C7                     l278:
  9725     16C7  0008               	return
  9726     16C8                     __end_of_I2C_MasterStop:
  9727                           
  9728                           	psect	text63
  9729     16C2                     __ptext63:	
  9730 ;; *************** function _I2C_MasterEnableRestart *****************
  9731 ;; Defined at:
  9732 ;;		line 573 in file "mcc_generated_files/i2c_master.c"
  9733 ;; Parameters:    Size  Location     Type
  9734 ;;		None
  9735 ;; Auto vars:     Size  Location     Type
  9736 ;;		None
  9737 ;; Return value:  Size  Location     Type
  9738 ;;                  1    wreg      void 
  9739 ;; Registers used:
  9740 ;;		None
  9741 ;; Tracked objects:
  9742 ;;		On entry : 0/0
  9743 ;;		On exit  : 0/0
  9744 ;;		Unchanged: 0/0
  9745 ;; Data sizes:     COMMON   BANK0   BANK1   BANK2   BANK3   BANK4   BANK5   BANK6
  9746 ;;      Params:         0       0       0       0       0       0       0       0
  9747 ;;      Locals:         0       0       0       0       0       0       0       0
  9748 ;;      Temps:          0       0       0       0       0       0       0       0
  9749 ;;      Totals:         0       0       0       0       0       0       0       0
  9750 ;;Total ram usage:        0 bytes
  9751 ;; Hardware stack levels used: 1
  9752 ;; Hardware stack levels required when called: 4
  9753 ;; This function calls:
  9754 ;;		Nothing
  9755 ;; This function is called by:
  9756 ;;		_I2C_DO_SEND_RESTART_READ
  9757 ;;		_I2C_DO_SEND_RESTART_WRITE
  9758 ;;		_I2C_DO_SEND_RESTART
  9759 ;; This function uses a non-reentrant model
  9760 ;;
  9761                           
  9762     16C2                     _I2C_MasterEnableRestart:	
  9763                           ;psect for function _I2C_MasterEnableRestart
  9764                           
  9765     16C2                     l3058:	
  9766                           ;incstack = 0
  9767                           ; Regs used in _I2C_MasterEnableRestart: []
  9768                           
  9769                           
  9770                           ;mcc_generated_files/i2c_master.c: 575:     SSPCON2bits.RSEN = 1;
  9771     16C2  0024               	movlb	4	; select bank4
  9772     16C3  1496               	bsf	22,1	;volatile
  9773     16C4                     l269:
  9774     16C4  0008               	return
  9775     16C5                     __end_of_I2C_MasterEnableRestart:
  9776                           
  9777                           	psect	text64
  9778     16BF                     __ptext64:	
  9779 ;; *************** function _I2C_MasterStart *****************
  9780 ;; Defined at:
  9781 ;;		line 588 in file "mcc_generated_files/i2c_master.c"
  9782 ;; Parameters:    Size  Location     Type
  9783 ;;		None
  9784 ;; Auto vars:     Size  Location     Type
  9785 ;;		None
  9786 ;; Return value:  Size  Location     Type
  9787 ;;                  1    wreg      void 
  9788 ;; Registers used:
  9789 ;;		None
  9790 ;; Tracked objects:
  9791 ;;		On entry : 0/0
  9792 ;;		On exit  : 0/0
  9793 ;;		Unchanged: 0/0
  9794 ;; Data sizes:     COMMON   BANK0   BANK1   BANK2   BANK3   BANK4   BANK5   BANK6
  9795 ;;      Params:         0       0       0       0       0       0       0       0
  9796 ;;      Locals:         0       0       0       0       0       0       0       0
  9797 ;;      Temps:          0       0       0       0       0       0       0       0
  9798 ;;      Totals:         0       0       0       0       0       0       0       0
  9799 ;;Total ram usage:        0 bytes
  9800 ;; Hardware stack levels used: 1
  9801 ;; Hardware stack levels required when called: 4
  9802 ;; This function calls:
  9803 ;;		Nothing
  9804 ;; This function is called by:
  9805 ;;		_I2C_MasterOperation
  9806 ;; This function uses a non-reentrant model
  9807 ;;
  9808                           
  9809     16BF                     _I2C_MasterStart:	
  9810                           ;psect for function _I2C_MasterStart
  9811                           
  9812     16BF                     l3306:	
  9813                           ;incstack = 0
  9814                           ; Regs used in _I2C_MasterStart: []
  9815                           
  9816                           
  9817                           ;mcc_generated_files/i2c_master.c: 590:     SSPCON2bits.SEN = 1;
  9818     16BF  0024               	movlb	4	; select bank4
  9819     16C0  1416               	bsf	22,0	;volatile
  9820     16C1                     l275:
  9821     16C1  0008               	return
  9822     16C2                     __end_of_I2C_MasterStart:
  9823                           
  9824                           	psect	text65
  9825     0882                     __ptext65:	
  9826 ;; *************** function _I2C_Close *****************
  9827 ;; Defined at:
  9828 ;;		line 209 in file "mcc_generated_files/i2c_master.c"
  9829 ;; Parameters:    Size  Location     Type
  9830 ;;		None
  9831 ;; Auto vars:     Size  Location     Type
  9832 ;;  returnValue     1    2[COMMON] enum E358
  9833 ;; Return value:  Size  Location     Type
  9834 ;;                  1    wreg      enum E358
  9835 ;; Registers used:
  9836 ;;		wreg, status,2, status,0, pclath, cstack
  9837 ;; Tracked objects:
  9838 ;;		On entry : 0/0
  9839 ;;		On exit  : 0/0
  9840 ;;		Unchanged: 0/0
  9841 ;; Data sizes:     COMMON   BANK0   BANK1   BANK2   BANK3   BANK4   BANK5   BANK6
  9842 ;;      Params:         0       0       0       0       0       0       0       0
  9843 ;;      Locals:         1       0       0       0       0       0       0       0
  9844 ;;      Temps:          0       0       0       0       0       0       0       0
  9845 ;;      Totals:         1       0       0       0       0       0       0       0
  9846 ;;Total ram usage:        1 bytes
  9847 ;; Hardware stack levels used: 1
  9848 ;; Hardware stack levels required when called: 5
  9849 ;; This function calls:
  9850 ;;		_I2C_MasterClearIrq
  9851 ;;		_I2C_MasterClose
  9852 ;;		_I2C_MasterDisableIrq
  9853 ;; This function is called by:
  9854 ;;		_I2C_Write1ByteRegister
  9855 ;; This function uses a non-reentrant model
  9856 ;;
  9857                           
  9858     0882                     _I2C_Close:	
  9859                           ;psect for function _I2C_Close
  9860                           
  9861     0882                     l3390:	
  9862                           ;incstack = 0
  9863                           ; Regs used in _I2C_Close: [wreg+status,2+status,0+pclath+cstack]
  9864                           
  9865                           
  9866                           ;mcc_generated_files/i2c_master.c: 211:     i2c_error_t returnValue = I2C_BUSY;
  9867     0882  01F2               	clrf	I2C_Close@returnValue
  9868     0883  0AF2               	incf	I2C_Close@returnValue,f
  9869                           
  9870                           ;mcc_generated_files/i2c_master.c: 212:     if(!I2C_Status.busy)
  9871     0884  0022               	movlb	2	; select bank2
  9872     0885  18DC               	btfsc	(_I2C_Status^(0+256)+28),1
  9873     0886  2888               	goto	u1561
  9874     0887  2889               	goto	u1560
  9875     0888                     u1561:
  9876     0888  2898               	goto	l3404
  9877     0889                     u1560:
  9878     0889                     l3392:
  9879                           
  9880                           ;mcc_generated_files/i2c_master.c: 213:     {;mcc_generated_files/i2c_master.c: 214:    
      +                               I2C_Status.inUse = 0;
  9881     0889  115C               	bcf	(_I2C_Status^(0+256)+28),2
  9882     088A                     l3394:
  9883                           
  9884                           ;mcc_generated_files/i2c_master.c: 215:         I2C_Status.address = 0xff;
  9885     088A  30FF               	movlw	255
  9886     088B  00D6               	movwf	(_I2C_Status^(0+256)+22)
  9887     088C                     l3396:
  9888                           
  9889                           ;mcc_generated_files/i2c_master.c: 216:         I2C_MasterClearIrq();
  9890     088C  3196  26B6  3188   	fcall	_I2C_MasterClearIrq
  9891     088F                     l3398:
  9892                           
  9893                           ;mcc_generated_files/i2c_master.c: 217:         I2C_MasterDisableIrq();
  9894     088F  3196  26BC  3188   	fcall	_I2C_MasterDisableIrq
  9895     0892                     l3400:
  9896                           
  9897                           ;mcc_generated_files/i2c_master.c: 218:         I2C_MasterClose();
  9898     0892  3196  26B9  3188   	fcall	_I2C_MasterClose
  9899     0895                     l3402:
  9900                           
  9901                           ;mcc_generated_files/i2c_master.c: 219:         returnValue = I2C_Status.error;
  9902     0895  0022               	movlb	2	; select bank2
  9903     0896  085B               	movf	(_I2C_Status^(0+256)+27),w
  9904     0897  00F2               	movwf	I2C_Close@returnValue
  9905     0898                     l3404:
  9906                           
  9907                           ;mcc_generated_files/i2c_master.c: 221:     return returnValue;
  9908     0898  0872               	movf	I2C_Close@returnValue,w
  9909     0899                     l131:
  9910     0899  0008               	return
  9911     089A                     __end_of_I2C_Close:
  9912                           
  9913                           	psect	text66
  9914     16BC                     __ptext66:	
  9915 ;; *************** function _I2C_MasterDisableIrq *****************
  9916 ;; Defined at:
  9917 ;;		line 635 in file "mcc_generated_files/i2c_master.c"
  9918 ;; Parameters:    Size  Location     Type
  9919 ;;		None
  9920 ;; Auto vars:     Size  Location     Type
  9921 ;;		None
  9922 ;; Return value:  Size  Location     Type
  9923 ;;                  1    wreg      void 
  9924 ;; Registers used:
  9925 ;;		None
  9926 ;; Tracked objects:
  9927 ;;		On entry : 0/0
  9928 ;;		On exit  : 0/0
  9929 ;;		Unchanged: 0/0
  9930 ;; Data sizes:     COMMON   BANK0   BANK1   BANK2   BANK3   BANK4   BANK5   BANK6
  9931 ;;      Params:         0       0       0       0       0       0       0       0
  9932 ;;      Locals:         0       0       0       0       0       0       0       0
  9933 ;;      Temps:          0       0       0       0       0       0       0       0
  9934 ;;      Totals:         0       0       0       0       0       0       0       0
  9935 ;;Total ram usage:        0 bytes
  9936 ;; Hardware stack levels used: 1
  9937 ;; Hardware stack levels required when called: 4
  9938 ;; This function calls:
  9939 ;;		Nothing
  9940 ;; This function is called by:
  9941 ;;		_I2C_Close
  9942 ;; This function uses a non-reentrant model
  9943 ;;
  9944                           
  9945     16BC                     _I2C_MasterDisableIrq:	
  9946                           ;psect for function _I2C_MasterDisableIrq
  9947                           
  9948     16BC                     l3328:	
  9949                           ;incstack = 0
  9950                           ; Regs used in _I2C_MasterDisableIrq: []
  9951                           
  9952                           
  9953                           ;mcc_generated_files/i2c_master.c: 637:     PIE1bits.SSPIE = 0;
  9954     16BC  0021               	movlb	1	; select bank1
  9955     16BD  1191               	bcf	17,3	;volatile
  9956     16BE                     l290:
  9957     16BE  0008               	return
  9958     16BF                     __end_of_I2C_MasterDisableIrq:
  9959                           
  9960                           	psect	text67
  9961     16B9                     __ptext67:	
  9962 ;; *************** function _I2C_MasterClose *****************
  9963 ;; Defined at:
  9964 ;;		line 557 in file "mcc_generated_files/i2c_master.c"
  9965 ;; Parameters:    Size  Location     Type
  9966 ;;		None
  9967 ;; Auto vars:     Size  Location     Type
  9968 ;;		None
  9969 ;; Return value:  Size  Location     Type
  9970 ;;                  1    wreg      void 
  9971 ;; Registers used:
  9972 ;;		None
  9973 ;; Tracked objects:
  9974 ;;		On entry : 0/0
  9975 ;;		On exit  : 0/0
  9976 ;;		Unchanged: 0/0
  9977 ;; Data sizes:     COMMON   BANK0   BANK1   BANK2   BANK3   BANK4   BANK5   BANK6
  9978 ;;      Params:         0       0       0       0       0       0       0       0
  9979 ;;      Locals:         0       0       0       0       0       0       0       0
  9980 ;;      Temps:          0       0       0       0       0       0       0       0
  9981 ;;      Totals:         0       0       0       0       0       0       0       0
  9982 ;;Total ram usage:        0 bytes
  9983 ;; Hardware stack levels used: 1
  9984 ;; Hardware stack levels required when called: 4
  9985 ;; This function calls:
  9986 ;;		Nothing
  9987 ;; This function is called by:
  9988 ;;		_I2C_Close
  9989 ;; This function uses a non-reentrant model
  9990 ;;
  9991                           
  9992     16B9                     _I2C_MasterClose:	
  9993                           ;psect for function _I2C_MasterClose
  9994                           
  9995     16B9                     l3330:	
  9996                           ;incstack = 0
  9997                           ; Regs used in _I2C_MasterClose: []
  9998                           
  9999                           
 10000                           ;mcc_generated_files/i2c_master.c: 560:     SSPCON1bits.SSPEN = 0;
 10001     16B9  0024               	movlb	4	; select bank4
 10002     16BA  1295               	bcf	21,5	;volatile
 10003     16BB                     l260:
 10004     16BB  0008               	return
 10005     16BC                     __end_of_I2C_MasterClose:
 10006                           
 10007                           	psect	text68
 10008     16B6                     __ptext68:	
 10009 ;; *************** function _I2C_MasterClearIrq *****************
 10010 ;; Defined at:
 10011 ;;		line 640 in file "mcc_generated_files/i2c_master.c"
 10012 ;; Parameters:    Size  Location     Type
 10013 ;;		None
 10014 ;; Auto vars:     Size  Location     Type
 10015 ;;		None
 10016 ;; Return value:  Size  Location     Type
 10017 ;;                  1    wreg      void 
 10018 ;; Registers used:
 10019 ;;		None
 10020 ;; Tracked objects:
 10021 ;;		On entry : 0/0
 10022 ;;		On exit  : 0/0
 10023 ;;		Unchanged: 0/0
 10024 ;; Data sizes:     COMMON   BANK0   BANK1   BANK2   BANK3   BANK4   BANK5   BANK6
 10025 ;;      Params:         0       0       0       0       0       0       0       0
 10026 ;;      Locals:         0       0       0       0       0       0       0       0
 10027 ;;      Temps:          0       0       0       0       0       0       0       0
 10028 ;;      Totals:         0       0       0       0       0       0       0       0
 10029 ;;Total ram usage:        0 bytes
 10030 ;; Hardware stack levels used: 1
 10031 ;; Hardware stack levels required when called: 4
 10032 ;; This function calls:
 10033 ;;		Nothing
 10034 ;; This function is called by:
 10035 ;;		_I2C_Open
 10036 ;;		_I2C_Close
 10037 ;;		_I2C_MasterFsm
 10038 ;; This function uses a non-reentrant model
 10039 ;;
 10040                           
 10041     16B6                     _I2C_MasterClearIrq:	
 10042                           ;psect for function _I2C_MasterClearIrq
 10043                           
 10044     16B6                     l3132:	
 10045                           ;incstack = 0
 10046                           ; Regs used in _I2C_MasterClearIrq: []
 10047                           
 10048                           
 10049                           ;mcc_generated_files/i2c_master.c: 642:     PIR1bits.SSPIF = 0;
 10050     16B6  0020               	movlb	0	; select bank0
 10051     16B7  1191               	bcf	17,3	;volatile
 10052     16B8                     l293:
 10053     16B8  0008               	return
 10054     16B9                     __end_of_I2C_MasterClearIrq:
 10055                           
 10056                           	psect	text69
 10057     01E1                     __ptext69:	
 10058 ;; *************** function _KEY_ScanAll *****************
 10059 ;; Defined at:
 10060 ;;		line 30 in file "Key.c"
 10061 ;; Parameters:    Size  Location     Type
 10062 ;;		None
 10063 ;; Auto vars:     Size  Location     Type
 10064 ;;  k               1    9[COMMON] PTR struct .
 10065 ;;		 -> key(44), 
 10066 ;;  ii              1    8[COMMON] unsigned char 
 10067 ;; Return value:  Size  Location     Type
 10068 ;;                  1    wreg      void 
 10069 ;; Registers used:
 10070 ;;		wreg, fsr0l, fsr0h, fsr1l, fsr1h, status,2, status,0, pclath, cstack
 10071 ;; Tracked objects:
 10072 ;;		On entry : 0/0
 10073 ;;		On exit  : 0/0
 10074 ;;		Unchanged: 0/0
 10075 ;; Data sizes:     COMMON   BANK0   BANK1   BANK2   BANK3   BANK4   BANK5   BANK6
 10076 ;;      Params:         0       0       0       0       0       0       0       0
 10077 ;;      Locals:         2       0       0       0       0       0       0       0
 10078 ;;      Temps:          2       0       0       0       0       0       0       0
 10079 ;;      Totals:         4       0       0       0       0       0       0       0
 10080 ;;Total ram usage:        4 bytes
 10081 ;; Hardware stack levels used: 1
 10082 ;; Hardware stack levels required when called: 5
 10083 ;; This function calls:
 10084 ;;		___bmul
 10085 ;; This function is called by:
 10086 ;;		_main
 10087 ;; This function uses a non-reentrant model
 10088 ;;
 10089                           
 10090     01E1                     _KEY_ScanAll:	
 10091                           ;psect for function _KEY_ScanAll
 10092                           
 10093     01E1                     l5038:	
 10094                           ;incstack = 0
 10095                           ; Regs used in _KEY_ScanAll: [wreg-fsr1h+status,2+status,0+pclath+cstack]
 10096                           
 10097                           
 10098                           ;Key.c: 31:   for (uint8_t ii = 0; ii < 4; ii++) {
 10099     01E1  01F8               	clrf	KEY_ScanAll@ii
 10100     01E2                     l5044:
 10101                           
 10102                           ;Key.c: 32:     KEY_T *k = &key[ii];
 10103     01E2  300B               	movlw	11
 10104     01E3  00F2               	movwf	___bmul@multiplicand
 10105     01E4  0878               	movf	KEY_ScanAll@ii,w
 10106     01E5  3188  2041  3181   	fcall	___bmul
 10107     01E8  3EA0               	addlw	(low (_key| (0+256)))& (0+255)
 10108     01E9  00F9               	movwf	KEY_ScanAll@k
 10109                           
 10110                           ;Key.c: 34:     switch (k->state) {
 10111     01EA  2B37               	goto	l5108
 10112     01EB                     l5046:
 10113                           
 10114                           ;Key.c: 36:       k->release_time_ms = 0;
 10115     01EB  0879               	movf	KEY_ScanAll@k,w
 10116     01EC  3E05               	addlw	5
 10117     01ED  0086               	movwf	6
 10118     01EE  3001               	movlw	1	; select bank2/3
 10119     01EF  0087               	movwf	7
 10120     01F0  3000               	movlw	0
 10121     01F1  3FC0               	movwi [0]fsr1
 10122     01F2  3FC1               	movwi [1]fsr1
 10123                           
 10124                           ;Key.c: 37:       k->press_long_time_ms=0;
 10125     01F3  0879               	movf	KEY_ScanAll@k,w
 10126     01F4  3E03               	addlw	3
 10127     01F5  0086               	movwf	6
 10128     01F6  3001               	movlw	1	; select bank2/3
 10129     01F7  0087               	movwf	7
 10130     01F8  3000               	movlw	0
 10131     01F9  3FC0               	movwi [0]fsr1
 10132     01FA  3FC1               	movwi [1]fsr1
 10133     01FB                     l5048:
 10134                           
 10135                           ;Key.c: 38:       k->press_time_ms = 0;
 10136     01FB  0A79               	incf	KEY_ScanAll@k,w
 10137     01FC  0086               	movwf	6
 10138     01FD  3001               	movlw	1	; select bank2/3
 10139     01FE  0087               	movwf	7
 10140     01FF  3000               	movlw	0
 10141     0200  3FC0               	movwi [0]fsr1
 10142     0201  3FC1               	movwi [1]fsr1
 10143     0202                     l5050:
 10144                           
 10145                           ;Key.c: 39:       if (k->fKeyIn == 1) {
 10146     0202  0879               	movf	KEY_ScanAll@k,w
 10147     0203  3E0A               	addlw	10
 10148     0204  0086               	movwf	6
 10149     0205  3001               	movlw	1	; select bank2/3
 10150     0206  0087               	movwf	7
 10151     0207  0301               	decf	1,w
 10152     0208  1D03               	btfss	3,2
 10153     0209  2A0B               	goto	u3751
 10154     020A  2A0C               	goto	u3750
 10155     020B                     u3751:
 10156     020B  2B57               	goto	l5110
 10157     020C                     u3750:
 10158     020C                     l5052:
 10159                           
 10160                           ;Key.c: 40:         k->state = KEY_DEBOUNCE;
 10161     020C  0879               	movf	KEY_ScanAll@k,w
 10162     020D  0086               	movwf	6
 10163     020E  3001               	movlw	1	; select bank2/3
 10164     020F  0087               	movwf	7
 10165     0210  0181               	clrf	1
 10166     0211  0A81               	incf	1,f
 10167     0212  2B57               	goto	l5110
 10168     0213                     l5054:
 10169                           
 10170                           ;Key.c: 45:       if (k->fKeyIn == 1) {
 10171     0213  0879               	movf	KEY_ScanAll@k,w
 10172     0214  3E0A               	addlw	10
 10173     0215  0086               	movwf	6
 10174     0216  3001               	movlw	1	; select bank2/3
 10175     0217  0087               	movwf	7
 10176     0218  0301               	decf	1,w
 10177     0219  1D03               	btfss	3,2
 10178     021A  2A1C               	goto	u3761
 10179     021B  2A1D               	goto	u3760
 10180     021C                     u3761:
 10181     021C  2A3E               	goto	l5062
 10182     021D                     u3760:
 10183     021D                     l5056:
 10184                           
 10185                           ;Key.c: 46:         k->press_time_ms += 10;
 10186     021D  0A79               	incf	KEY_ScanAll@k,w
 10187     021E  0086               	movwf	6
 10188     021F  3001               	movlw	1	; select bank2/3
 10189     0220  0087               	movwf	7
 10190     0221  300A               	movlw	10
 10191     0222  0781               	addwf	1,f
 10192     0223  3141               	addfsr 1,1
 10193     0224  1803               	skipnc
 10194     0225  0A81               	incf	1,f
 10195     0226                     l5058:
 10196                           
 10197                           ;Key.c: 47:         if (k->press_time_ms >= 10) {
 10198     0226  0A79               	incf	KEY_ScanAll@k,w
 10199     0227  0086               	movwf	6
 10200     0228  3001               	movlw	1	; select bank2/3
 10201     0229  0087               	movwf	7
 10202     022A  3F40               	moviw [0]fsr1
 10203     022B  00F6               	movwf	??_KEY_ScanAll
 10204     022C  3F41               	moviw [1]fsr1
 10205     022D  00F7               	movwf	??_KEY_ScanAll+1
 10206     022E  3000               	movlw	0
 10207     022F  0277               	subwf	??_KEY_ScanAll+1,w
 10208     0230  300A               	movlw	10
 10209     0231  1903               	skipnz
 10210     0232  0276               	subwf	??_KEY_ScanAll,w
 10211     0233  1C03               	skipc
 10212     0234  2A36               	goto	u3771
 10213     0235  2A37               	goto	u3770
 10214     0236                     u3771:
 10215     0236  2B57               	goto	l5110
 10216     0237                     u3770:
 10217     0237                     l5060:
 10218                           
 10219                           ;Key.c: 49:           k->state = KEY_PRESSED;
 10220     0237  0879               	movf	KEY_ScanAll@k,w
 10221     0238  0086               	movwf	6
 10222     0239  3001               	movlw	1	; select bank2/3
 10223     023A  0087               	movwf	7
 10224     023B  3002               	movlw	2
 10225     023C  0081               	movwf	1
 10226     023D  2B57               	goto	l5110
 10227     023E                     l5062:
 10228                           
 10229                           ;Key.c: 52:         k->state = KEY_IDLE;
 10230     023E  0879               	movf	KEY_ScanAll@k,w
 10231     023F  0086               	movwf	6
 10232     0240  3001               	movlw	1	; select bank2/3
 10233     0241  0087               	movwf	7
 10234     0242  0181               	clrf	1
 10235     0243  2B57               	goto	l5110
 10236     0244                     l5064:
 10237                           
 10238                           ;Key.c: 57:       if (k->fKeyIn == 1) {
 10239     0244  0879               	movf	KEY_ScanAll@k,w
 10240     0245  3E0A               	addlw	10
 10241     0246  0086               	movwf	6
 10242     0247  3001               	movlw	1	; select bank2/3
 10243     0248  0087               	movwf	7
 10244     0249  0301               	decf	1,w
 10245     024A  1D03               	btfss	3,2
 10246     024B  2A4D               	goto	u3781
 10247     024C  2A4E               	goto	u3780
 10248     024D                     u3781:
 10249     024D  2A7E               	goto	l5074
 10250     024E                     u3780:
 10251     024E                     l5066:
 10252                           
 10253                           ;Key.c: 58:         k->press_time_ms += 10;
 10254     024E  0A79               	incf	KEY_ScanAll@k,w
 10255     024F  0086               	movwf	6
 10256     0250  3001               	movlw	1	; select bank2/3
 10257     0251  0087               	movwf	7
 10258     0252  300A               	movlw	10
 10259     0253  0781               	addwf	1,f
 10260     0254  3141               	addfsr 1,1
 10261     0255  1803               	skipnc
 10262     0256  0A81               	incf	1,f
 10263     0257                     l5068:
 10264                           
 10265                           ;Key.c: 59:         if (k->press_time_ms >= 400) {
 10266     0257  0A79               	incf	KEY_ScanAll@k,w
 10267     0258  0086               	movwf	6
 10268     0259  3001               	movlw	1	; select bank2/3
 10269     025A  0087               	movwf	7
 10270     025B  3F40               	moviw [0]fsr1
 10271     025C  00F6               	movwf	??_KEY_ScanAll
 10272     025D  3F41               	moviw [1]fsr1
 10273     025E  00F7               	movwf	??_KEY_ScanAll+1
 10274     025F  3001               	movlw	1
 10275     0260  0277               	subwf	??_KEY_ScanAll+1,w
 10276     0261  3090               	movlw	144
 10277     0262  1903               	skipnz
 10278     0263  0276               	subwf	??_KEY_ScanAll,w
 10279     0264  1C03               	skipc
 10280     0265  2A67               	goto	u3791
 10281     0266  2A68               	goto	u3790
 10282     0267                     u3791:
 10283     0267  2B57               	goto	l5110
 10284     0268                     u3790:
 10285     0268                     l5070:
 10286                           
 10287                           ;Key.c: 60:           k->fLong = 1;
 10288     0268  0879               	movf	KEY_ScanAll@k,w
 10289     0269  3E07               	addlw	7
 10290     026A  0086               	movwf	6
 10291     026B  3001               	movlw	1	; select bank2/3
 10292     026C  0087               	movwf	7
 10293     026D  0181               	clrf	1
 10294     026E  0A81               	incf	1,f
 10295                           
 10296                           ;Key.c: 61:           k->press_long_time_ms = 0;
 10297     026F  0879               	movf	KEY_ScanAll@k,w
 10298     0270  3E03               	addlw	3
 10299     0271  0086               	movwf	6
 10300     0272  3001               	movlw	1	; select bank2/3
 10301     0273  0087               	movwf	7
 10302     0274  3000               	movlw	0
 10303     0275  3FC0               	movwi [0]fsr1
 10304     0276  3FC1               	movwi [1]fsr1
 10305     0277                     l5072:
 10306                           
 10307                           ;Key.c: 62:           k->state = KEY_LONG;
 10308     0277  0879               	movf	KEY_ScanAll@k,w
 10309     0278  0086               	movwf	6
 10310     0279  3001               	movlw	1	; select bank2/3
 10311     027A  0087               	movwf	7
 10312     027B  3004               	movlw	4
 10313     027C  0081               	movwf	1
 10314     027D  2B57               	goto	l5110
 10315     027E                     l5074:
 10316                           
 10317                           ;Key.c: 65:         k->release_time_ms = 0;
 10318     027E  0879               	movf	KEY_ScanAll@k,w
 10319     027F  3E05               	addlw	5
 10320     0280  0086               	movwf	6
 10321     0281  3001               	movlw	1	; select bank2/3
 10322     0282  0087               	movwf	7
 10323     0283  3000               	movlw	0
 10324     0284  3FC0               	movwi [0]fsr1
 10325     0285  3FC1               	movwi [1]fsr1
 10326     0286                     l5076:
 10327                           
 10328                           ;Key.c: 66:         k->state = KEY_RELEASE;
 10329     0286  0879               	movf	KEY_ScanAll@k,w
 10330     0287  0086               	movwf	6
 10331     0288  3001               	movlw	1	; select bank2/3
 10332     0289  0087               	movwf	7
 10333     028A  3005               	movlw	5
 10334     028B  0081               	movwf	1
 10335     028C  2B57               	goto	l5110
 10336     028D                     l5078:
 10337                           
 10338                           ;Key.c: 71:       if (k->fKeyIn == 1) {
 10339     028D  0879               	movf	KEY_ScanAll@k,w
 10340     028E  3E0A               	addlw	10
 10341     028F  0086               	movwf	6
 10342     0290  3001               	movlw	1	; select bank2/3
 10343     0291  0087               	movwf	7
 10344     0292  0301               	decf	1,w
 10345     0293  1D03               	btfss	3,2
 10346     0294  2A96               	goto	u3801
 10347     0295  2A97               	goto	u3800
 10348     0296                     u3801:
 10349     0296  2AC3               	goto	l5084
 10350     0297                     u3800:
 10351     0297                     l5080:
 10352                           
 10353                           ;Key.c: 72:         k->press_long_time_ms += 10;
 10354     0297  0879               	movf	KEY_ScanAll@k,w
 10355     0298  3E03               	addlw	3
 10356     0299  0086               	movwf	6
 10357     029A  3001               	movlw	1	; select bank2/3
 10358     029B  0087               	movwf	7
 10359     029C  300A               	movlw	10
 10360     029D  0781               	addwf	1,f
 10361     029E  3141               	addfsr 1,1
 10362     029F  1803               	skipnc
 10363     02A0  0A81               	incf	1,f
 10364                           
 10365                           ;Key.c: 73:         if (k->press_long_time_ms >= 40) {
 10366     02A1  0879               	movf	KEY_ScanAll@k,w
 10367     02A2  3E03               	addlw	3
 10368     02A3  0086               	movwf	6
 10369     02A4  3001               	movlw	1	; select bank2/3
 10370     02A5  0087               	movwf	7
 10371     02A6  3F40               	moviw [0]fsr1
 10372     02A7  00F6               	movwf	??_KEY_ScanAll
 10373     02A8  3F41               	moviw [1]fsr1
 10374     02A9  00F7               	movwf	??_KEY_ScanAll+1
 10375     02AA  3000               	movlw	0
 10376     02AB  0277               	subwf	??_KEY_ScanAll+1,w
 10377     02AC  3028               	movlw	40
 10378     02AD  1903               	skipnz
 10379     02AE  0276               	subwf	??_KEY_ScanAll,w
 10380     02AF  1C03               	skipc
 10381     02B0  2AB2               	goto	u3811
 10382     02B1  2AB3               	goto	u3810
 10383     02B2                     u3811:
 10384     02B2  2B57               	goto	l5110
 10385     02B3                     u3810:
 10386     02B3                     l5082:
 10387                           
 10388                           ;Key.c: 74:           k->press_long_time_ms = 0;
 10389     02B3  0879               	movf	KEY_ScanAll@k,w
 10390     02B4  3E03               	addlw	3
 10391     02B5  0086               	movwf	6
 10392     02B6  3001               	movlw	1	; select bank2/3
 10393     02B7  0087               	movwf	7
 10394     02B8  3000               	movlw	0
 10395     02B9  3FC0               	movwi [0]fsr1
 10396     02BA  3FC1               	movwi [1]fsr1
 10397                           
 10398                           ;Key.c: 75:           k->fLong_100ms = 1;
 10399     02BB  0879               	movf	KEY_ScanAll@k,w
 10400     02BC  3E08               	addlw	8
 10401     02BD  0086               	movwf	6
 10402     02BE  3001               	movlw	1	; select bank2/3
 10403     02BF  0087               	movwf	7
 10404     02C0  0181               	clrf	1
 10405     02C1  0A81               	incf	1,f
 10406     02C2  2B57               	goto	l5110
 10407     02C3                     l5084:
 10408                           
 10409                           ;Key.c: 78:         k->press_time_ms=0;
 10410     02C3  0A79               	incf	KEY_ScanAll@k,w
 10411     02C4  0086               	movwf	6
 10412     02C5  3001               	movlw	1	; select bank2/3
 10413     02C6  0087               	movwf	7
 10414     02C7  3000               	movlw	0
 10415     02C8  3FC0               	movwi [0]fsr1
 10416     02C9  3FC1               	movwi [1]fsr1
 10417     02CA                     l5086:
 10418                           
 10419                           ;Key.c: 79:         k->release_time_ms = 0;
 10420     02CA  0879               	movf	KEY_ScanAll@k,w
 10421     02CB  3E05               	addlw	5
 10422     02CC  0086               	movwf	6
 10423     02CD  3001               	movlw	1	; select bank2/3
 10424     02CE  0087               	movwf	7
 10425     02CF  3000               	movlw	0
 10426     02D0  3FC0               	movwi [0]fsr1
 10427     02D1  3FC1               	movwi [1]fsr1
 10428     02D2                     l5088:
 10429                           
 10430                           ;Key.c: 80:         k->state = KEY_RELEASE;
 10431     02D2  0879               	movf	KEY_ScanAll@k,w
 10432     02D3  0086               	movwf	6
 10433     02D4  3001               	movlw	1	; select bank2/3
 10434     02D5  0087               	movwf	7
 10435     02D6  3005               	movlw	5
 10436     02D7  0081               	movwf	1
 10437     02D8  2B57               	goto	l5110
 10438     02D9                     l5090:
 10439                           
 10440                           ;Key.c: 85:       k->release_time_ms += 10;
 10441     02D9  0879               	movf	KEY_ScanAll@k,w
 10442     02DA  3E05               	addlw	5
 10443     02DB  0086               	movwf	6
 10444     02DC  3001               	movlw	1	; select bank2/3
 10445     02DD  0087               	movwf	7
 10446     02DE  300A               	movlw	10
 10447     02DF  0781               	addwf	1,f
 10448     02E0  3141               	addfsr 1,1
 10449     02E1  1803               	skipnc
 10450     02E2  0A81               	incf	1,f
 10451                           
 10452                           ;Key.c: 86:       if (k->release_time_ms >= 10) {
 10453     02E3  0879               	movf	KEY_ScanAll@k,w
 10454     02E4  3E05               	addlw	5
 10455     02E5  0086               	movwf	6
 10456     02E6  3001               	movlw	1	; select bank2/3
 10457     02E7  0087               	movwf	7
 10458     02E8  3F40               	moviw [0]fsr1
 10459     02E9  00F6               	movwf	??_KEY_ScanAll
 10460     02EA  3F41               	moviw [1]fsr1
 10461     02EB  00F7               	movwf	??_KEY_ScanAll+1
 10462     02EC  3000               	movlw	0
 10463     02ED  0277               	subwf	??_KEY_ScanAll+1,w
 10464     02EE  300A               	movlw	10
 10465     02EF  1903               	skipnz
 10466     02F0  0276               	subwf	??_KEY_ScanAll,w
 10467     02F1  1C03               	skipc
 10468     02F2  2AF4               	goto	u3821
 10469     02F3  2AF5               	goto	u3820
 10470     02F4                     u3821:
 10471     02F4  2B57               	goto	l5110
 10472     02F5                     u3820:
 10473     02F5                     l5092:
 10474                           
 10475                           ;Key.c: 87:         if (k->press_time_ms >= 10 &&
 10476     02F5  0A79               	incf	KEY_ScanAll@k,w
 10477     02F6  0086               	movwf	6
 10478     02F7  3001               	movlw	1	; select bank2/3
 10479     02F8  0087               	movwf	7
 10480     02F9  3F40               	moviw [0]fsr1
 10481     02FA  00F6               	movwf	??_KEY_ScanAll
 10482     02FB  3F41               	moviw [1]fsr1
 10483     02FC  00F7               	movwf	??_KEY_ScanAll+1
 10484     02FD  3000               	movlw	0
 10485     02FE  0277               	subwf	??_KEY_ScanAll+1,w
 10486     02FF  300A               	movlw	10
 10487     0300  1903               	skipnz
 10488     0301  0276               	subwf	??_KEY_ScanAll,w
 10489     0302  1C03               	skipc
 10490     0303  2B05               	goto	u3831
 10491     0304  2B06               	goto	u3830
 10492     0305                     u3831:
 10493     0305  2B25               	goto	l5100
 10494     0306                     u3830:
 10495     0306                     l5094:
 10496     0306  0A79               	incf	KEY_ScanAll@k,w
 10497     0307  0086               	movwf	6
 10498     0308  3001               	movlw	1	; select bank2/3
 10499     0309  0087               	movwf	7
 10500     030A  3F40               	moviw [0]fsr1
 10501     030B  00F6               	movwf	??_KEY_ScanAll
 10502     030C  3F41               	moviw [1]fsr1
 10503     030D  00F7               	movwf	??_KEY_ScanAll+1
 10504     030E  3001               	movlw	1
 10505     030F  0277               	subwf	??_KEY_ScanAll+1,w
 10506     0310  3090               	movlw	144
 10507     0311  1903               	skipnz
 10508     0312  0276               	subwf	??_KEY_ScanAll,w
 10509     0313  1803               	skipnc
 10510     0314  2B16               	goto	u3841
 10511     0315  2B17               	goto	u3840
 10512     0316                     u3841:
 10513     0316  2B25               	goto	l5100
 10514     0317                     u3840:
 10515     0317                     l5096:
 10516                           
 10517                           ;Key.c: 88:             k->press_time_ms < 400) {;Key.c: 89:               k->fShort = 1
      +                          ;
 10518     0317  0879               	movf	KEY_ScanAll@k,w
 10519     0318  3E09               	addlw	9
 10520     0319  0086               	movwf	6
 10521     031A  3001               	movlw	1	; select bank2/3
 10522     031B  0087               	movwf	7
 10523     031C  0181               	clrf	1
 10524     031D  0A81               	incf	1,f
 10525     031E                     l5098:
 10526                           
 10527                           ;Key.c: 90:               k->state = KEY_SHORT;
 10528     031E  0879               	movf	KEY_ScanAll@k,w
 10529     031F  0086               	movwf	6
 10530     0320  3001               	movlw	1	; select bank2/3
 10531     0321  0087               	movwf	7
 10532     0322  3003               	movlw	3
 10533     0323  0081               	movwf	1
 10534                           
 10535                           ;Key.c: 91:             } else {
 10536     0324  2B57               	goto	l5110
 10537     0325                     l5100:
 10538                           
 10539                           ;Key.c: 92:               k->state = KEY_IDLE;
 10540     0325  0879               	movf	KEY_ScanAll@k,w
 10541     0326  0086               	movwf	6
 10542     0327  3001               	movlw	1	; select bank2/3
 10543     0328  0087               	movwf	7
 10544     0329  0181               	clrf	1
 10545     032A                     l5102:
 10546                           
 10547                           ;Key.c: 93:               k->fLong = 0;
 10548     032A  0879               	movf	KEY_ScanAll@k,w
 10549     032B  3E07               	addlw	7
 10550     032C  0086               	movwf	6
 10551     032D  3001               	movlw	1	; select bank2/3
 10552     032E  0087               	movwf	7
 10553     032F  0181               	clrf	1
 10554     0330  2B57               	goto	l5110
 10555     0331                     l5104:
 10556                           
 10557                           ;Key.c: 99:       k->state = KEY_IDLE;
 10558     0331  0879               	movf	KEY_ScanAll@k,w
 10559     0332  0086               	movwf	6
 10560     0333  3001               	movlw	1	; select bank2/3
 10561     0334  0087               	movwf	7
 10562     0335  0181               	clrf	1
 10563                           
 10564                           ;Key.c: 100:       break;
 10565     0336  2B57               	goto	l5110
 10566     0337                     l5108:
 10567     0337  0879               	movf	KEY_ScanAll@k,w
 10568     0338  0086               	movwf	6
 10569     0339  3001               	movlw	1	; select bank2/3
 10570     033A  0087               	movwf	7
 10571     033B  0801               	movf	1,w
 10572     033C  00F6               	movwf	??_KEY_ScanAll
 10573     033D  01F7               	clrf	??_KEY_ScanAll+1
 10574                           
 10575                           ; Switch on 2 bytes has been partitioned into a top level switch of size 1, and 1 sub-sw
      +                          itches
 10576                           ; Switch size 1, requested type "simple"
 10577                           ; Number of cases is 1, Range of values is 0 to 0
 10578                           ; switch strategies available:
 10579                           ; Name         Instructions Cycles
 10580                           ; simple_byte            4     3 (average)
 10581                           ; direct_byte            8     6 (fixed)
 10582                           ; jumptable            260     6 (fixed)
 10583                           ;	Chosen strategy is simple_byte
 10584     033E  0877               	movf	??_KEY_ScanAll+1,w
 10585     033F  3A00               	xorlw	0	; case 0
 10586     0340  1903               	skipnz
 10587     0341  2B43               	goto	l6018
 10588     0342  2B57               	goto	l5110
 10589     0343                     l6018:
 10590                           
 10591                           ; Switch size 1, requested type "simple"
 10592                           ; Number of cases is 6, Range of values is 0 to 5
 10593                           ; switch strategies available:
 10594                           ; Name         Instructions Cycles
 10595                           ; direct_byte           18     6 (fixed)
 10596                           ; simple_byte           19    10 (average)
 10597                           ; jumptable            260     6 (fixed)
 10598                           ;	Chosen strategy is simple_byte
 10599     0343  0876               	movf	??_KEY_ScanAll,w
 10600     0344  3A00               	xorlw	0	; case 0
 10601     0345  1903               	skipnz
 10602     0346  29EB               	goto	l5046
 10603     0347  3A01               	xorlw	1	; case 1
 10604     0348  1903               	skipnz
 10605     0349  2A13               	goto	l5054
 10606     034A  3A03               	xorlw	3	; case 2
 10607     034B  1903               	skipnz
 10608     034C  2A44               	goto	l5064
 10609     034D  3A01               	xorlw	1	; case 3
 10610     034E  1903               	skipnz
 10611     034F  2B31               	goto	l5104
 10612     0350  3A07               	xorlw	7	; case 4
 10613     0351  1903               	skipnz
 10614     0352  2A8D               	goto	l5078
 10615     0353  3A01               	xorlw	1	; case 5
 10616     0354  1903               	skipnz
 10617     0355  2AD9               	goto	l5090
 10618     0356  2B57               	goto	l5110
 10619     0357                     l5110:
 10620                           
 10621                           ;Key.c: 105:   }
 10622     0357  3001               	movlw	1
 10623     0358  00F6               	movwf	??_KEY_ScanAll
 10624     0359  0876               	movf	??_KEY_ScanAll,w
 10625     035A  07F8               	addwf	KEY_ScanAll@ii,f
 10626     035B                     l5112:
 10627     035B  3004               	movlw	4
 10628     035C  0278               	subwf	KEY_ScanAll@ii,w
 10629     035D  1C03               	skipc
 10630     035E  2B60               	goto	u3851
 10631     035F  2B61               	goto	u3850
 10632     0360                     u3851:
 10633     0360  29E2               	goto	l5044
 10634     0361                     u3850:
 10635     0361                     l686:
 10636     0361  0008               	return
 10637     0362                     __end_of_KEY_ScanAll:
 10638                           
 10639                           	psect	text70
 10640     0DAD                     __ptext70:	
 10641 ;; *************** function _KEY_Init *****************
 10642 ;; Defined at:
 10643 ;;		line 17 in file "Key.c"
 10644 ;; Parameters:    Size  Location     Type
 10645 ;;		None
 10646 ;; Auto vars:     Size  Location     Type
 10647 ;;  i               1    7[COMMON] unsigned char 
 10648 ;; Return value:  Size  Location     Type
 10649 ;;                  1    wreg      void 
 10650 ;; Registers used:
 10651 ;;		wreg, fsr1l, fsr1h, status,2, status,0, pclath, cstack
 10652 ;; Tracked objects:
 10653 ;;		On entry : 0/0
 10654 ;;		On exit  : 0/0
 10655 ;;		Unchanged: 0/0
 10656 ;; Data sizes:     COMMON   BANK0   BANK1   BANK2   BANK3   BANK4   BANK5   BANK6
 10657 ;;      Params:         0       0       0       0       0       0       0       0
 10658 ;;      Locals:         1       0       0       0       0       0       0       0
 10659 ;;      Temps:          1       0       0       0       0       0       0       0
 10660 ;;      Totals:         2       0       0       0       0       0       0       0
 10661 ;;Total ram usage:        2 bytes
 10662 ;; Hardware stack levels used: 1
 10663 ;; Hardware stack levels required when called: 5
 10664 ;; This function calls:
 10665 ;;		___bmul
 10666 ;; This function is called by:
 10667 ;;		_main
 10668 ;; This function uses a non-reentrant model
 10669 ;;
 10670                           
 10671     0DAD                     _KEY_Init:	
 10672                           ;psect for function _KEY_Init
 10673                           
 10674     0DAD                     l5010:	
 10675                           ;incstack = 0
 10676                           ; Regs used in _KEY_Init: [wreg+fsr1l+fsr1h+status,2+status,0+pclath+cstack]
 10677                           
 10678                           
 10679                           ;Key.c: 18:   for (uint8_t i = 0; i < 4; i++) {
 10680     0DAD  01F7               	clrf	KEY_Init@i
 10681     0DAE                     l5016:
 10682                           
 10683                           ;Key.c: 19:     key[i].state = KEY_IDLE;
 10684     0DAE  300B               	movlw	11
 10685     0DAF  00F2               	movwf	___bmul@multiplicand
 10686     0DB0  0877               	movf	KEY_Init@i,w
 10687     0DB1  3188  2041  318D   	fcall	___bmul
 10688     0DB4  3EA0               	addlw	(low (_key| (0+256)))& (0+255)
 10689     0DB5  0086               	movwf	6
 10690     0DB6  3001               	movlw	1	; select bank3/4
 10691     0DB7  0087               	movwf	7
 10692     0DB8  0181               	clrf	1
 10693                           
 10694                           ;Key.c: 20:     key[i].press_time_ms = 0;
 10695     0DB9  300B               	movlw	11
 10696     0DBA  00F2               	movwf	___bmul@multiplicand
 10697     0DBB  0877               	movf	KEY_Init@i,w
 10698     0DBC  3188  2041  318D   	fcall	___bmul
 10699     0DBF  3EA1               	addlw	(low ((_key| (0+256)+1)))& (0+255)
 10700     0DC0  0086               	movwf	6
 10701     0DC1  3001               	movlw	1	; select bank3/4
 10702     0DC2  0087               	movwf	7
 10703     0DC3  3000               	movlw	0
 10704     0DC4  3FC0               	movwi [0]fsr1
 10705     0DC5  3FC1               	movwi [1]fsr1
 10706                           
 10707                           ;Key.c: 21:     key[i].release_time_ms = 0;
 10708     0DC6  300B               	movlw	11
 10709     0DC7  00F2               	movwf	___bmul@multiplicand
 10710     0DC8  0877               	movf	KEY_Init@i,w
 10711     0DC9  3188  2041  318D   	fcall	___bmul
 10712     0DCC  3EA5               	addlw	(low ((_key| (0+256)+5)))& (0+255)
 10713     0DCD  0086               	movwf	6
 10714     0DCE  3001               	movlw	1	; select bank3/4
 10715     0DCF  0087               	movwf	7
 10716     0DD0  3000               	movlw	0
 10717     0DD1  3FC0               	movwi [0]fsr1
 10718     0DD2  3FC1               	movwi [1]fsr1
 10719                           
 10720                           ;Key.c: 22:     key[i].fLong = 0;
 10721     0DD3  300B               	movlw	11
 10722     0DD4  00F2               	movwf	___bmul@multiplicand
 10723     0DD5  0877               	movf	KEY_Init@i,w
 10724     0DD6  3188  2041  318D   	fcall	___bmul
 10725     0DD9  3EA7               	addlw	(low ((_key| (0+256)+7)))& (0+255)
 10726     0DDA  0086               	movwf	6
 10727     0DDB  3001               	movlw	1	; select bank3/4
 10728     0DDC  0087               	movwf	7
 10729     0DDD  0181               	clrf	1
 10730                           
 10731                           ;Key.c: 23:     key[i].fLong_100ms = 0;
 10732     0DDE  300B               	movlw	11
 10733     0DDF  00F2               	movwf	___bmul@multiplicand
 10734     0DE0  0877               	movf	KEY_Init@i,w
 10735     0DE1  3188  2041  318D   	fcall	___bmul
 10736     0DE4  3EA8               	addlw	(low ((_key| (0+256)+8)))& (0+255)
 10737     0DE5  0086               	movwf	6
 10738     0DE6  3001               	movlw	1	; select bank3/4
 10739     0DE7  0087               	movwf	7
 10740     0DE8  0181               	clrf	1
 10741                           
 10742                           ;Key.c: 24:     key[i].fShort = 0;
 10743     0DE9  300B               	movlw	11
 10744     0DEA  00F2               	movwf	___bmul@multiplicand
 10745     0DEB  0877               	movf	KEY_Init@i,w
 10746     0DEC  3188  2041  318D   	fcall	___bmul
 10747     0DEF  3EA9               	addlw	(low ((_key| (0+256)+9)))& (0+255)
 10748     0DF0  0086               	movwf	6
 10749     0DF1  3001               	movlw	1	; select bank3/4
 10750     0DF2  0087               	movwf	7
 10751     0DF3  0181               	clrf	1
 10752                           
 10753                           ;Key.c: 25:     key[i].fKeyIn = 0;
 10754     0DF4  300B               	movlw	11
 10755     0DF5  00F2               	movwf	___bmul@multiplicand
 10756     0DF6  0877               	movf	KEY_Init@i,w
 10757     0DF7  3188  2041  318D   	fcall	___bmul
 10758     0DFA  3EAA               	addlw	(low ((_key| (0+256)+10)))& (0+255)
 10759     0DFB  0086               	movwf	6
 10760     0DFC  3001               	movlw	1	; select bank3/4
 10761     0DFD  0087               	movwf	7
 10762     0DFE  0181               	clrf	1
 10763     0DFF                     l5018:
 10764                           
 10765                           ;Key.c: 26:   }
 10766     0DFF  3001               	movlw	1
 10767     0E00  00F6               	movwf	??_KEY_Init
 10768     0E01  0876               	movf	??_KEY_Init,w
 10769     0E02  07F7               	addwf	KEY_Init@i,f
 10770     0E03                     l5020:
 10771     0E03  3004               	movlw	4
 10772     0E04  0277               	subwf	KEY_Init@i,w
 10773     0E05  1C03               	skipc
 10774     0E06  2E08               	goto	u3741
 10775     0E07  2E09               	goto	u3740
 10776     0E08                     u3741:
 10777     0E08  2DAE               	goto	l5016
 10778     0E09                     u3740:
 10779     0E09                     l659:
 10780     0E09  0008               	return
 10781     0E0A                     __end_of_KEY_Init:
 10782                           
 10783                           	psect	text71
 10784     0841                     __ptext71:	
 10785 ;; *************** function ___bmul *****************
 10786 ;; Defined at:
 10787 ;;		line 4 in file "C:\Program Files\Microchip\xc8\v2.46\pic\sources\c99\common\Umul8.c"
 10788 ;; Parameters:    Size  Location     Type
 10789 ;;  multiplier      1    wreg     unsigned char 
 10790 ;;  multiplicand    1    2[COMMON] unsigned char 
 10791 ;; Auto vars:     Size  Location     Type
 10792 ;;  multiplier      1    5[COMMON] unsigned char 
 10793 ;;  product         1    4[COMMON] unsigned char 
 10794 ;; Return value:  Size  Location     Type
 10795 ;;                  1    wreg      unsigned char 
 10796 ;; Registers used:
 10797 ;;		wreg, status,2, status,0
 10798 ;; Tracked objects:
 10799 ;;		On entry : 0/0
 10800 ;;		On exit  : 0/0
 10801 ;;		Unchanged: 0/0
 10802 ;; Data sizes:     COMMON   BANK0   BANK1   BANK2   BANK3   BANK4   BANK5   BANK6
 10803 ;;      Params:         1       0       0       0       0       0       0       0
 10804 ;;      Locals:         2       0       0       0       0       0       0       0
 10805 ;;      Temps:          1       0       0       0       0       0       0       0
 10806 ;;      Totals:         4       0       0       0       0       0       0       0
 10807 ;;Total ram usage:        4 bytes
 10808 ;; Hardware stack levels used: 1
 10809 ;; Hardware stack levels required when called: 4
 10810 ;; This function calls:
 10811 ;;		Nothing
 10812 ;; This function is called by:
 10813 ;;		_KEY_Init
 10814 ;;		_KEY_ScanAll
 10815 ;; This function uses a non-reentrant model
 10816 ;;
 10817                           
 10818     0841                     ___bmul:	
 10819                           ;psect for function ___bmul
 10820                           
 10821                           
 10822                           ;incstack = 0
 10823                           ; Regs used in ___bmul: [wreg+status,2+status,0]
 10824                           ;___bmul@multiplier stored from wreg
 10825     0841  00F5               	movwf	___bmul@multiplier
 10826     0842                     l4982:
 10827     0842  01F4               	clrf	___bmul@product
 10828     0843                     l4984:
 10829     0843  1C75               	btfss	___bmul@multiplier,0
 10830     0844  2846               	goto	u3721
 10831     0845  2847               	goto	u3720
 10832     0846                     u3721:
 10833     0846  284B               	goto	l4988
 10834     0847                     u3720:
 10835     0847                     l4986:
 10836     0847  0872               	movf	___bmul@multiplicand,w
 10837     0848  00F3               	movwf	??___bmul
 10838     0849  0873               	movf	??___bmul,w
 10839     084A  07F4               	addwf	___bmul@product,f
 10840     084B                     l4988:
 10841     084B  1003               	clrc
 10842     084C  0DF2               	rlf	___bmul@multiplicand,f
 10843     084D                     l4990:
 10844     084D  1003               	clrc
 10845     084E  0CF5               	rrf	___bmul@multiplier,f
 10846     084F  0875               	movf	___bmul@multiplier,w
 10847     0850  1D03               	btfss	3,2
 10848     0851  2853               	goto	u3731
 10849     0852  2854               	goto	u3730
 10850     0853                     u3731:
 10851     0853  2843               	goto	l4984
 10852     0854                     u3730:
 10853     0854                     l4992:
 10854     0854  0874               	movf	___bmul@product,w
 10855     0855                     l1084:
 10856     0855  0008               	return
 10857     0856                     __end_of___bmul:
 10858                           
 10859                           	psect	text72
 10860     0F92                     __ptext72:	
 10861 ;; *************** function _FunctionSet *****************
 10862 ;; Defined at:
 10863 ;;		line 241 in file "RelayControl.c"
 10864 ;; Parameters:    Size  Location     Type
 10865 ;;		None
 10866 ;; Auto vars:     Size  Location     Type
 10867 ;;		None
 10868 ;; Return value:  Size  Location     Type
 10869 ;;                  1    wreg      void 
 10870 ;; Registers used:
 10871 ;;		wreg, fsr1l, fsr1h, status,2, status,0, pclath, cstack
 10872 ;; Tracked objects:
 10873 ;;		On entry : 0/0
 10874 ;;		On exit  : 0/0
 10875 ;;		Unchanged: 0/0
 10876 ;; Data sizes:     COMMON   BANK0   BANK1   BANK2   BANK3   BANK4   BANK5   BANK6
 10877 ;;      Params:         0       0       0       0       0       0       0       0
 10878 ;;      Locals:         0       0       0       0       0       0       0       0
 10879 ;;      Temps:          0       1       0       0       0       0       0       0
 10880 ;;      Totals:         0       1       0       0       0       0       0       0
 10881 ;;Total ram usage:        1 bytes
 10882 ;; Hardware stack levels used: 1
 10883 ;; Hardware stack levels required when called: 6
 10884 ;; This function calls:
 10885 ;;		_Number2Digital
 10886 ;; This function is called by:
 10887 ;;		_main
 10888 ;; This function uses a non-reentrant model
 10889 ;;
 10890                           
 10891     0F92                     _FunctionSet:	
 10892                           ;psect for function _FunctionSet
 10893                           
 10894     0F92                     l5822:	
 10895                           ;incstack = 0
 10896                           ; Regs used in _FunctionSet: [wreg+fsr1l+fsr1h+status,2+status,0+pclath+cstack]
 10897                           
 10898                           
 10899                           ;RelayControl.c: 243:   if (key[0].fShort) {
 10900     0F92  0023               	movlb	3	; select bank3
 10901     0F93  0829               	movf	(_key^(0+384)+9),w
 10902     0F94  1903               	btfsc	3,2
 10903     0F95  2F97               	goto	u4771
 10904     0F96  2F98               	goto	u4770
 10905     0F97                     u4771:
 10906     0F97  2FB2               	goto	l5834
 10907     0F98                     u4770:
 10908     0F98                     l5824:
 10909                           
 10910                           ;RelayControl.c: 244:     key[0].fShort = 0;
 10911     0F98  01A9               	clrf	(_key^(0+384)+9)
 10912     0F99                     l5826:
 10913                           
 10914                           ;RelayControl.c: 245:     TimeMode++;
 10915     0F99  3001               	movlw	1
 10916     0F9A  0020               	movlb	0	; select bank0
 10917     0F9B  00A9               	movwf	??_FunctionSet
 10918     0F9C  0829               	movf	??_FunctionSet,w
 10919     0F9D  07EA               	addwf	_TimeMode,f
 10920     0F9E                     l5828:
 10921                           
 10922                           ;RelayControl.c: 246:     if (TimeMode > e0_010S)
 10923     0F9E  3004               	movlw	4
 10924     0F9F  026A               	subwf	_TimeMode,w
 10925     0FA0  1C03               	skipc
 10926     0FA1  2FA3               	goto	u4781
 10927     0FA2  2FA4               	goto	u4780
 10928     0FA3                     u4781:
 10929     0FA3  2FA6               	goto	l5832
 10930     0FA4                     u4780:
 10931     0FA4                     l5830:
 10932                           
 10933                           ;RelayControl.c: 247:       TimeMode = e1_000S;
 10934     0FA4  01EA               	clrf	_TimeMode
 10935     0FA5  0AEA               	incf	_TimeMode,f
 10936     0FA6                     l5832:
 10937     0FA6  1003               	clrc
 10938     0FA7  0022               	movlb	2	; select bank2
 10939     0FA8  1C0E               	btfss	14,0	;volatile
 10940     0FA9  1403               	setc
 10941     0FAA  1803               	btfsc	3,0
 10942     0FAB  2FAD               	goto	u4791
 10943     0FAC  2FB0               	goto	u4790
 10944     0FAD                     u4791:
 10945     0FAD  0022               	movlb	2	; select bank2
 10946     0FAE  140E               	bsf	14,0	;volatile
 10947     0FAF  2FB2               	goto	u4804
 10948     0FB0                     u4790:
 10949     0FB0  0022               	movlb	2	; select bank2
 10950     0FB1  100E               	bcf	14,0	;volatile
 10951     0FB2                     u4804:
 10952     0FB2                     l5834:
 10953                           
 10954                           ;RelayControl.c: 250:   if (key[1].fLong) {
 10955     0FB2  0023               	movlb	3	; select bank3
 10956     0FB3  0832               	movf	(_key^(0+384)+18),w
 10957     0FB4  1903               	btfsc	3,2
 10958     0FB5  2FB7               	goto	u4811
 10959     0FB6  2FB8               	goto	u4810
 10960     0FB7                     u4811:
 10961     0FB7  2FE2               	goto	l815
 10962     0FB8                     u4810:
 10963     0FB8                     l5836:
 10964                           
 10965                           ;RelayControl.c: 251:     key[1].fLong = 0;
 10966     0FB8  01B2               	clrf	(_key^(0+384)+18)
 10967     0FB9                     l5838:
 10968                           
 10969                           ;RelayControl.c: 252:     LCD_DispMode = eTimeAdjustment;
 10970     0FB9  3002               	movlw	2
 10971     0FBA  0021               	movlb	1	; select bank1
 10972     0FBB  00DB               	movwf	_LCD_DispMode^(0+128)
 10973     0FBC                     l5840:
 10974                           
 10975                           ;RelayControl.c: 253:     AdjustMode = eADJ_T1_DIG1;
 10976     0FBC  01D4               	clrf	_AdjustMode^(0+128)
 10977     0FBD  0AD4               	incf	_AdjustMode^(0+128),f
 10978     0FBE                     l5842:
 10979                           
 10980                           ;RelayControl.c: 254:     Number2Digital(SetTimer1_cnt, SetTimer1_digi);
 10981     0FBE  0020               	movlb	0	; select bank0
 10982     0FBF  0869               	movf	_SetTimer1_cnt+1,w
 10983     0FC0  00A1               	movwf	Number2Digital@Num+1
 10984     0FC1  0868               	movf	_SetTimer1_cnt,w
 10985     0FC2  00A0               	movwf	Number2Digital@Num
 10986     0FC3  30E3               	movlw	low _SetTimer1_digi
 10987     0FC4  00A2               	movwf	Number2Digital@digiNum
 10988     0FC5  3000               	movlw	high _SetTimer1_digi
 10989     0FC6  00A3               	movwf	Number2Digital@digiNum+1
 10990     0FC7  3186  2650  318F   	fcall	_Number2Digital
 10991     0FCA                     l5844:
 10992                           
 10993                           ;RelayControl.c: 255:     Number2Digital(SetTimer1_cnt, SetTimer2_digi);
 10994     0FCA  0020               	movlb	0	; select bank0
 10995     0FCB  0869               	movf	_SetTimer1_cnt+1,w
 10996     0FCC  00A1               	movwf	Number2Digital@Num+1
 10997     0FCD  0868               	movf	_SetTimer1_cnt,w
 10998     0FCE  00A0               	movwf	Number2Digital@Num
 10999     0FCF  30DF               	movlw	low _SetTimer2_digi
 11000     0FD0  00A2               	movwf	Number2Digital@digiNum
 11001     0FD1  3000               	movlw	high _SetTimer2_digi
 11002     0FD2  00A3               	movwf	Number2Digital@digiNum+1
 11003     0FD3  3186  2650  318F   	fcall	_Number2Digital
 11004     0FD6                     l5846:
 11005     0FD6  1003               	clrc
 11006     0FD7  0022               	movlb	2	; select bank2
 11007     0FD8  1C0E               	btfss	14,0	;volatile
 11008     0FD9  1403               	setc
 11009     0FDA  1803               	btfsc	3,0
 11010     0FDB  2FDD               	goto	u4821
 11011     0FDC  2FE0               	goto	u4820
 11012     0FDD                     u4821:
 11013     0FDD  0022               	movlb	2	; select bank2
 11014     0FDE  140E               	bsf	14,0	;volatile
 11015     0FDF  2FE2               	goto	u4834
 11016     0FE0                     u4820:
 11017     0FE0  0022               	movlb	2	; select bank2
 11018     0FE1  100E               	bcf	14,0	;volatile
 11019     0FE2                     u4834:
 11020     0FE2                     l815:	
 11021                           ;RelayControl.c: 257:   }
 11022                           
 11023                           
 11024                           ;RelayControl.c: 258:   if (key[2].fShort) {
 11025     0FE2  0023               	movlb	3	; select bank3
 11026     0FE3  083F               	movf	(_key^(0+384)+31),w
 11027     0FE4  1903               	btfsc	3,2
 11028     0FE5  2FE7               	goto	u4841
 11029     0FE6  2FE8               	goto	u4840
 11030     0FE7                     u4841:
 11031     0FE7  2FFF               	goto	l822
 11032     0FE8                     u4840:
 11033     0FE8                     l5848:
 11034                           
 11035                           ;RelayControl.c: 259:     key[2].fShort = 0;
 11036     0FE8  01BF               	clrf	(_key^(0+384)+31)
 11037     0FE9                     l5850:
 11038                           
 11039                           ;RelayControl.c: 260:     TimeMode--;
 11040     0FE9  3001               	movlw	1
 11041     0FEA  0020               	movlb	0	; select bank0
 11042     0FEB  02EA               	subwf	_TimeMode,f
 11043     0FEC                     l5852:
 11044                           
 11045                           ;RelayControl.c: 261:     if (TimeMode < e1_000S)
 11046     0FEC  086A               	movf	_TimeMode,w
 11047     0FED  1D03               	btfss	3,2
 11048     0FEE  2FF0               	goto	u4851
 11049     0FEF  2FF1               	goto	u4850
 11050     0FF0                     u4851:
 11051     0FF0  2FF3               	goto	l5856
 11052     0FF1                     u4850:
 11053     0FF1                     l5854:
 11054                           
 11055                           ;RelayControl.c: 262:       TimeMode = e0_010S;
 11056     0FF1  3003               	movlw	3
 11057     0FF2  00EA               	movwf	_TimeMode
 11058     0FF3                     l5856:
 11059     0FF3  1003               	clrc
 11060     0FF4  0022               	movlb	2	; select bank2
 11061     0FF5  1C0E               	btfss	14,0	;volatile
 11062     0FF6  1403               	setc
 11063     0FF7  1803               	btfsc	3,0
 11064     0FF8  2FFA               	goto	u4861
 11065     0FF9  2FFD               	goto	u4860
 11066     0FFA                     u4861:
 11067     0FFA  0022               	movlb	2	; select bank2
 11068     0FFB  140E               	bsf	14,0	;volatile
 11069     0FFC  2FFF               	goto	u4874
 11070     0FFD                     u4860:
 11071     0FFD  0022               	movlb	2	; select bank2
 11072     0FFE  100E               	bcf	14,0	;volatile
 11073     0FFF                     u4874:
 11074     0FFF                     l822:
 11075     0FFF  0008               	return
 11076     1000                     __end_of_FunctionSet:
 11077                           
 11078                           	psect	text73
 11079     06DE                     __ptext73:	
 11080 ;; *************** function _DispTimeAdjustment *****************
 11081 ;; Defined at:
 11082 ;;		line 159 in file "RelayControl.c"
 11083 ;; Parameters:    Size  Location     Type
 11084 ;;  mode            1    wreg     unsigned char 
 11085 ;;  n               1   56[BANK0 ] unsigned char 
 11086 ;;  Num             2   57[BANK0 ] unsigned short 
 11087 ;;  buf             1   59[BANK0 ] PTR unsigned char 
 11088 ;;		 -> buf(17), 
 11089 ;; Auto vars:     Size  Location     Type
 11090 ;;  mode            1    0[COMMON] unsigned char 
 11091 ;;  digital         4    3[BANK3 ] unsigned char [4]
 11092 ;;  temp_str        3    0[BANK3 ] unsigned char [3]
 11093 ;; Return value:  Size  Location     Type
 11094 ;;                  1    wreg      void 
 11095 ;; Registers used:
 11096 ;;		wreg, fsr0l, fsr0h, fsr1l, fsr1h, status,2, status,0, pclath, cstack
 11097 ;; Tracked objects:
 11098 ;;		On entry : 0/0
 11099 ;;		On exit  : 0/0
 11100 ;;		Unchanged: 0/0
 11101 ;; Data sizes:     COMMON   BANK0   BANK1   BANK2   BANK3   BANK4   BANK5   BANK6
 11102 ;;      Params:         0       4       0       0       0       0       0       0
 11103 ;;      Locals:         0       0       0       0       7       0       0       0
 11104 ;;      Temps:          0      10       0       0       0       0       0       0
 11105 ;;      Totals:         0      14       0       0       7       0       0       0
 11106 ;;Total ram usage:       21 bytes
 11107 ;; Hardware stack levels used: 1
 11108 ;; Hardware stack levels required when called: 9
 11109 ;; This function calls:
 11110 ;;		_sprintf
 11111 ;;		_strncpy
 11112 ;; This function is called by:
 11113 ;;		_main
 11114 ;; This function uses a non-reentrant model
 11115 ;;
 11116                           
 11117     06DE                     _DispTimeAdjustment:	
 11118                           ;psect for function _DispTimeAdjustment
 11119                           
 11120     06DE                     l5770:	
 11121                           ;incstack = 0
 11122                           ; Regs used in _DispTimeAdjustment: [wreg-fsr1h+status,2+status,0+pclath+cstack]
 11123                           
 11124                           
 11125                           ;RelayControl.c: 161:   uint8_t digital[4] = {0};
 11126     06DE  3000               	movlw	0
 11127     06DF  0023               	movlb	3	; select bank3
 11128     06E0  00D2               	movwf	(DispTimeAdjustment@digital+3)^(0+384)
 11129     06E1  3000               	movlw	0
 11130     06E2  00D1               	movwf	(DispTimeAdjustment@digital+2)^(0+384)
 11131     06E3  3000               	movlw	0
 11132     06E4  00D0               	movwf	(DispTimeAdjustment@digital+1)^(0+384)
 11133     06E5  3000               	movlw	0
 11134     06E6  00CF               	movwf	DispTimeAdjustment@digital^(0+384)
 11135                           
 11136                           ;RelayControl.c: 162:   char temp_str[3] = {0};
 11137     06E7  3000               	movlw	0
 11138     06E8  00CC               	movwf	DispTimeAdjustment@temp_str^(0+384)
 11139     06E9  3000               	movlw	0
 11140     06EA  00CD               	movwf	(DispTimeAdjustment@temp_str+1)^(0+384)
 11141     06EB  3000               	movlw	0
 11142     06EC  00CE               	movwf	(DispTimeAdjustment@temp_str+2)^(0+384)
 11143     06ED                     l5772:
 11144                           
 11145                           ;RelayControl.c: 165:   if (n == 1) {
 11146     06ED  0020               	movlb	0	; select bank0
 11147     06EE  0358               	decf	DispTimeAdjustment@n,w
 11148     06EF  1D03               	btfss	3,2
 11149     06F0  2EF2               	goto	u4691
 11150     06F1  2EF3               	goto	u4690
 11151     06F2                     u4691:
 11152     06F2  2F13               	goto	l5784
 11153     06F3                     u4690:
 11154     06F3                     l5774:
 11155                           
 11156                           ;RelayControl.c: 166:     strncpy(temp_str, RelayState_buf, sizeof(RelayState_buf));
 11157     06F3  30CC               	movlw	low DispTimeAdjustment@temp_str
 11158     06F4  00F2               	movwf	strncpy@d
 11159     06F5  3001               	movlw	high DispTimeAdjustment@temp_str
 11160     06F6  00F3               	movwf	strncpy@d+1
 11161     06F7  30E7               	movlw	low _RelayState_buf
 11162     06F8  00F4               	movwf	strncpy@s
 11163     06F9  3000               	movlw	high _RelayState_buf
 11164     06FA  00F5               	movwf	strncpy@s+1
 11165     06FB  3003               	movlw	3
 11166     06FC  00F6               	movwf	strncpy@n
 11167     06FD  3000               	movlw	0
 11168     06FE  00F7               	movwf	strncpy@n+1
 11169     06FF  318B  23E1  3186   	fcall	_strncpy
 11170     0702                     l5776:
 11171                           
 11172                           ;RelayControl.c: 167:     digital[0] = SetTimer1_digi[0];
 11173     0702  0021               	movlb	1	; select bank1
 11174     0703  0863               	movf	_SetTimer1_digi^(0+128),w
 11175     0704  0023               	movlb	3	; select bank3
 11176     0705  00CF               	movwf	DispTimeAdjustment@digital^(0+384)
 11177     0706                     l5778:
 11178                           
 11179                           ;RelayControl.c: 168:     digital[1] = SetTimer1_digi[1];
 11180     0706  0021               	movlb	1	; select bank1
 11181     0707  0864               	movf	(_SetTimer1_digi^(0+128)+1),w
 11182     0708  0023               	movlb	3	; select bank3
 11183     0709  00D0               	movwf	(DispTimeAdjustment@digital^(0+384)+1)
 11184     070A                     l5780:
 11185                           
 11186                           ;RelayControl.c: 169:     digital[2] = SetTimer1_digi[2];
 11187     070A  0021               	movlb	1	; select bank1
 11188     070B  0865               	movf	(_SetTimer1_digi^(0+128)+2),w
 11189     070C  0023               	movlb	3	; select bank3
 11190     070D  00D1               	movwf	(DispTimeAdjustment@digital^(0+384)+2)
 11191     070E                     l5782:
 11192                           
 11193                           ;RelayControl.c: 170:     digital[3] = SetTimer1_digi[3];
 11194     070E  0021               	movlb	1	; select bank1
 11195     070F  0866               	movf	(_SetTimer1_digi^(0+128)+3),w
 11196     0710  0023               	movlb	3	; select bank3
 11197     0711  00D2               	movwf	(DispTimeAdjustment@digital^(0+384)+3)
 11198                           
 11199                           ;RelayControl.c: 171:   } else {
 11200     0712  2F32               	goto	l788
 11201     0713                     l5784:
 11202                           
 11203                           ;RelayControl.c: 172:     strncpy(temp_str, "   ", sizeof(RelayState_buf));
 11204     0713  30CC               	movlw	low DispTimeAdjustment@temp_str
 11205     0714  00F2               	movwf	strncpy@d
 11206     0715  3001               	movlw	high DispTimeAdjustment@temp_str
 11207     0716  00F3               	movwf	strncpy@d+1
 11208     0717  3032               	movlw	low (STR_3| (0+32768))
 11209     0718  00F4               	movwf	strncpy@s
 11210     0719  3098               	movlw	high (STR_3| (0+32768))
 11211     071A  00F5               	movwf	strncpy@s+1
 11212     071B  3003               	movlw	3
 11213     071C  00F6               	movwf	strncpy@n
 11214     071D  3000               	movlw	0
 11215     071E  00F7               	movwf	strncpy@n+1
 11216     071F  318B  23E1  3186   	fcall	_strncpy
 11217     0722                     l5786:
 11218                           
 11219                           ;RelayControl.c: 173:     digital[0] = SetTimer2_digi[0];
 11220     0722  0021               	movlb	1	; select bank1
 11221     0723  085F               	movf	_SetTimer2_digi^(0+128),w
 11222     0724  0023               	movlb	3	; select bank3
 11223     0725  00CF               	movwf	DispTimeAdjustment@digital^(0+384)
 11224     0726                     l5788:
 11225                           
 11226                           ;RelayControl.c: 174:     digital[1] = SetTimer2_digi[1];
 11227     0726  0021               	movlb	1	; select bank1
 11228     0727  0860               	movf	(_SetTimer2_digi^(0+128)+1),w
 11229     0728  0023               	movlb	3	; select bank3
 11230     0729  00D0               	movwf	(DispTimeAdjustment@digital^(0+384)+1)
 11231     072A                     l5790:
 11232                           
 11233                           ;RelayControl.c: 175:     digital[2] = SetTimer2_digi[2];
 11234     072A  0021               	movlb	1	; select bank1
 11235     072B  0861               	movf	(_SetTimer2_digi^(0+128)+2),w
 11236     072C  0023               	movlb	3	; select bank3
 11237     072D  00D1               	movwf	(DispTimeAdjustment@digital^(0+384)+2)
 11238     072E                     l5792:
 11239                           
 11240                           ;RelayControl.c: 176:     digital[3] = SetTimer2_digi[3];
 11241     072E  0021               	movlb	1	; select bank1
 11242     072F  0862               	movf	(_SetTimer2_digi^(0+128)+3),w
 11243     0730  0023               	movlb	3	; select bank3
 11244     0731  00D2               	movwf	(DispTimeAdjustment@digital^(0+384)+3)
 11245     0732                     l788:	
 11246                           ;RelayControl.c: 177:   }
 11247                           
 11248                           
 11249                           ;RelayControl.c: 179:   sprintf(buf, "T%d:%d%d%d%d.S    %s", n, digital[0], digital[1], 
      +                          digital[2],
 11250     0732  3020               	movlw	low (STR_4| (0+32768))
 11251     0733  0020               	movlb	0	; select bank0
 11252     0734  00BC               	movwf	sprintf@fmt
 11253     0735  3090               	movlw	high (STR_4| (0+32768))
 11254     0736  00BD               	movwf	sprintf@fmt+1
 11255     0737  0858               	movf	DispTimeAdjustment@n,w
 11256     0738  00DC               	movwf	??_DispTimeAdjustment
 11257     0739  01DD               	clrf	??_DispTimeAdjustment+1
 11258     073A  085C               	movf	??_DispTimeAdjustment,w
 11259     073B  00BE               	movwf	?_sprintf+2
 11260     073C  085D               	movf	??_DispTimeAdjustment+1,w
 11261     073D  00BF               	movwf	?_sprintf+3
 11262     073E  0023               	movlb	3	; select bank3
 11263     073F  084F               	movf	DispTimeAdjustment@digital^(0+384),w
 11264     0740  0020               	movlb	0	; select bank0
 11265     0741  00DE               	movwf	??_DispTimeAdjustment+2
 11266     0742  01DF               	clrf	??_DispTimeAdjustment+3
 11267     0743  085E               	movf	??_DispTimeAdjustment+2,w
 11268     0744  00C0               	movwf	?_sprintf+4
 11269     0745  085F               	movf	??_DispTimeAdjustment+3,w
 11270     0746  00C1               	movwf	?_sprintf+5
 11271     0747  0023               	movlb	3	; select bank3
 11272     0748  0850               	movf	(DispTimeAdjustment@digital^(0+384)+1),w
 11273     0749  0020               	movlb	0	; select bank0
 11274     074A  00E0               	movwf	??_DispTimeAdjustment+4
 11275     074B  01E1               	clrf	??_DispTimeAdjustment+5
 11276     074C  0860               	movf	??_DispTimeAdjustment+4,w
 11277     074D  00C2               	movwf	?_sprintf+6
 11278     074E  0861               	movf	??_DispTimeAdjustment+5,w
 11279     074F  00C3               	movwf	?_sprintf+7
 11280     0750  0023               	movlb	3	; select bank3
 11281     0751  0851               	movf	(DispTimeAdjustment@digital^(0+384)+2),w
 11282     0752  0020               	movlb	0	; select bank0
 11283     0753  00E2               	movwf	??_DispTimeAdjustment+6
 11284     0754  01E3               	clrf	??_DispTimeAdjustment+7
 11285     0755  0862               	movf	??_DispTimeAdjustment+6,w
 11286     0756  00C4               	movwf	?_sprintf+8
 11287     0757  0863               	movf	??_DispTimeAdjustment+7,w
 11288     0758  00C5               	movwf	?_sprintf+9
 11289     0759  0023               	movlb	3	; select bank3
 11290     075A  0852               	movf	(DispTimeAdjustment@digital^(0+384)+3),w
 11291     075B  0020               	movlb	0	; select bank0
 11292     075C  00E4               	movwf	??_DispTimeAdjustment+8
 11293     075D  01E5               	clrf	??_DispTimeAdjustment+9
 11294     075E  0864               	movf	??_DispTimeAdjustment+8,w
 11295     075F  00C6               	movwf	?_sprintf+10
 11296     0760  0865               	movf	??_DispTimeAdjustment+9,w
 11297     0761  00C7               	movwf	?_sprintf+11
 11298     0762  30CC               	movlw	low DispTimeAdjustment@temp_str
 11299     0763  00C8               	movwf	low ((?_sprintf| 0+12))
 11300     0764  3001               	movlw	high DispTimeAdjustment@temp_str
 11301     0765  00C9               	movwf	(low ((?_sprintf| 0+12))+1)
 11302     0766  085B               	movf	DispTimeAdjustment@buf,w
 11303     0767  3189  213C  3186   	fcall	_sprintf
 11304     076A                     l789:
 11305     076A  0008               	return
 11306     076B                     __end_of_DispTimeAdjustment:
 11307                           
 11308                           	psect	text74
 11309     0474                     __ptext74:	
 11310 ;; *************** function _DispNormal *****************
 11311 ;; Defined at:
 11312 ;;		line 103 in file "RelayControl.c"
 11313 ;; Parameters:    Size  Location     Type
 11314 ;;  mode            1    wreg     unsigned char 
 11315 ;;  n               1   56[BANK0 ] unsigned char 
 11316 ;;  Num             2   57[BANK0 ] unsigned short 
 11317 ;;  buf             1   59[BANK0 ] PTR unsigned char 
 11318 ;;		 -> buf(17), 
 11319 ;; Auto vars:     Size  Location     Type
 11320 ;;  mode            1    0[BANK3 ] unsigned char 
 11321 ;;  digital         4    4[BANK3 ] unsigned char [4]
 11322 ;;  temp_str        3    1[BANK3 ] unsigned char [3]
 11323 ;; Return value:  Size  Location     Type
 11324 ;;                  1    wreg      void 
 11325 ;; Registers used:
 11326 ;;		wreg, fsr0l, fsr0h, fsr1l, fsr1h, status,2, status,0, pclath, cstack
 11327 ;; Tracked objects:
 11328 ;;		On entry : 0/0
 11329 ;;		On exit  : 0/0
 11330 ;;		Unchanged: 0/0
 11331 ;; Data sizes:     COMMON   BANK0   BANK1   BANK2   BANK3   BANK4   BANK5   BANK6
 11332 ;;      Params:         0       4       0       0       0       0       0       0
 11333 ;;      Locals:         0       0       0       0       8       0       0       0
 11334 ;;      Temps:          0      10       0       0       0       0       0       0
 11335 ;;      Totals:         0      14       0       0       8       0       0       0
 11336 ;;Total ram usage:       22 bytes
 11337 ;; Hardware stack levels used: 1
 11338 ;; Hardware stack levels required when called: 9
 11339 ;; This function calls:
 11340 ;;		_Number2Digital
 11341 ;;		_sprintf
 11342 ;;		_strncpy
 11343 ;; This function is called by:
 11344 ;;		_main
 11345 ;; This function uses a non-reentrant model
 11346 ;;
 11347                           
 11348     0474                     _DispNormal:	
 11349                           ;psect for function _DispNormal
 11350                           
 11351                           
 11352                           ;incstack = 0
 11353                           ; Regs used in _DispNormal: [wreg-fsr1h+status,2+status,0+pclath+cstack]
 11354                           ;DispNormal@mode stored from wreg
 11355     0474  0023               	movlb	3	; select bank3
 11356     0475  00CC               	movwf	DispNormal@mode^(0+384)
 11357     0476                     l5738:
 11358                           
 11359                           ;RelayControl.c: 105:   uint8_t digital[4] = {0};
 11360     0476  3000               	movlw	0
 11361     0477  00D3               	movwf	(DispNormal@digital+3)^(0+384)
 11362     0478  3000               	movlw	0
 11363     0479  00D2               	movwf	(DispNormal@digital+2)^(0+384)
 11364     047A  3000               	movlw	0
 11365     047B  00D1               	movwf	(DispNormal@digital+1)^(0+384)
 11366     047C  3000               	movlw	0
 11367     047D  00D0               	movwf	DispNormal@digital^(0+384)
 11368                           
 11369                           ;RelayControl.c: 106:   char temp_str[3] = {0};
 11370     047E  3000               	movlw	0
 11371     047F  00CD               	movwf	DispNormal@temp_str^(0+384)
 11372     0480  3000               	movlw	0
 11373     0481  00CE               	movwf	(DispNormal@temp_str+1)^(0+384)
 11374     0482  3000               	movlw	0
 11375     0483  00CF               	movwf	(DispNormal@temp_str+2)^(0+384)
 11376     0484                     l5740:
 11377                           
 11378                           ;RelayControl.c: 109:   Number2Digital(Num, digital);
 11379     0484  0020               	movlb	0	; select bank0
 11380     0485  085A               	movf	DispNormal@Num+1,w
 11381     0486  00A1               	movwf	Number2Digital@Num+1
 11382     0487  0859               	movf	DispNormal@Num,w
 11383     0488  00A0               	movwf	Number2Digital@Num
 11384     0489  30D0               	movlw	low DispNormal@digital
 11385     048A  00A2               	movwf	Number2Digital@digiNum
 11386     048B  3001               	movlw	high DispNormal@digital
 11387     048C  00A3               	movwf	Number2Digital@digiNum+1
 11388     048D  3186  2650  3184   	fcall	_Number2Digital
 11389     0490                     l5742:
 11390                           
 11391                           ;RelayControl.c: 112:   if (n == 1) {
 11392     0490  0020               	movlb	0	; select bank0
 11393     0491  0358               	decf	DispNormal@n,w
 11394     0492  1D03               	btfss	3,2
 11395     0493  2C95               	goto	u4681
 11396     0494  2C96               	goto	u4680
 11397     0495                     u4681:
 11398     0495  2CA6               	goto	l5746
 11399     0496                     u4680:
 11400     0496                     l5744:
 11401                           
 11402                           ;RelayControl.c: 113:     strncpy(temp_str, RelayState_buf, sizeof(RelayState_buf));
 11403     0496  30CD               	movlw	low DispNormal@temp_str
 11404     0497  00F2               	movwf	strncpy@d
 11405     0498  3001               	movlw	high DispNormal@temp_str
 11406     0499  00F3               	movwf	strncpy@d+1
 11407     049A  30E7               	movlw	low _RelayState_buf
 11408     049B  00F4               	movwf	strncpy@s
 11409     049C  3000               	movlw	high _RelayState_buf
 11410     049D  00F5               	movwf	strncpy@s+1
 11411     049E  3003               	movlw	3
 11412     049F  00F6               	movwf	strncpy@n
 11413     04A0  3000               	movlw	0
 11414     04A1  00F7               	movwf	strncpy@n+1
 11415     04A2  318B  23E1  3184   	fcall	_strncpy
 11416                           
 11417                           ;RelayControl.c: 114:   } else {
 11418     04A5  2D61               	goto	l5756
 11419     04A6                     l5746:
 11420                           
 11421                           ;RelayControl.c: 115:     strncpy(temp_str, "   ", sizeof(RelayState_buf));
 11422     04A6  30CD               	movlw	low DispNormal@temp_str
 11423     04A7  00F2               	movwf	strncpy@d
 11424     04A8  3001               	movlw	high DispNormal@temp_str
 11425     04A9  00F3               	movwf	strncpy@d+1
 11426     04AA  3032               	movlw	low (STR_3| (0+32768))
 11427     04AB  00F4               	movwf	strncpy@s
 11428     04AC  3098               	movlw	high (STR_3| (0+32768))
 11429     04AD  00F5               	movwf	strncpy@s+1
 11430     04AE  3003               	movlw	3
 11431     04AF  00F6               	movwf	strncpy@n
 11432     04B0  3000               	movlw	0
 11433     04B1  00F7               	movwf	strncpy@n+1
 11434     04B2  318B  23E1  3184   	fcall	_strncpy
 11435     04B5  2D61               	goto	l5756
 11436     04B6                     l5748:
 11437                           
 11438                           ;RelayControl.c: 121:     sprintf(buf, "T%d:%d%d%d%d.S    %s", n, digital[0], digital[1]
      +                          , digital[2],
 11439     04B6  3020               	movlw	low (STR_4| (0+32768))
 11440     04B7  0020               	movlb	0	; select bank0
 11441     04B8  00BC               	movwf	sprintf@fmt
 11442     04B9  3090               	movlw	high (STR_4| (0+32768))
 11443     04BA  00BD               	movwf	sprintf@fmt+1
 11444     04BB  0858               	movf	DispNormal@n,w
 11445     04BC  00DC               	movwf	??_DispNormal
 11446     04BD  01DD               	clrf	??_DispNormal+1
 11447     04BE  085C               	movf	??_DispNormal,w
 11448     04BF  00BE               	movwf	?_sprintf+2
 11449     04C0  085D               	movf	??_DispNormal+1,w
 11450     04C1  00BF               	movwf	?_sprintf+3
 11451     04C2  0023               	movlb	3	; select bank3
 11452     04C3  0850               	movf	DispNormal@digital^(0+384),w
 11453     04C4  0020               	movlb	0	; select bank0
 11454     04C5  00DE               	movwf	??_DispNormal+2
 11455     04C6  01DF               	clrf	??_DispNormal+3
 11456     04C7  085E               	movf	??_DispNormal+2,w
 11457     04C8  00C0               	movwf	?_sprintf+4
 11458     04C9  085F               	movf	??_DispNormal+3,w
 11459     04CA  00C1               	movwf	?_sprintf+5
 11460     04CB  0023               	movlb	3	; select bank3
 11461     04CC  0851               	movf	(DispNormal@digital^(0+384)+1),w
 11462     04CD  0020               	movlb	0	; select bank0
 11463     04CE  00E0               	movwf	??_DispNormal+4
 11464     04CF  01E1               	clrf	??_DispNormal+5
 11465     04D0  0860               	movf	??_DispNormal+4,w
 11466     04D1  00C2               	movwf	?_sprintf+6
 11467     04D2  0861               	movf	??_DispNormal+5,w
 11468     04D3  00C3               	movwf	?_sprintf+7
 11469     04D4  0023               	movlb	3	; select bank3
 11470     04D5  0852               	movf	(DispNormal@digital^(0+384)+2),w
 11471     04D6  0020               	movlb	0	; select bank0
 11472     04D7  00E2               	movwf	??_DispNormal+6
 11473     04D8  01E3               	clrf	??_DispNormal+7
 11474     04D9  0862               	movf	??_DispNormal+6,w
 11475     04DA  00C4               	movwf	?_sprintf+8
 11476     04DB  0863               	movf	??_DispNormal+7,w
 11477     04DC  00C5               	movwf	?_sprintf+9
 11478     04DD  0023               	movlb	3	; select bank3
 11479     04DE  0853               	movf	(DispNormal@digital^(0+384)+3),w
 11480     04DF  0020               	movlb	0	; select bank0
 11481     04E0  00E4               	movwf	??_DispNormal+8
 11482     04E1  01E5               	clrf	??_DispNormal+9
 11483     04E2  0864               	movf	??_DispNormal+8,w
 11484     04E3  00C6               	movwf	?_sprintf+10
 11485     04E4  0865               	movf	??_DispNormal+9,w
 11486     04E5  00C7               	movwf	?_sprintf+11
 11487     04E6  30CD               	movlw	low DispNormal@temp_str
 11488     04E7  00C8               	movwf	low ((?_sprintf| 0+12))
 11489     04E8  3001               	movlw	high DispNormal@temp_str
 11490     04E9  00C9               	movwf	(low ((?_sprintf| 0+12))+1)
 11491     04EA  085B               	movf	DispNormal@buf,w
 11492     04EB  3189  213C  3184   	fcall	_sprintf
 11493                           
 11494                           ;RelayControl.c: 123:     break;
 11495     04EE  2D6D               	goto	l771
 11496     04EF                     l5750:
 11497                           
 11498                           ;RelayControl.c: 126:     sprintf(buf, "T%d:%d%d%d.%dS    %s", n, digital[0], digital[1]
      +                          , digital[2],
 11499     04EF  3035               	movlw	low (STR_5| (0+32768))
 11500     04F0  0020               	movlb	0	; select bank0
 11501     04F1  00BC               	movwf	sprintf@fmt
 11502     04F2  3090               	movlw	high (STR_5| (0+32768))
 11503     04F3  00BD               	movwf	sprintf@fmt+1
 11504     04F4  0858               	movf	DispNormal@n,w
 11505     04F5  00DC               	movwf	??_DispNormal
 11506     04F6  01DD               	clrf	??_DispNormal+1
 11507     04F7  085C               	movf	??_DispNormal,w
 11508     04F8  00BE               	movwf	?_sprintf+2
 11509     04F9  085D               	movf	??_DispNormal+1,w
 11510     04FA  00BF               	movwf	?_sprintf+3
 11511     04FB  0023               	movlb	3	; select bank3
 11512     04FC  0850               	movf	DispNormal@digital^(0+384),w
 11513     04FD  0020               	movlb	0	; select bank0
 11514     04FE  00DE               	movwf	??_DispNormal+2
 11515     04FF  01DF               	clrf	??_DispNormal+3
 11516     0500  085E               	movf	??_DispNormal+2,w
 11517     0501  00C0               	movwf	?_sprintf+4
 11518     0502  085F               	movf	??_DispNormal+3,w
 11519     0503  00C1               	movwf	?_sprintf+5
 11520     0504  0023               	movlb	3	; select bank3
 11521     0505  0851               	movf	(DispNormal@digital^(0+384)+1),w
 11522     0506  0020               	movlb	0	; select bank0
 11523     0507  00E0               	movwf	??_DispNormal+4
 11524     0508  01E1               	clrf	??_DispNormal+5
 11525     0509  0860               	movf	??_DispNormal+4,w
 11526     050A  00C2               	movwf	?_sprintf+6
 11527     050B  0861               	movf	??_DispNormal+5,w
 11528     050C  00C3               	movwf	?_sprintf+7
 11529     050D  0023               	movlb	3	; select bank3
 11530     050E  0852               	movf	(DispNormal@digital^(0+384)+2),w
 11531     050F  0020               	movlb	0	; select bank0
 11532     0510  00E2               	movwf	??_DispNormal+6
 11533     0511  01E3               	clrf	??_DispNormal+7
 11534     0512  0862               	movf	??_DispNormal+6,w
 11535     0513  00C4               	movwf	?_sprintf+8
 11536     0514  0863               	movf	??_DispNormal+7,w
 11537     0515  00C5               	movwf	?_sprintf+9
 11538     0516  0023               	movlb	3	; select bank3
 11539     0517  0853               	movf	(DispNormal@digital^(0+384)+3),w
 11540     0518  0020               	movlb	0	; select bank0
 11541     0519  00E4               	movwf	??_DispNormal+8
 11542     051A  01E5               	clrf	??_DispNormal+9
 11543     051B  0864               	movf	??_DispNormal+8,w
 11544     051C  00C6               	movwf	?_sprintf+10
 11545     051D  0865               	movf	??_DispNormal+9,w
 11546     051E  00C7               	movwf	?_sprintf+11
 11547     051F  30CD               	movlw	low DispNormal@temp_str
 11548     0520  00C8               	movwf	low ((?_sprintf| 0+12))
 11549     0521  3001               	movlw	high DispNormal@temp_str
 11550     0522  00C9               	movwf	(low ((?_sprintf| 0+12))+1)
 11551     0523  085B               	movf	DispNormal@buf,w
 11552     0524  3189  213C  3184   	fcall	_sprintf
 11553                           
 11554                           ;RelayControl.c: 128:     break;
 11555     0527  2D6D               	goto	l771
 11556     0528                     l5752:
 11557                           
 11558                           ;RelayControl.c: 131:     sprintf(buf, "T%d:%d%d.%d%dS    %s", n, digital[0], digital[1]
      +                          , digital[2],
 11559     0528  304A               	movlw	low (STR_6| (0+32768))
 11560     0529  0020               	movlb	0	; select bank0
 11561     052A  00BC               	movwf	sprintf@fmt
 11562     052B  3090               	movlw	high (STR_6| (0+32768))
 11563     052C  00BD               	movwf	sprintf@fmt+1
 11564     052D  0858               	movf	DispNormal@n,w
 11565     052E  00DC               	movwf	??_DispNormal
 11566     052F  01DD               	clrf	??_DispNormal+1
 11567     0530  085C               	movf	??_DispNormal,w
 11568     0531  00BE               	movwf	?_sprintf+2
 11569     0532  085D               	movf	??_DispNormal+1,w
 11570     0533  00BF               	movwf	?_sprintf+3
 11571     0534  0023               	movlb	3	; select bank3
 11572     0535  0850               	movf	DispNormal@digital^(0+384),w
 11573     0536  0020               	movlb	0	; select bank0
 11574     0537  00DE               	movwf	??_DispNormal+2
 11575     0538  01DF               	clrf	??_DispNormal+3
 11576     0539  085E               	movf	??_DispNormal+2,w
 11577     053A  00C0               	movwf	?_sprintf+4
 11578     053B  085F               	movf	??_DispNormal+3,w
 11579     053C  00C1               	movwf	?_sprintf+5
 11580     053D  0023               	movlb	3	; select bank3
 11581     053E  0851               	movf	(DispNormal@digital^(0+384)+1),w
 11582     053F  0020               	movlb	0	; select bank0
 11583     0540  00E0               	movwf	??_DispNormal+4
 11584     0541  01E1               	clrf	??_DispNormal+5
 11585     0542  0860               	movf	??_DispNormal+4,w
 11586     0543  00C2               	movwf	?_sprintf+6
 11587     0544  0861               	movf	??_DispNormal+5,w
 11588     0545  00C3               	movwf	?_sprintf+7
 11589     0546  0023               	movlb	3	; select bank3
 11590     0547  0852               	movf	(DispNormal@digital^(0+384)+2),w
 11591     0548  0020               	movlb	0	; select bank0
 11592     0549  00E2               	movwf	??_DispNormal+6
 11593     054A  01E3               	clrf	??_DispNormal+7
 11594     054B  0862               	movf	??_DispNormal+6,w
 11595     054C  00C4               	movwf	?_sprintf+8
 11596     054D  0863               	movf	??_DispNormal+7,w
 11597     054E  00C5               	movwf	?_sprintf+9
 11598     054F  0023               	movlb	3	; select bank3
 11599     0550  0853               	movf	(DispNormal@digital^(0+384)+3),w
 11600     0551  0020               	movlb	0	; select bank0
 11601     0552  00E4               	movwf	??_DispNormal+8
 11602     0553  01E5               	clrf	??_DispNormal+9
 11603     0554  0864               	movf	??_DispNormal+8,w
 11604     0555  00C6               	movwf	?_sprintf+10
 11605     0556  0865               	movf	??_DispNormal+9,w
 11606     0557  00C7               	movwf	?_sprintf+11
 11607     0558  30CD               	movlw	low DispNormal@temp_str
 11608     0559  00C8               	movwf	low ((?_sprintf| 0+12))
 11609     055A  3001               	movlw	high DispNormal@temp_str
 11610     055B  00C9               	movwf	(low ((?_sprintf| 0+12))+1)
 11611     055C  085B               	movf	DispNormal@buf,w
 11612     055D  3189  213C  3184   	fcall	_sprintf
 11613                           
 11614                           ;RelayControl.c: 133:     break;
 11615     0560  2D6D               	goto	l771
 11616     0561                     l5756:
 11617     0561  0023               	movlb	3	; select bank3
 11618     0562  084C               	movf	DispNormal@mode^(0+384),w
 11619                           
 11620                           ; Switch size 1, requested type "simple"
 11621                           ; Number of cases is 3, Range of values is 1 to 3
 11622                           ; switch strategies available:
 11623                           ; Name         Instructions Cycles
 11624                           ; simple_byte           10     6 (average)
 11625                           ; direct_byte           15     9 (fixed)
 11626                           ; jumptable            263     9 (fixed)
 11627                           ;	Chosen strategy is simple_byte
 11628     0563  3A01               	xorlw	1	; case 1
 11629     0564  1903               	skipnz
 11630     0565  2CB6               	goto	l5748
 11631     0566  3A03               	xorlw	3	; case 2
 11632     0567  1903               	skipnz
 11633     0568  2CEF               	goto	l5750
 11634     0569  3A01               	xorlw	1	; case 3
 11635     056A  1903               	skipnz
 11636     056B  2D28               	goto	l5752
 11637     056C  2D6D               	goto	l771
 11638     056D                     l771:
 11639     056D  0008               	return
 11640     056E                     __end_of_DispNormal:
 11641                           
 11642                           	psect	text75
 11643     0BE1                     __ptext75:	
 11644 ;; *************** function _strncpy *****************
 11645 ;; Defined at:
 11646 ;;		line 3 in file "C:\Program Files\Microchip\xc8\v2.46\pic\sources\c99\common\strncpy.c"
 11647 ;; Parameters:    Size  Location     Type
 11648 ;;  d               2    2[COMMON] PTR unsigned char 
 11649 ;;		 -> DispTimeAdjustment@temp_str(3), DispNormal@temp_str(3), RelayState_buf(3), 
 11650 ;;  s               2    4[COMMON] PTR const unsigned char 
 11651 ;;		 -> STR_14(4), STR_13(4), STR_12(4), STR_10(4), 
 11652 ;;		 -> STR_3(4), STR_2(4), RelayState_buf(3), 
 11653 ;;  n               2    6[COMMON] unsigned int 
 11654 ;; Auto vars:     Size  Location     Type
 11655 ;;  cp              2    8[COMMON] PTR unsigned char 
 11656 ;;		 -> DispTimeAdjustment@temp_str(3), DispNormal@temp_str(3), RelayState_buf(3), 
 11657 ;; Return value:  Size  Location     Type
 11658 ;;                  2    2[COMMON] PTR unsigned char 
 11659 ;; Registers used:
 11660 ;;		wreg, fsr0l, fsr0h, fsr1l, fsr1h, status,2, status,0, pclath
 11661 ;; Tracked objects:
 11662 ;;		On entry : 0/0
 11663 ;;		On exit  : 0/0
 11664 ;;		Unchanged: 0/0
 11665 ;; Data sizes:     COMMON   BANK0   BANK1   BANK2   BANK3   BANK4   BANK5   BANK6
 11666 ;;      Params:         6       0       0       0       0       0       0       0
 11667 ;;      Locals:         2       0       0       0       0       0       0       0
 11668 ;;      Temps:          0       4       0       0       0       0       0       0
 11669 ;;      Totals:         8       4       0       0       0       0       0       0
 11670 ;;Total ram usage:       12 bytes
 11671 ;; Hardware stack levels used: 1
 11672 ;; Hardware stack levels required when called: 4
 11673 ;; This function calls:
 11674 ;;		Nothing
 11675 ;; This function is called by:
 11676 ;;		_RelayControl_Init
 11677 ;;		_DispNormal
 11678 ;;		_DispTimeAdjustment
 11679 ;;		_Normal
 11680 ;; This function uses a non-reentrant model
 11681 ;;
 11682                           
 11683     0BE1                     _strncpy:	
 11684                           ;psect for function _strncpy
 11685                           
 11686     0BE1                     l5690:	
 11687                           ;incstack = 0
 11688                           ; Regs used in _strncpy: [wreg-fsr1h+status,2+status,0+pclath]
 11689                           
 11690     0BE1  0873               	movf	strncpy@d+1,w
 11691     0BE2  00F9               	movwf	strncpy@cp+1
 11692     0BE3  0872               	movf	strncpy@d,w
 11693     0BE4  00F8               	movwf	strncpy@cp
 11694     0BE5  2C09               	goto	l5698
 11695     0BE6                     l5692:
 11696     0BE6  3001               	movlw	1
 11697     0BE7  02F6               	subwf	strncpy@n,f
 11698     0BE8  3000               	movlw	0
 11699     0BE9  3BF7               	subwfb	strncpy@n+1,f
 11700     0BEA                     l5694:
 11701     0BEA  0879               	movf	strncpy@cp+1,w
 11702     0BEB  0020               	movlb	0	; select bank0
 11703     0BEC  00A1               	movwf	??_strncpy+1
 11704     0BED  0878               	movf	strncpy@cp,w
 11705     0BEE  00A0               	movwf	??_strncpy
 11706     0BEF  0AF8               	incf	strncpy@cp,f
 11707     0BF0  1903               	skipnz
 11708     0BF1  0AF9               	incf	strncpy@cp+1,f
 11709     0BF2  0820               	movf	??_strncpy,w
 11710     0BF3  0086               	movwf	6
 11711     0BF4  0821               	movf	??_strncpy+1,w
 11712     0BF5  0087               	movwf	7
 11713     0BF6  0875               	movf	strncpy@s+1,w
 11714     0BF7  00A3               	movwf	??_strncpy+3
 11715     0BF8  0874               	movf	strncpy@s,w
 11716     0BF9  00A2               	movwf	??_strncpy+2
 11717     0BFA  0AF4               	incf	strncpy@s,f
 11718     0BFB  1903               	skipnz
 11719     0BFC  0AF5               	incf	strncpy@s+1,f
 11720     0BFD  0822               	movf	??_strncpy+2,w
 11721     0BFE  0084               	movwf	4
 11722     0BFF  0823               	movf	??_strncpy+3,w
 11723     0C00  0085               	movwf	5
 11724     0C01  0800               	movf	0,w	;code access
 11725     0C02  3FC0               	movwi [0]fsr1
 11726     0C03  0889               	movf	9,f
 11727     0C04  1D03               	btfss	3,2
 11728     0C05  2C07               	goto	u4651
 11729     0C06  2C08               	goto	u4650
 11730     0C07                     u4651:
 11731     0C07  2C09               	goto	l5698
 11732     0C08                     u4650:
 11733     0C08  2C19               	goto	l5704
 11734     0C09                     l5698:
 11735     0C09  0876               	movf	strncpy@n,w
 11736     0C0A  0477               	iorwf	strncpy@n+1,w
 11737     0C0B  1D03               	btfss	3,2
 11738     0C0C  2C0E               	goto	u4661
 11739     0C0D  2C0F               	goto	u4660
 11740     0C0E                     u4661:
 11741     0C0E  2BE6               	goto	l5692
 11742     0C0F                     u4660:
 11743     0C0F  2C19               	goto	l5704
 11744     0C10                     l5700:
 11745     0C10  0878               	movf	strncpy@cp,w
 11746     0C11  0086               	movwf	6
 11747     0C12  0879               	movf	strncpy@cp+1,w
 11748     0C13  0087               	movwf	7
 11749     0C14  0181               	clrf	1
 11750     0C15                     l5702:
 11751     0C15  3001               	movlw	1
 11752     0C16  07F8               	addwf	strncpy@cp,f
 11753     0C17  3000               	movlw	0
 11754     0C18  3DF9               	addwfc	strncpy@cp+1,f
 11755     0C19                     l5704:
 11756     0C19  3001               	movlw	1
 11757     0C1A  02F6               	subwf	strncpy@n,f
 11758     0C1B  3000               	movlw	0
 11759     0C1C  3BF7               	subwfb	strncpy@n+1,f
 11760     0C1D  0A76               	incf	strncpy@n,w
 11761     0C1E  1D03               	skipz
 11762     0C1F  2C24               	goto	u4671
 11763     0C20  0A77               	incf	strncpy@n+1,w
 11764     0C21  1D03               	btfss	3,2
 11765     0C22  2C24               	goto	u4671
 11766     0C23  2C25               	goto	u4670
 11767     0C24                     u4671:
 11768     0C24  2C10               	goto	l5700
 11769     0C25                     u4670:
 11770     0C25                     l1612:
 11771     0C25  0008               	return
 11772     0C26                     __end_of_strncpy:
 11773                           
 11774                           	psect	text76
 11775     0650                     __ptext76:	
 11776 ;; *************** function _Number2Digital *****************
 11777 ;; Defined at:
 11778 ;;		line 77 in file "RelayControl.c"
 11779 ;; Parameters:    Size  Location     Type
 11780 ;;  Num             2    0[BANK0 ] unsigned short 
 11781 ;;  digiNum         2    2[BANK0 ] PTR unsigned char 
 11782 ;;		 -> SetTimer2_digi(4), SetTimer1_digi(4), DispNormal@digital(4), 
 11783 ;; Auto vars:     Size  Location     Type
 11784 ;;  temp            2    7[BANK0 ] unsigned short 
 11785 ;; Return value:  Size  Location     Type
 11786 ;;                  1    wreg      void 
 11787 ;; Registers used:
 11788 ;;		wreg, fsr1l, fsr1h, status,2, status,0, pclath, cstack
 11789 ;; Tracked objects:
 11790 ;;		On entry : 0/0
 11791 ;;		On exit  : 0/0
 11792 ;;		Unchanged: 0/0
 11793 ;; Data sizes:     COMMON   BANK0   BANK1   BANK2   BANK3   BANK4   BANK5   BANK6
 11794 ;;      Params:         0       4       0       0       0       0       0       0
 11795 ;;      Locals:         0       2       0       0       0       0       0       0
 11796 ;;      Temps:          0       3       0       0       0       0       0       0
 11797 ;;      Totals:         0       9       0       0       0       0       0       0
 11798 ;;Total ram usage:        9 bytes
 11799 ;; Hardware stack levels used: 1
 11800 ;; Hardware stack levels required when called: 5
 11801 ;; This function calls:
 11802 ;;		___lwdiv
 11803 ;;		___lwmod
 11804 ;;		___wmul
 11805 ;; This function is called by:
 11806 ;;		_DispNormal
 11807 ;;		_FunctionSet
 11808 ;; This function uses a non-reentrant model
 11809 ;;
 11810                           
 11811     0650                     _Number2Digital:	
 11812                           ;psect for function _Number2Digital
 11813                           
 11814     0650                     l5706:	
 11815                           ;incstack = 0
 11816                           ; Regs used in _Number2Digital: [wreg+fsr1l+fsr1h+status,2+status,0+pclath+cstack]
 11817                           
 11818     0650                     l5708:
 11819                           
 11820                           ;RelayControl.c: 79:   temp = Num / 1000;
 11821     0650  30E8               	movlw	232
 11822     0651  00F2               	movwf	___lwdiv@divisor
 11823     0652  3003               	movlw	3
 11824     0653  00F3               	movwf	___lwdiv@divisor+1
 11825     0654  0020               	movlb	0	; select bank0
 11826     0655  0821               	movf	Number2Digital@Num+1,w
 11827     0656  00F5               	movwf	___lwdiv@dividend+1
 11828     0657  0820               	movf	Number2Digital@Num,w
 11829     0658  00F4               	movwf	___lwdiv@dividend
 11830     0659  318B  23A5  3186   	fcall	___lwdiv
 11831     065C  0873               	movf	?___lwdiv+1,w
 11832     065D  0020               	movlb	0	; select bank0
 11833     065E  00A8               	movwf	Number2Digital@temp+1
 11834     065F  0872               	movf	?___lwdiv,w
 11835     0660  00A7               	movwf	Number2Digital@temp
 11836     0661                     l5710:
 11837                           
 11838                           ;RelayControl.c: 80:   digiNum[0] = (uint8_t)temp;
 11839     0661  0822               	movf	Number2Digital@digiNum,w
 11840     0662  0086               	movwf	6
 11841     0663  0823               	movf	Number2Digital@digiNum+1,w
 11842     0664  0087               	movwf	7
 11843     0665  0827               	movf	Number2Digital@temp,w
 11844     0666  0081               	movwf	1
 11845     0667                     l5712:
 11846                           
 11847                           ;RelayControl.c: 81:   Num = Num - (temp * 1000);
 11848     0667  0828               	movf	Number2Digital@temp+1,w
 11849     0668  00F3               	movwf	___wmul@multiplier+1
 11850     0669  0827               	movf	Number2Digital@temp,w
 11851     066A  00F2               	movwf	___wmul@multiplier
 11852     066B  3018               	movlw	24
 11853     066C  00F4               	movwf	___wmul@multiplicand
 11854     066D  30FC               	movlw	252
 11855     066E  00F5               	movwf	___wmul@multiplicand+1
 11856     066F  3189  2178  3186   	fcall	___wmul
 11857     0672  0020               	movlb	0	; select bank0
 11858     0673  0820               	movf	Number2Digital@Num,w
 11859     0674  0772               	addwf	?___wmul,w
 11860     0675  00A0               	movwf	Number2Digital@Num
 11861     0676  0821               	movf	Number2Digital@Num+1,w
 11862     0677  3D73               	addwfc	?___wmul+1,w
 11863     0678  00A1               	movwf	Number2Digital@Num+1
 11864     0679                     l5714:
 11865                           
 11866                           ;RelayControl.c: 83:   temp = Num / 100;
 11867     0679  3064               	movlw	100
 11868     067A  00F2               	movwf	___lwdiv@divisor
 11869     067B  3000               	movlw	0
 11870     067C  00F3               	movwf	___lwdiv@divisor+1
 11871     067D  0821               	movf	Number2Digital@Num+1,w
 11872     067E  00F5               	movwf	___lwdiv@dividend+1
 11873     067F  0820               	movf	Number2Digital@Num,w
 11874     0680  00F4               	movwf	___lwdiv@dividend
 11875     0681  318B  23A5  3186   	fcall	___lwdiv
 11876     0684  0873               	movf	?___lwdiv+1,w
 11877     0685  0020               	movlb	0	; select bank0
 11878     0686  00A8               	movwf	Number2Digital@temp+1
 11879     0687  0872               	movf	?___lwdiv,w
 11880     0688  00A7               	movwf	Number2Digital@temp
 11881     0689                     l5716:
 11882                           
 11883                           ;RelayControl.c: 84:   digiNum[1] = (uint8_t)temp;
 11884     0689  0822               	movf	Number2Digital@digiNum,w
 11885     068A  3E01               	addlw	1
 11886     068B  00A4               	movwf	??_Number2Digital
 11887     068C  3000               	movlw	0
 11888     068D  3D23               	addwfc	Number2Digital@digiNum+1,w
 11889     068E  00A5               	movwf	??_Number2Digital+1
 11890     068F  0824               	movf	??_Number2Digital,w
 11891     0690  0086               	movwf	6
 11892     0691  0825               	movf	??_Number2Digital+1,w
 11893     0692  0087               	movwf	7
 11894     0693  0827               	movf	Number2Digital@temp,w
 11895     0694  0081               	movwf	1
 11896     0695                     l5718:
 11897                           
 11898                           ;RelayControl.c: 86:   Num = Num - (temp * 100);
 11899     0695  0828               	movf	Number2Digital@temp+1,w
 11900     0696  00F3               	movwf	___wmul@multiplier+1
 11901     0697  0827               	movf	Number2Digital@temp,w
 11902     0698  00F2               	movwf	___wmul@multiplier
 11903     0699  309C               	movlw	156
 11904     069A  00F4               	movwf	___wmul@multiplicand
 11905     069B  30FF               	movlw	255
 11906     069C  00F5               	movwf	___wmul@multiplicand+1
 11907     069D  3189  2178  3186   	fcall	___wmul
 11908     06A0  0020               	movlb	0	; select bank0
 11909     06A1  0820               	movf	Number2Digital@Num,w
 11910     06A2  0772               	addwf	?___wmul,w
 11911     06A3  00A0               	movwf	Number2Digital@Num
 11912     06A4  0821               	movf	Number2Digital@Num+1,w
 11913     06A5  3D73               	addwfc	?___wmul+1,w
 11914     06A6  00A1               	movwf	Number2Digital@Num+1
 11915     06A7                     l5720:
 11916                           
 11917                           ;RelayControl.c: 88:   temp = Num / 10;
 11918     06A7  300A               	movlw	10
 11919     06A8  00F2               	movwf	___lwdiv@divisor
 11920     06A9  3000               	movlw	0
 11921     06AA  00F3               	movwf	___lwdiv@divisor+1
 11922     06AB  0821               	movf	Number2Digital@Num+1,w
 11923     06AC  00F5               	movwf	___lwdiv@dividend+1
 11924     06AD  0820               	movf	Number2Digital@Num,w
 11925     06AE  00F4               	movwf	___lwdiv@dividend
 11926     06AF  318B  23A5  3186   	fcall	___lwdiv
 11927     06B2  0873               	movf	?___lwdiv+1,w
 11928     06B3  0020               	movlb	0	; select bank0
 11929     06B4  00A8               	movwf	Number2Digital@temp+1
 11930     06B5  0872               	movf	?___lwdiv,w
 11931     06B6  00A7               	movwf	Number2Digital@temp
 11932     06B7                     l5722:
 11933                           
 11934                           ;RelayControl.c: 89:   digiNum[2] = (uint8_t)temp;
 11935     06B7  0822               	movf	Number2Digital@digiNum,w
 11936     06B8  3E02               	addlw	2
 11937     06B9  00A4               	movwf	??_Number2Digital
 11938     06BA  3000               	movlw	0
 11939     06BB  3D23               	addwfc	Number2Digital@digiNum+1,w
 11940     06BC  00A5               	movwf	??_Number2Digital+1
 11941     06BD  0824               	movf	??_Number2Digital,w
 11942     06BE  0086               	movwf	6
 11943     06BF  0825               	movf	??_Number2Digital+1,w
 11944     06C0  0087               	movwf	7
 11945     06C1  0827               	movf	Number2Digital@temp,w
 11946     06C2  0081               	movwf	1
 11947     06C3                     l5724:
 11948                           
 11949                           ;RelayControl.c: 91:   digiNum[3] = (uint8_t)(Num % 10);
 11950     06C3  300A               	movlw	10
 11951     06C4  00F2               	movwf	___lwmod@divisor
 11952     06C5  3000               	movlw	0
 11953     06C6  00F3               	movwf	___lwmod@divisor+1
 11954     06C7  0821               	movf	Number2Digital@Num+1,w
 11955     06C8  00F5               	movwf	___lwmod@dividend+1
 11956     06C9  0820               	movf	Number2Digital@Num,w
 11957     06CA  00F4               	movwf	___lwmod@dividend
 11958     06CB  318B  233B  3186   	fcall	___lwmod
 11959     06CE  0872               	movf	?___lwmod,w
 11960     06CF  0020               	movlb	0	; select bank0
 11961     06D0  00A4               	movwf	??_Number2Digital
 11962     06D1  0822               	movf	Number2Digital@digiNum,w
 11963     06D2  3E03               	addlw	3
 11964     06D3  00A5               	movwf	??_Number2Digital+1
 11965     06D4  3000               	movlw	0
 11966     06D5  3D23               	addwfc	Number2Digital@digiNum+1,w
 11967     06D6  00A6               	movwf	??_Number2Digital+2
 11968     06D7  0825               	movf	??_Number2Digital+1,w
 11969     06D8  0086               	movwf	6
 11970     06D9  0826               	movf	??_Number2Digital+2,w
 11971     06DA  0087               	movwf	7
 11972     06DB  0824               	movf	??_Number2Digital,w
 11973     06DC  0081               	movwf	1
 11974     06DD                     l753:
 11975     06DD  0008               	return
 11976     06DE                     __end_of_Number2Digital:
 11977                           
 11978                           	psect	text77
 11979     0978                     __ptext77:	
 11980 ;; *************** function ___wmul *****************
 11981 ;; Defined at:
 11982 ;;		line 15 in file "C:\Program Files\Microchip\xc8\v2.46\pic\sources\c99\common\Umul16.c"
 11983 ;; Parameters:    Size  Location     Type
 11984 ;;  multiplier      2    2[COMMON] unsigned int 
 11985 ;;  multiplicand    2    4[COMMON] unsigned int 
 11986 ;; Auto vars:     Size  Location     Type
 11987 ;;  product         2    6[COMMON] unsigned int 
 11988 ;; Return value:  Size  Location     Type
 11989 ;;                  2    2[COMMON] unsigned int 
 11990 ;; Registers used:
 11991 ;;		wreg, status,2, status,0
 11992 ;; Tracked objects:
 11993 ;;		On entry : 0/0
 11994 ;;		On exit  : 0/0
 11995 ;;		Unchanged: 0/0
 11996 ;; Data sizes:     COMMON   BANK0   BANK1   BANK2   BANK3   BANK4   BANK5   BANK6
 11997 ;;      Params:         4       0       0       0       0       0       0       0
 11998 ;;      Locals:         2       0       0       0       0       0       0       0
 11999 ;;      Temps:          0       0       0       0       0       0       0       0
 12000 ;;      Totals:         6       0       0       0       0       0       0       0
 12001 ;;Total ram usage:        6 bytes
 12002 ;; Hardware stack levels used: 1
 12003 ;; Hardware stack levels required when called: 4
 12004 ;; This function calls:
 12005 ;;		Nothing
 12006 ;; This function is called by:
 12007 ;;		_KEY_Init
 12008 ;;		_KEY_ScanAll
 12009 ;;		_Number2Digital
 12010 ;;		_Digital2Number
 12011 ;; This function uses a non-reentrant model
 12012 ;;
 12013                           
 12014     0978                     ___wmul:	
 12015                           ;psect for function ___wmul
 12016                           
 12017     0978                     l4840:	
 12018                           ;incstack = 0
 12019                           ; Regs used in ___wmul: [wreg+status,2+status,0]
 12020                           
 12021     0978  01F6               	clrf	___wmul@product
 12022     0979  01F7               	clrf	___wmul@product+1
 12023     097A                     l4842:
 12024     097A  1C72               	btfss	___wmul@multiplier,0
 12025     097B  297D               	goto	u3491
 12026     097C  297E               	goto	u3490
 12027     097D                     u3491:
 12028     097D  2982               	goto	l1058
 12029     097E                     u3490:
 12030     097E                     l4844:
 12031     097E  0874               	movf	___wmul@multiplicand,w
 12032     097F  07F6               	addwf	___wmul@product,f
 12033     0980  0875               	movf	___wmul@multiplicand+1,w
 12034     0981  3DF7               	addwfc	___wmul@product+1,f
 12035     0982                     l1058:
 12036     0982  3001               	movlw	1
 12037     0983                     u3505:
 12038     0983  35F4               	lslf	___wmul@multiplicand,f
 12039     0984  0DF5               	rlf	___wmul@multiplicand+1,f
 12040     0985  0B89               	decfsz	9,f
 12041     0986  2983               	goto	u3505
 12042     0987                     l4846:
 12043     0987  3001               	movlw	1
 12044     0988                     u3515:
 12045     0988  36F3               	lsrf	___wmul@multiplier+1,f
 12046     0989  0CF2               	rrf	___wmul@multiplier,f
 12047     098A  0B89               	decfsz	9,f
 12048     098B  2988               	goto	u3515
 12049     098C                     l4848:
 12050     098C  0872               	movf	___wmul@multiplier,w
 12051     098D  0473               	iorwf	___wmul@multiplier+1,w
 12052     098E  1D03               	btfss	3,2
 12053     098F  2991               	goto	u3521
 12054     0990  2992               	goto	u3520
 12055     0991                     u3521:
 12056     0991  297A               	goto	l4842
 12057     0992                     u3520:
 12058     0992                     l4850:
 12059     0992  0877               	movf	___wmul@product+1,w
 12060     0993  00F3               	movwf	?___wmul+1
 12061     0994  0876               	movf	___wmul@product,w
 12062     0995  00F2               	movwf	?___wmul
 12063     0996                     l1060:
 12064     0996  0008               	return
 12065     0997                     __end_of___wmul:
 12066                           
 12067                           	psect	text78
 12068     0B3B                     __ptext78:	
 12069 ;; *************** function ___lwmod *****************
 12070 ;; Defined at:
 12071 ;;		line 5 in file "C:\Program Files\Microchip\xc8\v2.46\pic\sources\c99\common\lwmod.c"
 12072 ;; Parameters:    Size  Location     Type
 12073 ;;  divisor         2    2[COMMON] unsigned int 
 12074 ;;  dividend        2    4[COMMON] unsigned int 
 12075 ;; Auto vars:     Size  Location     Type
 12076 ;;  counter         1    7[COMMON] unsigned char 
 12077 ;; Return value:  Size  Location     Type
 12078 ;;                  2    2[COMMON] unsigned int 
 12079 ;; Registers used:
 12080 ;;		wreg, status,2, status,0
 12081 ;; Tracked objects:
 12082 ;;		On entry : 0/0
 12083 ;;		On exit  : 0/0
 12084 ;;		Unchanged: 0/0
 12085 ;; Data sizes:     COMMON   BANK0   BANK1   BANK2   BANK3   BANK4   BANK5   BANK6
 12086 ;;      Params:         4       0       0       0       0       0       0       0
 12087 ;;      Locals:         1       0       0       0       0       0       0       0
 12088 ;;      Temps:          1       0       0       0       0       0       0       0
 12089 ;;      Totals:         6       0       0       0       0       0       0       0
 12090 ;;Total ram usage:        6 bytes
 12091 ;; Hardware stack levels used: 1
 12092 ;; Hardware stack levels required when called: 4
 12093 ;; This function calls:
 12094 ;;		Nothing
 12095 ;; This function is called by:
 12096 ;;		_Number2Digital
 12097 ;; This function uses a non-reentrant model
 12098 ;;
 12099                           
 12100     0B3B                     ___lwmod:	
 12101                           ;psect for function ___lwmod
 12102                           
 12103     0B3B                     l4880:	
 12104                           ;incstack = 0
 12105                           ; Regs used in ___lwmod: [wreg+status,2+status,0]
 12106                           
 12107     0B3B  0872               	movf	___lwmod@divisor,w
 12108     0B3C  0473               	iorwf	___lwmod@divisor+1,w
 12109     0B3D  1903               	btfsc	3,2
 12110     0B3E  2B40               	goto	u3601
 12111     0B3F  2B41               	goto	u3600
 12112     0B40                     u3601:
 12113     0B40  2B6A               	goto	l4898
 12114     0B41                     u3600:
 12115     0B41                     l4882:
 12116     0B41  01F7               	clrf	___lwmod@counter
 12117     0B42  0AF7               	incf	___lwmod@counter,f
 12118     0B43  2B4D               	goto	l4888
 12119     0B44                     l4884:
 12120     0B44  3001               	movlw	1
 12121     0B45                     u3615:
 12122     0B45  35F2               	lslf	___lwmod@divisor,f
 12123     0B46  0DF3               	rlf	___lwmod@divisor+1,f
 12124     0B47  0B89               	decfsz	9,f
 12125     0B48  2B45               	goto	u3615
 12126     0B49                     l4886:
 12127     0B49  3001               	movlw	1
 12128     0B4A  00F6               	movwf	??___lwmod
 12129     0B4B  0876               	movf	??___lwmod,w
 12130     0B4C  07F7               	addwf	___lwmod@counter,f
 12131     0B4D                     l4888:
 12132     0B4D  1FF3               	btfss	___lwmod@divisor+1,7
 12133     0B4E  2B50               	goto	u3621
 12134     0B4F  2B51               	goto	u3620
 12135     0B50                     u3621:
 12136     0B50  2B44               	goto	l4884
 12137     0B51                     u3620:
 12138     0B51                     l4890:
 12139     0B51  0873               	movf	___lwmod@divisor+1,w
 12140     0B52  0275               	subwf	___lwmod@dividend+1,w
 12141     0B53  1D03               	skipz
 12142     0B54  2B57               	goto	u3635
 12143     0B55  0872               	movf	___lwmod@divisor,w
 12144     0B56  0274               	subwf	___lwmod@dividend,w
 12145     0B57                     u3635:
 12146     0B57  1C03               	skipc
 12147     0B58  2B5A               	goto	u3631
 12148     0B59  2B5B               	goto	u3630
 12149     0B5A                     u3631:
 12150     0B5A  2B5F               	goto	l4894
 12151     0B5B                     u3630:
 12152     0B5B                     l4892:
 12153     0B5B  0872               	movf	___lwmod@divisor,w
 12154     0B5C  02F4               	subwf	___lwmod@dividend,f
 12155     0B5D  0873               	movf	___lwmod@divisor+1,w
 12156     0B5E  3BF5               	subwfb	___lwmod@dividend+1,f
 12157     0B5F                     l4894:
 12158     0B5F  3001               	movlw	1
 12159     0B60                     u3645:
 12160     0B60  36F3               	lsrf	___lwmod@divisor+1,f
 12161     0B61  0CF2               	rrf	___lwmod@divisor,f
 12162     0B62  0B89               	decfsz	9,f
 12163     0B63  2B60               	goto	u3645
 12164     0B64                     l4896:
 12165     0B64  3001               	movlw	1
 12166     0B65  02F7               	subwf	___lwmod@counter,f
 12167     0B66  1D03               	btfss	3,2
 12168     0B67  2B69               	goto	u3651
 12169     0B68  2B6A               	goto	u3650
 12170     0B69                     u3651:
 12171     0B69  2B51               	goto	l4890
 12172     0B6A                     u3650:
 12173     0B6A                     l4898:
 12174     0B6A  0875               	movf	___lwmod@dividend+1,w
 12175     0B6B  00F3               	movwf	?___lwmod+1
 12176     0B6C  0874               	movf	___lwmod@dividend,w
 12177     0B6D  00F2               	movwf	?___lwmod
 12178     0B6E                     l1348:
 12179     0B6E  0008               	return
 12180     0B6F                     __end_of___lwmod:
 12181                           
 12182                           	psect	text79
 12183     0BA5                     __ptext79:	
 12184 ;; *************** function ___lwdiv *****************
 12185 ;; Defined at:
 12186 ;;		line 5 in file "C:\Program Files\Microchip\xc8\v2.46\pic\sources\c99\common\lwdiv.c"
 12187 ;; Parameters:    Size  Location     Type
 12188 ;;  divisor         2    2[COMMON] unsigned int 
 12189 ;;  dividend        2    4[COMMON] unsigned int 
 12190 ;; Auto vars:     Size  Location     Type
 12191 ;;  quotient        2    8[COMMON] unsigned int 
 12192 ;;  counter         1    7[COMMON] unsigned char 
 12193 ;; Return value:  Size  Location     Type
 12194 ;;                  2    2[COMMON] unsigned int 
 12195 ;; Registers used:
 12196 ;;		wreg, status,2, status,0
 12197 ;; Tracked objects:
 12198 ;;		On entry : 0/0
 12199 ;;		On exit  : 0/0
 12200 ;;		Unchanged: 0/0
 12201 ;; Data sizes:     COMMON   BANK0   BANK1   BANK2   BANK3   BANK4   BANK5   BANK6
 12202 ;;      Params:         4       0       0       0       0       0       0       0
 12203 ;;      Locals:         3       0       0       0       0       0       0       0
 12204 ;;      Temps:          1       0       0       0       0       0       0       0
 12205 ;;      Totals:         8       0       0       0       0       0       0       0
 12206 ;;Total ram usage:        8 bytes
 12207 ;; Hardware stack levels used: 1
 12208 ;; Hardware stack levels required when called: 4
 12209 ;; This function calls:
 12210 ;;		Nothing
 12211 ;; This function is called by:
 12212 ;;		_Number2Digital
 12213 ;; This function uses a non-reentrant model
 12214 ;;
 12215                           
 12216     0BA5                     ___lwdiv:	
 12217                           ;psect for function ___lwdiv
 12218                           
 12219     0BA5                     l4854:	
 12220                           ;incstack = 0
 12221                           ; Regs used in ___lwdiv: [wreg+status,2+status,0]
 12222                           
 12223     0BA5  01F8               	clrf	___lwdiv@quotient
 12224     0BA6  01F9               	clrf	___lwdiv@quotient+1
 12225     0BA7                     l4856:
 12226     0BA7  0872               	movf	___lwdiv@divisor,w
 12227     0BA8  0473               	iorwf	___lwdiv@divisor+1,w
 12228     0BA9  1903               	btfsc	3,2
 12229     0BAA  2BAC               	goto	u3531
 12230     0BAB  2BAD               	goto	u3530
 12231     0BAC                     u3531:
 12232     0BAC  2BDC               	goto	l4876
 12233     0BAD                     u3530:
 12234     0BAD                     l4858:
 12235     0BAD  01F7               	clrf	___lwdiv@counter
 12236     0BAE  0AF7               	incf	___lwdiv@counter,f
 12237     0BAF  2BB9               	goto	l4864
 12238     0BB0                     l4860:
 12239     0BB0  3001               	movlw	1
 12240     0BB1                     u3545:
 12241     0BB1  35F2               	lslf	___lwdiv@divisor,f
 12242     0BB2  0DF3               	rlf	___lwdiv@divisor+1,f
 12243     0BB3  0B89               	decfsz	9,f
 12244     0BB4  2BB1               	goto	u3545
 12245     0BB5                     l4862:
 12246     0BB5  3001               	movlw	1
 12247     0BB6  00F6               	movwf	??___lwdiv
 12248     0BB7  0876               	movf	??___lwdiv,w
 12249     0BB8  07F7               	addwf	___lwdiv@counter,f
 12250     0BB9                     l4864:
 12251     0BB9  1FF3               	btfss	___lwdiv@divisor+1,7
 12252     0BBA  2BBC               	goto	u3551
 12253     0BBB  2BBD               	goto	u3550
 12254     0BBC                     u3551:
 12255     0BBC  2BB0               	goto	l4860
 12256     0BBD                     u3550:
 12257     0BBD                     l4866:
 12258     0BBD  3001               	movlw	1
 12259     0BBE                     u3565:
 12260     0BBE  35F8               	lslf	___lwdiv@quotient,f
 12261     0BBF  0DF9               	rlf	___lwdiv@quotient+1,f
 12262     0BC0  0B89               	decfsz	9,f
 12263     0BC1  2BBE               	goto	u3565
 12264     0BC2  0873               	movf	___lwdiv@divisor+1,w
 12265     0BC3  0275               	subwf	___lwdiv@dividend+1,w
 12266     0BC4  1D03               	skipz
 12267     0BC5  2BC8               	goto	u3575
 12268     0BC6  0872               	movf	___lwdiv@divisor,w
 12269     0BC7  0274               	subwf	___lwdiv@dividend,w
 12270     0BC8                     u3575:
 12271     0BC8  1C03               	skipc
 12272     0BC9  2BCB               	goto	u3571
 12273     0BCA  2BCC               	goto	u3570
 12274     0BCB                     u3571:
 12275     0BCB  2BD1               	goto	l4872
 12276     0BCC                     u3570:
 12277     0BCC                     l4868:
 12278     0BCC  0872               	movf	___lwdiv@divisor,w
 12279     0BCD  02F4               	subwf	___lwdiv@dividend,f
 12280     0BCE  0873               	movf	___lwdiv@divisor+1,w
 12281     0BCF  3BF5               	subwfb	___lwdiv@dividend+1,f
 12282     0BD0                     l4870:
 12283     0BD0  1478               	bsf	___lwdiv@quotient,0
 12284     0BD1                     l4872:
 12285     0BD1  3001               	movlw	1
 12286     0BD2                     u3585:
 12287     0BD2  36F3               	lsrf	___lwdiv@divisor+1,f
 12288     0BD3  0CF2               	rrf	___lwdiv@divisor,f
 12289     0BD4  0B89               	decfsz	9,f
 12290     0BD5  2BD2               	goto	u3585
 12291     0BD6                     l4874:
 12292     0BD6  3001               	movlw	1
 12293     0BD7  02F7               	subwf	___lwdiv@counter,f
 12294     0BD8  1D03               	btfss	3,2
 12295     0BD9  2BDB               	goto	u3591
 12296     0BDA  2BDC               	goto	u3590
 12297     0BDB                     u3591:
 12298     0BDB  2BBD               	goto	l4866
 12299     0BDC                     u3590:
 12300     0BDC                     l4876:
 12301     0BDC  0879               	movf	___lwdiv@quotient+1,w
 12302     0BDD  00F3               	movwf	?___lwdiv+1
 12303     0BDE  0878               	movf	___lwdiv@quotient,w
 12304     0BDF  00F2               	movwf	?___lwdiv
 12305     0BE0                     l1338:
 12306     0BE0  0008               	return
 12307     0BE1                     __end_of___lwdiv:
 12308                           
 12309                           	psect	text80
 12310     0A27                     __ptext80:	
 12311 ;; *************** function _DispFunctionSet *****************
 12312 ;; Defined at:
 12313 ;;		line 139 in file "RelayControl.c"
 12314 ;; Parameters:    Size  Location     Type
 12315 ;;  mode            1    wreg     unsigned char 
 12316 ;;  n               1   56[BANK0 ] unsigned char 
 12317 ;;  Num             2   57[BANK0 ] unsigned short 
 12318 ;;  buf             1   59[BANK0 ] PTR unsigned char 
 12319 ;;		 -> buf(17), 
 12320 ;; Auto vars:     Size  Location     Type
 12321 ;;  mode            1   60[BANK0 ] unsigned char 
 12322 ;; Return value:  Size  Location     Type
 12323 ;;                  1    wreg      void 
 12324 ;; Registers used:
 12325 ;;		wreg, fsr0l, fsr0h, fsr1l, fsr1h, status,2, status,0, pclath, cstack
 12326 ;; Tracked objects:
 12327 ;;		On entry : 0/0
 12328 ;;		On exit  : 0/0
 12329 ;;		Unchanged: 0/0
 12330 ;; Data sizes:     COMMON   BANK0   BANK1   BANK2   BANK3   BANK4   BANK5   BANK6
 12331 ;;      Params:         0       4       0       0       0       0       0       0
 12332 ;;      Locals:         0       1       0       0       0       0       0       0
 12333 ;;      Temps:          0       0       0       0       0       0       0       0
 12334 ;;      Totals:         0       5       0       0       0       0       0       0
 12335 ;;Total ram usage:        5 bytes
 12336 ;; Hardware stack levels used: 1
 12337 ;; Hardware stack levels required when called: 9
 12338 ;; This function calls:
 12339 ;;		_sprintf
 12340 ;; This function is called by:
 12341 ;;		_main
 12342 ;; This function uses a non-reentrant model
 12343 ;;
 12344                           
 12345     0A27                     _DispFunctionSet:	
 12346                           ;psect for function _DispFunctionSet
 12347                           
 12348                           
 12349                           ;incstack = 0
 12350                           ; Regs used in _DispFunctionSet: [wreg-fsr1h+status,2+status,0+pclath+cstack]
 12351                           ;DispFunctionSet@mode stored from wreg
 12352     0A27  0020               	movlb	0	; select bank0
 12353     0A28  00DC               	movwf	DispFunctionSet@mode
 12354     0A29                     l5758:
 12355                           
 12356                           ;RelayControl.c: 141:   switch (mode) {
 12357     0A29  2A45               	goto	l5768
 12358     0A2A                     l5760:
 12359                           
 12360                           ;RelayControl.c: 144:     sprintf(buf, "Unit:1.00S");
 12361     0A2A  3011               	movlw	low (STR_7| (0+32768))
 12362     0A2B  00BC               	movwf	sprintf@fmt
 12363     0A2C  3098               	movlw	high (STR_7| (0+32768))
 12364     0A2D  00BD               	movwf	sprintf@fmt+1
 12365     0A2E  085B               	movf	DispFunctionSet@buf,w
 12366     0A2F  3189  213C  318A   	fcall	_sprintf
 12367                           
 12368                           ;RelayControl.c: 145:     break;
 12369     0A32  2A50               	goto	l780
 12370     0A33                     l5762:
 12371                           
 12372                           ;RelayControl.c: 148:     sprintf(buf, "Unit:0.10S");
 12373     0A33  301C               	movlw	low (STR_8| (0+32768))
 12374     0A34  00BC               	movwf	sprintf@fmt
 12375     0A35  3098               	movlw	high (STR_8| (0+32768))
 12376     0A36  00BD               	movwf	sprintf@fmt+1
 12377     0A37  085B               	movf	DispFunctionSet@buf,w
 12378     0A38  3189  213C  318A   	fcall	_sprintf
 12379                           
 12380                           ;RelayControl.c: 149:     break;
 12381     0A3B  2A50               	goto	l780
 12382     0A3C                     l5764:
 12383                           
 12384                           ;RelayControl.c: 152:     sprintf(buf, "Unit:0.01S");
 12385     0A3C  3027               	movlw	low (STR_9| (0+32768))
 12386     0A3D  00BC               	movwf	sprintf@fmt
 12387     0A3E  3098               	movlw	high (STR_9| (0+32768))
 12388     0A3F  00BD               	movwf	sprintf@fmt+1
 12389     0A40  085B               	movf	DispFunctionSet@buf,w
 12390     0A41  3189  213C  318A   	fcall	_sprintf
 12391                           
 12392                           ;RelayControl.c: 153:     break;
 12393     0A44  2A50               	goto	l780
 12394     0A45                     l5768:
 12395     0A45  085C               	movf	DispFunctionSet@mode,w
 12396                           
 12397                           ; Switch size 1, requested type "simple"
 12398                           ; Number of cases is 3, Range of values is 1 to 3
 12399                           ; switch strategies available:
 12400                           ; Name         Instructions Cycles
 12401                           ; simple_byte           10     6 (average)
 12402                           ; direct_byte           15     9 (fixed)
 12403                           ; jumptable            263     9 (fixed)
 12404                           ;	Chosen strategy is simple_byte
 12405     0A46  3A01               	xorlw	1	; case 1
 12406     0A47  1903               	skipnz
 12407     0A48  2A2A               	goto	l5760
 12408     0A49  3A03               	xorlw	3	; case 2
 12409     0A4A  1903               	skipnz
 12410     0A4B  2A33               	goto	l5762
 12411     0A4C  3A01               	xorlw	1	; case 3
 12412     0A4D  1903               	skipnz
 12413     0A4E  2A3C               	goto	l5764
 12414     0A4F  2A50               	goto	l780
 12415     0A50                     l780:
 12416     0A50  0008               	return
 12417     0A51                     __end_of_DispFunctionSet:
 12418                           
 12419                           	psect	text81
 12420     093C                     __ptext81:	
 12421 ;; *************** function _sprintf *****************
 12422 ;; Defined at:
 12423 ;;		line 9 in file "C:\Program Files\Microchip\xc8\v2.46\pic\sources\c99\common\nf_sprintf.c"
 12424 ;; Parameters:    Size  Location     Type
 12425 ;;  s               1    wreg     PTR unsigned char 
 12426 ;;		 -> buf(17), 
 12427 ;;  fmt             2   28[BANK0 ] PTR const unsigned char 
 12428 ;;		 -> STR_11(21), STR_9(11), STR_8(11), STR_7(11), 
 12429 ;;		 -> STR_6(21), STR_5(21), STR_4(21), STR_1(17), 
 12430 ;; Auto vars:     Size  Location     Type
 12431 ;;  s               1   55[BANK0 ] PTR unsigned char 
 12432 ;;		 -> buf(17), 
 12433 ;;  f              11   44[BANK0 ] struct _IO_FILE
 12434 ;;  ret             2    0        int 
 12435 ;;  ap              1   43[BANK0 ] PTR void [1]
 12436 ;;		 -> ?_sprintf(2), 
 12437 ;; Return value:  Size  Location     Type
 12438 ;;                  2   28[BANK0 ] int 
 12439 ;; Registers used:
 12440 ;;		wreg, fsr0l, fsr0h, fsr1l, fsr1h, status,2, status,0, pclath, cstack
 12441 ;; Tracked objects:
 12442 ;;		On entry : 0/0
 12443 ;;		On exit  : 0/0
 12444 ;;		Unchanged: 0/0
 12445 ;; Data sizes:     COMMON   BANK0   BANK1   BANK2   BANK3   BANK4   BANK5   BANK6
 12446 ;;      Params:         0      14       0       0       0       0       0       0
 12447 ;;      Locals:         0      13       0       0       0       0       0       0
 12448 ;;      Temps:          0       1       0       0       0       0       0       0
 12449 ;;      Totals:         0      28       0       0       0       0       0       0
 12450 ;;Total ram usage:       28 bytes
 12451 ;; Hardware stack levels used: 1
 12452 ;; Hardware stack levels required when called: 8
 12453 ;; This function calls:
 12454 ;;		_vfprintf
 12455 ;; This function is called by:
 12456 ;;		_main
 12457 ;;		_DispNormal
 12458 ;;		_DispFunctionSet
 12459 ;;		_DispTimeAdjustment
 12460 ;; This function uses a non-reentrant model
 12461 ;;
 12462                           
 12463     093C                     _sprintf:	
 12464                           ;psect for function _sprintf
 12465                           
 12466                           
 12467                           ;incstack = 0
 12468                           ; Regs used in _sprintf: [wreg-fsr1h+status,2+status,0+pclath+cstack]
 12469                           ;sprintf@s stored from wreg
 12470     093C  0020               	movlb	0	; select bank0
 12471     093D  00D7               	movwf	sprintf@s
 12472     093E                     l5678:
 12473     093E  303E               	movlw	(low ((?_sprintf| 0+2)))& (0+255)
 12474     093F  00CB               	movwf	sprintf@ap
 12475     0940  0857               	movf	sprintf@s,w
 12476     0941  00CC               	movwf	sprintf@f
 12477     0942                     l5680:
 12478     0942  01CE               	clrf	sprintf@f+2
 12479     0943  01CF               	clrf	sprintf@f+3
 12480     0944                     l5682:
 12481     0944  01D5               	clrf	sprintf@f+9
 12482     0945  01D6               	clrf	sprintf@f+10
 12483     0946                     l5684:
 12484     0946  083D               	movf	sprintf@fmt+1,w
 12485     0947  00B6               	movwf	vfprintf@fmt+1
 12486     0948  083C               	movf	sprintf@fmt,w
 12487     0949  00B5               	movwf	vfprintf@fmt
 12488     094A  304B               	movlw	(low (sprintf@ap| 0))& (0+255)
 12489     094B  00B7               	movwf	vfprintf@ap
 12490     094C  304C               	movlw	(low (sprintf@f| 0))& (0+255)
 12491     094D  3189  2103  3189   	fcall	_vfprintf
 12492     0950                     l5686:
 12493     0950  0020               	movlb	0	; select bank0
 12494     0951  084E               	movf	sprintf@f+2,w
 12495     0952  0757               	addwf	sprintf@s,w
 12496     0953  00CA               	movwf	??_sprintf
 12497     0954  084A               	movf	??_sprintf,w
 12498     0955  0086               	movwf	6
 12499     0956  3001               	movlw	1	; select bank2/3
 12500     0957  0087               	movwf	7
 12501     0958  0181               	clrf	1
 12502     0959                     l1521:
 12503     0959  0008               	return
 12504     095A                     __end_of_sprintf:
 12505                           
 12506                           	psect	text82
 12507     0903                     __ptext82:	
 12508 ;; *************** function _vfprintf *****************
 12509 ;; Defined at:
 12510 ;;		line 1817 in file "C:\Program Files\Microchip\xc8\v2.46\pic\sources\c99\common\doprnt.c"
 12511 ;; Parameters:    Size  Location     Type
 12512 ;;  fp              1    wreg     PTR struct _IO_FILE
 12513 ;;		 -> sprintf@f(11), 
 12514 ;;  fmt             2   21[BANK0 ] PTR const unsigned char 
 12515 ;;		 -> STR_11(21), STR_9(11), STR_8(11), STR_7(11), 
 12516 ;;		 -> STR_6(21), STR_5(21), STR_4(21), STR_1(17), 
 12517 ;;  ap              1   23[BANK0 ] PTR PTR void 
 12518 ;;		 -> sprintf@ap(1), 
 12519 ;; Auto vars:     Size  Location     Type
 12520 ;;  fp              1   25[BANK0 ] PTR struct _IO_FILE
 12521 ;;		 -> sprintf@f(11), 
 12522 ;;  cfmt            2   26[BANK0 ] PTR unsigned char 
 12523 ;;		 -> STR_11(21), STR_9(11), STR_8(11), STR_7(11), 
 12524 ;;		 -> STR_6(21), STR_5(21), STR_4(21), STR_1(17), 
 12525 ;; Return value:  Size  Location     Type
 12526 ;;                  2   21[BANK0 ] int 
 12527 ;; Registers used:
 12528 ;;		wreg, fsr0l, fsr0h, fsr1l, fsr1h, status,2, status,0, pclath, cstack
 12529 ;; Tracked objects:
 12530 ;;		On entry : 0/0
 12531 ;;		On exit  : 0/0
 12532 ;;		Unchanged: 0/0
 12533 ;; Data sizes:     COMMON   BANK0   BANK1   BANK2   BANK3   BANK4   BANK5   BANK6
 12534 ;;      Params:         0       3       0       0       0       0       0       0
 12535 ;;      Locals:         0       3       0       0       0       0       0       0
 12536 ;;      Temps:          0       1       0       0       0       0       0       0
 12537 ;;      Totals:         0       7       0       0       0       0       0       0
 12538 ;;Total ram usage:        7 bytes
 12539 ;; Hardware stack levels used: 1
 12540 ;; Hardware stack levels required when called: 7
 12541 ;; This function calls:
 12542 ;;		_vfpfcnvrt
 12543 ;; This function is called by:
 12544 ;;		_sprintf
 12545 ;; This function uses a non-reentrant model
 12546 ;;
 12547                           
 12548     0903                     _vfprintf:	
 12549                           ;psect for function _vfprintf
 12550                           
 12551                           
 12552                           ;incstack = 0
 12553                           ; Regs used in _vfprintf: [wreg-fsr1h+status,2+status,0+pclath+cstack]
 12554                           ;vfprintf@fp stored from wreg
 12555     0903  0020               	movlb	0	; select bank0
 12556     0904  00B9               	movwf	vfprintf@fp
 12557     0905                     l5668:
 12558                           
 12559                           ;C:\Program Files\Microchip\xc8\v2.46\pic\sources\c99\common\doprnt.c: 1817: int vfprint
      +                          f(FILE *fp, const char *fmt, va_list ap);C:\Program Files\Microchip\xc8\v2.46\pic\source
      +                          s\c99\common\doprnt.c: 1818: {;C:\Program Files\Microchip\xc8\v2.46\pic\sources\c99\comm
      +                          on\doprnt.c: 1820:     char *cfmt;;C:\Program Files\Microchip\xc8\v2.46\pic\sources\c99\
      +                          common\doprnt.c: 1822:     cfmt = (char *)fmt;
 12560     0905  0836               	movf	vfprintf@fmt+1,w
 12561     0906  00BB               	movwf	vfprintf@cfmt+1
 12562     0907  0835               	movf	vfprintf@fmt,w
 12563     0908  00BA               	movwf	vfprintf@cfmt
 12564                           
 12565                           ;C:\Program Files\Microchip\xc8\v2.46\pic\sources\c99\common\doprnt.c: 1826:     while (
      +                          *cfmt) {
 12566     0909  2912               	goto	l5672
 12567     090A                     l5670:
 12568                           
 12569                           ;C:\Program Files\Microchip\xc8\v2.46\pic\sources\c99\common\doprnt.c: 1830:    vfpfcnvr
      +                          t(fp, &cfmt, ap);
 12570     090A  303A               	movlw	(low (vfprintf@cfmt| 0))& (0+255)
 12571     090B  00A4               	movwf	vfpfcnvrt@fmt
 12572     090C  0837               	movf	vfprintf@ap,w
 12573     090D  00A5               	movwf	vfpfcnvrt@ap
 12574     090E  0839               	movf	vfprintf@fp,w
 12575     090F  3180  205F  3189   	fcall	_vfpfcnvrt
 12576     0912                     l5672:
 12577                           
 12578                           ;C:\Program Files\Microchip\xc8\v2.46\pic\sources\c99\common\doprnt.c: 1826:     while (
      +                          *cfmt) {
 12579     0912  0020               	movlb	0	; select bank0
 12580     0913  083A               	movf	vfprintf@cfmt,w
 12581     0914  0084               	movwf	4
 12582     0915  083B               	movf	vfprintf@cfmt+1,w
 12583     0916  0085               	movwf	5
 12584     0917  0012               	moviw fsr0++
 12585     0918  1D03               	btfss	3,2
 12586     0919  291B               	goto	u4641
 12587     091A  291C               	goto	u4640
 12588     091B                     u4641:
 12589     091B  290A               	goto	l5670
 12590     091C                     u4640:
 12591     091C                     l5674:
 12592                           
 12593                           ;C:\Program Files\Microchip\xc8\v2.46\pic\sources\c99\common\doprnt.c: 1835:  return 0;
 12594     091C  01B5               	clrf	?_vfprintf
 12595     091D  01B6               	clrf	?_vfprintf+1
 12596     091E                     l1572:
 12597     091E  0008               	return
 12598     091F                     __end_of_vfprintf:
 12599                           
 12600                           	psect	text83
 12601     005F                     __ptext83:	
 12602 ;; *************** function _vfpfcnvrt *****************
 12603 ;; Defined at:
 12604 ;;		line 1177 in file "C:\Program Files\Microchip\xc8\v2.46\pic\sources\c99\common\doprnt.c"
 12605 ;; Parameters:    Size  Location     Type
 12606 ;;  fp              1    wreg     PTR struct _IO_FILE
 12607 ;;		 -> sprintf@f(11), 
 12608 ;;  fmt             1    4[BANK0 ] PTR PTR unsigned char 
 12609 ;;		 -> vfprintf@cfmt(2), 
 12610 ;;  ap              1    5[BANK0 ] PTR PTR void 
 12611 ;;		 -> sprintf@ap(1), 
 12612 ;; Auto vars:     Size  Location     Type
 12613 ;;  fp              1   14[BANK0 ] PTR struct _IO_FILE
 12614 ;;		 -> sprintf@f(11), 
 12615 ;;  cp              2   10[BANK0 ] PTR unsigned char 
 12616 ;;		 -> ?_sprintf(2), DispTimeAdjustment@temp_str(3), DispNormal@temp_str(3), 
 12617 ;;  convarg         4   16[BANK0 ] struct .
 12618 ;;  cp              2   12[BANK0 ] PTR unsigned char 
 12619 ;;		 -> STR_11(21), STR_9(11), STR_8(11), STR_7(11), 
 12620 ;;		 -> STR_6(21), STR_5(21), STR_4(21), STR_1(17), 
 12621 ;;  c               1   20[BANK0 ] unsigned char 
 12622 ;;  done            1   15[BANK0 ] _Bool 
 12623 ;; Return value:  Size  Location     Type
 12624 ;;                  1    wreg      void 
 12625 ;; Registers used:
 12626 ;;		wreg, fsr0l, fsr0h, fsr1l, fsr1h, status,2, status,0, pclath, cstack
 12627 ;; Tracked objects:
 12628 ;;		On entry : 0/0
 12629 ;;		On exit  : 0/0
 12630 ;;		Unchanged: 0/0
 12631 ;; Data sizes:     COMMON   BANK0   BANK1   BANK2   BANK3   BANK4   BANK5   BANK6
 12632 ;;      Params:         0       2       0       0       0       0       0       0
 12633 ;;      Locals:         0      11       0       0       0       0       0       0
 12634 ;;      Temps:          0       4       0       0       0       0       0       0
 12635 ;;      Totals:         0      17       0       0       0       0       0       0
 12636 ;;Total ram usage:       17 bytes
 12637 ;; Hardware stack levels used: 1
 12638 ;; Hardware stack levels required when called: 6
 12639 ;; This function calls:
 12640 ;;		___awdiv
 12641 ;;		___awmod
 12642 ;;		_abs
 12643 ;;		_fputc
 12644 ;; This function is called by:
 12645 ;;		_vfprintf
 12646 ;; This function uses a non-reentrant model
 12647 ;;
 12648                           
 12649     005F                     _vfpfcnvrt:	
 12650                           ;psect for function _vfpfcnvrt
 12651                           
 12652                           
 12653                           ;incstack = 0
 12654                           ; Regs used in _vfpfcnvrt: [wreg-fsr1h+status,2+status,0+pclath+cstack]
 12655                           ;vfpfcnvrt@fp stored from wreg
 12656     005F  0020               	movlb	0	; select bank0
 12657     0060  00AE               	movwf	vfpfcnvrt@fp
 12658     0061                     l5588:
 12659                           
 12660                           ;C:\Program Files\Microchip\xc8\v2.46\pic\sources\c99\common\doprnt.c: 1177: vfpfcnvrt(F
      +                          ILE *fp, char *fmt[], va_list ap);C:\Program Files\Microchip\xc8\v2.46\pic\sources\c99\c
      +                          ommon\doprnt.c: 1178: {;C:\Program Files\Microchip\xc8\v2.46\pic\sources\c99\common\dopr
      +                          nt.c: 1179:     char c, *cp;;C:\Program Files\Microchip\xc8\v2.46\pic\sources\c99\common
      +                          \doprnt.c: 1180:     _Bool done;;C:\Program Files\Microchip\xc8\v2.46\pic\sources\c99\co
      +                          mmon\doprnt.c: 1188:  } convarg;;C:\Program Files\Microchip\xc8\v2.46\pic\sources\c99\co
      +                          mmon\doprnt.c: 1201:     if ((*fmt)[0] == '%') {
 12661     0061  0824               	movf	vfpfcnvrt@fmt,w
 12662     0062  0086               	movwf	6
 12663     0063  0187               	clrf	7
 12664     0064  3F40               	moviw [0]fsr1
 12665     0065  00A6               	movwf	??_vfpfcnvrt
 12666     0066  3F41               	moviw [1]fsr1
 12667     0067  00A7               	movwf	??_vfpfcnvrt+1
 12668     0068  0826               	movf	??_vfpfcnvrt,w
 12669     0069  0084               	movwf	4
 12670     006A  0827               	movf	??_vfpfcnvrt+1,w
 12671     006B  0085               	movwf	5
 12672     006C  0012               	moviw fsr0++
 12673     006D  3A25               	xorlw	37
 12674     006E  1D03               	btfss	3,2
 12675     006F  2871               	goto	u4481
 12676     0070  2872               	goto	u4480
 12677     0071                     u4481:
 12678     0071  29C8               	goto	l5662
 12679     0072                     u4480:
 12680     0072                     l5590:
 12681                           
 12682                           ;C:\Program Files\Microchip\xc8\v2.46\pic\sources\c99\common\doprnt.c: 1202:         ++*
      +                          fmt;
 12683     0072  0824               	movf	vfpfcnvrt@fmt,w
 12684     0073  0086               	movwf	6
 12685     0074  0187               	clrf	7
 12686     0075  3001               	movlw	1
 12687     0076  0781               	addwf	1,f
 12688     0077  3141               	addfsr 1,1
 12689     0078  1803               	skipnc
 12690     0079  0A81               	incf	1,f
 12691     007A                     l5592:
 12692                           
 12693                           ;C:\Program Files\Microchip\xc8\v2.46\pic\sources\c99\common\doprnt.c: 1204:         fla
      +                          gs = width = 0;
 12694     007A  0021               	movlb	1	; select bank1
 12695     007B  01B6               	clrf	_width^(0+128)
 12696     007C  01B7               	clrf	(_width+1)^(0+128)
 12697     007D  1003               	clrc
 12698     007E  3000               	movlw	0
 12699     007F  1803               	btfsc	3,0
 12700     0080  3001               	movlw	1
 12701     0081  00D2               	movwf	_flags^(0+128)
 12702     0082                     l5594:
 12703                           
 12704                           ;C:\Program Files\Microchip\xc8\v2.46\pic\sources\c99\common\doprnt.c: 1205:         pre
      +                          c = -1;
 12705     0082  30FF               	movlw	255
 12706     0083  00B8               	movwf	_prec^(0+128)
 12707     0084  30FF               	movlw	255
 12708     0085  00B9               	movwf	(_prec^(0+128)+1)
 12709     0086                     l5596:
 12710                           
 12711                           ;C:\Program Files\Microchip\xc8\v2.46\pic\sources\c99\common\doprnt.c: 1291:   cp = *fmt
      +                          ;
 12712     0086  0020               	movlb	0	; select bank0
 12713     0087  0824               	movf	vfpfcnvrt@fmt,w
 12714     0088  0086               	movwf	6
 12715     0089  0187               	clrf	7
 12716     008A  3F40               	moviw [0]fsr1
 12717     008B  00AC               	movwf	vfpfcnvrt@cp
 12718     008C  3F41               	moviw [1]fsr1
 12719     008D  00AD               	movwf	vfpfcnvrt@cp+1
 12720     008E                     l5598:
 12721                           
 12722                           ;C:\Program Files\Microchip\xc8\v2.46\pic\sources\c99\common\doprnt.c: 1361:   if (*cp =
      +                          = 'd' || *cp == 'i') {
 12723     008E  082C               	movf	vfpfcnvrt@cp,w
 12724     008F  0084               	movwf	4
 12725     0090  082D               	movf	vfpfcnvrt@cp+1,w
 12726     0091  0085               	movwf	5
 12727     0092  0012               	moviw fsr0++
 12728     0093  3A64               	xorlw	100
 12729     0094  1903               	btfsc	3,2
 12730     0095  2897               	goto	u4491
 12731     0096  2898               	goto	u4490
 12732     0097                     u4491:
 12733     0097  28A2               	goto	l5602
 12734     0098                     u4490:
 12735     0098                     l5600:
 12736     0098  082C               	movf	vfpfcnvrt@cp,w
 12737     0099  0084               	movwf	4
 12738     009A  082D               	movf	vfpfcnvrt@cp+1,w
 12739     009B  0085               	movwf	5
 12740     009C  0012               	moviw fsr0++
 12741     009D  3A69               	xorlw	105
 12742     009E  1D03               	btfss	3,2
 12743     009F  28A1               	goto	u4501
 12744     00A0  28A2               	goto	u4500
 12745     00A1                     u4501:
 12746     00A1  292E               	goto	l5630
 12747     00A2                     u4500:
 12748     00A2                     l5602:
 12749                           
 12750                           ;C:\Program Files\Microchip\xc8\v2.46\pic\sources\c99\common\doprnt.c: 1404:    convarg.
      +                          sint = (vfpf_sint_t)(int)(*(int *)__va_arg(*(int **)ap, (int)0));
 12751     00A2  0825               	movf	vfpfcnvrt@ap,w
 12752     00A3  0086               	movwf	6
 12753     00A4  0187               	clrf	7
 12754     00A5  0801               	movf	1,w
 12755     00A6  0084               	movwf	4
 12756     00A7  0185               	clrf	5
 12757     00A8  3002               	movlw	2
 12758     00A9  0781               	addwf	1,f
 12759     00AA  3F00               	moviw [0]fsr0
 12760     00AB  00B0               	movwf	vfpfcnvrt@convarg
 12761     00AC  3F01               	moviw [1]fsr0
 12762     00AD  00B1               	movwf	vfpfcnvrt@convarg+1
 12763     00AE                     l5604:
 12764                           
 12765                           ;C:\Program Files\Microchip\xc8\v2.46\pic\sources\c99\common\doprnt.c: 1406:    *fmt = c
      +                          p+1;
 12766     00AE  082C               	movf	vfpfcnvrt@cp,w
 12767     00AF  3E01               	addlw	1
 12768     00B0  00A6               	movwf	??_vfpfcnvrt
 12769     00B1  3000               	movlw	0
 12770     00B2  3D2D               	addwfc	vfpfcnvrt@cp+1,w
 12771     00B3  00A7               	movwf	??_vfpfcnvrt+1
 12772     00B4  0824               	movf	vfpfcnvrt@fmt,w
 12773     00B5  0086               	movwf	6
 12774     00B6  0187               	clrf	7
 12775     00B7  0826               	movf	??_vfpfcnvrt,w
 12776     00B8  3FC0               	movwi [0]fsr1
 12777     00B9  0827               	movf	??_vfpfcnvrt+1,w
 12778     00BA  3FC1               	movwi [1]fsr1
 12779     00BB                     l5606:
 12780                           
 12781                           ;C:\Program Files\Microchip\xc8\v2.46\pic\sources\c99\common\doprnt.c: 1408:    c = size
      +                          of(dbuf);
 12782     00BB  3020               	movlw	32
 12783     00BC  00B4               	movwf	vfpfcnvrt@c
 12784     00BD                     l5608:
 12785                           
 12786                           ;C:\Program Files\Microchip\xc8\v2.46\pic\sources\c99\common\doprnt.c: 1409:    done = c
      +                          onvarg.sint < 0;
 12787     00BD  1BB1               	btfsc	vfpfcnvrt@convarg+1,7
 12788     00BE  28C0               	goto	u4511
 12789     00BF  28C2               	goto	u4510
 12790     00C0                     u4511:
 12791     00C0  3001               	movlw	1
 12792     00C1  28C3               	goto	u4520
 12793     00C2                     u4510:
 12794     00C2  3000               	movlw	0
 12795     00C3                     u4520:
 12796     00C3  00AF               	movwf	vfpfcnvrt@done
 12797     00C4                     l5610:
 12798                           
 12799                           ;C:\Program Files\Microchip\xc8\v2.46\pic\sources\c99\common\doprnt.c: 1411:     dbuf[--
      +                          c] = abs(convarg.sint % 10) + '0';
 12800     00C4  3001               	movlw	1
 12801     00C5  02B4               	subwf	vfpfcnvrt@c,f
 12802     00C6  0834               	movf	vfpfcnvrt@c,w
 12803     00C7  3E20               	addlw	(low (_dbuf| (0+256)))& (0+255)
 12804     00C8  0086               	movwf	6
 12805     00C9  3001               	movlw	1	; select bank2/3
 12806     00CA  0087               	movwf	7
 12807     00CB  300A               	movlw	10
 12808     00CC  00F2               	movwf	___awmod@divisor
 12809     00CD  3000               	movlw	0
 12810     00CE  00F3               	movwf	___awmod@divisor+1
 12811     00CF  0831               	movf	vfpfcnvrt@convarg+1,w
 12812     00D0  00F5               	movwf	___awmod@dividend+1
 12813     00D1  0830               	movf	vfpfcnvrt@convarg,w
 12814     00D2  00F4               	movwf	___awmod@dividend
 12815     00D3  318D  2504  3180   	fcall	___awmod
 12816     00D6  0873               	movf	?___awmod+1,w
 12817     00D7  0020               	movlb	0	; select bank0
 12818     00D8  00A1               	movwf	abs@a+1
 12819     00D9  0872               	movf	?___awmod,w
 12820     00DA  00A0               	movwf	abs@a
 12821     00DB  3197  27DB  3180   	fcall	_abs
 12822     00DE  0020               	movlb	0	; select bank0
 12823     00DF  0820               	movf	?_abs,w
 12824     00E0  3E30               	addlw	48
 12825     00E1  0081               	movwf	1
 12826     00E2                     l5612:
 12827                           
 12828                           ;C:\Program Files\Microchip\xc8\v2.46\pic\sources\c99\common\doprnt.c: 1412:     convarg
      +                          .sint /= 10;
 12829     00E2  300A               	movlw	10
 12830     00E3  00F2               	movwf	___awdiv@divisor
 12831     00E4  3000               	movlw	0
 12832     00E5  00F3               	movwf	___awdiv@divisor+1
 12833     00E6  0831               	movf	vfpfcnvrt@convarg+1,w
 12834     00E7  00F5               	movwf	___awdiv@dividend+1
 12835     00E8  0830               	movf	vfpfcnvrt@convarg,w
 12836     00E9  00F4               	movwf	___awdiv@dividend
 12837     00EA  318E  260A  3180   	fcall	___awdiv
 12838     00ED  0873               	movf	?___awdiv+1,w
 12839     00EE  0020               	movlb	0	; select bank0
 12840     00EF  00B1               	movwf	vfpfcnvrt@convarg+1
 12841     00F0  0872               	movf	?___awdiv,w
 12842     00F1  00B0               	movwf	vfpfcnvrt@convarg
 12843     00F2                     l5614:
 12844                           
 12845                           ;C:\Program Files\Microchip\xc8\v2.46\pic\sources\c99\common\doprnt.c: 1416:    } while 
      +                          (convarg.sint != 0 && c != 0);
 12846     00F2  0830               	movf	vfpfcnvrt@convarg,w
 12847     00F3  0431               	iorwf	vfpfcnvrt@convarg+1,w
 12848     00F4  1903               	btfsc	3,2
 12849     00F5  28F7               	goto	u4531
 12850     00F6  28F8               	goto	u4530
 12851     00F7                     u4531:
 12852     00F7  28FD               	goto	l5618
 12853     00F8                     u4530:
 12854     00F8                     l5616:
 12855     00F8  0834               	movf	vfpfcnvrt@c,w
 12856     00F9  1D03               	btfss	3,2
 12857     00FA  28FC               	goto	u4541
 12858     00FB  28FD               	goto	u4540
 12859     00FC                     u4541:
 12860     00FC  28C4               	goto	l5610
 12861     00FD                     u4540:
 12862     00FD                     l5618:
 12863                           
 12864                           ;C:\Program Files\Microchip\xc8\v2.46\pic\sources\c99\common\doprnt.c: 1417:    if (c !=
      +                           0 && done) {
 12865     00FD  0834               	movf	vfpfcnvrt@c,w
 12866     00FE  1903               	btfsc	3,2
 12867     00FF  2901               	goto	u4551
 12868     0100  2902               	goto	u4550
 12869     0101                     u4551:
 12870     0101  2927               	goto	l5628
 12871     0102                     u4550:
 12872     0102                     l5620:
 12873     0102  082F               	movf	vfpfcnvrt@done,w
 12874     0103  1903               	btfsc	3,2
 12875     0104  2906               	goto	u4561
 12876     0105  2907               	goto	u4560
 12877     0106                     u4561:
 12878     0106  2927               	goto	l5628
 12879     0107                     u4560:
 12880     0107                     l5622:
 12881                           
 12882                           ;C:\Program Files\Microchip\xc8\v2.46\pic\sources\c99\common\doprnt.c: 1418:     dbuf[--
      +                          c] = '-';
 12883     0107  3001               	movlw	1
 12884     0108  02B4               	subwf	vfpfcnvrt@c,f
 12885     0109  0834               	movf	vfpfcnvrt@c,w
 12886     010A  3E20               	addlw	(low (_dbuf| (0+256)))& (0+255)
 12887     010B  0086               	movwf	6
 12888     010C  3001               	movlw	1	; select bank2/3
 12889     010D  0087               	movwf	7
 12890     010E  302D               	movlw	45
 12891     010F  0081               	movwf	1
 12892     0110  2927               	goto	l5628
 12893     0111                     l5624:
 12894                           
 12895                           ;C:\Program Files\Microchip\xc8\v2.46\pic\sources\c99\common\doprnt.c: 1424:     fputc(d
      +                          buf[c++], fp);
 12896     0111  0834               	movf	vfpfcnvrt@c,w
 12897     0112  3E20               	addlw	(low (_dbuf| (0+256)))& (0+255)
 12898     0113  0086               	movwf	6
 12899     0114  3001               	movlw	1	; select bank2/3
 12900     0115  0087               	movwf	7
 12901     0116  0801               	movf	1,w
 12902     0117  00A6               	movwf	??_vfpfcnvrt
 12903     0118  01A7               	clrf	??_vfpfcnvrt+1
 12904     0119  0826               	movf	??_vfpfcnvrt,w
 12905     011A  00F2               	movwf	fputc@c
 12906     011B  0827               	movf	??_vfpfcnvrt+1,w
 12907     011C  00F3               	movwf	fputc@c+1
 12908     011D  082E               	movf	vfpfcnvrt@fp,w
 12909     011E  00F4               	movwf	fputc@fp
 12910     011F  318C  24B3  3180   	fcall	_fputc
 12911     0122                     l5626:
 12912     0122  3001               	movlw	1
 12913     0123  0020               	movlb	0	; select bank0
 12914     0124  00A6               	movwf	??_vfpfcnvrt
 12915     0125  0826               	movf	??_vfpfcnvrt,w
 12916     0126  07B4               	addwf	vfpfcnvrt@c,f
 12917     0127                     l5628:
 12918                           
 12919                           ;C:\Program Files\Microchip\xc8\v2.46\pic\sources\c99\common\doprnt.c: 1423:    while (c
      +                           != sizeof(dbuf)) {
 12920     0127  3020               	movlw	32
 12921     0128  0634               	xorwf	vfpfcnvrt@c,w
 12922     0129  1D03               	btfss	3,2
 12923     012A  292C               	goto	u4571
 12924     012B  292D               	goto	u4570
 12925     012C                     u4571:
 12926     012C  2911               	goto	l5624
 12927     012D                     u4570:
 12928     012D  29E0               	goto	l1559
 12929     012E                     l5630:
 12930                           
 12931                           ;C:\Program Files\Microchip\xc8\v2.46\pic\sources\c99\common\doprnt.c: 1656:   done = 0;
 12932     012E  01AF               	clrf	vfpfcnvrt@done
 12933     012F                     l5632:
 12934                           
 12935                           ;C:\Program Files\Microchip\xc8\v2.46\pic\sources\c99\common\doprnt.c: 1657:   if ((*fmt
      +                          )[0] == 's') {
 12936     012F  0824               	movf	vfpfcnvrt@fmt,w
 12937     0130  0086               	movwf	6
 12938     0131  0187               	clrf	7
 12939     0132  3F40               	moviw [0]fsr1
 12940     0133  00A6               	movwf	??_vfpfcnvrt
 12941     0134  3F41               	moviw [1]fsr1
 12942     0135  00A7               	movwf	??_vfpfcnvrt+1
 12943     0136  0826               	movf	??_vfpfcnvrt,w
 12944     0137  0084               	movwf	4
 12945     0138  0827               	movf	??_vfpfcnvrt+1,w
 12946     0139  0085               	movwf	5
 12947     013A  0012               	moviw fsr0++
 12948     013B  3A73               	xorlw	115
 12949     013C  1D03               	btfss	3,2
 12950     013D  293F               	goto	u4581
 12951     013E  2940               	goto	u4580
 12952     013F                     u4581:
 12953     013F  294B               	goto	l5638
 12954     0140                     u4580:
 12955     0140                     l5634:
 12956                           
 12957                           ;C:\Program Files\Microchip\xc8\v2.46\pic\sources\c99\common\doprnt.c: 1658:    ++*fmt;
 12958     0140  0824               	movf	vfpfcnvrt@fmt,w
 12959     0141  0086               	movwf	6
 12960     0142  0187               	clrf	7
 12961     0143  3001               	movlw	1
 12962     0144  0781               	addwf	1,f
 12963     0145  3141               	addfsr 1,1
 12964     0146  1803               	skipnc
 12965     0147  0A81               	incf	1,f
 12966     0148                     l5636:
 12967                           
 12968                           ;C:\Program Files\Microchip\xc8\v2.46\pic\sources\c99\common\doprnt.c: 1659:    done = 1
      +                          ;
 12969     0148  01AF               	clrf	vfpfcnvrt@done
 12970     0149  0AAF               	incf	vfpfcnvrt@done,f
 12971                           
 12972                           ;C:\Program Files\Microchip\xc8\v2.46\pic\sources\c99\common\doprnt.c: 1660:   }
 12973     014A  298D               	goto	l5648
 12974     014B                     l5638:
 12975     014B  0824               	movf	vfpfcnvrt@fmt,w
 12976     014C  0086               	movwf	6
 12977     014D  0187               	clrf	7
 12978     014E  3F40               	moviw [0]fsr1
 12979     014F  00A6               	movwf	??_vfpfcnvrt
 12980     0150  3F41               	moviw [1]fsr1
 12981     0151  00A7               	movwf	??_vfpfcnvrt+1
 12982     0152  0826               	movf	??_vfpfcnvrt,w
 12983     0153  0084               	movwf	4
 12984     0154  0827               	movf	??_vfpfcnvrt+1,w
 12985     0155  0085               	movwf	5
 12986     0156  0012               	moviw fsr0++
 12987     0157  3A6C               	xorlw	108
 12988     0158  1D03               	btfss	3,2
 12989     0159  295B               	goto	u4591
 12990     015A  295C               	goto	u4590
 12991     015B                     u4591:
 12992     015B  298D               	goto	l5648
 12993     015C                     u4590:
 12994     015C                     l5640:
 12995     015C  0824               	movf	vfpfcnvrt@fmt,w
 12996     015D  0086               	movwf	6
 12997     015E  0187               	clrf	7
 12998     015F  3F40               	moviw [0]fsr1
 12999     0160  00A6               	movwf	??_vfpfcnvrt
 13000     0161  3F41               	moviw [1]fsr1
 13001     0162  00A7               	movwf	??_vfpfcnvrt+1
 13002     0163  3001               	movlw	1
 13003     0164  0726               	addwf	??_vfpfcnvrt,w
 13004     0165  0084               	movwf	4
 13005     0166  0827               	movf	??_vfpfcnvrt+1,w
 13006     0167  1803               	skipnc
 13007     0168  0A27               	incf	??_vfpfcnvrt+1,w
 13008     0169  0085               	movwf	5
 13009     016A  0012               	moviw fsr0++
 13010     016B  3A6C               	xorlw	108
 13011     016C  1D03               	btfss	3,2
 13012     016D  296F               	goto	u4601
 13013     016E  2970               	goto	u4600
 13014     016F                     u4601:
 13015     016F  298D               	goto	l5648
 13016     0170                     u4600:
 13017     0170                     l5642:
 13018     0170  0824               	movf	vfpfcnvrt@fmt,w
 13019     0171  0086               	movwf	6
 13020     0172  0187               	clrf	7
 13021     0173  3F40               	moviw [0]fsr1
 13022     0174  00A6               	movwf	??_vfpfcnvrt
 13023     0175  3F41               	moviw [1]fsr1
 13024     0176  00A7               	movwf	??_vfpfcnvrt+1
 13025     0177  3002               	movlw	2
 13026     0178  0726               	addwf	??_vfpfcnvrt,w
 13027     0179  0084               	movwf	4
 13028     017A  0827               	movf	??_vfpfcnvrt+1,w
 13029     017B  1803               	skipnc
 13030     017C  0A27               	incf	??_vfpfcnvrt+1,w
 13031     017D  0085               	movwf	5
 13032     017E  0012               	moviw fsr0++
 13033     017F  3A73               	xorlw	115
 13034     0180  1D03               	btfss	3,2
 13035     0181  2983               	goto	u4611
 13036     0182  2984               	goto	u4610
 13037     0183                     u4611:
 13038     0183  298D               	goto	l5648
 13039     0184                     u4610:
 13040     0184                     l5644:
 13041                           
 13042                           ;C:\Program Files\Microchip\xc8\v2.46\pic\sources\c99\common\doprnt.c: 1662:    *fmt += 
      +                          3;
 13043     0184  0824               	movf	vfpfcnvrt@fmt,w
 13044     0185  0086               	movwf	6
 13045     0186  0187               	clrf	7
 13046     0187  3003               	movlw	3
 13047     0188  0781               	addwf	1,f
 13048     0189  3141               	addfsr 1,1
 13049     018A  1803               	skipnc
 13050     018B  0A81               	incf	1,f
 13051     018C  2948               	goto	l5636
 13052     018D                     l5648:
 13053                           
 13054                           ;C:\Program Files\Microchip\xc8\v2.46\pic\sources\c99\common\doprnt.c: 1665:   if (done)
      +                           {
 13055     018D  082F               	movf	vfpfcnvrt@done,w
 13056     018E  1903               	btfsc	3,2
 13057     018F  2991               	goto	u4621
 13058     0190  2992               	goto	u4620
 13059     0191                     u4621:
 13060     0191  29BE               	goto	l5658
 13061     0192                     u4620:
 13062     0192                     l5650:
 13063                           
 13064                           ;C:\Program Files\Microchip\xc8\v2.46\pic\sources\c99\common\doprnt.c: 1669:    for (cha
      +                          r * cp = (*(char * *)__va_arg(*(char * **)ap, (char *)0)); *cp != '\0'; cp++) {
 13065     0192  0825               	movf	vfpfcnvrt@ap,w
 13066     0193  0086               	movwf	6
 13067     0194  0187               	clrf	7
 13068     0195  0801               	movf	1,w
 13069     0196  0084               	movwf	4
 13070     0197  0185               	clrf	5
 13071     0198  3002               	movlw	2
 13072     0199  0781               	addwf	1,f
 13073     019A  3F00               	moviw [0]fsr0
 13074     019B  00AA               	movwf	vfpfcnvrt@cp_1915
 13075     019C  3F01               	moviw [1]fsr0
 13076     019D  00AB               	movwf	vfpfcnvrt@cp_1915+1
 13077     019E  29B4               	goto	l5656
 13078     019F                     l5652:
 13079                           
 13080                           ;C:\Program Files\Microchip\xc8\v2.46\pic\sources\c99\common\doprnt.c: 1670:     fputc(*
      +                          cp, fp);
 13081     019F  082A               	movf	vfpfcnvrt@cp_1915,w
 13082     01A0  0086               	movwf	6
 13083     01A1  082B               	movf	vfpfcnvrt@cp_1915+1,w
 13084     01A2  0087               	movwf	7
 13085     01A3  0801               	movf	1,w
 13086     01A4  00A6               	movwf	??_vfpfcnvrt
 13087     01A5  01A7               	clrf	??_vfpfcnvrt+1
 13088     01A6  0826               	movf	??_vfpfcnvrt,w
 13089     01A7  00F2               	movwf	fputc@c
 13090     01A8  0827               	movf	??_vfpfcnvrt+1,w
 13091     01A9  00F3               	movwf	fputc@c+1
 13092     01AA  082E               	movf	vfpfcnvrt@fp,w
 13093     01AB  00F4               	movwf	fputc@fp
 13094     01AC  318C  24B3  3180   	fcall	_fputc
 13095     01AF                     l5654:
 13096                           
 13097                           ;C:\Program Files\Microchip\xc8\v2.46\pic\sources\c99\common\doprnt.c: 1674:    }
 13098     01AF  3001               	movlw	1
 13099     01B0  0020               	movlb	0	; select bank0
 13100     01B1  07AA               	addwf	vfpfcnvrt@cp_1915,f
 13101     01B2  3000               	movlw	0
 13102     01B3  3DAB               	addwfc	vfpfcnvrt@cp_1915+1,f
 13103     01B4                     l5656:
 13104     01B4  082A               	movf	vfpfcnvrt@cp_1915,w
 13105     01B5  0086               	movwf	6
 13106     01B6  082B               	movf	vfpfcnvrt@cp_1915+1,w
 13107     01B7  0087               	movwf	7
 13108     01B8  0801               	movf	1,w
 13109     01B9  1D03               	btfss	3,2
 13110     01BA  29BC               	goto	u4631
 13111     01BB  29BD               	goto	u4630
 13112     01BC                     u4631:
 13113     01BC  299F               	goto	l5652
 13114     01BD                     u4630:
 13115     01BD  29E0               	goto	l1559
 13116     01BE                     l5658:
 13117                           
 13118                           ;C:\Program Files\Microchip\xc8\v2.46\pic\sources\c99\common\doprnt.c: 1806:         ++*
      +                          fmt;
 13119     01BE  0020               	movlb	0	; select bank0
 13120     01BF  0824               	movf	vfpfcnvrt@fmt,w
 13121     01C0  0086               	movwf	6
 13122     01C1  0187               	clrf	7
 13123     01C2  3001               	movlw	1
 13124     01C3  0781               	addwf	1,f
 13125     01C4  3141               	addfsr 1,1
 13126     01C5  1803               	skipnc
 13127     01C6  0A81               	incf	1,f
 13128     01C7  29E0               	goto	l1559
 13129     01C8                     l5662:
 13130                           
 13131                           ;C:\Program Files\Microchip\xc8\v2.46\pic\sources\c99\common\doprnt.c: 1811:     fputc((
      +                          int)(*fmt)[0], fp);
 13132     01C8  0824               	movf	vfpfcnvrt@fmt,w
 13133     01C9  0086               	movwf	6
 13134     01CA  0187               	clrf	7
 13135     01CB  3F40               	moviw [0]fsr1
 13136     01CC  00A6               	movwf	??_vfpfcnvrt
 13137     01CD  3F41               	moviw [1]fsr1
 13138     01CE  00A7               	movwf	??_vfpfcnvrt+1
 13139     01CF  0826               	movf	??_vfpfcnvrt,w
 13140     01D0  0084               	movwf	4
 13141     01D1  0827               	movf	??_vfpfcnvrt+1,w
 13142     01D2  0085               	movwf	5
 13143     01D3  0800               	movf	0,w	;code access
 13144     01D4  00A8               	movwf	??_vfpfcnvrt+2
 13145     01D5  01A9               	clrf	??_vfpfcnvrt+3
 13146     01D6  0828               	movf	??_vfpfcnvrt+2,w
 13147     01D7  00F2               	movwf	fputc@c
 13148     01D8  0829               	movf	??_vfpfcnvrt+3,w
 13149     01D9  00F3               	movwf	fputc@c+1
 13150     01DA  082E               	movf	vfpfcnvrt@fp,w
 13151     01DB  00F4               	movwf	fputc@fp
 13152     01DC  318C  24B3  3180   	fcall	_fputc
 13153     01DF  29BE               	goto	l5658
 13154     01E0                     l1559:
 13155     01E0  0008               	return
 13156     01E1                     __end_of_vfpfcnvrt:
 13157                           
 13158                           	psect	text84
 13159     0CB3                     __ptext84:	
 13160 ;; *************** function _fputc *****************
 13161 ;; Defined at:
 13162 ;;		line 8 in file "C:\Program Files\Microchip\xc8\v2.46\pic\sources\c99\common\nf_fputc.c"
 13163 ;; Parameters:    Size  Location     Type
 13164 ;;  c               2    2[COMMON] int 
 13165 ;;  fp              1    4[COMMON] PTR struct _IO_FILE
 13166 ;;		 -> sprintf@f(11), 
 13167 ;; Auto vars:     Size  Location     Type
 13168 ;;		None
 13169 ;; Return value:  Size  Location     Type
 13170 ;;                  2    2[COMMON] int 
 13171 ;; Registers used:
 13172 ;;		wreg, fsr0l, fsr0h, fsr1l, fsr1h, status,2, status,0, pclath, cstack
 13173 ;; Tracked objects:
 13174 ;;		On entry : 0/0
 13175 ;;		On exit  : 0/0
 13176 ;;		Unchanged: 0/0
 13177 ;; Data sizes:     COMMON   BANK0   BANK1   BANK2   BANK3   BANK4   BANK5   BANK6
 13178 ;;      Params:         3       0       0       0       0       0       0       0
 13179 ;;      Locals:         0       0       0       0       0       0       0       0
 13180 ;;      Temps:          5       0       0       0       0       0       0       0
 13181 ;;      Totals:         8       0       0       0       0       0       0       0
 13182 ;;Total ram usage:        8 bytes
 13183 ;; Hardware stack levels used: 1
 13184 ;; Hardware stack levels required when called: 5
 13185 ;; This function calls:
 13186 ;;		_putch
 13187 ;; This function is called by:
 13188 ;;		_vfpfcnvrt
 13189 ;; This function uses a non-reentrant model
 13190 ;;
 13191                           
 13192     0CB3                     _fputc:	
 13193                           ;psect for function _fputc
 13194                           
 13195     0CB3                     l5564:	
 13196                           ;incstack = 0
 13197                           ; Regs used in _fputc: [wreg-fsr1h+status,2+status,0+pclath+cstack]
 13198                           
 13199     0CB3  0874               	movf	fputc@fp,w
 13200     0CB4  1903               	btfsc	3,2
 13201     0CB5  2CB7               	goto	u4431
 13202     0CB6  2CB8               	goto	u4430
 13203     0CB7                     u4431:
 13204     0CB7  2CBD               	goto	l5568
 13205     0CB8                     u4430:
 13206     0CB8                     l5566:
 13207     0CB8  0874               	movf	fputc@fp,w
 13208     0CB9  1D03               	btfss	3,2
 13209     0CBA  2CBC               	goto	u4441
 13210     0CBB  2CBD               	goto	u4440
 13211     0CBC                     u4441:
 13212     0CBC  2CC2               	goto	l5570
 13213     0CBD                     u4440:
 13214     0CBD                     l5568:
 13215     0CBD  0872               	movf	fputc@c,w
 13216     0CBE  3196  26B3  318C   	fcall	_putch
 13217     0CC1  2D03               	goto	l1591
 13218     0CC2                     l5570:
 13219     0CC2  0874               	movf	fputc@fp,w
 13220     0CC3  3E09               	addlw	9
 13221     0CC4  0086               	movwf	6
 13222     0CC5  0187               	clrf	7
 13223     0CC6  0016               	moviw fsr1++
 13224     0CC7  0401               	iorwf	1,w
 13225     0CC8  1903               	btfsc	3,2
 13226     0CC9  2CCB               	goto	u4451
 13227     0CCA  2CCC               	goto	u4450
 13228     0CCB                     u4451:
 13229     0CCB  2CEA               	goto	l5574
 13230     0CCC                     u4450:
 13231     0CCC                     l5572:
 13232     0CCC  0874               	movf	fputc@fp,w
 13233     0CCD  3E09               	addlw	9
 13234     0CCE  0086               	movwf	6
 13235     0CCF  0187               	clrf	7
 13236     0CD0  3F40               	moviw [0]fsr1
 13237     0CD1  00F5               	movwf	??_fputc
 13238     0CD2  3F41               	moviw [1]fsr1
 13239     0CD3  00F6               	movwf	??_fputc+1
 13240     0CD4  0874               	movf	fputc@fp,w
 13241     0CD5  3E02               	addlw	2
 13242     0CD6  0086               	movwf	6
 13243     0CD7  0187               	clrf	7
 13244     0CD8  3F40               	moviw [0]fsr1
 13245     0CD9  00F7               	movwf	??_fputc+2
 13246     0CDA  3F41               	moviw [1]fsr1
 13247     0CDB  00F8               	movwf	??_fputc+3
 13248     0CDC  0878               	movf	??_fputc+3,w
 13249     0CDD  3A80               	xorlw	128
 13250     0CDE  00F9               	movwf	??_fputc+4
 13251     0CDF  0876               	movf	??_fputc+1,w
 13252     0CE0  3A80               	xorlw	128
 13253     0CE1  0279               	subwf	??_fputc+4,w
 13254     0CE2  1D03               	skipz
 13255     0CE3  2CE6               	goto	u4465
 13256     0CE4  0875               	movf	??_fputc,w
 13257     0CE5  0277               	subwf	??_fputc+2,w
 13258     0CE6                     u4465:
 13259     0CE6  1803               	skipnc
 13260     0CE7  2CE9               	goto	u4461
 13261     0CE8  2CEA               	goto	u4460
 13262     0CE9                     u4461:
 13263     0CE9  2D03               	goto	l1591
 13264     0CEA                     u4460:
 13265     0CEA                     l5574:
 13266     0CEA  0874               	movf	fputc@fp,w
 13267     0CEB  0086               	movwf	6
 13268     0CEC  0187               	clrf	7
 13269     0CED  0874               	movf	fputc@fp,w
 13270     0CEE  3E02               	addlw	2
 13271     0CEF  0084               	movwf	4
 13272     0CF0  0185               	clrf	5
 13273     0CF1  0800               	movf	0,w
 13274     0CF2  0701               	addwf	1,w
 13275     0CF3  00F5               	movwf	??_fputc
 13276     0CF4  0875               	movf	??_fputc,w
 13277     0CF5  0086               	movwf	6
 13278     0CF6  3001               	movlw	1	; select bank2/3
 13279     0CF7  0087               	movwf	7
 13280     0CF8  0872               	movf	fputc@c,w
 13281     0CF9  0081               	movwf	1
 13282     0CFA                     l5576:
 13283     0CFA  0874               	movf	fputc@fp,w
 13284     0CFB  3E02               	addlw	2
 13285     0CFC  0086               	movwf	6
 13286     0CFD  0187               	clrf	7
 13287     0CFE  3001               	movlw	1
 13288     0CFF  0781               	addwf	1,f
 13289     0D00  3141               	addfsr 1,1
 13290     0D01  1803               	skipnc
 13291     0D02  0A81               	incf	1,f
 13292     0D03                     l1591:
 13293     0D03  0008               	return
 13294     0D04                     __end_of_fputc:
 13295                           
 13296                           	psect	text85
 13297     16B3                     __ptext85:	
 13298 ;; *************** function _putch *****************
 13299 ;; Defined at:
 13300 ;;		line 7 in file "C:\Program Files\Microchip\xc8\v2.46\pic\sources\c99\common\putch.c"
 13301 ;; Parameters:    Size  Location     Type
 13302 ;;  c               1    wreg     unsigned char 
 13303 ;; Auto vars:     Size  Location     Type
 13304 ;;  c               1    0[COMMON] unsigned char 
 13305 ;; Return value:  Size  Location     Type
 13306 ;;                  1    wreg      void 
 13307 ;; Registers used:
 13308 ;;		wreg
 13309 ;; Tracked objects:
 13310 ;;		On entry : 0/0
 13311 ;;		On exit  : 0/0
 13312 ;;		Unchanged: 0/0
 13313 ;; Data sizes:     COMMON   BANK0   BANK1   BANK2   BANK3   BANK4   BANK5   BANK6
 13314 ;;      Params:         0       0       0       0       0       0       0       0
 13315 ;;      Locals:         0       0       0       0       0       0       0       0
 13316 ;;      Temps:          0       0       0       0       0       0       0       0
 13317 ;;      Totals:         0       0       0       0       0       0       0       0
 13318 ;;Total ram usage:        0 bytes
 13319 ;; Hardware stack levels used: 1
 13320 ;; Hardware stack levels required when called: 4
 13321 ;; This function calls:
 13322 ;;		Nothing
 13323 ;; This function is called by:
 13324 ;;		_fputc
 13325 ;; This function uses a non-reentrant model
 13326 ;;
 13327                           
 13328     16B3                     _putch:	
 13329                           ;psect for function _putch
 13330                           
 13331     16B3                     l1602:	
 13332                           ;incstack = 0
 13333                           ; Regs used in _putch: [wreg]
 13334                           
 13335     16B3  0008               	return
 13336     16B4                     __end_of_putch:
 13337                           
 13338                           	psect	text86
 13339     17DB                     __ptext86:	
 13340 ;; *************** function _abs *****************
 13341 ;; Defined at:
 13342 ;;		line 1 in file "C:\Program Files\Microchip\xc8\v2.46\pic\sources\c99\common\abs.c"
 13343 ;; Parameters:    Size  Location     Type
 13344 ;;  a               2    0[BANK0 ] int 
 13345 ;; Auto vars:     Size  Location     Type
 13346 ;;		None
 13347 ;; Return value:  Size  Location     Type
 13348 ;;                  2    0[BANK0 ] int 
 13349 ;; Registers used:
 13350 ;;		wreg, status,2, status,0
 13351 ;; Tracked objects:
 13352 ;;		On entry : 0/0
 13353 ;;		On exit  : 0/0
 13354 ;;		Unchanged: 0/0
 13355 ;; Data sizes:     COMMON   BANK0   BANK1   BANK2   BANK3   BANK4   BANK5   BANK6
 13356 ;;      Params:         0       2       0       0       0       0       0       0
 13357 ;;      Locals:         0       0       0       0       0       0       0       0
 13358 ;;      Temps:          0       2       0       0       0       0       0       0
 13359 ;;      Totals:         0       4       0       0       0       0       0       0
 13360 ;;Total ram usage:        4 bytes
 13361 ;; Hardware stack levels used: 1
 13362 ;; Hardware stack levels required when called: 4
 13363 ;; This function calls:
 13364 ;;		Nothing
 13365 ;; This function is called by:
 13366 ;;		_vfpfcnvrt
 13367 ;; This function uses a non-reentrant model
 13368 ;;
 13369                           
 13370     17DB                     _abs:	
 13371                           ;psect for function _abs
 13372                           
 13373     17DB                     l5580:	
 13374                           ;incstack = 0
 13375                           ; Regs used in _abs: [wreg+status,2+status,0]
 13376                           
 13377     17DB  0020               	movlb	0	; select bank0
 13378     17DC  1BA1               	btfsc	abs@a+1,7
 13379     17DD  2FDF               	goto	u4471
 13380     17DE  2FE0               	goto	u4470
 13381     17DF                     u4471:
 13382     17DF  2FE1               	goto	l5584
 13383     17E0                     u4470:
 13384     17E0                     l5582:
 13385     17E0  2FEC               	goto	l1579
 13386     17E1                     l5584:
 13387     17E1  0920               	comf	abs@a,w
 13388     17E2  00A2               	movwf	??_abs
 13389     17E3  0921               	comf	abs@a+1,w
 13390     17E4  00A3               	movwf	??_abs+1
 13391     17E5  0AA2               	incf	??_abs,f
 13392     17E6  1903               	skipnz
 13393     17E7  0AA3               	incf	??_abs+1,f
 13394     17E8  0822               	movf	??_abs,w
 13395     17E9  00A0               	movwf	?_abs
 13396     17EA  0823               	movf	??_abs+1,w
 13397     17EB  00A1               	movwf	?_abs+1
 13398     17EC                     l1579:
 13399     17EC  0008               	return
 13400     17ED                     __end_of_abs:
 13401                           
 13402                           	psect	text87
 13403     0D04                     __ptext87:	
 13404 ;; *************** function ___awmod *****************
 13405 ;; Defined at:
 13406 ;;		line 5 in file "C:\Program Files\Microchip\xc8\v2.46\pic\sources\c99\common\awmod.c"
 13407 ;; Parameters:    Size  Location     Type
 13408 ;;  divisor         2    2[COMMON] int 
 13409 ;;  dividend        2    4[COMMON] int 
 13410 ;; Auto vars:     Size  Location     Type
 13411 ;;  sign            1    8[COMMON] unsigned char 
 13412 ;;  counter         1    7[COMMON] unsigned char 
 13413 ;; Return value:  Size  Location     Type
 13414 ;;                  2    2[COMMON] int 
 13415 ;; Registers used:
 13416 ;;		wreg, status,2, status,0
 13417 ;; Tracked objects:
 13418 ;;		On entry : 0/0
 13419 ;;		On exit  : 0/0
 13420 ;;		Unchanged: 0/0
 13421 ;; Data sizes:     COMMON   BANK0   BANK1   BANK2   BANK3   BANK4   BANK5   BANK6
 13422 ;;      Params:         4       0       0       0       0       0       0       0
 13423 ;;      Locals:         2       0       0       0       0       0       0       0
 13424 ;;      Temps:          1       0       0       0       0       0       0       0
 13425 ;;      Totals:         7       0       0       0       0       0       0       0
 13426 ;;Total ram usage:        7 bytes
 13427 ;; Hardware stack levels used: 1
 13428 ;; Hardware stack levels required when called: 4
 13429 ;; This function calls:
 13430 ;;		Nothing
 13431 ;; This function is called by:
 13432 ;;		_vfpfcnvrt
 13433 ;; This function uses a non-reentrant model
 13434 ;;
 13435                           
 13436     0D04                     ___awmod:	
 13437                           ;psect for function ___awmod
 13438                           
 13439     0D04                     l5526:	
 13440                           ;incstack = 0
 13441                           ; Regs used in ___awmod: [wreg+status,2+status,0]
 13442                           
 13443     0D04  01F8               	clrf	___awmod@sign
 13444     0D05                     l5528:
 13445     0D05  1FF5               	btfss	___awmod@dividend+1,7
 13446     0D06  2D08               	goto	u4341
 13447     0D07  2D09               	goto	u4340
 13448     0D08                     u4341:
 13449     0D08  2D10               	goto	l5534
 13450     0D09                     u4340:
 13451     0D09                     l5530:
 13452     0D09  09F4               	comf	___awmod@dividend,f
 13453     0D0A  09F5               	comf	___awmod@dividend+1,f
 13454     0D0B  0AF4               	incf	___awmod@dividend,f
 13455     0D0C  1903               	skipnz
 13456     0D0D  0AF5               	incf	___awmod@dividend+1,f
 13457     0D0E                     l5532:
 13458     0D0E  01F8               	clrf	___awmod@sign
 13459     0D0F  0AF8               	incf	___awmod@sign,f
 13460     0D10                     l5534:
 13461     0D10  1FF3               	btfss	___awmod@divisor+1,7
 13462     0D11  2D13               	goto	u4351
 13463     0D12  2D14               	goto	u4350
 13464     0D13                     u4351:
 13465     0D13  2D19               	goto	l5538
 13466     0D14                     u4350:
 13467     0D14                     l5536:
 13468     0D14  09F2               	comf	___awmod@divisor,f
 13469     0D15  09F3               	comf	___awmod@divisor+1,f
 13470     0D16  0AF2               	incf	___awmod@divisor,f
 13471     0D17  1903               	skipnz
 13472     0D18  0AF3               	incf	___awmod@divisor+1,f
 13473     0D19                     l5538:
 13474     0D19  0872               	movf	___awmod@divisor,w
 13475     0D1A  0473               	iorwf	___awmod@divisor+1,w
 13476     0D1B  1903               	btfsc	3,2
 13477     0D1C  2D1E               	goto	u4361
 13478     0D1D  2D1F               	goto	u4360
 13479     0D1E                     u4361:
 13480     0D1E  2D48               	goto	l5556
 13481     0D1F                     u4360:
 13482     0D1F                     l5540:
 13483     0D1F  01F7               	clrf	___awmod@counter
 13484     0D20  0AF7               	incf	___awmod@counter,f
 13485     0D21  2D2B               	goto	l5546
 13486     0D22                     l5542:
 13487     0D22  3001               	movlw	1
 13488     0D23                     u4375:
 13489     0D23  35F2               	lslf	___awmod@divisor,f
 13490     0D24  0DF3               	rlf	___awmod@divisor+1,f
 13491     0D25  0B89               	decfsz	9,f
 13492     0D26  2D23               	goto	u4375
 13493     0D27                     l5544:
 13494     0D27  3001               	movlw	1
 13495     0D28  00F6               	movwf	??___awmod
 13496     0D29  0876               	movf	??___awmod,w
 13497     0D2A  07F7               	addwf	___awmod@counter,f
 13498     0D2B                     l5546:
 13499     0D2B  1FF3               	btfss	___awmod@divisor+1,7
 13500     0D2C  2D2E               	goto	u4381
 13501     0D2D  2D2F               	goto	u4380
 13502     0D2E                     u4381:
 13503     0D2E  2D22               	goto	l5542
 13504     0D2F                     u4380:
 13505     0D2F                     l5548:
 13506     0D2F  0873               	movf	___awmod@divisor+1,w
 13507     0D30  0275               	subwf	___awmod@dividend+1,w
 13508     0D31  1D03               	skipz
 13509     0D32  2D35               	goto	u4395
 13510     0D33  0872               	movf	___awmod@divisor,w
 13511     0D34  0274               	subwf	___awmod@dividend,w
 13512     0D35                     u4395:
 13513     0D35  1C03               	skipc
 13514     0D36  2D38               	goto	u4391
 13515     0D37  2D39               	goto	u4390
 13516     0D38                     u4391:
 13517     0D38  2D3D               	goto	l5552
 13518     0D39                     u4390:
 13519     0D39                     l5550:
 13520     0D39  0872               	movf	___awmod@divisor,w
 13521     0D3A  02F4               	subwf	___awmod@dividend,f
 13522     0D3B  0873               	movf	___awmod@divisor+1,w
 13523     0D3C  3BF5               	subwfb	___awmod@dividend+1,f
 13524     0D3D                     l5552:
 13525     0D3D  3001               	movlw	1
 13526     0D3E                     u4405:
 13527     0D3E  36F3               	lsrf	___awmod@divisor+1,f
 13528     0D3F  0CF2               	rrf	___awmod@divisor,f
 13529     0D40  0B89               	decfsz	9,f
 13530     0D41  2D3E               	goto	u4405
 13531     0D42                     l5554:
 13532     0D42  3001               	movlw	1
 13533     0D43  02F7               	subwf	___awmod@counter,f
 13534     0D44  1D03               	btfss	3,2
 13535     0D45  2D47               	goto	u4411
 13536     0D46  2D48               	goto	u4410
 13537     0D47                     u4411:
 13538     0D47  2D2F               	goto	l5548
 13539     0D48                     u4410:
 13540     0D48                     l5556:
 13541     0D48  0878               	movf	___awmod@sign,w
 13542     0D49  1903               	btfsc	3,2
 13543     0D4A  2D4C               	goto	u4421
 13544     0D4B  2D4D               	goto	u4420
 13545     0D4C                     u4421:
 13546     0D4C  2D52               	goto	l5560
 13547     0D4D                     u4420:
 13548     0D4D                     l5558:
 13549     0D4D  09F4               	comf	___awmod@dividend,f
 13550     0D4E  09F5               	comf	___awmod@dividend+1,f
 13551     0D4F  0AF4               	incf	___awmod@dividend,f
 13552     0D50  1903               	skipnz
 13553     0D51  0AF5               	incf	___awmod@dividend+1,f
 13554     0D52                     l5560:
 13555     0D52  0875               	movf	___awmod@dividend+1,w
 13556     0D53  00F3               	movwf	?___awmod+1
 13557     0D54  0874               	movf	___awmod@dividend,w
 13558     0D55  00F2               	movwf	?___awmod
 13559     0D56                     l1224:
 13560     0D56  0008               	return
 13561     0D57                     __end_of___awmod:
 13562                           
 13563                           	psect	text88
 13564     0E0A                     __ptext88:	
 13565 ;; *************** function ___awdiv *****************
 13566 ;; Defined at:
 13567 ;;		line 5 in file "C:\Program Files\Microchip\xc8\v2.46\pic\sources\c99\common\awdiv.c"
 13568 ;; Parameters:    Size  Location     Type
 13569 ;;  divisor         2    2[COMMON] int 
 13570 ;;  dividend        2    4[COMMON] int 
 13571 ;; Auto vars:     Size  Location     Type
 13572 ;;  quotient        2    2[BANK0 ] int 
 13573 ;;  sign            1    1[BANK0 ] unsigned char 
 13574 ;;  counter         1    0[BANK0 ] unsigned char 
 13575 ;; Return value:  Size  Location     Type
 13576 ;;                  2    2[COMMON] int 
 13577 ;; Registers used:
 13578 ;;		wreg, status,2, status,0
 13579 ;; Tracked objects:
 13580 ;;		On entry : 0/0
 13581 ;;		On exit  : 0/0
 13582 ;;		Unchanged: 0/0
 13583 ;; Data sizes:     COMMON   BANK0   BANK1   BANK2   BANK3   BANK4   BANK5   BANK6
 13584 ;;      Params:         4       0       0       0       0       0       0       0
 13585 ;;      Locals:         0       4       0       0       0       0       0       0
 13586 ;;      Temps:          1       0       0       0       0       0       0       0
 13587 ;;      Totals:         5       4       0       0       0       0       0       0
 13588 ;;Total ram usage:        9 bytes
 13589 ;; Hardware stack levels used: 1
 13590 ;; Hardware stack levels required when called: 4
 13591 ;; This function calls:
 13592 ;;		Nothing
 13593 ;; This function is called by:
 13594 ;;		_vfpfcnvrt
 13595 ;; This function uses a non-reentrant model
 13596 ;;
 13597                           
 13598     0E0A                     ___awdiv:	
 13599                           ;psect for function ___awdiv
 13600                           
 13601     0E0A                     l5482:	
 13602                           ;incstack = 0
 13603                           ; Regs used in ___awdiv: [wreg+status,2+status,0]
 13604                           
 13605     0E0A  0020               	movlb	0	; select bank0
 13606     0E0B  01A1               	clrf	___awdiv@sign
 13607     0E0C                     l5484:
 13608     0E0C  1FF3               	btfss	___awdiv@divisor+1,7
 13609     0E0D  2E0F               	goto	u4241
 13610     0E0E  2E10               	goto	u4240
 13611     0E0F                     u4241:
 13612     0E0F  2E17               	goto	l5490
 13613     0E10                     u4240:
 13614     0E10                     l5486:
 13615     0E10  09F2               	comf	___awdiv@divisor,f
 13616     0E11  09F3               	comf	___awdiv@divisor+1,f
 13617     0E12  0AF2               	incf	___awdiv@divisor,f
 13618     0E13  1903               	skipnz
 13619     0E14  0AF3               	incf	___awdiv@divisor+1,f
 13620     0E15                     l5488:
 13621     0E15  01A1               	clrf	___awdiv@sign
 13622     0E16  0AA1               	incf	___awdiv@sign,f
 13623     0E17                     l5490:
 13624     0E17  1FF5               	btfss	___awdiv@dividend+1,7
 13625     0E18  2E1A               	goto	u4251
 13626     0E19  2E1B               	goto	u4250
 13627     0E1A                     u4251:
 13628     0E1A  2E24               	goto	l5496
 13629     0E1B                     u4250:
 13630     0E1B                     l5492:
 13631     0E1B  09F4               	comf	___awdiv@dividend,f
 13632     0E1C  09F5               	comf	___awdiv@dividend+1,f
 13633     0E1D  0AF4               	incf	___awdiv@dividend,f
 13634     0E1E  1903               	skipnz
 13635     0E1F  0AF5               	incf	___awdiv@dividend+1,f
 13636     0E20                     l5494:
 13637     0E20  3001               	movlw	1
 13638     0E21  00F6               	movwf	??___awdiv
 13639     0E22  0876               	movf	??___awdiv,w
 13640     0E23  06A1               	xorwf	___awdiv@sign,f
 13641     0E24                     l5496:
 13642     0E24  01A2               	clrf	___awdiv@quotient
 13643     0E25  01A3               	clrf	___awdiv@quotient+1
 13644     0E26                     l5498:
 13645     0E26  0872               	movf	___awdiv@divisor,w
 13646     0E27  0473               	iorwf	___awdiv@divisor+1,w
 13647     0E28  1903               	btfsc	3,2
 13648     0E29  2E2B               	goto	u4261
 13649     0E2A  2E2C               	goto	u4260
 13650     0E2B                     u4261:
 13651     0E2B  2E5B               	goto	l5518
 13652     0E2C                     u4260:
 13653     0E2C                     l5500:
 13654     0E2C  01A0               	clrf	___awdiv@counter
 13655     0E2D  0AA0               	incf	___awdiv@counter,f
 13656     0E2E  2E38               	goto	l5506
 13657     0E2F                     l5502:
 13658     0E2F  3001               	movlw	1
 13659     0E30                     u4275:
 13660     0E30  35F2               	lslf	___awdiv@divisor,f
 13661     0E31  0DF3               	rlf	___awdiv@divisor+1,f
 13662     0E32  0B89               	decfsz	9,f
 13663     0E33  2E30               	goto	u4275
 13664     0E34                     l5504:
 13665     0E34  3001               	movlw	1
 13666     0E35  00F6               	movwf	??___awdiv
 13667     0E36  0876               	movf	??___awdiv,w
 13668     0E37  07A0               	addwf	___awdiv@counter,f
 13669     0E38                     l5506:
 13670     0E38  1FF3               	btfss	___awdiv@divisor+1,7
 13671     0E39  2E3B               	goto	u4281
 13672     0E3A  2E3C               	goto	u4280
 13673     0E3B                     u4281:
 13674     0E3B  2E2F               	goto	l5502
 13675     0E3C                     u4280:
 13676     0E3C                     l5508:
 13677     0E3C  3001               	movlw	1
 13678     0E3D                     u4295:
 13679     0E3D  35A2               	lslf	___awdiv@quotient,f
 13680     0E3E  0DA3               	rlf	___awdiv@quotient+1,f
 13681     0E3F  0B89               	decfsz	9,f
 13682     0E40  2E3D               	goto	u4295
 13683     0E41  0873               	movf	___awdiv@divisor+1,w
 13684     0E42  0275               	subwf	___awdiv@dividend+1,w
 13685     0E43  1D03               	skipz
 13686     0E44  2E47               	goto	u4305
 13687     0E45  0872               	movf	___awdiv@divisor,w
 13688     0E46  0274               	subwf	___awdiv@dividend,w
 13689     0E47                     u4305:
 13690     0E47  1C03               	skipc
 13691     0E48  2E4A               	goto	u4301
 13692     0E49  2E4B               	goto	u4300
 13693     0E4A                     u4301:
 13694     0E4A  2E50               	goto	l5514
 13695     0E4B                     u4300:
 13696     0E4B                     l5510:
 13697     0E4B  0872               	movf	___awdiv@divisor,w
 13698     0E4C  02F4               	subwf	___awdiv@dividend,f
 13699     0E4D  0873               	movf	___awdiv@divisor+1,w
 13700     0E4E  3BF5               	subwfb	___awdiv@dividend+1,f
 13701     0E4F                     l5512:
 13702     0E4F  1422               	bsf	___awdiv@quotient,0
 13703     0E50                     l5514:
 13704     0E50  3001               	movlw	1
 13705     0E51                     u4315:
 13706     0E51  36F3               	lsrf	___awdiv@divisor+1,f
 13707     0E52  0CF2               	rrf	___awdiv@divisor,f
 13708     0E53  0B89               	decfsz	9,f
 13709     0E54  2E51               	goto	u4315
 13710     0E55                     l5516:
 13711     0E55  3001               	movlw	1
 13712     0E56  02A0               	subwf	___awdiv@counter,f
 13713     0E57  1D03               	btfss	3,2
 13714     0E58  2E5A               	goto	u4321
 13715     0E59  2E5B               	goto	u4320
 13716     0E5A                     u4321:
 13717     0E5A  2E3C               	goto	l5508
 13718     0E5B                     u4320:
 13719     0E5B                     l5518:
 13720     0E5B  0821               	movf	___awdiv@sign,w
 13721     0E5C  1903               	btfsc	3,2
 13722     0E5D  2E5F               	goto	u4331
 13723     0E5E  2E60               	goto	u4330
 13724     0E5F                     u4331:
 13725     0E5F  2E65               	goto	l5522
 13726     0E60                     u4330:
 13727     0E60                     l5520:
 13728     0E60  09A2               	comf	___awdiv@quotient,f
 13729     0E61  09A3               	comf	___awdiv@quotient+1,f
 13730     0E62  0AA2               	incf	___awdiv@quotient,f
 13731     0E63  1903               	skipnz
 13732     0E64  0AA3               	incf	___awdiv@quotient+1,f
 13733     0E65                     l5522:
 13734     0E65  0823               	movf	___awdiv@quotient+1,w
 13735     0E66  00F3               	movwf	?___awdiv+1
 13736     0E67  0822               	movf	___awdiv@quotient,w
 13737     0E68  00F2               	movwf	?___awdiv
 13738     0E69                     l1211:
 13739     0E69  0008               	return
 13740     0E6A                     __end_of___awdiv:
 13741                           
 13742                           	psect	intentry
 13743     0004                     __pintentry:	
 13744 ;; *************** function _INTERRUPT_InterruptManager *****************
 13745 ;; Defined at:
 13746 ;;		line 52 in file "mcc_generated_files/interrupt_manager.c"
 13747 ;; Parameters:    Size  Location     Type
 13748 ;;		None
 13749 ;; Auto vars:     Size  Location     Type
 13750 ;;		None
 13751 ;; Return value:  Size  Location     Type
 13752 ;;                  1    wreg      void 
 13753 ;; Registers used:
 13754 ;;		wreg, status,2, status,0, pclath, cstack
 13755 ;; Tracked objects:
 13756 ;;		On entry : 0/0
 13757 ;;		On exit  : 0/0
 13758 ;;		Unchanged: 0/0
 13759 ;; Data sizes:     COMMON   BANK0   BANK1   BANK2   BANK3   BANK4   BANK5   BANK6
 13760 ;;      Params:         0       0       0       0       0       0       0       0
 13761 ;;      Locals:         0       0       0       0       0       0       0       0
 13762 ;;      Temps:          0       0       0       0       0       0       0       0
 13763 ;;      Totals:         0       0       0       0       0       0       0       0
 13764 ;;Total ram usage:        0 bytes
 13765 ;; Hardware stack levels used: 1
 13766 ;; Hardware stack levels required when called: 3
 13767 ;; This function calls:
 13768 ;;		_TMR0_ISR
 13769 ;;		_TMR1_ISR
 13770 ;; This function is called by:
 13771 ;;		Interrupt level 1
 13772 ;; This function uses a non-reentrant model
 13773 ;;
 13774                           
 13775     0004                     _INTERRUPT_InterruptManager:
 13776                           
 13777                           ;incstack = 0
 13778     0004  147E               	bsf	int$flags,0	;set compiler interrupt flag (level 1)
 13779                           
 13780                           ; Regs used in _INTERRUPT_InterruptManager: [wreg+status,2+status,0+pclath+cstack]
 13781     0005  3180               	pagesel	$
 13782     0006                     i1l4272:
 13783                           
 13784                           ;mcc_generated_files/interrupt_manager.c: 55:     if(INTCONbits.TMR0IE == 1 && INTCONbit
      +                          s.TMR0IF == 1)
 13785     0006  1E8B               	btfss	11,5	;volatile
 13786     0007  2809               	goto	u289_21
 13787     0008  280A               	goto	u289_20
 13788     0009                     u289_21:
 13789     0009  2812               	goto	i1l439
 13790     000A                     u289_20:
 13791     000A                     i1l4274:
 13792     000A  1D0B               	btfss	11,2	;volatile
 13793     000B  280D               	goto	u290_21
 13794     000C  280E               	goto	u290_20
 13795     000D                     u290_21:
 13796     000D  2812               	goto	i1l439
 13797     000E                     u290_20:
 13798     000E                     i1l4276:
 13799                           
 13800                           ;mcc_generated_files/interrupt_manager.c: 56:     {;mcc_generated_files/interrupt_manage
      +                          r.c: 57:         TMR0_ISR();
 13801     000E  3188  209A  3180   	fcall	_TMR0_ISR
 13802                           
 13803                           ;mcc_generated_files/interrupt_manager.c: 58:     }
 13804     0011  2824               	goto	i1l445
 13805     0012                     i1l439:	
 13806                           ;mcc_generated_files/interrupt_manager.c: 59:     else if(INTCONbits.PEIE == 1)
 13807                           
 13808     0012  1F0B               	btfss	11,6	;volatile
 13809     0013  2815               	goto	u291_21
 13810     0014  2816               	goto	u291_20
 13811     0015                     u291_21:
 13812     0015  2824               	goto	i1l445
 13813     0016                     u291_20:
 13814     0016                     i1l4278:
 13815                           
 13816                           ;mcc_generated_files/interrupt_manager.c: 60:     {;mcc_generated_files/interrupt_manage
      +                          r.c: 61:         if(PIE1bits.TMR1IE == 1 && PIR1bits.TMR1IF == 1)
 13817     0016  0021               	movlb	1	; select bank1
 13818     0017  1C11               	btfss	17,0	;volatile
 13819     0018  281A               	goto	u292_21
 13820     0019  281B               	goto	u292_20
 13821     001A                     u292_21:
 13822     001A  2824               	goto	i1l444
 13823     001B                     u292_20:
 13824     001B                     i1l4280:
 13825     001B  0020               	movlb	0	; select bank0
 13826     001C  1C11               	btfss	17,0	;volatile
 13827     001D  281F               	goto	u293_21
 13828     001E  2820               	goto	u293_20
 13829     001F                     u293_21:
 13830     001F  2824               	goto	i1l444
 13831     0020                     u293_20:
 13832     0020                     i1l4282:
 13833                           
 13834                           ;mcc_generated_files/interrupt_manager.c: 62:         {;mcc_generated_files/interrupt_ma
      +                          nager.c: 63:             TMR1_ISR();
 13835     0020  3188  206B  3180   	fcall	_TMR1_ISR
 13836                           
 13837                           ;mcc_generated_files/interrupt_manager.c: 64:         }
 13838     0023  2824               	goto	i1l445
 13839     0024                     i1l444:	
 13840                           ;mcc_generated_files/interrupt_manager.c: 71:     {;mcc_generated_files/interrupt_manage
      +                          r.c: 73:     }
 13841                           
 13842     0024                     i1l445:
 13843     0024  107E               	bcf	int$flags,0	;clear compiler interrupt flag (level 1)
 13844     0025  0009               	retfie
 13845     0026                     __end_of_INTERRUPT_InterruptManager:
 13846                           
 13847                           	psect	text90
 13848     086B                     __ptext90:	
 13849 ;; *************** function _TMR1_ISR *****************
 13850 ;; Defined at:
 13851 ;;		line 157 in file "mcc_generated_files/tmr1.c"
 13852 ;; Parameters:    Size  Location     Type
 13853 ;;		None
 13854 ;; Auto vars:     Size  Location     Type
 13855 ;;		None
 13856 ;; Return value:  Size  Location     Type
 13857 ;;                  1    wreg      void 
 13858 ;; Registers used:
 13859 ;;		wreg, status,2, status,0, pclath, cstack
 13860 ;; Tracked objects:
 13861 ;;		On entry : 0/0
 13862 ;;		On exit  : 0/0
 13863 ;;		Unchanged: 0/0
 13864 ;; Data sizes:     COMMON   BANK0   BANK1   BANK2   BANK3   BANK4   BANK5   BANK6
 13865 ;;      Params:         0       0       0       0       0       0       0       0
 13866 ;;      Locals:         0       0       0       0       0       0       0       0
 13867 ;;      Temps:          0       0       0       0       0       0       0       0
 13868 ;;      Totals:         0       0       0       0       0       0       0       0
 13869 ;;Total ram usage:        0 bytes
 13870 ;; Hardware stack levels used: 1
 13871 ;; Hardware stack levels required when called: 2
 13872 ;; This function calls:
 13873 ;;		NULL
 13874 ;;		_TMR1_10msEven
 13875 ;;		_TMR1_WriteTimer
 13876 ;; This function is called by:
 13877 ;;		_INTERRUPT_InterruptManager
 13878 ;; This function uses a non-reentrant model
 13879 ;;
 13880                           
 13881     086B                     _TMR1_ISR:	
 13882                           ;psect for function _TMR1_ISR
 13883                           
 13884     086B                     i1l3928:	
 13885                           ;incstack = 0
 13886                           ; Regs used in _TMR1_ISR: [wreg+status,2+status,0+pclath+cstack]
 13887                           
 13888                           
 13889                           ;mcc_generated_files/tmr1.c: 161:     PIR1bits.TMR1IF = 0;
 13890     086B  0020               	movlb	0	; select bank0
 13891     086C  1011               	bcf	17,0	;volatile
 13892     086D                     i1l3930:
 13893                           
 13894                           ;mcc_generated_files/tmr1.c: 162:     TMR1_WriteTimer(timer1ReloadVal);
 13895     086D  0021               	movlb	1	; select bank1
 13896     086E  0851               	movf	(_timer1ReloadVal+1)^(0+128),w	;volatile
 13897     086F  00F1               	movwf	TMR1_WriteTimer@timerVal+1
 13898     0870  0850               	movf	_timer1ReloadVal^(0+128),w	;volatile
 13899     0871  00F0               	movwf	TMR1_WriteTimer@timerVal
 13900     0872  3197  27B9  3188   	fcall	_TMR1_WriteTimer
 13901     0875                     i1l3932:
 13902                           
 13903                           ;mcc_generated_files/tmr1.c: 164:     if(TMR1_InterruptHandler)
 13904     0875  0021               	movlb	1	; select bank1
 13905     0876  084E               	movf	_TMR1_InterruptHandler^(0+128),w
 13906     0877  044F               	iorwf	(_TMR1_InterruptHandler+1)^(0+128),w
 13907     0878  1903               	btfsc	3,2
 13908     0879  287B               	goto	u239_21
 13909     087A  287C               	goto	u239_20
 13910     087B                     u239_21:
 13911     087B  2881               	goto	i1l418
 13912     087C                     u239_20:
 13913     087C                     i1l3934:
 13914                           
 13915                           ;mcc_generated_files/tmr1.c: 165:     {;mcc_generated_files/tmr1.c: 166:         TMR1_In
      +                          terruptHandler();
 13916     087C  084F               	movf	(_TMR1_InterruptHandler+1)^(0+128),w
 13917     087D  008A               	movwf	10
 13918     087E  084E               	movf	_TMR1_InterruptHandler^(0+128),w
 13919     087F  000A               	callw
 13920     0880  3188               	pagesel	$
 13921     0881                     i1l418:
 13922     0881  0008               	return
 13923     0882                     __end_of_TMR1_ISR:
 13924                           
 13925                           	psect	text91
 13926     17B9                     __ptext91:	
 13927 ;; *************** function _TMR1_WriteTimer *****************
 13928 ;; Defined at:
 13929 ;;		line 120 in file "mcc_generated_files/tmr1.c"
 13930 ;; Parameters:    Size  Location     Type
 13931 ;;  timerVal        2    0[COMMON] unsigned short 
 13932 ;; Auto vars:     Size  Location     Type
 13933 ;;		None
 13934 ;; Return value:  Size  Location     Type
 13935 ;;                  1    wreg      void 
 13936 ;; Registers used:
 13937 ;;		wreg, status,2
 13938 ;; Tracked objects:
 13939 ;;		On entry : 0/0
 13940 ;;		On exit  : 0/0
 13941 ;;		Unchanged: 0/0
 13942 ;; Data sizes:     COMMON   BANK0   BANK1   BANK2   BANK3   BANK4   BANK5   BANK6
 13943 ;;      Params:         2       0       0       0       0       0       0       0
 13944 ;;      Locals:         0       0       0       0       0       0       0       0
 13945 ;;      Temps:          0       0       0       0       0       0       0       0
 13946 ;;      Totals:         2       0       0       0       0       0       0       0
 13947 ;;Total ram usage:        2 bytes
 13948 ;; Hardware stack levels used: 1
 13949 ;; This function calls:
 13950 ;;		Nothing
 13951 ;; This function is called by:
 13952 ;;		_TMR1_ISR
 13953 ;; This function uses a non-reentrant model
 13954 ;;
 13955                           
 13956     17B9                     _TMR1_WriteTimer:	
 13957                           ;psect for function _TMR1_WriteTimer
 13958                           
 13959     17B9                     i1l3786:	
 13960                           ;incstack = 0
 13961                           ; Regs used in _TMR1_WriteTimer: [wreg+status,2]
 13962                           
 13963                           
 13964                           ;mcc_generated_files/tmr1.c: 120: void TMR1_WriteTimer(uint16_t timerVal);mcc_generated_
      +                          files/tmr1.c: 121: {;mcc_generated_files/tmr1.c: 122:     if (T1CONbits.nT1SYNC == 1)
 13965     17B9  0020               	movlb	0	; select bank0
 13966     17BA  1D18               	btfss	24,2	;volatile
 13967     17BB  2FBD               	goto	u227_21
 13968     17BC  2FBE               	goto	u227_20
 13969     17BD                     u227_21:
 13970     17BD  2FC5               	goto	i1l3796
 13971     17BE                     u227_20:
 13972     17BE                     i1l3788:
 13973                           
 13974                           ;mcc_generated_files/tmr1.c: 123:     {;mcc_generated_files/tmr1.c: 125:         T1CONbi
      +                          ts.TMR1ON = 0;
 13975     17BE  1018               	bcf	24,0	;volatile
 13976     17BF                     i1l3790:
 13977                           
 13978                           ;mcc_generated_files/tmr1.c: 128:         TMR1H = (uint8_t)(timerVal >> 8);
 13979     17BF  0871               	movf	TMR1_WriteTimer@timerVal+1,w
 13980     17C0  0097               	movwf	23	;volatile
 13981     17C1                     i1l3792:
 13982                           
 13983                           ;mcc_generated_files/tmr1.c: 129:         TMR1L = (uint8_t)timerVal;
 13984     17C1  0870               	movf	TMR1_WriteTimer@timerVal,w
 13985     17C2  0096               	movwf	22	;volatile
 13986     17C3                     i1l3794:
 13987                           
 13988                           ;mcc_generated_files/tmr1.c: 132:         T1CONbits.TMR1ON =1;
 13989     17C3  1418               	bsf	24,0	;volatile
 13990                           
 13991                           ;mcc_generated_files/tmr1.c: 133:     }
 13992     17C4  2FC9               	goto	i1l408
 13993     17C5                     i1l3796:
 13994                           
 13995                           ;mcc_generated_files/tmr1.c: 135:     {;mcc_generated_files/tmr1.c: 137:         TMR1H =
      +                           (uint8_t)(timerVal >> 8);
 13996     17C5  0871               	movf	TMR1_WriteTimer@timerVal+1,w
 13997     17C6  0097               	movwf	23	;volatile
 13998     17C7                     i1l3798:
 13999                           
 14000                           ;mcc_generated_files/tmr1.c: 138:         TMR1L = (uint8_t)timerVal;
 14001     17C7  0870               	movf	TMR1_WriteTimer@timerVal,w
 14002     17C8  0096               	movwf	22	;volatile
 14003     17C9                     i1l408:
 14004     17C9  0008               	return
 14005     17CA                     __end_of_TMR1_WriteTimer:
 14006                           
 14007                           	psect	text92
 14008     0F2E                     __ptext92:	
 14009 ;; *************** function _TMR1_10msEven *****************
 14010 ;; Defined at:
 14011 ;;		line 40 in file "TimerEven.c"
 14012 ;; Parameters:    Size  Location     Type
 14013 ;;		None
 14014 ;; Auto vars:     Size  Location     Type
 14015 ;;		None
 14016 ;; Return value:  Size  Location     Type
 14017 ;;                  1    wreg      void 
 14018 ;; Registers used:
 14019 ;;		wreg, status,2, status,0, pclath, cstack
 14020 ;; Tracked objects:
 14021 ;;		On entry : 0/0
 14022 ;;		On exit  : 0/0
 14023 ;;		Unchanged: 0/0
 14024 ;; Data sizes:     COMMON   BANK0   BANK1   BANK2   BANK3   BANK4   BANK5   BANK6
 14025 ;;      Params:         0       0       0       0       0       0       0       0
 14026 ;;      Locals:         0       0       0       0       0       0       0       0
 14027 ;;      Temps:          0       0       0       0       0       0       0       0
 14028 ;;      Totals:         0       0       0       0       0       0       0       0
 14029 ;;Total ram usage:        0 bytes
 14030 ;; Hardware stack levels used: 1
 14031 ;; Hardware stack levels required when called: 1
 14032 ;; This function calls:
 14033 ;;		_KeepTimerCounter
 14034 ;; This function is called by:
 14035 ;;		_main
 14036 ;;		_TMR1_ISR
 14037 ;; This function uses a non-reentrant model
 14038 ;;
 14039                           
 14040     0F2E                     _TMR1_10msEven:	
 14041                           ;psect for function _TMR1_10msEven
 14042                           
 14043     0F2E                     i1l3824:	
 14044                           ;incstack = 0
 14045                           ; Regs used in _TMR1_10msEven: [wreg+status,2+status,0+pclath+cstack]
 14046                           
 14047                           
 14048                           ;TimerEven.c: 41:   T1_10ms_cnt++;
 14049     0F2E  3001               	movlw	1
 14050     0F2F  0021               	movlb	1	; select bank1
 14051     0F30  07C8               	addwf	_T1_10ms_cnt^(0+128),f
 14052     0F31  3000               	movlw	0
 14053     0F32  3DC9               	addwfc	(_T1_10ms_cnt+1)^(0+128),f
 14054                           
 14055                           ;TimerEven.c: 42:   T1_100ms_cnt++;
 14056     0F33  3001               	movlw	1
 14057     0F34  07C6               	addwf	_T1_100ms_cnt^(0+128),f
 14058     0F35  3000               	movlw	0
 14059     0F36  3DC7               	addwfc	(_T1_100ms_cnt+1)^(0+128),f
 14060                           
 14061                           ;TimerEven.c: 43:   T1_1000ms_cnt++;
 14062     0F37  3001               	movlw	1
 14063     0F38  07C4               	addwf	_T1_1000ms_cnt^(0+128),f
 14064     0F39  3000               	movlw	0
 14065     0F3A  3DC5               	addwfc	(_T1_1000ms_cnt+1)^(0+128),f
 14066                           
 14067                           ;TimerEven.c: 45:   x1T_cnt++;
 14068     0F3B  3001               	movlw	1
 14069     0F3C  07C2               	addwf	_x1T_cnt^(0+128),f
 14070     0F3D  3000               	movlw	0
 14071     0F3E  3DC3               	addwfc	(_x1T_cnt+1)^(0+128),f
 14072     0F3F                     i1l3826:
 14073                           
 14074                           ;TimerEven.c: 46:   fT1_10ms = 1;
 14075     0F3F  01D8               	clrf	_fT1_10ms^(0+128)
 14076     0F40  0AD8               	incf	_fT1_10ms^(0+128),f
 14077     0F41                     i1l3828:
 14078                           
 14079                           ;TimerEven.c: 47:   if (TimeMode == e0_010S) {
 14080     0F41  3003               	movlw	3
 14081     0F42  0020               	movlb	0	; select bank0
 14082     0F43  066A               	xorwf	_TimeMode,w
 14083     0F44  1D03               	btfss	3,2
 14084     0F45  2F47               	goto	u231_21
 14085     0F46  2F48               	goto	u231_20
 14086     0F47                     u231_21:
 14087     0F47  2F4F               	goto	i1l641
 14088     0F48                     u231_20:
 14089     0F48                     i1l3830:
 14090                           
 14091                           ;TimerEven.c: 48:     fT1_TimerUp = 1;
 14092     0F48  0021               	movlb	1	; select bank1
 14093     0F49  01D5               	clrf	_fT1_TimerUp^(0+128)
 14094     0F4A  0AD5               	incf	_fT1_TimerUp^(0+128),f
 14095     0F4B                     i1l3832:
 14096                           
 14097                           ;TimerEven.c: 49:     xComm_cnt = x1T_cnt;
 14098     0F4B  0843               	movf	(_x1T_cnt+1)^(0+128),w
 14099     0F4C  00BD               	movwf	(_xComm_cnt+1)^(0+128)
 14100     0F4D  0842               	movf	_x1T_cnt^(0+128),w
 14101     0F4E  00BC               	movwf	_xComm_cnt^(0+128)
 14102     0F4F                     i1l641:	
 14103                           ;TimerEven.c: 50:   }
 14104                           
 14105                           
 14106                           ;TimerEven.c: 52:   if (T1_100ms_cnt >= 10) {
 14107     0F4F  3000               	movlw	0
 14108     0F50  0021               	movlb	1	; select bank1
 14109     0F51  0247               	subwf	(_T1_100ms_cnt+1)^(0+128),w
 14110     0F52  300A               	movlw	10
 14111     0F53  1903               	skipnz
 14112     0F54  0246               	subwf	_T1_100ms_cnt^(0+128),w
 14113     0F55  1C03               	skipc
 14114     0F56  2F58               	goto	u232_21
 14115     0F57  2F59               	goto	u232_20
 14116     0F58                     u232_21:
 14117     0F58  2F6F               	goto	i1l642
 14118     0F59                     u232_20:
 14119     0F59                     i1l3834:
 14120                           
 14121                           ;TimerEven.c: 53:     T1_100ms_cnt = 0;
 14122     0F59  01C6               	clrf	_T1_100ms_cnt^(0+128)
 14123     0F5A  01C7               	clrf	(_T1_100ms_cnt+1)^(0+128)
 14124     0F5B                     i1l3836:
 14125                           
 14126                           ;TimerEven.c: 54:     x10T_cnt++;
 14127     0F5B  3001               	movlw	1
 14128     0F5C  07C0               	addwf	_x10T_cnt^(0+128),f
 14129     0F5D  3000               	movlw	0
 14130     0F5E  3DC1               	addwfc	(_x10T_cnt+1)^(0+128),f
 14131     0F5F                     i1l3838:
 14132                           
 14133                           ;TimerEven.c: 55:     fT1_100ms = 1;
 14134     0F5F  01D7               	clrf	_fT1_100ms^(0+128)
 14135     0F60  0AD7               	incf	_fT1_100ms^(0+128),f
 14136     0F61                     i1l3840:
 14137                           
 14138                           ;TimerEven.c: 56:     if (TimeMode == e0_100S) {
 14139     0F61  3002               	movlw	2
 14140     0F62  0020               	movlb	0	; select bank0
 14141     0F63  066A               	xorwf	_TimeMode,w
 14142     0F64  1D03               	btfss	3,2
 14143     0F65  2F67               	goto	u233_21
 14144     0F66  2F68               	goto	u233_20
 14145     0F67                     u233_21:
 14146     0F67  2F6F               	goto	i1l642
 14147     0F68                     u233_20:
 14148     0F68                     i1l3842:
 14149                           
 14150                           ;TimerEven.c: 57:       fT1_TimerUp = 1;
 14151     0F68  0021               	movlb	1	; select bank1
 14152     0F69  01D5               	clrf	_fT1_TimerUp^(0+128)
 14153     0F6A  0AD5               	incf	_fT1_TimerUp^(0+128),f
 14154     0F6B                     i1l3844:
 14155                           
 14156                           ;TimerEven.c: 58:       xComm_cnt = x10T_cnt;
 14157     0F6B  0841               	movf	(_x10T_cnt+1)^(0+128),w
 14158     0F6C  00BD               	movwf	(_xComm_cnt+1)^(0+128)
 14159     0F6D  0840               	movf	_x10T_cnt^(0+128),w
 14160     0F6E  00BC               	movwf	_xComm_cnt^(0+128)
 14161     0F6F                     i1l642:	
 14162                           ;TimerEven.c: 60:   }
 14163                           
 14164                           
 14165                           ;TimerEven.c: 62:   if (T1_1000ms_cnt >= 100) {
 14166     0F6F  3000               	movlw	0
 14167     0F70  0021               	movlb	1	; select bank1
 14168     0F71  0245               	subwf	(_T1_1000ms_cnt+1)^(0+128),w
 14169     0F72  3064               	movlw	100
 14170     0F73  1903               	skipnz
 14171     0F74  0244               	subwf	_T1_1000ms_cnt^(0+128),w
 14172     0F75  1C03               	skipc
 14173     0F76  2F78               	goto	u234_21
 14174     0F77  2F79               	goto	u234_20
 14175     0F78                     u234_21:
 14176     0F78  2F8E               	goto	i1l3858
 14177     0F79                     u234_20:
 14178     0F79                     i1l3846:
 14179                           
 14180                           ;TimerEven.c: 63:     T1_1000ms_cnt = 0;
 14181     0F79  01C4               	clrf	_T1_1000ms_cnt^(0+128)
 14182     0F7A  01C5               	clrf	(_T1_1000ms_cnt+1)^(0+128)
 14183     0F7B                     i1l3848:
 14184                           
 14185                           ;TimerEven.c: 64:     x100T_cnt++;
 14186     0F7B  3001               	movlw	1
 14187     0F7C  07BE               	addwf	_x100T_cnt^(0+128),f
 14188     0F7D  3000               	movlw	0
 14189     0F7E  3DBF               	addwfc	(_x100T_cnt+1)^(0+128),f
 14190     0F7F                     i1l3850:
 14191                           
 14192                           ;TimerEven.c: 65:     fT1_1second = 1;
 14193     0F7F  01D6               	clrf	_fT1_1second^(0+128)
 14194     0F80  0AD6               	incf	_fT1_1second^(0+128),f
 14195     0F81                     i1l3852:
 14196                           
 14197                           ;TimerEven.c: 66:     if (TimeMode == e1_000S) {
 14198     0F81  0020               	movlb	0	; select bank0
 14199     0F82  036A               	decf	_TimeMode,w
 14200     0F83  1D03               	btfss	3,2
 14201     0F84  2F86               	goto	u235_21
 14202     0F85  2F87               	goto	u235_20
 14203     0F86                     u235_21:
 14204     0F86  2F8E               	goto	i1l3858
 14205     0F87                     u235_20:
 14206     0F87                     i1l3854:
 14207                           
 14208                           ;TimerEven.c: 67:       fT1_TimerUp = 1;
 14209     0F87  0021               	movlb	1	; select bank1
 14210     0F88  01D5               	clrf	_fT1_TimerUp^(0+128)
 14211     0F89  0AD5               	incf	_fT1_TimerUp^(0+128),f
 14212     0F8A                     i1l3856:
 14213                           
 14214                           ;TimerEven.c: 68:       xComm_cnt = x100T_cnt;
 14215     0F8A  083F               	movf	(_x100T_cnt+1)^(0+128),w
 14216     0F8B  00BD               	movwf	(_xComm_cnt+1)^(0+128)
 14217     0F8C  083E               	movf	_x100T_cnt^(0+128),w
 14218     0F8D  00BC               	movwf	_xComm_cnt^(0+128)
 14219     0F8E                     i1l3858:
 14220                           
 14221                           ;TimerEven.c: 72:   KeepTimerCounter();
 14222     0F8E  318C  246B  318F   	fcall	_KeepTimerCounter
 14223     0F91                     i1l646:
 14224     0F91  0008               	return
 14225     0F92                     __end_of_TMR1_10msEven:
 14226                           
 14227                           	psect	text93
 14228     0C6B                     __ptext93:	
 14229 ;; *************** function _KeepTimerCounter *****************
 14230 ;; Defined at:
 14231 ;;		line 183 in file "RelayControl.c"
 14232 ;; Parameters:    Size  Location     Type
 14233 ;;		None
 14234 ;; Auto vars:     Size  Location     Type
 14235 ;;		None
 14236 ;; Return value:  Size  Location     Type
 14237 ;;                  1    wreg      void 
 14238 ;; Registers used:
 14239 ;;		wreg, status,2, status,0
 14240 ;; Tracked objects:
 14241 ;;		On entry : 0/0
 14242 ;;		On exit  : 0/0
 14243 ;;		Unchanged: 0/0
 14244 ;; Data sizes:     COMMON   BANK0   BANK1   BANK2   BANK3   BANK4   BANK5   BANK6
 14245 ;;      Params:         0       0       0       0       0       0       0       0
 14246 ;;      Locals:         0       0       0       0       0       0       0       0
 14247 ;;      Temps:          0       0       0       0       0       0       0       0
 14248 ;;      Totals:         0       0       0       0       0       0       0       0
 14249 ;;Total ram usage:        0 bytes
 14250 ;; Hardware stack levels used: 1
 14251 ;; This function calls:
 14252 ;;		Nothing
 14253 ;; This function is called by:
 14254 ;;		_TMR1_10msEven
 14255 ;; This function uses a non-reentrant model
 14256 ;;
 14257                           
 14258     0C6B                     _KeepTimerCounter:	
 14259                           ;psect for function _KeepTimerCounter
 14260                           
 14261     0C6B                     i1l3628:	
 14262                           ;incstack = 0
 14263                           ; Regs used in _KeepTimerCounter: [wreg+status,2+status,0]
 14264                           
 14265                           
 14266                           ;RelayControl.c: 184:   if (OutState == 0) {
 14267     0C6B  087A               	movf	_OutState,w
 14268     0C6C  1D03               	btfss	3,2
 14269     0C6D  2C6F               	goto	u202_21
 14270     0C6E  2C70               	goto	u202_20
 14271     0C6F                     u202_21:
 14272     0C6F  2C73               	goto	i1l3632
 14273     0C70                     u202_20:
 14274     0C70                     i1l3630:
 14275                           
 14276                           ;RelayControl.c: 186:     LATCbits.LATC2 = 0;;
 14277     0C70  0022               	movlb	2	; select bank2
 14278     0C71  110E               	bcf	14,2	;volatile
 14279                           
 14280                           ;RelayControl.c: 187:   } else {
 14281     0C72  2CB2               	goto	i1l799
 14282     0C73                     i1l3632:
 14283                           
 14284                           ;RelayControl.c: 189:     if (fT1_TimerUp) {
 14285     0C73  0021               	movlb	1	; select bank1
 14286     0C74  0855               	movf	_fT1_TimerUp^(0+128),w
 14287     0C75  1903               	btfsc	3,2
 14288     0C76  2C78               	goto	u203_21
 14289     0C77  2C79               	goto	u203_20
 14290     0C78                     u203_21:
 14291     0C78  2CB2               	goto	i1l799
 14292     0C79                     u203_20:
 14293     0C79                     i1l3634:
 14294                           
 14295                           ;RelayControl.c: 190:       fT1_TimerUp = 0;
 14296     0C79  01D5               	clrf	_fT1_TimerUp^(0+128)
 14297     0C7A                     i1l3636:
 14298                           
 14299                           ;RelayControl.c: 191:       if (TimerState == 0) {
 14300     0C7A  0853               	movf	_TimerState^(0+128),w
 14301     0C7B  1D03               	btfss	3,2
 14302     0C7C  2C7E               	goto	u204_21
 14303     0C7D  2C7F               	goto	u204_20
 14304     0C7E                     u204_21:
 14305     0C7E  2C99               	goto	i1l3646
 14306     0C7F                     u204_20:
 14307     0C7F                     i1l3638:
 14308                           
 14309                           ;RelayControl.c: 192:         if (xComm_cnt >= SetTimer1_cnt) {
 14310     0C7F  0020               	movlb	0	; select bank0
 14311     0C80  0869               	movf	_SetTimer1_cnt+1,w
 14312     0C81  0021               	movlb	1	; select bank1
 14313     0C82  023D               	subwf	(_xComm_cnt+1)^(0+128),w
 14314     0C83  1D03               	skipz
 14315     0C84  2C89               	goto	u205_25
 14316     0C85  0020               	movlb	0	; select bank0
 14317     0C86  0868               	movf	_SetTimer1_cnt,w
 14318     0C87  0021               	movlb	1	; select bank1
 14319     0C88  023C               	subwf	_xComm_cnt^(0+128),w
 14320     0C89                     u205_25:
 14321     0C89  1C03               	skipc
 14322     0C8A  2C8C               	goto	u205_21
 14323     0C8B  2C8D               	goto	u205_20
 14324     0C8C                     u205_21:
 14325     0C8C  2CB2               	goto	i1l794
 14326     0C8D                     u205_20:
 14327     0C8D                     i1l3640:
 14328                           
 14329                           ;RelayControl.c: 193:           x1T_cnt = 0;
 14330     0C8D  01C2               	clrf	_x1T_cnt^(0+128)
 14331     0C8E  01C3               	clrf	(_x1T_cnt+1)^(0+128)
 14332                           
 14333                           ;RelayControl.c: 194:           x10T_cnt = 0;
 14334     0C8F  01C0               	clrf	_x10T_cnt^(0+128)
 14335     0C90  01C1               	clrf	(_x10T_cnt+1)^(0+128)
 14336                           
 14337                           ;RelayControl.c: 195:           x100T_cnt = 0;
 14338     0C91  01BE               	clrf	_x100T_cnt^(0+128)
 14339     0C92  01BF               	clrf	(_x100T_cnt+1)^(0+128)
 14340     0C93                     i1l3642:
 14341                           
 14342                           ;RelayControl.c: 196:           LATCbits.LATC2 = 0;;
 14343     0C93  0022               	movlb	2	; select bank2
 14344     0C94  110E               	bcf	14,2	;volatile
 14345     0C95                     i1l3644:
 14346                           
 14347                           ;RelayControl.c: 198:           TimerState = 1;
 14348     0C95  0021               	movlb	1	; select bank1
 14349     0C96  01D3               	clrf	_TimerState^(0+128)
 14350     0C97  0AD3               	incf	_TimerState^(0+128),f
 14351     0C98  2CB2               	goto	i1l799
 14352     0C99                     i1l3646:
 14353                           
 14354                           ;RelayControl.c: 201:         if (xComm_cnt >= SetTimer2_cnt) {
 14355     0C99  0020               	movlb	0	; select bank0
 14356     0C9A  0867               	movf	_SetTimer2_cnt+1,w
 14357     0C9B  0021               	movlb	1	; select bank1
 14358     0C9C  023D               	subwf	(_xComm_cnt+1)^(0+128),w
 14359     0C9D  1D03               	skipz
 14360     0C9E  2CA3               	goto	u206_25
 14361     0C9F  0020               	movlb	0	; select bank0
 14362     0CA0  0866               	movf	_SetTimer2_cnt,w
 14363     0CA1  0021               	movlb	1	; select bank1
 14364     0CA2  023C               	subwf	_xComm_cnt^(0+128),w
 14365     0CA3                     u206_25:
 14366     0CA3  1C03               	skipc
 14367     0CA4  2CA6               	goto	u206_21
 14368     0CA5  2CA7               	goto	u206_20
 14369     0CA6                     u206_21:
 14370     0CA6  2CB2               	goto	i1l794
 14371     0CA7                     u206_20:
 14372     0CA7                     i1l3648:
 14373                           
 14374                           ;RelayControl.c: 202:           x1T_cnt = 0;
 14375     0CA7  01C2               	clrf	_x1T_cnt^(0+128)
 14376     0CA8  01C3               	clrf	(_x1T_cnt+1)^(0+128)
 14377                           
 14378                           ;RelayControl.c: 203:           x10T_cnt = 0;
 14379     0CA9  01C0               	clrf	_x10T_cnt^(0+128)
 14380     0CAA  01C1               	clrf	(_x10T_cnt+1)^(0+128)
 14381                           
 14382                           ;RelayControl.c: 204:           x100T_cnt = 0;
 14383     0CAB  01BE               	clrf	_x100T_cnt^(0+128)
 14384     0CAC  01BF               	clrf	(_x100T_cnt+1)^(0+128)
 14385     0CAD                     i1l3650:
 14386                           
 14387                           ;RelayControl.c: 205:           LATCbits.LATC2 = 1;;
 14388     0CAD  0022               	movlb	2	; select bank2
 14389     0CAE  150E               	bsf	14,2	;volatile
 14390                           
 14391                           ;RelayControl.c: 207:           TimerState = 0;
 14392     0CAF  0021               	movlb	1	; select bank1
 14393     0CB0  01D3               	clrf	_TimerState^(0+128)
 14394     0CB1  2CB2               	goto	i1l799
 14395     0CB2                     i1l794:	
 14396                           ;RelayControl.c: 210:     }
 14397                           
 14398     0CB2                     i1l799:
 14399     0CB2  0008               	return
 14400     0CB3                     __end_of_KeepTimerCounter:
 14401                           
 14402                           	psect	text94
 14403     089A                     __ptext94:	
 14404 ;; *************** function _TMR0_ISR *****************
 14405 ;; Defined at:
 14406 ;;		line 108 in file "mcc_generated_files/tmr0.c"
 14407 ;; Parameters:    Size  Location     Type
 14408 ;;		None
 14409 ;; Auto vars:     Size  Location     Type
 14410 ;;		None
 14411 ;; Return value:  Size  Location     Type
 14412 ;;                  1    wreg      void 
 14413 ;; Registers used:
 14414 ;;		wreg, status,2, status,0, pclath, cstack
 14415 ;; Tracked objects:
 14416 ;;		On entry : 0/0
 14417 ;;		On exit  : 0/0
 14418 ;;		Unchanged: 0/0
 14419 ;; Data sizes:     COMMON   BANK0   BANK1   BANK2   BANK3   BANK4   BANK5   BANK6
 14420 ;;      Params:         0       0       0       0       0       0       0       0
 14421 ;;      Locals:         0       0       0       0       0       0       0       0
 14422 ;;      Temps:          0       0       0       0       0       0       0       0
 14423 ;;      Totals:         0       0       0       0       0       0       0       0
 14424 ;;Total ram usage:        0 bytes
 14425 ;; Hardware stack levels used: 1
 14426 ;; Hardware stack levels required when called: 2
 14427 ;; This function calls:
 14428 ;;		_TMR0_CallBack
 14429 ;; This function is called by:
 14430 ;;		_INTERRUPT_InterruptManager
 14431 ;; This function uses a non-reentrant model
 14432 ;;
 14433                           
 14434     089A                     _TMR0_ISR:	
 14435                           ;psect for function _TMR0_ISR
 14436                           
 14437     089A                     i1l3938:	
 14438                           ;incstack = 0
 14439                           ; Regs used in _TMR0_ISR: [wreg+status,2+status,0+pclath+cstack]
 14440                           
 14441                           
 14442                           ;mcc_generated_files/tmr0.c: 110:     static volatile uint16_t CountCallBack = 0;;mcc_ge
      +                          nerated_files/tmr0.c: 113:     INTCONbits.TMR0IF = 0;
 14443     089A  110B               	bcf	11,2	;volatile
 14444     089B                     i1l3940:
 14445                           
 14446                           ;mcc_generated_files/tmr0.c: 115:     TMR0 = timer0ReloadVal;
 14447     089B  087B               	movf	_timer0ReloadVal,w	;volatile
 14448     089C  0020               	movlb	0	; select bank0
 14449     089D  0095               	movwf	21	;volatile
 14450                           
 14451                           ;mcc_generated_files/tmr0.c: 118:     if (++CountCallBack >= 2)
 14452     089E  3001               	movlw	1
 14453     089F  0021               	movlb	1	; select bank1
 14454     08A0  07CA               	addwf	TMR0_ISR@CountCallBack^(0+128),f	;volatile
 14455     08A1  3000               	movlw	0
 14456     08A2  3DCB               	addwfc	(TMR0_ISR@CountCallBack+1)^(0+128),f	;volatile
 14457     08A3  3000               	movlw	0
 14458     08A4  024B               	subwf	(TMR0_ISR@CountCallBack+1)^(0+128),w	;volatile
 14459     08A5  3002               	movlw	2
 14460     08A6  1903               	skipnz
 14461     08A7  024A               	subwf	TMR0_ISR@CountCallBack^(0+128),w	;volatile
 14462     08A8  1C03               	skipc
 14463     08A9  28AB               	goto	u240_21
 14464     08AA  28AC               	goto	u240_20
 14465     08AB                     u240_21:
 14466     08AB  28B2               	goto	i1l475
 14467     08AC                     u240_20:
 14468     08AC                     i1l3942:
 14469                           
 14470                           ;mcc_generated_files/tmr0.c: 119:     {;mcc_generated_files/tmr0.c: 121:         TMR0_Ca
      +                          llBack();
 14471     08AC  3197  2777  3188   	fcall	_TMR0_CallBack
 14472     08AF                     i1l3944:
 14473                           
 14474                           ;mcc_generated_files/tmr0.c: 124:         CountCallBack = 0;
 14475     08AF  0021               	movlb	1	; select bank1
 14476     08B0  01CA               	clrf	TMR0_ISR@CountCallBack^(0+128)	;volatile
 14477     08B1  01CB               	clrf	(TMR0_ISR@CountCallBack+1)^(0+128)	;volatile
 14478     08B2                     i1l475:
 14479     08B2  0008               	return
 14480     08B3                     __end_of_TMR0_ISR:
 14481                           
 14482                           	psect	text95
 14483     1777                     __ptext95:	
 14484 ;; *************** function _TMR0_CallBack *****************
 14485 ;; Defined at:
 14486 ;;		line 130 in file "mcc_generated_files/tmr0.c"
 14487 ;; Parameters:    Size  Location     Type
 14488 ;;		None
 14489 ;; Auto vars:     Size  Location     Type
 14490 ;;		None
 14491 ;; Return value:  Size  Location     Type
 14492 ;;                  1    wreg      void 
 14493 ;; Registers used:
 14494 ;;		wreg, status,2, status,0, pclath, cstack
 14495 ;; Tracked objects:
 14496 ;;		On entry : 0/0
 14497 ;;		On exit  : 0/0
 14498 ;;		Unchanged: 0/0
 14499 ;; Data sizes:     COMMON   BANK0   BANK1   BANK2   BANK3   BANK4   BANK5   BANK6
 14500 ;;      Params:         0       0       0       0       0       0       0       0
 14501 ;;      Locals:         0       0       0       0       0       0       0       0
 14502 ;;      Temps:          0       0       0       0       0       0       0       0
 14503 ;;      Totals:         0       0       0       0       0       0       0       0
 14504 ;;Total ram usage:        0 bytes
 14505 ;; Hardware stack levels used: 1
 14506 ;; Hardware stack levels required when called: 1
 14507 ;; This function calls:
 14508 ;;		NULL
 14509 ;;		_TMR0_10msEven
 14510 ;; This function is called by:
 14511 ;;		_TMR0_ISR
 14512 ;; This function uses a non-reentrant model
 14513 ;;
 14514                           
 14515     1777                     _TMR0_CallBack:	
 14516                           ;psect for function _TMR0_CallBack
 14517                           
 14518     1777                     i1l3800:	
 14519                           ;incstack = 0
 14520                           ; Regs used in _TMR0_CallBack: [wreg+status,2+status,0+pclath+cstack]
 14521                           
 14522                           
 14523                           ;mcc_generated_files/tmr0.c: 134:     if(TMR0_InterruptHandler)
 14524     1777  0021               	movlb	1	; select bank1
 14525     1778  084C               	movf	_TMR0_InterruptHandler^(0+128),w
 14526     1779  044D               	iorwf	(_TMR0_InterruptHandler+1)^(0+128),w
 14527     177A  1903               	btfsc	3,2
 14528     177B  2F7D               	goto	u228_21
 14529     177C  2F7E               	goto	u228_20
 14530     177D                     u228_21:
 14531     177D  2F83               	goto	i1l479
 14532     177E                     u228_20:
 14533     177E                     i1l3802:
 14534                           
 14535                           ;mcc_generated_files/tmr0.c: 135:     {;mcc_generated_files/tmr0.c: 136:         TMR0_In
      +                          terruptHandler();
 14536     177E  084D               	movf	(_TMR0_InterruptHandler+1)^(0+128),w
 14537     177F  008A               	movwf	10
 14538     1780  084C               	movf	_TMR0_InterruptHandler^(0+128),w
 14539     1781  000A               	callw
 14540     1782  3197               	pagesel	$
 14541     1783                     i1l479:
 14542     1783  0008               	return
 14543     1784                     __end_of_TMR0_CallBack:
 14544                           
 14545                           	psect	text96
 14546     082C                     __ptext96:	
 14547 ;; *************** function _TMR0_10msEven *****************
 14548 ;; Defined at:
 14549 ;;		line 29 in file "TimerEven.c"
 14550 ;; Parameters:    Size  Location     Type
 14551 ;;		None
 14552 ;; Auto vars:     Size  Location     Type
 14553 ;;		None
 14554 ;; Return value:  Size  Location     Type
 14555 ;;                  1    wreg      void 
 14556 ;; Registers used:
 14557 ;;		wreg, status,2, status,0
 14558 ;; Tracked objects:
 14559 ;;		On entry : 0/0
 14560 ;;		On exit  : 0/0
 14561 ;;		Unchanged: 0/0
 14562 ;; Data sizes:     COMMON   BANK0   BANK1   BANK2   BANK3   BANK4   BANK5   BANK6
 14563 ;;      Params:         0       0       0       0       0       0       0       0
 14564 ;;      Locals:         0       0       0       0       0       0       0       0
 14565 ;;      Temps:          1       0       0       0       0       0       0       0
 14566 ;;      Totals:         1       0       0       0       0       0       0       0
 14567 ;;Total ram usage:        1 bytes
 14568 ;; Hardware stack levels used: 1
 14569 ;; This function calls:
 14570 ;;		Nothing
 14571 ;; This function is called by:
 14572 ;;		_main
 14573 ;;		_TMR0_CallBack
 14574 ;; This function uses a non-reentrant model
 14575 ;;
 14576                           
 14577     082C                     _TMR0_10msEven:	
 14578                           ;psect for function _TMR0_10msEven
 14579                           
 14580     082C                     i1l3618:	
 14581                           ;incstack = 0
 14582                           ; Regs used in _TMR0_10msEven: [wreg+status,2+status,0]
 14583                           
 14584                           
 14585                           ;TimerEven.c: 30:   T0_10ms_cnt++;
 14586     082C  3001               	movlw	1
 14587     082D  00F0               	movwf	??_TMR0_10msEven
 14588     082E  0870               	movf	??_TMR0_10msEven,w
 14589     082F  0021               	movlb	1	; select bank1
 14590     0830  07DA               	addwf	_T0_10ms_cnt^(0+128),f
 14591     0831                     i1l3620:
 14592                           
 14593                           ;TimerEven.c: 31:   fT0_fT10ms = 1;
 14594     0831  01DE               	clrf	_fT0_fT10ms^(0+128)
 14595     0832  0ADE               	incf	_fT0_fT10ms^(0+128),f
 14596                           
 14597                           ;TimerEven.c: 32:   T0_1second_cnt++;
 14598     0833  3001               	movlw	1
 14599     0834  00F0               	movwf	??_TMR0_10msEven
 14600     0835  0870               	movf	??_TMR0_10msEven,w
 14601     0836  07D9               	addwf	_T0_1second_cnt^(0+128),f
 14602     0837                     i1l3622:
 14603                           
 14604                           ;TimerEven.c: 33:   if (T0_1second_cnt >= 100) {
 14605     0837  3064               	movlw	100
 14606     0838  0259               	subwf	_T0_1second_cnt^(0+128),w
 14607     0839  1C03               	skipc
 14608     083A  283C               	goto	u201_21
 14609     083B  283D               	goto	u201_20
 14610     083C                     u201_21:
 14611     083C  2840               	goto	i1l638
 14612     083D                     u201_20:
 14613     083D                     i1l3624:
 14614                           
 14615                           ;TimerEven.c: 34:     T0_1second_cnt = 0;
 14616     083D  01D9               	clrf	_T0_1second_cnt^(0+128)
 14617     083E                     i1l3626:
 14618                           
 14619                           ;TimerEven.c: 35:     fT0_1second = 1;
 14620     083E  01DD               	clrf	_fT0_1second^(0+128)
 14621     083F  0ADD               	incf	_fT0_1second^(0+128),f
 14622     0840                     i1l638:
 14623     0840  0008               	return
 14624     0841                     __end_of_TMR0_10msEven:
 14625     007E                     btemp	set	126	;btemp
 14626     007E                     int$flags	set	126
 14627     007E                     wtemp0	set	126
 14628                           
 14629                           	psect	config
 14630                           
 14631                           ;Config register CONFIG1 @ 0x8007
 14632                           ;	Oscillator Selection
 14633                           ;	FOSC = INTOSC, INTOSC oscillator: I/O function on CLKIN pin
 14634                           ;	Watchdog Timer Enable
 14635                           ;	WDTE = OFF, WDT disabled
 14636                           ;	Power-up Timer Enable
 14637                           ;	PWRTE = OFF, PWRT disabled
 14638                           ;	MCLR Pin Function Select
 14639                           ;	MCLRE = ON, MCLR/VPP pin function is MCLR
 14640                           ;	Flash Program Memory Code Protection
 14641                           ;	CP = OFF, Program memory code protection is disabled
 14642                           ;	Data Memory Code Protection
 14643                           ;	CPD = OFF, Data memory code protection is disabled
 14644                           ;	Brown-out Reset Enable
 14645                           ;	BOREN = ON, Brown-out Reset enabled
 14646                           ;	Clock Out Enable
 14647                           ;	CLKOUTEN = OFF, CLKOUT function is disabled. I/O or oscillator function on the CLKOUT 
      +                          pin
 14648                           ;	Internal/External Switchover
 14649                           ;	IESO = ON, Internal/External Switchover mode is enabled
 14650                           ;	Fail-Safe Clock Monitor Enable
 14651                           ;	FCMEN = ON, Fail-Safe Clock Monitor is enabled
 14652     8007                     	org	32775
 14653     8007  3FE4               	dw	16356
 14654                           
 14655                           ;Config register CONFIG2 @ 0x8008
 14656                           ;	Flash Memory Self-Write Protection
 14657                           ;	WRT = OFF, Write protection off
 14658                           ;	Voltage Regulator Capacitor Enable
 14659                           ;	VCAPEN = OFF, All VCAP pin functionality is disabled
 14660                           ;	PLL Enable
 14661                           ;	PLLEN = ON, 4x PLL enabled
 14662                           ;	Stack Overflow/Underflow Reset Enable
 14663                           ;	STVREN = ON, Stack Overflow or Underflow will cause a Reset
 14664                           ;	Brown-out Reset Voltage Selection
 14665                           ;	BORV = LO, Brown-out Reset Voltage (Vbor), low trip point selected.
 14666                           ;	Low-Voltage Programming Enable
 14667                           ;	LVP = OFF, High-voltage on MCLR/VPP must be used for programming
 14668     8008                     	org	32776
 14669     8008  1FFF               	dw	8191

Data Sizes:
    Strings     125
    Constant    32
    Data        8
    BSS         199
    Persistent  32
    Stack       0

Auto Spaces:
    Space          Size  Autos    Used
    COMMON           14     10      12
    BANK0            80     70      75
    BANK1            80      0      78
    BANK2            80      0      78
    BANK3            80      8      52
    BANK4            80      0       0
    BANK5            80      0       0
    BANK6            16      0       0

Pointer List with Targets:

    cb$0	PTR void  size(1) Largest target is 1
		 -> I2C_Write1ByteRegister@data(BANK0[1]), NULL(NULL[0]), 

    cb$0	PTR void  size(1) Largest target is 1
		 -> I2C_Write1ByteRegister@data(BANK0[1]), NULL(NULL[0]), 

    Digital2Number@digital	PTR unsigned char  size(1) Largest target is 4
		 -> SetTimer1_digi(BANK1[4]), SetTimer2_digi(BANK1[4]), 

    Digital2Number@Num	PTR unsigned short  size(1) Largest target is 2
		 -> SetTimer1_cnt(BANK0[2]), SetTimer2_cnt(BANK0[2]), 

    DispFunctionSet@buf	PTR unsigned char  size(1) Largest target is 17
		 -> buf(BANK2[17]), 

    DispNormal@buf	PTR unsigned char  size(1) Largest target is 17
		 -> buf(BANK2[17]), 

    DispTimeAdjustment@buf	PTR unsigned char  size(1) Largest target is 17
		 -> buf(BANK2[17]), 

    f$.$buffer	PTR unsigned char  size(2) Largest target is 0

    f$.$source	PTR const unsigned char  size(2) Largest target is 0

    fputc@fp	PTR struct _IO_FILE size(1) Largest target is 11
		 -> sprintf@f(BANK0[11]), 

    fputc@fp$.$buffer	PTR unsigned char  size(2) Largest target is 0

    fputc@fp$.$source	PTR const unsigned char  size(2) Largest target is 0

    I2C_CallbackReturnReset@funPtr	PTR void  size(1) Largest target is 1
		 -> I2C_Write1ByteRegister@data(BANK0[1]), NULL(NULL[0]), 

    I2C_CallbackReturnStop@funPtr	PTR void  size(1) Largest target is 1
		 -> I2C_Write1ByteRegister@data(BANK0[1]), NULL(NULL[0]), 

    I2C_DO_TX$2207	PTR FTN(PTR void ,)enum E363 size(2) Largest target is 1
		 -> I2C_CallbackReturnReset(), I2C_CallbackReturnStop(), wr1RegCompleteHandler(), NULL(), 

    I2C_DO_TX$2207$0	PTR void  size(1) Largest target is 1
		 -> I2C_Write1ByteRegister@data(BANK0[1]), NULL(NULL[0]), 

    I2C_DO_TX$2212	PTR void  size(1) Largest target is 1
		 -> I2C_Write1ByteRegister@data(BANK0[1]), NULL(NULL[0]), 

    i2c_fsmStateTable	const PTR FTN()enum E3110[16] size(2) Largest target is 1
		 -> I2C_DO_ADDRESS_NACK(), I2C_DO_IDLE(), I2C_DO_RCEN(), I2C_DO_RESET(), 
		 -> I2C_DO_RX(), I2C_DO_RX_ACK(), I2C_DO_RX_NACK_RESTART(), I2C_DO_RX_NACK_STOP(), 
		 -> I2C_DO_SEND_ADR_READ(), I2C_DO_SEND_ADR_WRITE(), I2C_DO_SEND_RESTART(), I2C_DO_SEND_RESTART_READ(), 
		 -> I2C_DO_SEND_RESTART_WRITE(), I2C_DO_SEND_STOP(), I2C_DO_TX(), I2C_DO_TX_EMPTY(), 

    I2C_MasterFsm$2206	const PTR FTN()enum E3110 size(2) Largest target is 1
		 -> I2C_DO_ADDRESS_NACK(), I2C_DO_IDLE(), I2C_DO_RCEN(), I2C_DO_RESET(), 
		 -> I2C_DO_RX(), I2C_DO_RX_ACK(), I2C_DO_RX_NACK_RESTART(), I2C_DO_RX_NACK_STOP(), 
		 -> I2C_DO_SEND_ADR_READ(), I2C_DO_SEND_ADR_WRITE(), I2C_DO_SEND_RESTART(), I2C_DO_SEND_RESTART_READ(), 
		 -> I2C_DO_SEND_RESTART_WRITE(), I2C_DO_SEND_STOP(), I2C_DO_TX(), I2C_DO_TX_EMPTY(), 

    I2C_SetAddressNackCallback@cb	PTR FTN(PTR void ,)enum E363 size(2) Largest target is 1
		 -> NULL(), 

    I2C_SetAddressNackCallback@ptr	PTR void  size(2) Largest target is 0
		 -> NULL(NULL[0]), 

    I2C_SetBuffer@buffer	PTR void  size(1) Largest target is 1
		 -> I2C_Write1ByteRegister@data(BANK0[1]), I2C_Write1ByteRegister@reg(BANK0[1]), NULL(NULL[0]), 

    I2C_SetCallback@cb	PTR FTN(PTR void ,)enum E363 size(2) Largest target is 1
		 -> wr1RegCompleteHandler(), NULL(), 

    I2C_SetCallback@ptr	PTR void  size(1) Largest target is 1
		 -> I2C_Write1ByteRegister@data(BANK0[1]), NULL(NULL[0]), 

    I2C_SetDataCompleteCallback@cb	PTR FTN(PTR void ,)enum E363 size(2) Largest target is 1
		 -> wr1RegCompleteHandler(), NULL(), 

    I2C_SetDataCompleteCallback@ptr	PTR void  size(1) Largest target is 1
		 -> I2C_Write1ByteRegister@data(BANK0[1]), NULL(NULL[0]), 

    I2C_Status$callbackPayload	PTR void [6] size(1) Largest target is 1
		 -> I2C_Write1ByteRegister@data(BANK0[1]), NULL(NULL[0]), 

    I2C_Status$callbackTable	PTR FTN(PTR void ,)enum E363[6] size(2) Largest target is 1
		 -> I2C_CallbackReturnReset(), I2C_CallbackReturnStop(), wr1RegCompleteHandler(), NULL(), 

    I2C_Status$data_ptr	PTR unsigned char  size(1) Largest target is 1
		 -> I2C_Write1ByteRegister@data(BANK0[1]), I2C_Write1ByteRegister@reg(BANK0[1]), NULL(NULL[0]), 

    KEY_ScanAll@k	PTR struct . size(1) Largest target is 44
		 -> key(BANK3[44]), 

    LCD_Print@str	PTR const unsigned char  size(1) Largest target is 17
		 -> buf(BANK2[17]), 

    NULL$0	PTR void  size(1) Largest target is 1
		 -> I2C_Write1ByteRegister@data(BANK0[1]), NULL(NULL[0]), 

    Number2Digital@digiNum	PTR unsigned char  size(2) Largest target is 4
		 -> DispNormal@digital(BANK3[4]), SetTimer1_digi(BANK1[4]), SetTimer2_digi(BANK1[4]), 

    S172$0$0	PTR void  size(1) Largest target is 1
		 -> I2C_Write1ByteRegister@data(BANK0[1]), NULL(NULL[0]), 

    S172$callbackPayload	PTR void [6] size(1) Largest target is 1
		 -> I2C_Write1ByteRegister@data(BANK0[1]), NULL(NULL[0]), 

    S172$callbackTable	PTR FTN(PTR void ,)enum E363[6] size(2) Largest target is 1
		 -> I2C_CallbackReturnReset(), I2C_CallbackReturnStop(), wr1RegCompleteHandler(), NULL(), 

    S172$data_ptr	PTR unsigned char  size(1) Largest target is 1
		 -> I2C_Write1ByteRegister@data(BANK0[1]), I2C_Write1ByteRegister@reg(BANK0[1]), NULL(NULL[0]), 

    S1833$buffer	PTR unsigned char  size(2) Largest target is 0

    S1833$source	PTR const unsigned char  size(2) Largest target is 0

    sp__strncpy	PTR unsigned char  size(2) Largest target is 3
		 -> DispNormal@temp_str(BANK3[3]), DispTimeAdjustment@temp_str(BANK3[3]), RelayState_buf(BANK1[3]), 

    sprintf@ap	PTR void [1] size(1) Largest target is 2
		 -> ?_sprintf(BANK0[2]), 

    sprintf@fmt	PTR const unsigned char  size(2) Largest target is 21
		 -> STR_1(CODE[17]), STR_11(CODE[21]), STR_4(CODE[21]), STR_5(CODE[21]), 
		 -> STR_6(CODE[21]), STR_7(CODE[11]), STR_8(CODE[11]), STR_9(CODE[11]), 

    sprintf@s	PTR unsigned char  size(1) Largest target is 17
		 -> buf(BANK2[17]), 

    strncpy@cp	PTR unsigned char  size(2) Largest target is 3
		 -> DispNormal@temp_str(BANK3[3]), DispTimeAdjustment@temp_str(BANK3[3]), RelayState_buf(BANK1[3]), 

    strncpy@d	PTR unsigned char  size(2) Largest target is 3
		 -> DispNormal@temp_str(BANK3[3]), DispTimeAdjustment@temp_str(BANK3[3]), RelayState_buf(BANK1[3]), 

    strncpy@s	PTR const unsigned char  size(2) Largest target is 4
		 -> RelayState_buf(BANK1[3]), STR_10(CODE[4]), STR_12(CODE[4]), STR_13(CODE[4]), 
		 -> STR_14(CODE[4]), STR_2(CODE[4]), STR_3(CODE[4]), 

    TimeAdjustment@DigPtr	PTR unsigned char  size(1) Largest target is 4
		 -> SetTimer1_digi(BANK1[4]), SetTimer2_digi(BANK1[4]), 

    TMR0_InterruptHandler	PTR FTN()void  size(2) Largest target is 1
		 -> TMR0_10msEven(), NULL(), 

    TMR0_SetInterruptHandler@InterruptHandler	PTR FTN()void  size(2) Largest target is 1
		 -> TMR0_10msEven(), 

    TMR1_InterruptHandler	PTR FTN()void  size(2) Largest target is 1
		 -> TMR1_10msEven(), NULL(), 

    TMR1_SetInterruptHandler@InterruptHandler	PTR FTN()void  size(2) Largest target is 1
		 -> TMR1_10msEven(), 

    vfpfcnvrt@ap	PTR PTR void  size(1) Largest target is 1
		 -> sprintf@ap(BANK0[1]), 

    vfpfcnvrt@cp	PTR unsigned char  size(2) Largest target is 21
		 -> STR_1(CODE[17]), STR_11(CODE[21]), STR_4(CODE[21]), STR_5(CODE[21]), 
		 -> STR_6(CODE[21]), STR_7(CODE[11]), STR_8(CODE[11]), STR_9(CODE[11]), 

    vfpfcnvrt@cp_1915	PTR unsigned char  size(2) Largest target is 3
		 -> DispNormal@temp_str(BANK3[3]), DispTimeAdjustment@temp_str(BANK3[3]), ?_sprintf(BANK0[2]), 

    vfpfcnvrt@fmt	PTR PTR unsigned char  size(1) Largest target is 2
		 -> vfprintf@cfmt(BANK0[2]), 

    vfpfcnvrt@fp	PTR struct _IO_FILE size(1) Largest target is 11
		 -> sprintf@f(BANK0[11]), 

    vfprintf@ap	PTR PTR void  size(1) Largest target is 1
		 -> sprintf@ap(BANK0[1]), 

    vfprintf@cfmt	PTR unsigned char  size(2) Largest target is 21
		 -> STR_1(CODE[17]), STR_11(CODE[21]), STR_4(CODE[21]), STR_5(CODE[21]), 
		 -> STR_6(CODE[21]), STR_7(CODE[11]), STR_8(CODE[11]), STR_9(CODE[11]), 

    vfprintf@fmt	PTR const unsigned char  size(2) Largest target is 21
		 -> STR_1(CODE[17]), STR_11(CODE[21]), STR_4(CODE[21]), STR_5(CODE[21]), 
		 -> STR_6(CODE[21]), STR_7(CODE[11]), STR_8(CODE[11]), STR_9(CODE[11]), 

    vfprintf@fp	PTR struct _IO_FILE size(1) Largest target is 11
		 -> sprintf@f(BANK0[11]), 

    wr1RegCompleteHandler@ptr	PTR void  size(1) Largest target is 1
		 -> I2C_Write1ByteRegister@data(BANK0[1]), NULL(NULL[0]), 


Critical Paths under _main in COMMON

    _main->_KEY_ScanAll
    _main->_TimeAdjustment
    _TimeAdjustment->_Digital2Number
    _Digital2Number->___wmul
    _RelayControl_Init->_strncpy
    _POWER_ON_EEPROM_READ->_EEPROM_ReadWord
    _EEPROM_ReadWord->_eeprom_read
    _Normal->_strncpy
    _I2C_Write1ByteRegister->_I2C_SetAddressNackCallback
    _I2C_SetAddressNackCallback->_I2C_SetCallback
    _I2C_DO_TX_EMPTY->_I2C_CallbackReturnReset
    _I2C_DO_TX_EMPTY->_I2C_CallbackReturnStop
    _I2C_DO_TX_EMPTY->_wr1RegCompleteHandler
    _I2C_DO_TX->_I2C_CallbackReturnReset
    _I2C_DO_TX->_I2C_CallbackReturnStop
    _I2C_DO_TX->_wr1RegCompleteHandler
    _I2C_DO_SEND_ADR_WRITE->_I2C_MasterSendTxData
    _I2C_DO_RX->_I2C_CallbackReturnReset
    _I2C_DO_RX->_I2C_CallbackReturnStop
    _I2C_DO_RX->_wr1RegCompleteHandler
    _I2C_DO_ADDRESS_NACK->_I2C_CallbackReturnReset
    _I2C_DO_ADDRESS_NACK->_I2C_CallbackReturnStop
    _I2C_DO_ADDRESS_NACK->_wr1RegCompleteHandler
    _wr1RegCompleteHandler->_I2C_SetDataCompleteCallback
    _I2C_SetDataCompleteCallback->_I2C_SetCallback
    _KEY_ScanAll->___bmul
    _KEY_Init->___bmul
    _DispTimeAdjustment->_strncpy
    _DispNormal->_strncpy
    _Number2Digital->___lwdiv
    _vfpfcnvrt->_fputc
    _abs->___awmod

Critical Paths under _INTERRUPT_InterruptManager in COMMON

    _TMR1_ISR->_TMR1_WriteTimer
    _TMR0_CallBack->_TMR0_10msEven

Critical Paths under _main in BANK0

    _main->_DispNormal
    _main->_DispTimeAdjustment
    _TimeAdjustment->_Digital2Number
    _RelayControl_Init->_strncpy
    _POWER_ON_EEPROM_READ->_EEPROM_ReadWord
    _Normal->_strncpy
    _LCD_SetCursor->_LCD_Command
    _LCD_Print->_LCD_Data
    _LCD_Data->_PCF8574_LCD_SendNibble
    _LCD_Init->_LCD_Command
    _LCD_Command->_PCF8574_LCD_SendNibble
    _PCF8574_LCD_SendNibble->_I2C_Write1ByteRegister
    _I2C_MasterWrite->_I2C_MasterOperation
    _I2C_Poller->_I2C_MasterFsm
    _I2C_MasterFsm->_I2C_DO_ADDRESS_NACK
    _I2C_MasterFsm->_I2C_DO_RX
    _I2C_MasterFsm->_I2C_DO_TX
    _I2C_MasterFsm->_I2C_DO_TX_EMPTY
    _FunctionSet->_Number2Digital
    _DispTimeAdjustment->_sprintf
    _DispNormal->_sprintf
    _DispFunctionSet->_sprintf
    _sprintf->_vfprintf
    _vfprintf->_vfpfcnvrt
    _vfpfcnvrt->___awdiv
    _vfpfcnvrt->_abs

Critical Paths under _INTERRUPT_InterruptManager in BANK0

    None.

Critical Paths under _main in BANK1

    None.

Critical Paths under _INTERRUPT_InterruptManager in BANK1

    None.

Critical Paths under _main in BANK2

    None.

Critical Paths under _INTERRUPT_InterruptManager in BANK2

    None.

Critical Paths under _main in BANK3

    _main->_DispNormal

Critical Paths under _INTERRUPT_InterruptManager in BANK3

    None.

Critical Paths under _main in BANK4

    None.

Critical Paths under _INTERRUPT_InterruptManager in BANK4

    None.

Critical Paths under _main in BANK5

    None.

Critical Paths under _INTERRUPT_InterruptManager in BANK5

    None.

Critical Paths under _main in BANK6

    None.

Critical Paths under _INTERRUPT_InterruptManager in BANK6

    None.

Call Graph Tables:

 ---------------------------------------------------------------------------------
 (Depth) Function   	        Calls       Base Space   Used Autos Params    Refs
 ---------------------------------------------------------------------------------
 (0) _main                                                 0     0      0  105731
                    _DispFunctionSet
                         _DispNormal
                 _DispTimeAdjustment
                        _FunctionSet
                           _KEY_Init
                        _KEY_ScanAll
                        _LCD_Command
                           _LCD_Init
                          _LCD_Print
                      _LCD_SetCursor
                             _Normal
               _POWER_ON_EEPROM_READ
                  _RelayControl_Init
                  _SYSTEM_Initialize
           _TMR0_SetInterruptHandler
           _TMR1_SetInterruptHandler
                     _TimeAdjustment
                            _sprintf
 ---------------------------------------------------------------------------------
 (1) _TimeAdjustment                                       2     2      0    4196
                                              9 COMMON     1     1      0
                                             17 BANK0      1     1      0
                     _Digital2Number
 ---------------------------------------------------------------------------------
 (2) _Digital2Number                                      18    17      1    4045
                                              8 COMMON     1     0      1
                                              0 BANK0     17    17      0
                             ___wmul
 ---------------------------------------------------------------------------------
 (1) _TMR1_SetInterruptHandler                             2     0      2      98
                                              2 COMMON     2     0      2
 ---------------------------------------------------------------------------------
 (1) _TMR0_SetInterruptHandler                             2     0      2      98
                                              2 COMMON     2     0      2
 ---------------------------------------------------------------------------------
 (1) _SYSTEM_Initialize                                    0     0      0       0
                     _I2C_Initialize
              _OSCILLATOR_Initialize
             _PIN_MANAGER_Initialize
                    _TMR0_Initialize
                    _TMR1_Initialize
                     _WDT_Initialize
 ---------------------------------------------------------------------------------
 (2) _WDT_Initialize                                       0     0      0       0
 ---------------------------------------------------------------------------------
 (2) _TMR1_Initialize                                      0     0      0       0
 ---------------------------------------------------------------------------------
 (2) _TMR0_Initialize                                      0     0      0       0
 ---------------------------------------------------------------------------------
 (2) _PIN_MANAGER_Initialize                               0     0      0       0
 ---------------------------------------------------------------------------------
 (2) _OSCILLATOR_Initialize                                0     0      0       0
 ---------------------------------------------------------------------------------
 (2) _I2C_Initialize                                       0     0      0       0
 ---------------------------------------------------------------------------------
 (1) _RelayControl_Init                                    0     0      0    2318
                            _strncpy
 ---------------------------------------------------------------------------------
 (1) _POWER_ON_EEPROM_READ                                 0     0      0     161
                    _EEPROM_ReadWord
 ---------------------------------------------------------------------------------
 (2) _EEPROM_ReadWord                                     10     8      2     161
                                              6 COMMON     2     0      2
                                              0 BANK0      8     8      0
                        _eeprom_read
 ---------------------------------------------------------------------------------
 (3) _eeprom_read                                          4     4      0      31
                                              2 COMMON     4     4      0
 ---------------------------------------------------------------------------------
 (1) _Normal                                               0     0      0    2318
                     _TimeModeSelect
                            _strncpy
 ---------------------------------------------------------------------------------
 (2) _TimeModeSelect                                       0     0      0       0
 ---------------------------------------------------------------------------------
 (1) _LCD_SetCursor                                        6     5      1    9246
                                             15 BANK0      6     5      1
                        _LCD_Command
 ---------------------------------------------------------------------------------
 (1) _LCD_Print                                            2     2      0    9098
                                             15 BANK0      2     2      0
                           _LCD_Data
 ---------------------------------------------------------------------------------
 (2) _LCD_Data                                             2     2      0    8517
                                             13 BANK0      2     2      0
             _PCF8574_LCD_SendNibble
 ---------------------------------------------------------------------------------
 (1) _LCD_Init                                             2     2      0   16972
                                             15 BANK0      2     2      0
                        _LCD_Command
             _PCF8574_LCD_SendNibble
 ---------------------------------------------------------------------------------
 (2) _LCD_Command                                          2     2      0    8517
                                             13 BANK0      2     2      0
             _PCF8574_LCD_SendNibble
 ---------------------------------------------------------------------------------
 (3) _PCF8574_LCD_SendNibble                               4     3      1    8455
                                              9 BANK0      4     3      1
             _I2C_Write1ByteRegister
 ---------------------------------------------------------------------------------
 (4) _I2C_Write1ByteRegister                               3     1      2    7605
                                              6 BANK0      3     1      2
                          _I2C_Close
                    _I2C_MasterWrite
                           _I2C_Open
         _I2C_SetAddressNackCallback
                      _I2C_SetBuffer
        _I2C_SetDataCompleteCallback
 ---------------------------------------------------------------------------------
 (5) _I2C_SetAddressNackCallback                           4     0      4     654
                                              6 COMMON     4     0      4
                    _I2C_SetCallback
 ---------------------------------------------------------------------------------
 (5) _I2C_Open                                             2     2      0      46
                                              2 COMMON     2     2      0
                 _I2C_MasterClearIrq
                     _I2C_MasterOpen
 ---------------------------------------------------------------------------------
 (6) _I2C_MasterOpen                                       0     0      0       0
 ---------------------------------------------------------------------------------
 (5) _I2C_MasterWrite                                      0     0      0    5342
                _I2C_MasterOperation
 ---------------------------------------------------------------------------------
 (6) _I2C_MasterOperation                                  2     2      0    5342
                                              4 BANK0      2     2      0
                    _I2C_MasterStart
                         _I2C_Poller
 ---------------------------------------------------------------------------------
 (7) _I2C_Poller                                           0     0      0    5274
                      _I2C_MasterFsm
             _I2C_MasterWaitForEvent
 ---------------------------------------------------------------------------------
 (8) _I2C_MasterWaitForEvent                               0     0      0       0
 ---------------------------------------------------------------------------------
 (8) _I2C_MasterFsm                                        2     2      0    5274
                                              2 BANK0      2     2      0
                _I2C_DO_ADDRESS_NACK *
                        _I2C_DO_IDLE *
                        _I2C_DO_RCEN *
                       _I2C_DO_RESET *
                          _I2C_DO_RX *
                      _I2C_DO_RX_ACK *
             _I2C_DO_RX_NACK_RESTART *
                _I2C_DO_RX_NACK_STOP *
               _I2C_DO_SEND_ADR_READ *
              _I2C_DO_SEND_ADR_WRITE *
                _I2C_DO_SEND_RESTART *
           _I2C_DO_SEND_RESTART_READ *
          _I2C_DO_SEND_RESTART_WRITE *
                   _I2C_DO_SEND_STOP *
                          _I2C_DO_TX *
                    _I2C_DO_TX_EMPTY *
                 _I2C_MasterClearIrq
                   _I2C_MasterIsNack
 ---------------------------------------------------------------------------------
 (9) _I2C_DO_TX_EMPTY                                      2     2      0    1302
                                              0 BANK0      2     2      0
                                NULL *
            _I2C_CallbackReturnReset *
             _I2C_CallbackReturnStop *
                _I2C_DO_SEND_RESTART
                   _I2C_DO_SEND_STOP
                   _I2C_MasterSetIrq
              _wr1RegCompleteHandler *
 ---------------------------------------------------------------------------------
 (10) _I2C_MasterSetIrq                                    0     0      0       0
 ---------------------------------------------------------------------------------
 (9) _I2C_DO_TX                                            2     2      0    1324
                                              0 BANK0      2     2      0
                                NULL *
            _I2C_CallbackReturnReset *
             _I2C_CallbackReturnStop *
           _I2C_DO_SEND_RESTART_READ
          _I2C_DO_SEND_RESTART_WRITE
                   _I2C_DO_SEND_STOP
                   _I2C_MasterIsNack
               _I2C_MasterSendTxData
              _wr1RegCompleteHandler *
 ---------------------------------------------------------------------------------
 (9) _I2C_MasterIsNack                                     0     0      0       0
 ---------------------------------------------------------------------------------
 (10) _I2C_DO_SEND_RESTART_WRITE                           0     0      0       0
            _I2C_MasterEnableRestart
 ---------------------------------------------------------------------------------
 (10) _I2C_DO_SEND_RESTART_READ                            0     0      0       0
            _I2C_MasterEnableRestart
 ---------------------------------------------------------------------------------
 (9) _I2C_DO_SEND_ADR_WRITE                                0     0      0      22
               _I2C_MasterSendTxData
 ---------------------------------------------------------------------------------
 (9) _I2C_DO_SEND_ADR_READ                                 0     0      0      22
               _I2C_MasterSendTxData
 ---------------------------------------------------------------------------------
 (10) _I2C_MasterSendTxData                                1     1      0      22
                                              2 COMMON     1     1      0
 ---------------------------------------------------------------------------------
 (9) _I2C_DO_RX_ACK                                        0     0      0       0
                  _I2C_MasterSendAck
 ---------------------------------------------------------------------------------
 (9) _I2C_DO_RX                                            2     2      0    1302
                                              0 BANK0      2     2      0
                                NULL *
            _I2C_CallbackReturnReset *
             _I2C_CallbackReturnStop *
             _I2C_DO_RX_NACK_RESTART
                _I2C_DO_RX_NACK_STOP
                _I2C_MasterGetRxData
                  _I2C_MasterSendAck
              _wr1RegCompleteHandler *
 ---------------------------------------------------------------------------------
 (10) _I2C_MasterSendAck                                   0     0      0       0
 ---------------------------------------------------------------------------------
 (10) _I2C_MasterGetRxData                                 0     0      0       0
 ---------------------------------------------------------------------------------
 (9) _I2C_DO_RX_NACK_STOP                                  0     0      0       0
                 _I2C_MasterSendNack
 ---------------------------------------------------------------------------------
 (9) _I2C_DO_RX_NACK_RESTART                               0     0      0       0
                 _I2C_MasterSendNack
 ---------------------------------------------------------------------------------
 (10) _I2C_MasterSendNack                                  0     0      0       0
 ---------------------------------------------------------------------------------
 (9) _I2C_DO_RESET                                         0     0      0       0
 ---------------------------------------------------------------------------------
 (9) _I2C_DO_RCEN                                          0     0      0       0
                  _I2C_MasterStartRx
 ---------------------------------------------------------------------------------
 (10) _I2C_MasterStartRx                                   0     0      0       0
 ---------------------------------------------------------------------------------
 (9) _I2C_DO_IDLE                                          0     0      0       0
 ---------------------------------------------------------------------------------
 (9) _I2C_DO_ADDRESS_NACK                                  2     2      0    1302
                                              0 BANK0      2     2      0
                                NULL *
            _I2C_CallbackReturnReset *
             _I2C_CallbackReturnStop *
                _I2C_DO_SEND_RESTART
                   _I2C_DO_SEND_STOP
              _wr1RegCompleteHandler *
 ---------------------------------------------------------------------------------
 (10) _wr1RegCompleteHandler                               1     0      1    1090
                                              9 COMMON     1     0      1
                      _I2C_SetBuffer
        _I2C_SetDataCompleteCallback
 ---------------------------------------------------------------------------------
 (5) _I2C_SetDataCompleteCallback                          3     0      3     806
                                              6 COMMON     3     0      3
                    _I2C_SetCallback
 ---------------------------------------------------------------------------------
 (6) _I2C_SetCallback                                      4     1      3     458
                                              2 COMMON     4     1      3
 ---------------------------------------------------------------------------------
 (5) _I2C_SetBuffer                                        3     1      2     262
                                              2 COMMON     3     1      2
 ---------------------------------------------------------------------------------
 (10) _I2C_DO_SEND_STOP                                    0     0      0       0
                     _I2C_MasterStop
 ---------------------------------------------------------------------------------
 (11) _I2C_MasterStop                                      0     0      0       0
 ---------------------------------------------------------------------------------
 (10) _I2C_DO_SEND_RESTART                                 0     0      0       0
            _I2C_MasterEnableRestart
 ---------------------------------------------------------------------------------
 (11) _I2C_MasterEnableRestart                             0     0      0       0
 ---------------------------------------------------------------------------------
 (10) _I2C_CallbackReturnStop                              1     0      1       0
                                              9 COMMON     1     0      1
 ---------------------------------------------------------------------------------
 (10) _I2C_CallbackReturnReset                             1     0      1     212
                                              9 COMMON     1     0      1
 ---------------------------------------------------------------------------------
 (15) NULL(Fake)                                           1     0      1       0
 ---------------------------------------------------------------------------------
 (7) _I2C_MasterStart                                      0     0      0       0
 ---------------------------------------------------------------------------------
 (5) _I2C_Close                                            1     1      0      24
                                              2 COMMON     1     1      0
                 _I2C_MasterClearIrq
                    _I2C_MasterClose
               _I2C_MasterDisableIrq
 ---------------------------------------------------------------------------------
 (6) _I2C_MasterDisableIrq                                 0     0      0       0
 ---------------------------------------------------------------------------------
 (6) _I2C_MasterClose                                      0     0      0       0
 ---------------------------------------------------------------------------------
 (6) _I2C_MasterClearIrq                                   0     0      0       0
 ---------------------------------------------------------------------------------
 (1) _KEY_ScanAll                                          4     4      0    1246
                                              6 COMMON     4     4      0
                             ___bmul
 ---------------------------------------------------------------------------------
 (1) _KEY_Init                                             2     2      0     313
                                              6 COMMON     2     2      0
                             ___bmul
 ---------------------------------------------------------------------------------
 (2) ___bmul                                               4     3      1      28
                                              2 COMMON     4     3      1
 ---------------------------------------------------------------------------------
 (1) _FunctionSet                                          1     1      0    5897
                                              9 BANK0      1     1      0
                     _Number2Digital
 ---------------------------------------------------------------------------------
 (1) _DispTimeAdjustment                                  22    18      4   11490
                                             56 BANK0     14    10      4
                                              0 BANK3      7     7      0
                            _sprintf
                            _strncpy
 ---------------------------------------------------------------------------------
 (1) _DispNormal                                          22    18      4   17849
                                             56 BANK0     14    10      4
                                              0 BANK3      8     8      0
                     _Number2Digital
                            _sprintf
                            _strncpy
 ---------------------------------------------------------------------------------
 (2) _strncpy                                             12     6      6    2318
                                              2 COMMON     8     2      6
                                              0 BANK0      4     4      0
 ---------------------------------------------------------------------------------
 (2) _Number2Digital                                       9     5      4    5897
                                              0 BANK0      9     5      4
                            ___lwdiv
                            ___lwmod
                             ___wmul
 ---------------------------------------------------------------------------------
 (3) ___wmul                                               6     2      4    3402
                                              2 COMMON     6     2      4
 ---------------------------------------------------------------------------------
 (3) ___lwmod                                              6     2      4     412
                                              2 COMMON     6     2      4
 ---------------------------------------------------------------------------------
 (3) ___lwdiv                                              8     4      4     781
                                              2 COMMON     8     4      4
 ---------------------------------------------------------------------------------
 (1) _DispFunctionSet                                      5     1      4    8200
                                             56 BANK0      5     1      4
                            _sprintf
 ---------------------------------------------------------------------------------
 (1) _sprintf                                             30    16     14    7714
                                             28 BANK0     28    14     14
                           _vfprintf
 ---------------------------------------------------------------------------------
 (2) _vfprintf                                             7     4      3    5632
                                             21 BANK0      7     4      3
                          _vfpfcnvrt
 ---------------------------------------------------------------------------------
 (3) _vfpfcnvrt                                           17    15      2    5051
                                              4 BANK0     17    15      2
                            ___awdiv
                            ___awmod
                                _abs
                              _fputc
 ---------------------------------------------------------------------------------
 (4) _fputc                                                8     5      3    1372
                                              2 COMMON     8     5      3
                              _putch
 ---------------------------------------------------------------------------------
 (5) _putch                                                1     1      0       0
 ---------------------------------------------------------------------------------
 (4) _abs                                                  4     2      2     232
                                              0 BANK0      4     2      2
                            ___awmod (ARG)
 ---------------------------------------------------------------------------------
 (4) ___awmod                                              7     3      4     818
                                              2 COMMON     7     3      4
 ---------------------------------------------------------------------------------
 (4) ___awdiv                                              9     5      4     842
                                              2 COMMON     5     1      4
                                              0 BANK0      4     4      0
 ---------------------------------------------------------------------------------
 Estimated maximum stack depth 15
 ---------------------------------------------------------------------------------
 (Depth) Function   	        Calls       Base Space   Used Autos Params    Refs
 ---------------------------------------------------------------------------------
 (13) _INTERRUPT_InterruptManager                          0     0      0     164
                           _TMR0_ISR
                           _TMR1_ISR
 ---------------------------------------------------------------------------------
 (14) _TMR1_ISR                                            0     0      0     164
                                NULL *
                      _TMR1_10msEven *
                    _TMR1_WriteTimer
 ---------------------------------------------------------------------------------
 (15) _TMR1_WriteTimer                                     2     0      2     164
                                              0 COMMON     2     0      2
 ---------------------------------------------------------------------------------
 (15) _TMR1_10msEven                                       0     0      0       0
                   _KeepTimerCounter
 ---------------------------------------------------------------------------------
 (16) _KeepTimerCounter                                    0     0      0       0
 ---------------------------------------------------------------------------------
 (14) _TMR0_ISR                                            0     0      0       0
                      _TMR0_CallBack
 ---------------------------------------------------------------------------------
 (15) _TMR0_CallBack                                       0     0      0       0
                                NULL *
                      _TMR0_10msEven *
 ---------------------------------------------------------------------------------
 (16) _TMR0_10msEven                                       1     1      0       0
                                              0 COMMON     1     1      0
 ---------------------------------------------------------------------------------
 (15) NULL(Fake)                                           1     0      1       0
 ---------------------------------------------------------------------------------
 Estimated maximum stack depth 16
 ---------------------------------------------------------------------------------

 Call Graph Graphs:

 _main (ROOT)
   _DispFunctionSet
     _sprintf
       _vfprintf
         _vfpfcnvrt
           ___awdiv
           ___awmod
           _abs
             ___awmod (ARG)
           _fputc
             _putch
   _DispNormal
     _Number2Digital
       ___lwdiv
       ___lwmod
       ___wmul
     _sprintf
     _strncpy
   _DispTimeAdjustment
     _sprintf
     _strncpy
   _FunctionSet
     _Number2Digital
   _KEY_Init
     ___bmul
   _KEY_ScanAll
     ___bmul
   _LCD_Command
     _PCF8574_LCD_SendNibble
       _I2C_Write1ByteRegister
         _I2C_Close
           _I2C_MasterClearIrq
           _I2C_MasterClose
           _I2C_MasterDisableIrq
         _I2C_MasterWrite
           _I2C_MasterOperation
             _I2C_MasterStart
             _I2C_Poller
               _I2C_MasterFsm
                 _I2C_DO_ADDRESS_NACK *
                   NULL(Fake) *
                   _I2C_CallbackReturnReset *
                   _I2C_CallbackReturnStop *
                   _I2C_DO_SEND_RESTART *
                     _I2C_MasterEnableRestart
                   _I2C_DO_SEND_STOP *
                     _I2C_MasterStop
                   _wr1RegCompleteHandler *
                     _I2C_SetBuffer
                     _I2C_SetDataCompleteCallback
                       _I2C_SetCallback
                 _I2C_DO_IDLE *
                 _I2C_DO_RCEN *
                   _I2C_MasterStartRx
                 _I2C_DO_RESET *
                 _I2C_DO_RX *
                   NULL(Fake) *
                   _I2C_CallbackReturnReset *
                   _I2C_CallbackReturnStop *
                   _I2C_DO_RX_NACK_RESTART *
                     _I2C_MasterSendNack
                   _I2C_DO_RX_NACK_STOP *
                     _I2C_MasterSendNack
                   _I2C_MasterGetRxData *
                   _I2C_MasterSendAck *
                   _wr1RegCompleteHandler *
                 _I2C_DO_RX_ACK *
                   _I2C_MasterSendAck
                 _I2C_DO_RX_NACK_RESTART *
                 _I2C_DO_RX_NACK_STOP *
                 _I2C_DO_SEND_ADR_READ *
                   _I2C_MasterSendTxData
                 _I2C_DO_SEND_ADR_WRITE *
                   _I2C_MasterSendTxData
                 _I2C_DO_SEND_RESTART *
                 _I2C_DO_SEND_RESTART_READ *
                   _I2C_MasterEnableRestart
                 _I2C_DO_SEND_RESTART_WRITE *
                   _I2C_MasterEnableRestart
                 _I2C_DO_SEND_STOP *
                 _I2C_DO_TX *
                   NULL(Fake) *
                   _I2C_CallbackReturnReset *
                   _I2C_CallbackReturnStop *
                   _I2C_DO_SEND_RESTART_READ *
                   _I2C_DO_SEND_RESTART_WRITE *
                   _I2C_DO_SEND_STOP *
                   _I2C_MasterIsNack *
                   _I2C_MasterSendTxData *
                   _wr1RegCompleteHandler *
                 _I2C_DO_TX_EMPTY *
                   NULL(Fake) *
                   _I2C_CallbackReturnReset *
                   _I2C_CallbackReturnStop *
                   _I2C_DO_SEND_RESTART *
                   _I2C_DO_SEND_STOP *
                   _I2C_MasterSetIrq *
                   _wr1RegCompleteHandler *
                 _I2C_MasterClearIrq *
                 _I2C_MasterIsNack *
               _I2C_MasterWaitForEvent
         _I2C_Open
           _I2C_MasterClearIrq
           _I2C_MasterOpen
         _I2C_SetAddressNackCallback
           _I2C_SetCallback
         _I2C_SetBuffer
         _I2C_SetDataCompleteCallback
   _LCD_Init
     _LCD_Command
     _PCF8574_LCD_SendNibble
   _LCD_Print
     _LCD_Data
       _PCF8574_LCD_SendNibble
   _LCD_SetCursor
     _LCD_Command
   _Normal
     _TimeModeSelect
     _strncpy
   _POWER_ON_EEPROM_READ
     _EEPROM_ReadWord
       _eeprom_read
   _RelayControl_Init
     _strncpy
   _SYSTEM_Initialize
     _I2C_Initialize
     _OSCILLATOR_Initialize
     _PIN_MANAGER_Initialize
     _TMR0_Initialize
     _TMR1_Initialize
     _WDT_Initialize
   _TMR0_SetInterruptHandler
   _TMR1_SetInterruptHandler
   _TimeAdjustment
     _Digital2Number
       ___wmul
   _sprintf

 _INTERRUPT_InterruptManager (ROOT)
   _TMR0_ISR
     _TMR0_CallBack
       NULL(Fake) *
       _TMR0_10msEven *
   _TMR1_ISR
     NULL(Fake) *
     _TMR1_10msEven *
       _KeepTimerCounter
     _TMR1_WriteTimer *

 Address spaces:
Name               Size   Autos  Total    Cost      Usage
BIGRAM             1F0      0       0       0        0.0%
EEDATA             100      0       0       0        0.0%
NULL                 0      0       0       0        0.0%
CODE                 0      0       0       0        0.0%
BITCOMMON            E      0       0       1        0.0%
BITSFR0              0      0       0       1        0.0%
SFR0                 0      0       0       1        0.0%
COMMON               E      A       C       2       85.7%
BITSFR1              0      0       0       2        0.0%
SFR1                 0      0       0       2        0.0%
BITSFR2              0      0       0       3        0.0%
SFR2                 0      0       0       3        0.0%
STACK                0      0       0       3        0.0%
BITSFR3              0      0       0       4        0.0%
SFR3                 0      0       0       4        0.0%
ABS                  0      0     127       4        0.0%
BITBANK0            50      0       0       5        0.0%
BITSFR4              0      0       0       5        0.0%
SFR4                 0      0       0       5        0.0%
BANK0               50     46      4B       6       93.8%
BITSFR5              0      0       0       6        0.0%
SFR5                 0      0       0       6        0.0%
BITBANK1            50      0       0       7        0.0%
BITSFR6              0      0       0       7        0.0%
SFR6                 0      0       0       7        0.0%
BANK1               50      0      4E       8       97.5%
BITSFR7              0      0       0       8        0.0%
SFR7                 0      0       0       8        0.0%
BITBANK2            50      0       0       9        0.0%
BITSFR8              0      0       0       9        0.0%
SFR8                 0      0       0       9        0.0%
BANK2               50      0      4E      10       97.5%
BITSFR9              0      0       0      10        0.0%
SFR9                 0      0       0      10        0.0%
BITBANK3            50      0       0      11        0.0%
BITSFR10             0      0       0      11        0.0%
SFR10                0      0       0      11        0.0%
BANK3               50      8      34      12       65.0%
BITSFR11             0      0       0      12        0.0%
SFR11                0      0       0      12        0.0%
BITBANK4            50      0       0      13        0.0%
BITSFR12             0      0       0      13        0.0%
SFR12                0      0       0      13        0.0%
BANK4               50      0       0      14        0.0%
BITSFR13             0      0       0      14        0.0%
SFR13                0      0       0      14        0.0%
BITBANK5            50      0       0      15        0.0%
BITSFR14             0      0       0      15        0.0%
SFR14                0      0       0      15        0.0%
BANK5               50      0       0      16        0.0%
BITSFR15             0      0       0      16        0.0%
SFR15                0      0       0      16        0.0%
BITBANK6            10      0       0      17        0.0%
BITSFR16             0      0       0      17        0.0%
SFR16                0      0       0      17        0.0%
BANK6               10      0       0      18        0.0%
BITSFR17             0      0       0      18        0.0%
SFR17                0      0       0      18        0.0%
BITSFR18             0      0       0      19        0.0%
SFR18                0      0       0      19        0.0%
DATA                 0      0     127      19        0.0%
BITSFR19             0      0       0      20        0.0%
SFR19                0      0       0      20        0.0%
BITSFR20             0      0       0      21        0.0%
SFR20                0      0       0      21        0.0%
BITSFR21             0      0       0      22        0.0%
SFR21                0      0       0      22        0.0%
BITSFR22             0      0       0      23        0.0%
SFR22                0      0       0      23        0.0%
BITSFR23             0      0       0      24        0.0%
SFR23                0      0       0      24        0.0%
BITSFR24             0      0       0      25        0.0%
SFR24                0      0       0      25        0.0%
BITSFR25             0      0       0      26        0.0%
SFR25                0      0       0      26        0.0%
BITSFR26             0      0       0      27        0.0%
SFR26                0      0       0      27        0.0%
BITSFR27             0      0       0      28        0.0%
SFR27                0      0       0      28        0.0%
BITSFR28             0      0       0      29        0.0%
SFR28                0      0       0      29        0.0%
BITSFR29             0      0       0      30        0.0%
SFR29                0      0       0      30        0.0%
BITSFR30             0      0       0      31        0.0%
SFR30                0      0       0      31        0.0%
BITSFR31             0      0       0      32        0.0%
SFR31                0      0       0      32        0.0%


Microchip Technology PIC Macro Assembler V2.46 build 20240104201356 
Symbol Table                                                                                   Fri Nov 21 16:12:44 2025

                  ??_I2C_DO_SEND_ADR_READ 0072                        ?_RelayControl_Init 0070  
                          ___bmul@product 0074                   ??_I2C_DO_SEND_ADR_WRITE 0073  
                            ?_LCD_Command 0070                                        l23 0B07  
                                      l26 17DA                          ?_DispFunctionSet 0058  
                            ___awdiv@sign 0021                       ___wmul@multiplicand 0074  
                         _timer0ReloadVal 007B                             _LCD_SetCursor 091F  
                   ??_I2C_DO_SEND_RESTART 0072                                       l131 0899  
                                     l211 0AD5                                       l123 1754  
                                     l140 171B                                       l205 173A  
                                     l221 16F8                                       l230 1707  
                                     l126 0BA3                                       l150 176A  
                                     l303 1727                                       l127 0BA4  
                                     l144 17B8                                       l224 16FD  
                                     l233 170C                                       l161 1790  
                                     l137 07F9                                       l250 16B5  
                                     l218 16F3                                       l155 09FD  
                                     l147 175F                                       l171 174B  
                                     l227 1702                                       l260 16BB  
                                     l180 0DAC                                       l236 1711  
                                     l253 0003                                       l245 0A7A  
                                     l165 0A26                                       l421 1733  
                                     l174 1742                                       l334 0902  
                                     l263 16CD                                       l239 1716  
                                     l272 16CA                                       l168 16EE  
                                     l281 1721                                       l177 0D8F  
                                     l193 0C43                                       l257 179D  
                                     l290 16BE                                       l266 16E9  
                                     l194 0C6A                                       l362 082B  
                                     l275 16C1                                       l371 16DC  
                                     l284 16D8                                       l460 17AA  
                                     l293 16B8                                       l269 16C4  
                                     l365 1771                                       l278 16C7  
                                     l287 16D4                                       l296 16D0  
                                     l368 1776                                       l394 0818  
                                     l482 172D                                       l554 0459  
                                     l299 1722                                       l580 0977  
                                     l741 08E7                                       l822 0FFF  
                                     l750 0B3A                                       l806 0F1C  
                                     l815 0FE2                                       l583 09D5  
                                     l591 093B                                       l808 0F2D  
                                     l753 06DD                                       l577 0AA7  
                                     l586 0ECB                                       l771 056D  
                                     l659 0E09                                       l780 0A50  
                                     l756 07D8                                       l852 064F  
                                     l597 08CC                                       l686 0361  
                                     l871 09B5                                       l865 17FF  
                                     l788 0732                                       l789 076A  
                     ??_RelayControl_Init 007A                           _timer1ReloadVal 00D0  
                                     _abs 17DB                                       _buf 015D  
                                     _key 01A0                    _I2C_MasterWaitForEvent 1722  
                            ___awmod@sign 0078                                       wreg 0009  
            ??_I2C_SetAddressNackCallback 007A                    _I2C_Write1ByteRegister 0AD6  
                ??_I2C_CallbackReturnStop 007A                              _I2C_DO_RESET 1712  
                                    l1030 086A                                      l1211 0E69  
                                    ?_abs 0020                                      l1060 0996  
                                    l1028 0857                                      l1224 0D56  
                                    l1058 0982                                      l1084 0855  
                                    l3100 16D5                                      l3110 170B  
                                    l3102 170D                                      l3104 1710  
                                    l1521 0959                                      l1602 16B3  
                                    l1338 0BE0                                      l3050 1755  
                                    l3114 16C8                                      l3122 16CE  
                                    l1348 0B6E                                      l1612 0C25  
                                    l3132 16B6                                      l3060 16C5  
                                    l3052 17AC                                      l3044 09D7  
                                    l3124 16B4                                      l3116 16F9  
                                    l3108 1708                                      l3054 17B1  
                                    l3046 09DD                                      l3062 16D1  
                                    l3134 16EA                                      l3142 1743  
                                    l3150 173B                                      l3118 16FC  
                                    l3400 0892                                      l3056 17B7  
                                    l3048 09EE                                      l3064 17CA  
                                    l3128 0002                                      l3072 171C  
                                    l3136 16EC                                      l3144 1745  
                                    l3152 173D                                      l3224 1734  
                                    l3080 16F2                                      l3320 1797  
                                    l5010 0DAD                                      l3330 16B9  
                                    l3402 0895                                      l3306 16BF  
                                    l3058 16C2                                      l3066 17D2  
                                    l3138 16ED                                      l3146 174A  
                                    l3154 1741                                      l3226 1736  
                                    l3090 16FE                                      l3322 1799  
                                    l1572 091E                                      l5020 0E03  
                                    l5100 0325                                      l3404 0898  
                                    l3068 17D9                                      l3076 16E6  
                                    l3228 1739                                      l3084 16F4  
                                    l3092 1701                                      l3260 1706  
                                    l3324 179C                                      l3316 1791  
                                    l5102 032A                                      l5110 0357  
                                    l3078 16EF                                      l3086 16F7  
                                    l3318 1796                                      l5030 0E94  
                                    l5022 0E6A                                      l1591 0D03  
                                    l1559 01E0                                      l5016 0DAE  
                                    l5112 035B                                      l5104 0331  
                                    l3328 16BC                                      l3096 16CB  
                                    l3264 1712                                      l3360 0B7B  
                                    l3352 0B70                                      l5032 0EA3  
                                    l5024 0E76                                      l5120 0931  
                                    l5008 17ED                                      l5018 0DFF  
                                    l5050 0202                                      l3258 1703  
                                    l3266 1714                                      l6010 0A72  
                                    l3370 0B91                                      l3362 0B82  
                                    l3354 0B77                                      l5034 0EA9  
                                    l5026 0E7C                                      l1579 17EC  
                                    l5060 0237                                      l5052 020C  
                                    l5108 0337                                      l5044 01E2  
                                    l4500 0DA9                                      l6012 0C5C  
                                    l3268 1715                                      l3380 0BA2  
                                    l3372 0B96                                      l3364 0B87  
                                    l3356 0B79                                      l5036 0EC2  
                                    l5028 0E8B                                      l5300 0611  
                                    l5070 0268                                      l5062 023E  
                                    l5054 0213                                      l5046 01EB  
                                    l5038 01E1                                      l3390 0882  
                                    l4502 0DAB                                      l6014 0D81  
                                    l4510 0C26                                      l3374 0B97  
                                    l3366 0B88                                      l3358 0B7A  
                                    l5142 08B5                                      l5118 0921  
                                    l5310 0634                                      l5302 0617  
                                    l5080 0297                                      l5072 0277  
                                    l5064 0244                                      l5056 021D  
                                    l5048 01FB                                      l3392 0889  
                                    l6016 0AC7                                      l4512 0C2E  
                                    l4600 178B                                      l3376 0B9C  
                                    l3368 0B8D                                      l3384 1760  
                                    l5144 08B6                                      l5312 0635  
                                    l5304 061D                                      l6018 0343  
                                    l5090 02D9                                      l5082 02B3  
                                    l5066 024E                                      l5074 027E  
                                    l5058 0226                                      l3394 088A  
                                    l4514 0C34                                      l4610 07EA  
                                    l4602 07DB                                      l3378 0B9F  
                                    l5146 08BE                                      l3730 174E  
                                    l5314 0641                                      l5306 0622  
                                    l5250 056E                                      l5500 0E2C  
                                    l5092 02F5                                      l5084 02C3  
                                    l5076 0286                                      l5068 0257  
                                    l3396 088C                                      l4540 0AA8  
                                    l4524 0C45                                      l4516 0C3E  
                                    l4612 07EE                                      l4604 07E2  
                                    l5148 08C3                                      l3732 1750  
                                    l3740 08F0                                      l5316 0643  
                                    l5308 062E                                      l5260 058E  
                                    l5252 0572                                      l5510 0E4B  
                                    l5502 0E2F                                      l5094 0306  
                                    l5086 02CA                                      l5078 028D  
                                    l3398 088F                                      l4542 0AAB  
                                    l4534 0C4D                                      l4518 0C41  
                                    l4614 07F1                                      l4606 07E3  
                                    l4622 1717                                      l3734 1753  
                                    l3750 08FE                                      l3742 08F2  
                                    l5318 0649                                      l5262 0595  
                                    l5254 0579                                      l5270 05AA  
                                    l5520 0E60                                      l5512 0E4F  
                                    l5504 0E34                                      l5600 0098  
                                    l5096 0317                                      l5088 02D2  
                                    l4552 0AB4                                      l4480 0D60  
                                    l4528 0C49                                      l4616 07F4  
                                    l4608 07E5                                      l3728 174C  
                                    l3752 0900                                      l3744 08F4  
                                    l3736 08E8                                      l3760 16D9  
                                    l5280 05DA                                      l5264 059C  
                                    l5256 0580                                      l5272 05C5  
                                    l5522 0E65                                      l5514 0E50  
                                    l5506 0E38                                      l5530 0D09  
                                    l5610 00C4                                      l5602 00A2  
                                    l5098 031E                                      l4546 0AAF  
                                    l4618 07F7                                      l3754 176B  
                                    l3746 08F8                                      l3738 08ED  
                                    l3770 080D                                      l3762 0806  
                                    l5290 05F6                                      l5282 05DE  
                                    l5274 05CB                                      l5266 05A3  
                                    l5258 0587                                      l5516 0E55  
                                    l5508 0E3C                                      l5540 0D1F  
                                    l5532 0D0E                                      l5620 0102  
                                    l5612 00E2                                      l5604 00AE  
                                    l5700 0C10                                      l4548 0AB2  
                                    l4484 0D64                                      l4476 0D57  
                                    l4572 0A5A                                      l4564 0A51  
                                    l4740 0AF3                                      l4732 0AD8  
                                    l3756 176E                                      l3748 08FA  
                                    l3780 17A6                                      l3772 0814  
                                    l3764 0808                                      l5292 05FC  
                                    l5276 05CC                                      l5284 05EA  
                                    l5518 0E5B                                      l5550 0D39  
                                    l5542 0D22                                      l5534 0D10  
                                    l5526 0D04                                      l5622 0107  
                                    l5614 00F2                                      l5606 00BB  
                                    l5630 012E                                      l5710 0661  
                                    l5702 0C15                                      l4558 0AB8  
                                    l4494 0D6C                                      l4566 0A53  
                                    l4590 0A0E                                      l4742 0AFC  
                                    l4734 0AD8                                      l4830 0A8D  
                                    l3758 176F                                      l3782 17A8  
                                    l3774 0815                                      l3766 080A  
                                    l3926 0819                                      l5294 05FE  
                                    l5286 05F0                                      l5278 05D4  
                                    l5560 0D52                                      l5552 0D3D  
                                    l5544 0D27                                      l5536 0D14  
                                    l5528 0D05                                      l5640 015C  
                                    l5632 012F                                      l5624 0111  
                                    l5616 00F8                                      l5608 00BD  
                                    l4840 0978                                      l5720 06A7  
                                    l5712 0667                                      l5704 0C19  
                                    l4496 0D91                                      l4488 0D68  
                                    l4568 0A56                                      l4592 0A11  
                                    l4584 09FE                                      l4744 0AFF  
                                    l4736 0AE2                                      l4832 0A95  
                                    l3880 0B10                                      l5800 0ED7  
                                    l3784 17A9                                      l3776 179E  
                                    l3768 080C                                      l3936 172E  
                                    l5288 05F1                                      l5296 060A  
                                    l5490 0E17                                      l5482 0E0A  
                                    l5554 0D42                                      l5546 0D2B  
                                    l5538 0D19                                      l5570 0CC2  
                                    l5650 0192                                      l5642 0170  
                                    l5634 0140                                      l5626 0122  
                                    l5618 00FD                                      l4850 0992  
                                    l4842 097A                                      l5722 06B7  
                                    l5714 0679                                      l5706 0650  
                                    l4498 0D9E                                      l4578 0A5E  
                                    l4586 0A01                                      l4594 1784  
                                    l4738 0AEB                                      l4834 0A9E  
                                    l4826 0A7D                                      l4930 09CC  
                                    l3882 0B17                                      l3890 0B37  
                                    l5810 0EFA                                      l5802 0EE6  
                                    l5730 08D1                                      l3778 17A3  
                                    l3946 1728                                      l5298 0610  
                                    l5492 0E1B                                      l5484 0E0C  
                                    l5548 0D2F                                      l5556 0D48  
                                    l5580 17DB                                      l5572 0CCC  
                                    l5564 0CB3                                      l5652 019F  
                                    l5644 0184                                      l5636 0148  
                                    l5628 0127                                      l4860 0BB0  
                                    l4844 097E                                      l5724 06C3  
                                    l5716 0689                                      l5708 0650  
                                    l5740 0484                                      l4588 0A06  
                                    l4596 1785                                      l4828 0A8C  
                                    l4924 095C                                      l3884 0B1C  
                                    l3876 0B08                                      l5820 0F1E  
                                    l5812 0F02                                      l5804 0EE8  
                                    l4836 085D                                      l5732 08E0  
                                    l5900 045A                                      l5494 0E20  
                                    l5486 0E10                                      l5558 0D4D  
                                    l5582 17E0                                      l5574 0CEA  
                                    l5566 0CB8                                      l5654 01AF  
                                    l5638 014B                                      l5590 0072  
                                    l5662 01C8                                      l5670 090A  
                                    l4870 0BD0                                      l4862 0BB5  
                                    l4854 0BA5                                      l4846 0987  
                                    l5718 0695                                      l5750 04EF  
                                    l5742 0490                                      l5830 0FA4  
                                    l5822 0F92                                      l4598 1788  
                                    l4926 096E                                      l3878 0B09  
                                    l5814 0F07                                      l5806 0EF3  
                                    l5734 08E3                                      l5726 08CD  
                                    l5902 045E                                      l5496 0E24  
                                    l5488 0E15                                      l5584 17E1  
                                    l5576 0CFA                                      l5568 0CBD  
                                    l5656 01B4                                      l5648 018D  
                                    l5592 007A                                      l5672 0912  
                                    l5680 0942                                      l5760 0A2A  
                                    l4872 0BD1                                      l4864 0BB9  
                                    l4856 0BA7                                      l4880 0B3B  
                                    l4848 098C                                      l5752 0528  
                                    l5744 0496                                      l5840 0FBC  
                                    l5832 0FA6                                      l5824 0F98  
                                    l4928 09B8                                      l3888 0B2B  
                                    l5816 0F0A                                      l5808 0EF9  
                                    l5736 08E5                                      l5728 08CF  
                                    l5904 0462                                      l5498 0E26  
                                    l5658 01BE                                      l5594 0082  
                                    l5674 091C                                      l5682 0944  
                                    l5762 0A33                                      l4874 0BD6  
                                    l4866 0BBD                                      l4858 0BAD  
                                    l4890 0B51                                      l4882 0B41  
                                    l5690 0BE1                                      l5746 04A6  
                                    l5738 0476                                      l5770 06DE  
                                    l5850 0FE9                                      l5842 0FBE  
                                    l5826 0F99                                      l5834 0FB2  
                                    l5818 0F19                                      l4970 0781  
                                    l5596 0086                                      l5588 0061  
                                    l5668 0905                                      l5684 0946  
                                    l5764 0A3C                                      l4868 0BCC  
                                    l4876 0BDC                                      l4892 0B5B  
                                    l4884 0B44                                      l5692 0BE6  
                                    l5748 04B6                                      l5756 0561  
                                    l5780 070A                                      l5772 06ED  
                                    l5852 0FEC                                      l5844 0FCA  
                                    l5836 0FB8                                      l5828 0F9E  
                                    l4972 078C                                      l5908 0466  
                                    l5860 0373                                      l5598 008E  
                                    l5686 0950                                      l5678 093E  
                                    l5758 0A29                                      l4894 0B5F  
                                    l4886 0B49                                      l5694 0BEA  
                                    l5790 072A                                      l5782 070E  
                                    l5774 06F3                                      l5854 0FF1  
                                    l5846 0FD6                                      l5838 0FB9  
                                    l4990 084D                                      l4982 0842  
                                    l4974 0797                                      l5870 037E  
                                    l5862 0374                                      l5768 0A45  
                                    l4896 0B64                                      l4888 0B4D  
                                    l5792 072E                                      l5776 0702  
                                    l5784 0713                                      l5856 0FF3  
                                    l5848 0FE8                                      l4992 0854  
                                    l4984 0843                                      l4976 0999  
                                    l4968 076D                                      l5880 039A  
                                    l5872 0381                                      l5864 0375  
                                    l4898 0B6A                                      l5698 0C09  
                                    l5786 0722                                      l5778 0706  
                                    l4986 0847                                      l5794 0ECC  
                                    l4978 09A6                                      l5890 03B7  
                                    l5882 03A3                                      l5874 0387  
                                    l5866 0378                                      l5858 0362  
                                    l5788 0726                                      l4988 084B  
                                    l5796 0ED2                                      l5892 03E7  
                                    l5884 03AC                                      l5876 0388  
                                    l5868 037B                                      l5798 0ED3  
                                    l5894 0413                                      l5878 0391  
                                    l5886 03AF                                      l5888 03B5  
                                    l5898 044E                                      STR_1 1800  
                                    STR_2 1836                                      STR_3 1832  
                                    STR_4 1020                                      STR_5 1035  
                                    STR_6 104A                                      STR_7 1811  
                                    STR_8 181C                                      STR_9 1827  
                                    u3000 0A0E                                      u3001 0A0D  
                                    u3010 1790                                      u3011 178F  
                                    u3020 07E2                                      u3021 07E1  
                                    _LATA 010C                                      u1430 09DD  
                                    u3030 07EA                                      _LATB 010D  
                                    u1431 09DC                                      u3031 07E9  
                                    _LATC 010E                                      u1440 17B1  
                                    u1520 1796                                      u1441 17B0  
                                    u1521 1795                                      _LATE 0110  
                                    u2260 1776                                      u2261 1775  
                                    u1550 0B77                                      u4110 05F0  
                                    u1551 0B76                                      u4111 05EF  
                                    u1560 0889                                      u1480 1727  
                                    u4200 063F                                      u4120 05FC  
                                    u4104 05EA                                      u1561 0888  
                                    u1481 1726                                      u4201 063C  
                                    u4121 05FB                                      u4130 0608  
                              _AdjustMode 00D4                                      u4131 0605  
                                    u4300 0E4B                                      u4301 0E4A  
                                    u4214 0641                                      u4150 0610  
                                    u4070 05CB                                      u4151 060F  
                                    u4071 05CA                                      u4320 0E5B  
                                    u4240 0E10                                      u3600 0B41  
                                    u3520 0992                                      u3280 0AE2  
                                    u4160 0617                                      u4144 060A  
                                    u4080 05DA                                      u4321 0E5A  
                                    u4305 0E47                                      u4241 0E0F  
                                    u3601 0B40                                      u3521 0991  
                                    u3505 0983                                      u3281 0AE1  
                                    u4161 0616                                      u4081 05D9  
                                    u4330 0E60                                      u4250 0E1B  
                                    u4410 0D48                                      u3530 0BAD  
                                    u3290 0B07                                      u4170 062C  
                                    u4090 05E8                                      u4331 0E5F  
                                    u4315 0E51                                      u4251 0E1A  
                                    u4411 0D47                                      u3531 0BAC  
                                    u3515 0988                                      u3291 0B06  
                                    u4171 0629                                      u4091 05E5  
                                    u4260 0E2C                                      u4420 0D4D  
                                    u4340 0D09                                      u4500 00A2  
                                    u3620 0B51                                      u4261 0E2B  
                                    u4421 0D4C                                      u4405 0D3E  
                                    u4341 0D08                                      u4501 00A1  
                                    u3621 0B50                                      u4350 0D14  
                                    u4430 0CB8                                      u4510 00C2  
                                    u3550 0BBD                                      u3630 0B5B  
                                    u3470 0A8C                                      u4190 0634  
                                    u4351 0D13                                      u4431 0CB7  
                                    u4511 00C0                                      u3551 0BBC  
                                    u3631 0B5A                                      u3615 0B45  
                                    u3471 0A8B                                      u4191 0633  
                                    u4280 0E3C                                      u4360 0D1F  
                                    u4440 0CBD                                      u4600 0170  
                                    u4520 00C3                                      u3720 0847  
                                    u3800 0297                                      u3480 085D  
                                    u4184 062E                                      u4281 0E3B  
                                    u4361 0D1E                                      u4441 0CBC  
                                    u4601 016F                                      u3545 0BB1  
                                    u3721 0846                                      u3801 0296  
                                    u3465 0A80                                      u3481 085C  
                                    u4450 0CCC                                      u4610 0184  
                                    u4530 00F8                                      u3570 0BCC  
                                    u3650 0B6A                                      u3490 097E  
                                    u3730 0854                                      u3810 02B3  
                                    u4275 0E30                                      u4451 0CCB  
                                    u4611 0183                                      u4531 00F7  
                                    u3571 0BCB                                      u3651 0B69  
                                    u3635 0B57                                      u3491 097D  
                                    u3731 0853                                      u3811 02B2  
                                    u4380 0D2F                                      u4460 0CEA  
                                    u4620 0192                                      u4540 00FD  
                                    u3740 0E09                                      u3820 02F5  
                                    u4700 0ED2                                      u4381 0D2E  
                                    u4461 0CE9                                      u4621 0191  
                                    u4541 00FC                                      u3565 0BBE  
                                    u3645 0B60                                      u3741 0E08  
                                    u3821 02F4                                      u4701 0ED1  
                                    u4390 0D39                                      u4470 17E0  
                                    u4630 01BD                                      u4550 0102  
                                    u3590 0BDC                                      u3830 0306  
                                    u3750 020C                                      u4710 0EF1  
                                    u4295 0E3D                                      u4391 0D38  
                                    u4375 0D23                                      u4471 17DF  
                                    u4631 01BC                                      u4551 0101  
                                    u3591 0BDB                                      u3575 0BC8  
                                    u3831 0305                                      u3751 020B  
                                    u4711 0EEE                                      u4560 0107  
                                    u4480 0072                                      u4640 091C  
                                    u3840 0317                                      u3760 021D  
                                    u2960 0D5F                                      u4465 0CE6  
                                    u4561 0106                                      u4481 0071  
                                    u4641 091B                                      u3585 0BD2  
                                    u3841 0316                                      u3761 021C  
                                    u2961 0D5E                                      u4570 012D  
                                    u4490 0098                                      u4650 0C08  
                                    u4810 0FB8                                      u3850 0361  
                                    u3770 0237                                      u2970 0DA9  
                                    u4730 0EF9                                      u4395 0D35  
                                    u4571 012C                                      u4491 0097  
                                    u4651 0C07                                      u4811 0FB7  
                                    u3851 0360                                      u3771 0236  
                                    u2971 0DA8                                      u3675 0960  
                                    u4731 0EF8                                      u4580 0140  
                                    u4660 0C0F                                      u4820 0FE0  
                                    u4804 0FB2                                      u3780 024E  
                                    u2980 0C3E                                      u4740 0F00  
                                    u4724 0EF3                                      u4581 013F  
                                    u4661 0C0E                                      u4821 0FDD  
                                    u3781 024D                                      u2981 0C3D  
                                    u3685 09BD                                      u4741 0EFE  
                                    u4590 015C                                      u4670 0C25  
                                    u3790 0268                                      u2990 0A06  
                                    u3870 08CC                                      u4750 0F01  
                                    u4591 015B                                      u4671 0C24  
                                    u3791 0267                                      u2991 0A05  
                                    u3871 08CB                                      u4680 0496  
                                    u4840 0FE8                                      u4760 0F07  
                                    u4681 0495                                      u4841 0FE7  
                                    u4761 0F06                                      u4690 06F3  
                                    u4850 0FF1                                      u4834 0FE2  
                                    u4770 0F98                                      u4691 06F2  
                                    u4851 0FF0                                      u4771 0F97  
                                    u4907 09D0                                      u4860 0FFD  
                                    u4780 0FA4                                      u4861 0FFA  
                                    u4781 0FA3                                      u4917 0E70  
                                    u4790 0FB0                                      u4791 0FAD  
                                    u4927 0E80                                      u4880 0387  
                                    u4937 0E8F                                      u4881 0386  
                                    u4874 0FFF                                      u4890 03B5  
                                    u4947 0E9E                                      u4891 03B4  
                                    u4957 0EAD                                      u4967 0EC6  
                                    u4977 0972                                      u4987 0A99  
                                    _PLLR 04D6                                      _TMR0 0015  
                                    _WPUB 020D                                      _WPUE 0210  
                                    abs@a 0020                                      _dbuf 0120  
                                    _main 0362                  ?_I2C_CallbackReturnReset 0079  
                                    _prec 00B8                                      fsr0h 0005  
                                    fsr1h 0007                                      indf0 0000  
                                    fsr0l 0004                                      indf1 0001  
                                    fsr1l 0006                          __end_of_I2C_Open 0BA5  
                                    btemp 007E                            _TimeAdjustment 056E  
               __end_of_RelayControl_Init 08E8                                      start 0026  
              ??_TMR1_SetInterruptHandler 0074                         ___bmul@multiplier 0075  
                       ?_KeepTimerCounter 0070                                     ??_abs 0022  
                      ??_KeepTimerCounter 0070                          ?_I2C_MasterClose 0070  
                        __end_of_LCD_Data 09D6                   __end_of_TMR0_Initialize 17AB  
                        __end_of_LCD_Init 0ECC                              LCD_Data@data 002E  
                          ?_LCD_SetCursor 002F                          ?_I2C_MasterStart 0070  
                           _I2C_DO_RX_ACK 1703                          ?_I2C_MasterWrite 0070  
           __end_of_OSCILLATOR_Initialize 1777                                     ?_main 0070  
                          _Digital2Number 076B                           __end_of___awdiv 0E6A  
                                   _EEADR 0191                                     STR_10 1832  
                                   STR_11 1020                                     STR_12 1836  
                                   STR_13 183A                                     STR_14 1836  
                         __end_of___awmod 0D57                           ___awdiv@divisor 0072  
                                   _T1CON 0018                                _DispNormal 0474  
                         __end_of___lwdiv 0BE1                          __end_of_KEY_Init 0E0A  
                                   i1l408 17C9                           __end_of___lwmod 0B6F  
                                   i1l418 0881                                     i1l444 0024  
                                   i1l445 0024                                     i1l439 0012  
                                   i1l641 0F4F                                     i1l642 0F6F  
                                   i1l475 08B2                                     i1l638 0840  
                                   i1l646 0F91                                     i1l479 1783  
                                   i1l794 0CB2                                     i1l799 0CB2  
                         ___awdiv@counter 0020                              vfpfcnvrt@fmt 0024  
                PCF8574_LCD_SendNibble@rs 0029                                     _TMR1H 0017  
                                   _TMR1L 0016                         ??_I2C_DO_TX_EMPTY 0020  
                                   _TRISA 008C                                     _TRISB 008D  
                                   _TRISC 008E                                     _TRISE 0090  
               ?_TMR0_SetInterruptHandler 0072                             ??_FunctionSet 0029  
                        __end_of_TMR0_ISR 08B3                          __end_of_TMR1_ISR 0882  
                       __end_of_I2C_DO_RX 0C6B                         __end_of_I2C_DO_TX 0DAD  
                                   _flags 00D2                              ?_KEY_ScanAll 0070  
                          _WDT_Initialize 16D9                                     _fputc 0CB3  
                       __end_of_I2C_Close 089A            I2C_MasterOperation@returnValue 0025  
                                   _width 00B6                                     _putch 16B3  
                 _I2C_MasterEnableRestart 16C2                   __end_of_TMR1_Initialize 0819  
                                   pclath 000A                          ?_I2C_SetCallback 0072  
                  __end_of_TimeAdjustment 0650              I2C_SetAddressNackCallback@cb 0076  
                                   status 0003                                     wtemp0 007E  
                         __end_of_sprintf 095A                         ?_I2C_DO_SEND_STOP 0070  
                              _fT0_fT10ms 00DE                           __end_of_strncpy 0C26  
                         _TMR1_WriteTimer 17B9                        ??_I2C_DO_SEND_STOP 0072  
                       DispNormal@digital 01D0                           __initialization 0028  
                            __end_of_main 0474                 ?_I2C_DO_SEND_RESTART_READ 0070  
                  __end_of_Digital2Number 07D9                            ?_I2C_DO_RX_ACK 0070  
             ?_INTERRUPT_InterruptManager 0070                                _Cursor_pos 00DC  
                   __end_of_TMR0_10msEven 0841                                    ??_main 007A  
                          _TimeModeSelect 0B08                         ?_I2C_MasterIsNack 0070  
                   Digital2Number@digital 0078                         ?_I2C_MasterSetIrq 0070  
                   __end_of_TMR1_10msEven 0F92                         __end_of_LCD_Print 08CD  
                      ??_I2C_MasterIsNack 0072                    __end_of_WDT_Initialize 16DD  
                      ??_I2C_MasterSetIrq 0072                              LCD_Print@str 0030  
         __end_of_I2C_CallbackReturnReset 0004                                    ?_fputc 0072  
                                  _EEDATA 0193                                    _EECON1 0195  
                        ___awdiv@dividend 0074                                    _APFCON 011D  
           I2C_SetDataCompleteCallback@cb 0076                                    _ANSELA 018C  
                                  ?_putch 0070                                    _ANSELB 018D  
                                  _BORCON 0116                                    _T1GCON 0019  
                     DispTimeAdjustment@n 0058                              ??_I2C_Poller 007A  
                 TMR1_WriteTimer@timerVal 0070                                    u201_20 083D  
                                  u201_21 083C                                    u202_20 0C70  
                                  u202_21 0C6F                                    i1l3620 0831  
                                  i1l3622 0837                                    i1l3630 0C70  
                                  i1l3624 083D                                    i1l3800 1777  
                                  i1l3640 0C8D                                    u203_20 0C79  
                                  i1l3632 0C73                                    i1l4280 001B  
                                  i1l4272 0006                                    u203_21 0C78  
                                  i1l3626 083E                                    i1l3618 082C  
                                  i1l3802 177E                                    i1l3650 0CAD  
                                  i1l3642 0C93                                    i1l3634 0C79  
                                  i1l4282 0020                                    i1l4274 000A  
                                  i1l3644 0C95                                    i1l3636 0C7A  
                                  i1l3628 0C6B                                    i1l4276 000E  
                                  i1l3638 0C7F                                    i1l3646 0C99  
                                  i1l3830 0F48                                    i1l4278 0016  
                                  i1l3648 0CA7                                    u204_20 0C7F  
                                  i1l3840 0F61                                    i1l3832 0F4B  
                                  i1l3824 0F2E                                    u204_21 0C7E  
                                  i1l3850 0F7F                                    i1l3842 0F68  
                                  i1l3834 0F59                                    i1l3826 0F3F  
                                  i1l3930 086D                                    i1l3940 089B  
                                  i1l3852 0F81                                    i1l3844 0F6B  
                                  i1l3836 0F5B                                    i1l3828 0F41  
                                  i1l3932 0875                                    i1l3942 08AC  
                                  i1l3854 0F87                                    i1l3846 0F79  
                                  i1l3838 0F5F                                    i1l3790 17BF  
                                  i1l3934 087C                                    i1l3944 08AF  
                                  u205_20 0C8D                                    i1l3856 0F8A  
                                  i1l3848 0F7B                                    i1l3792 17C1  
                                  i1l3928 086B                                    u205_21 0C8C  
                                  i1l3938 089A                                    i1l3858 0F8E  
                                  i1l3794 17C3                                    i1l3786 17B9  
                                  i1l3788 17BE                                    i1l3796 17C5  
                                  u205_25 0C89                                    i1l3798 17C7  
                                  u206_20 0CA7                                    u206_21 0CA6  
                                  u206_25 0CA3                                    u231_20 0F48  
                                  u231_21 0F47                                    u240_20 08AC  
                                  u232_20 0F59                                    u240_21 08AB  
                                  u232_21 0F58                                    u233_20 0F68  
                                  u233_21 0F67                                    u234_20 0F79  
                                  u234_21 0F78                                    u235_20 0F87  
                                  u227_20 17BE                                    u235_21 0F86  
                                  u227_21 17BD                                    u228_20 177E  
                                  u228_21 177D                                    u239_20 087C  
                                  u239_21 087B                           ?_TimeAdjustment 0070  
                                  u290_20 000E                                    u290_21 000D  
                                  u291_20 0016                                    u291_21 0015  
                                  u292_20 001B                                    u292_21 001A  
                                  u293_20 0020                                    u293_21 001F  
                                  u289_20 000A                                    u289_21 0009  
                                  _OSCCON 0099                       __end_of_FunctionSet 1000  
                           vfpfcnvrt@done 002F                                    _WDTCON 0097  
                                  _SSPADD 0212                                    _SSPBUF 0211  
                          _Number2Digital 0650                       _I2C_MasterGetRxData 16CB  
                        DispFunctionSet@n 0058                                    _Normal 0ECC  
                            vfprintf@cfmt 003A                                    ___bmul 0841  
                                  ___wmul 0978                             _I2C_MasterFsm 09FE  
                               ??___awdiv 0076                                 ??___awmod 0076  
                         ??_LCD_SetCursor 007A                                 ??___lwdiv 0076  
                               ??___lwmod 0076                    __end_of_TimeModeSelect 0B3B  
                              _TimerState 00D3                           ?_Digital2Number 0078  
                        ?_TMR0_Initialize 0070                         I2C_SetCallback@cb 0072  
                        ___awdiv@quotient 0022                           ___awmod@divisor 0072  
                       ??_EEPROM_ReadWord 0020                           ___awmod@counter 0077  
                           _I2C_SetBuffer 17AB                        __end_of_I2C_Poller 1791  
            __end_of_I2C_MasterDisableIrq 16BF                               ?_DispNormal 0058  
                             _fT0_1second 00DD                                    fputc@c 0072  
                     _I2C_DO_ADDRESS_NACK 0A51                      ?_I2C_MasterGetRxData 0070  
                               ?_I2C_Open 0070                               _fT1_1second 00D6  
      __end_of_I2C_SetAddressNackCallback 176B                _I2C_SetAddressNackCallback 1760  
                         ?_WDT_Initialize 0070                 ??_I2C_MasterEnableRestart 0072  
                                  putch@c 0070                     __end_of_TMR0_CallBack 1784  
                        __end_of_vfprintf 091F  TMR0_SetInterruptHandler@InterruptHandler 0072  
TMR1_SetInterruptHandler@InterruptHandler 0072                            _T0_1second_cnt 00D9  
                               ??_sprintf 004A                   __end_of_TMR1_WriteTimer 17CA  
                               ??_strncpy 0020                          ?_TMR1_Initialize 0070  
                  __end_of_Number2Digital 06DE                         _SYSTEM_Initialize 0819  
                               ?_LCD_Data 0070                   __end_of__initialization 005B  
                               ?_LCD_Init 0070                           eeprom_read@addr 0075  
                     _I2C_MasterOperation 07D9                        ?_SYSTEM_Initialize 0070  
                    ?_I2C_DO_ADDRESS_NACK 0070                               _fT1_TimerUp 00D5  
                               ?_KEY_Init 0070                       ___bmul@multiplicand 0072  
                          __pcstackCOMMON 0070                            ?_I2C_MasterFsm 0070  
                         ??_I2C_DO_RX_ACK 0072                              __pidataBANK0 16E1  
                            __pidataBANK1 16DD                    _I2C_CallbackReturnStop 16B4  
                     ??_SYSTEM_Initialize 0072                                 ?_TMR0_ISR 0070  
                               ?_TMR1_ISR 0070              __end_of_POWER_ON_EEPROM_READ 1800  
                           __end_of_fputc 0D04                           ?_TimeModeSelect 0070  
                           __end_of_putch 16B4                            ?_I2C_SetBuffer 0072  
                 ?_I2C_MasterWaitForEvent 0070             __end_of_I2C_DO_SEND_ADR_WRITE 1743  
              ?_I2C_DO_SEND_RESTART_WRITE 0070                      ?_I2C_MasterOperation 0070  
                   ??_I2C_MasterGetRxData 0072                   ?_I2C_Write1ByteRegister 0026  
                          _OPTION_REGbits 0095                     TMR0_ISR@CountCallBack 00CA  
                              ??_I2C_Open 0072                        DispNormal@temp_str 01CD  
              __end_of_I2C_MasterClearIrq 16B9                               _FunctionSet 0F92  
                                 ??_fputc 0075                 __end_of_SYSTEM_Initialize 082C  
                                 ??_putch 0072                         _I2C_MasterSendAck 16D5  
                               KEY_Init@i 0077                                __pbssBANK0 006A  
                              __pbssBANK1 00A0                                __pbssBANK2 0120  
                              __pbssBANK3 01A0                             ??_I2C_DO_IDLE 0072  
                         ?_Number2Digital 0020                             ??_I2C_DO_RCEN 0072  
                             _LongKey_cnt 00A8                                ??_LCD_Data 002D  
            __end_of_I2C_MasterSendTxData 16EA                        ?_I2C_MasterSendAck 0070  
                              ??_LCD_Init 002F                         _I2C_MasterStartRx 16C8  
                   ??_I2C_DO_ADDRESS_NACK 0020                       _I2C_DO_RX_NACK_STOP 1708  
                      ?_I2C_MasterStartRx 0070                __end_of_I2C_MasterSendNack 16D5  
                              ??_KEY_Init 0076                     _wr1RegCompleteHandler 17CA  
                                 ?_Normal 0070                                __pmaintext 0362  
                     ??_I2C_MasterSendAck 0072                                   ?___bmul 0072  
             __end_of_I2C_DO_SEND_RESTART 16FE                           _I2C_DO_TX_EMPTY 0AA8  
        __end_of_TMR0_SetInterruptHandler 172E                       I2C_SetBuffer@buffer 0074  
                                 ?___wmul 0072                                ??_TMR0_ISR 0071  
                              ??_TMR1_ISR 0072                                __pintentry 0004  
          __end_of_I2C_MasterWaitForEvent 1728                       ??_I2C_MasterStartRx 0072  
                   ??_I2C_MasterOperation 007A            I2C_SetDataCompleteCallback@ptr 0078  
          __end_of_I2C_Write1ByteRegister 0B08                         Number2Digital@Num 0020  
                ??_I2C_DO_RX_NACK_RESTART 0072         __end_of_I2C_DO_SEND_RESTART_WRITE 16F9  
                    ?_I2C_DO_RX_NACK_STOP 0070                 __end_of_I2C_MasterSendAck 16D9  
                                 _OSCTUNE 0098                                   _SSPCON1 0215  
                                 _SSPCON2 0216                                   _SSPSTAT 0214  
                        ?_TMR1_WriteTimer 0070                 __end_of_I2C_MasterStartRx 16CB  
                    I2C_Close@returnValue 0072              ?_I2C_SetDataCompleteCallback 0076  
                               _I2C_DO_RX 0C26                                 _I2C_DO_TX 0D57  
        __end_of_I2C_DO_SEND_RESTART_READ 16F4                              _T1_100ms_cnt 00C6  
                               _I2C_Close 0882                  ??_PCF8574_LCD_SendNibble 002A  
                          DispNormal@mode 01CC                      _I2C_MasterDisableIrq 16BC  
                         ??_I2C_MasterFsm 0022                       __end_of_I2C_DO_IDLE 16EF  
                     __end_of_I2C_DO_RCEN 173B                                   _x1T_cnt 00C2  
                                 ___awdiv 0E0A                                   ___awmod 0D04  
                         ??_I2C_SetBuffer 0074                                   ___lwdiv 0BA5  
                                 ___lwmod 0B3B                                 ?_vfprintf 0035  
                 I2C_SetBuffer@bufferSize 0072                  LCD_SetCursor@row_offsets 0030  
                          _I2C_MasterOpen 1791                            _I2C_MasterStop 16C5  
                          _I2C_Initialize 174C                                   __ptext1 056E  
                                 __ptext2 076B                                   __ptext3 172E  
                                 __ptext4 1728                                   __ptext5 0819  
                                 __ptext6 16D9                                   __ptext7 0806  
                                 __ptext8 179E                                   __ptext9 08E8  
                   ??_I2C_DO_RX_NACK_STOP 0072                    DispTimeAdjustment@mode 0070  
                               _T1CONbits 0018                     _OSCILLATOR_Initialize 176B  
                        ___awmod@dividend 0074                        I2C_SetCallback@idx 0075  
              __end_of_DispTimeAdjustment 076B                  ??_PIN_MANAGER_Initialize 0072  
           I2C_CallbackReturnReset@funPtr 0079                 ?_TMR1_SetInterruptHandler 0072  
                      I2C_SetCallback@ptr 0074                  wr1RegCompleteHandler@ptr 0079  
                        ??_TimeAdjustment 0079                 I2C_Write1ByteRegister@reg 0026  
                               _LCD_Print 08B3                                   _sprintf 093C  
                                 clrloop0 0801                                   _strncpy 0BE1  
                    end_of_initialization 005B                                ?_I2C_DO_RX 0070  
                              ?_I2C_DO_TX 0070                      _POWER_ON_EEPROM_READ 17ED  
                        LCD_SetCursor@col 0034                          LCD_SetCursor@row 002F  
                                 fputc@fp 0074                                   init_ram 07FA  
                          LCD_Command@cmd 002E                                ?_I2C_Close 0070  
                                 initloop 07FB                   __end_of_I2C_DO_TX_EMPTY 0AD6  
                        vfpfcnvrt@cp_1915 002A                     ?_I2C_MasterDisableIrq 0070  
                  ?_wr1RegCompleteHandler 0079                           _EEPROM_ReadWord 0997  
                           _SetTimer1_cnt 0068                             _SetTimer2_cnt 0066  
                        ??_Digital2Number 0020                         __end_of_vfpfcnvrt 01E1  
                  __end_of_I2C_MasterOpen 179E                          vfpfcnvrt@convarg 0030  
                  __end_of_I2C_MasterStop 16C8                    __end_of_I2C_Initialize 1755  
                              ??_vfprintf 0038                          ??_WDT_Initialize 0072  
                _TMR0_SetInterruptHandler 1728                                 _PORTBbits 000D  
                            _LCD_DispMode 00DB                              ??_DispNormal 005C  
                    _I2C_MasterSendTxData 16E5                              KEY_ScanAll@k 0079  
             ?_I2C_SetAddressNackCallback 0076                                ?_LCD_Print 002D  
                   ?_POWER_ON_EEPROM_READ 0070                         ??_DispFunctionSet 007A  
                             _I2C_DO_IDLE 16EA                               _I2C_DO_RCEN 1734  
                           ??_eeprom_read 0072             I2C_Write1ByteRegister@address 0028  
                 ?_I2C_CallbackReturnStop 0079                  _I2C_DO_SEND_RESTART_READ 16EF  
                      __end_of_DispNormal 056E                          ??_TimeModeSelect 0072  
            I2C_CallbackReturnStop@funPtr 0079                           ?_I2C_MasterOpen 0070  
                          __end_of_Normal 0F2E                                 _x100T_cnt 00BE  
                         ?_I2C_MasterStop 0070                           ?_I2C_Initialize 0070  
                           ??_LCD_Command 002D                   _I2C_CallbackReturnReset 0002  
                          __end_of___bmul 0856                                 _fT1_100ms 00D7  
                             vfpfcnvrt@ap 0025                               vfpfcnvrt@cp 002C  
                             vfpfcnvrt@fp 002E                            __end_of___wmul 0997  
              PCF8574_LCD_SendNibble@data 002C                     __end_of_LCD_SetCursor 093C  
                   ?_I2C_MasterSendTxData 0070                    ?_OSCILLATOR_Initialize 0070  
             ??_I2C_DO_SEND_RESTART_WRITE 0072                       start_initialization 0028  
                        _KeepTimerCounter 0C6B                              ?_FunctionSet 0070  
                        ??_Number2Digital 0024                               __end_of_abs 17ED  
                           ?_I2C_DO_RESET 0070                   __end_of_EEPROM_ReadWord 09B6  
                     DispFunctionSet@mode 005C                               ??_I2C_DO_RX 0020  
                             ??_I2C_DO_TX 0020                         ??_I2C_MasterClose 0072  
                  ??_I2C_MasterDisableIrq 0072                               ??_I2C_Close 0072  
                       ??_I2C_MasterStart 0072                         ??_I2C_MasterWrite 007A  
          __end_of_I2C_CallbackReturnStop 16B6                    _I2C_DO_RX_NACK_RESTART 170D  
                        ?_I2C_DO_TX_EMPTY 0070                        _I2C_MasterClearIrq 16B6  
                                ??_Normal 007A                               vfprintf@fmt 0035  
                                ??___bmul 0073                                  ??___wmul 0076  
                     __end_of_eeprom_read 086B                       ?_I2C_MasterClearIrq 0070  
             __end_of_I2C_MasterGetRxData 16CE                               __pdataBANK0 0066  
                             __pdataBANK1 00EA                     __end_of_I2C_DO_RX_ACK 1708  
                        _I2C_DO_SEND_STOP 16FE                         ??_I2C_SetCallback 0075  
                     I2C_Open@returnValue 0073                        _I2C_MasterSendNack 16D1  
                  _PCF8574_LCD_SendNibble 0A7B                  ?_I2C_MasterEnableRestart 0070  
                           _TMR0_10msEven 082C                         _i2c_fsmStateTable 1000  
                   _I2C_DO_SEND_ADR_WRITE 173B                       __end_of_LCD_Command 0978  
                             __pbssCOMMON 007A                             _TMR1_10msEven 0F2E  
                               ___latbits 0002                             __pcstackBANK0 0020  
                           __pcstackBANK3 01CC                            ??_I2C_DO_RESET 0072  
                           ??_KEY_ScanAll 0076                       ?_I2C_MasterSendNack 0070  
                  ??_POWER_ON_EEPROM_READ 0078                               ??_LCD_Print 002F  
            __end_of_I2C_DO_SEND_ADR_READ 174C                      ??_I2C_MasterClearIrq 0072  
             __end_of_I2C_DO_ADDRESS_NACK 0A7B                          _I2C_MasterIsNack 171C  
               _I2C_DO_SEND_RESTART_WRITE 16F4                          _I2C_MasterSetIrq 16CE  
                   _TMR0_InterruptHandler 00CC                          ___lwdiv@dividend 0074  
                  _PIN_MANAGER_Initialize 08E8                 ??_I2C_CallbackReturnReset 007A  
             __end_of_I2C_MasterOperation 07FA                      ??_I2C_MasterSendNack 0072  
        __end_of_TMR1_SetInterruptHandler 1734                                  ?___awdiv 0072  
                                ?___awmod 0072                                  ?___lwdiv 0072  
                                ?___lwmod 0072                      TimeAdjustment@DigPtr 0031  
                  ??_I2C_MasterSendTxData 0072                 __end_of_i2c_fsmStateTable 1020  
            ??_INTERRUPT_InterruptManager 0072                                 _xComm_cnt 00BC  
                          ?_TMR0_10msEven 0070                            ?_TMR1_10msEven 0070  
                 I2C_MasterOperation@read 0024                                  _I2C_Open 0B6F  
                           DispNormal@Num 0059                             DispNormal@buf 005B  
                       Digital2Number@Num 0030                     Number2Digital@digiNum 0022  
                           _T1_1000ms_cnt 00C4                          ___lwdiv@quotient 0078  
                                ?_sprintf 003C                             _TMR0_CallBack 1777  
                                ?_strncpy 0072                     DispTimeAdjustment@Num 0059  
                   DispTimeAdjustment@buf 005B                          ?_EEPROM_ReadWord 0076  
                      Number2Digital@temp 0027                   ??_wr1RegCompleteHandler 007A  
                             _T0_10ms_cnt 00DA                                  _LCD_Data 09B6  
                       ??_TMR0_Initialize 0072                                  _LCD_Init 0E6A  
                          ___wmul@product 0076                                  _LATCbits 010E  
                     __end_of_KEY_ScanAll 0362                        _DispTimeAdjustment 06DE  
                             _T1_10ms_cnt 00C8                                 clear_ram0 0800  
                             _eeprom_read 0856                                  _PIE1bits 0091  
                                _KEY_Init 0DAD                ??_TMR0_SetInterruptHandler 0074  
                                _PIR1bits 0011                     __end_of_I2C_MasterFsm 0A27  
             __end_of_I2C_DO_RX_NACK_STOP 170D                       ?_DispTimeAdjustment 0058  
                                _TMR0_ISR 089A                                  _TMR1_ISR 086B  
         __end_of_I2C_MasterEnableRestart 16C5                               _LCD_Command 095A  
                               _vfpfcnvrt 005F                     __end_of_I2C_SetBuffer 17B9  
                       ??_TMR1_Initialize 0072                         ___wmul@multiplier 0072  
                  ?_I2C_DO_SEND_ADR_WRITE 0070                  I2C_MasterSendTxData@data 0072  
                         _DispFunctionSet 0A27                           DispNormal@F3470 00A4  
                         DispNormal@F3472 00B3                            ?_TMR0_CallBack 0070  
                    ??_DispTimeAdjustment 005C                                vfpfcnvrt@c 0034  
                                _fT1_10ms 00D8                ??_I2C_DO_SEND_RESTART_READ 0072  
                      LCD_SetCursor@F3193 00EA                                _I2C_Poller 1784  
                                _x10T_cnt 00C0                                _I2C_Status 0140  
                                _KeyState 00AC                              ?_I2C_DO_IDLE 0070  
                            ?_I2C_DO_RCEN 0070              PCF8574_LCD_SendNibble@nibble 002B  
                      DispFunctionSet@Num 0059                        DispFunctionSet@buf 005B  
                              _EECON1bits 0195                          ??_I2C_MasterOpen 0072  
                     Digital2Number@temp1 0028                       Digital2Number@temp2 002A  
                     Digital2Number@temp3 002C                       Digital2Number@temp4 002E  
                        ??_I2C_MasterStop 0072                  ??_I2C_MasterWaitForEvent 0072  
                        ??_I2C_Initialize 0072                  __end_of_KeepTimerCounter 0CB3  
                                _TimeMode 006A                                vfprintf@ap 0037  
                              vfprintf@fp 0039                      __end_of_I2C_DO_RESET 1717  
                ??_I2C_Write1ByteRegister 007A                                  _OutState 007A  
                 ??_OSCILLATOR_Initialize 0072                            _RelayState_buf 00E7  
                         ??_TMR0_10msEven 0070                      _I2C_DO_SEND_ADR_READ 1743  
                              ?_vfpfcnvrt 0024                  _TMR1_SetInterruptHandler 172E  
                         ??_TMR1_10msEven 0070                   DispTimeAdjustment@F3484 00A0  
                 DispTimeAdjustment@F3486 00B0                     _TMR1_InterruptHandler 00CE  
                         _I2C_MasterClose 16B9             I2C_SetAddressNackCallback@ptr 0078  
                              sprintf@fmt 003C                           I2C_Open@address 0072  
                         _I2C_MasterStart 16BF                           _I2C_MasterWrite 1717  
                         ___lwdiv@divisor 0072                           ___lwdiv@counter 0077  
                                __ptext10 176B                                  __ptext11 174C  
                                __ptext20 09B6                                  __ptext12 08CD  
                                __ptext21 0E6A                                  __ptext13 17ED  
                              _T1GCONbits 0019                                  __ptext30 1784  
                                __ptext22 095A                                  __ptext14 0997  
                                __ptext31 1722                                  __ptext23 0A7B  
                                __ptext15 0856                                  __ptext40 16F4  
                                __ptext32 09FE                                  __ptext24 0AD6  
                                __ptext16 0ECC                                  __ptext41 16EF  
                                __ptext33 0A51                                  __ptext25 1760  
                                __ptext17 0B08                                  __ptext50 171C  
                                __ptext42 1734                                  __ptext34 1712  
                                __ptext26 0B6F                                  __ptext18 091F  
                                __ptext51 16E5                                  __ptext43 0C26  
                                __ptext35 170D                                  __ptext27 1791  
                                __ptext19 08B3                                  __ptext60 09D6  
                                __ptext52 16D5                                  __ptext44 0D57  
                                __ptext36 1708                                  __ptext28 1717  
                                __ptext61 17AB                                  __ptext53 16CB  
                                __ptext45 173B                                  __ptext37 1703  
                                __ptext29 07D9                                  __ptext70 0DAD  
                                __ptext62 16C5                                  __ptext54 16D1  
                                __ptext46 1743                                  __ptext38 16FE  
                                __ptext71 0841                                  __ptext63 16C2  
                                __ptext55 16C8                                  __ptext47 16EA  
                                __ptext39 16F9                                  __ptext80 0A27  
                                __ptext72 0F92                                  __ptext64 16BF  
                                __ptext56 0002                                  __ptext48 0AA8  
                                __ptext81 093C                                  __ptext73 06DE  
                                __ptext65 0882                                  __ptext57 16B4  
                                __ptext49 16CE                                  __ptext90 086B  
                                __ptext82 0903                                  __ptext74 0474  
                                __ptext66 16BC                                  __ptext58 17CA  
                                __ptext91 17B9                                  __ptext83 005F  
                                __ptext75 0BE1                                  __ptext67 16B9  
                                __ptext59 1755                                  __ptext92 0F2E  
                                __ptext84 0CB3                                  __ptext76 0650  
                                __ptext68 16B6                                  __ptext93 0C6B  
                                __ptext85 16B3                                  __ptext77 0978  
                                __ptext69 01E1                                  __ptext94 089A  
                                __ptext86 17DB                                  __ptext78 0B3B  
                                __ptext95 1777                                  __ptext87 0D04  
                                __ptext79 0BA5                                  __ptext96 082C  
                                __ptext88 0E0A                               _KEY_ScanAll 01E1  
     __end_of_I2C_SetDataCompleteCallback 1760               _I2C_SetDataCompleteCallback 1755  
                 ?_I2C_DO_RX_NACK_RESTART 0070                  __end_of_I2C_DO_SEND_STOP 1703  
                            _ShortKey_cnt 00BA                           _I2C_SetCallback 09D6  
           ??_I2C_SetDataCompleteCallback 0079                I2C_Write1ByteRegister@data 0027  
                                int$flags 007E                     ?_I2C_DO_SEND_ADR_READ 0070  
                 __end_of_DispFunctionSet 0A51                   ?_PCF8574_LCD_SendNibble 0029  
                                _vfprintf 0903        __end_of_INTERRUPT_InterruptManager 0026  
              _INTERRUPT_InterruptManager 0004                         ??_TMR1_WriteTimer 0072  
                __end_of_I2C_MasterIsNack 1722                  __end_of_I2C_MasterSetIrq 16D1  
                              _INTCONbits 000B                           ??_TMR0_CallBack 0071  
                          __pstringtext10 183A                            __pstringtext11 0000  
          __end_of_I2C_DO_RX_NACK_RESTART 1712                                  intlevel1 0000  
                             ?_I2C_Poller 0070                                 sprintf@ap 004B  
                        ___lwmod@dividend 0074                            _SetTimer1_digi 00E3  
                 ?_PIN_MANAGER_Initialize 0070                            _SetTimer2_digi 00DF  
                     _I2C_DO_SEND_RESTART 16F9                               DispNormal@n 0058  
                               strncpy@cp 0078            __end_of_PCF8574_LCD_SendNibble 0AA8  
                 __end_of_I2C_MasterClose 16BC                    EEPROM_ReadWord@address 0027  
                             ??_vfpfcnvrt 0026                   __end_of_I2C_MasterStart 16C2  
                 __end_of_I2C_MasterWrite 171C                             __pstringtext1 1000  
                           __pstringtext2 1035                             __pstringtext3 104A  
                           __pstringtext4 1800                             __pstringtext5 1811  
                           __pstringtext6 181C                             __pstringtext7 1827  
                           __pstringtext8 1832                             __pstringtext9 1836  
                    ?_I2C_DO_SEND_RESTART 0070                                _OPTION_REG 0095  
                                sprintf@f 004C                                  sprintf@s 0057  
                         ___lwmod@divisor 0072                           _TMR0_Initialize 179E  
                         ___lwmod@counter 0077                                  strncpy@d 0072  
                                strncpy@n 0076                                  strncpy@s 0074  
               DispTimeAdjustment@digital 01CF                DispTimeAdjustment@temp_str 01CC  
                             _SSPCON1bits 0215                               _SSPCON2bits 0216  
                 __end_of_I2C_SetCallback 09FE            __end_of_PIN_MANAGER_Initialize 0903  
                           KEY_ScanAll@ii 0078             __end_of_wr1RegCompleteHandler 17DB  
                            ?_eeprom_read 0070                       EEPROM_ReadWord@high 0026  
                         _TMR1_Initialize 0806                        EEPROM_ReadWord@low 0025  
                       _RelayControl_Init 08CD  
